case_id,station_template,station_noise,target_snr_db,method,clean_snr_gain_db,amplitude_ratio_clean,waveform_correlation_z,background_suppression_db
1,R0BD5,RC131,-5,exp5_p0_seed42_e015,-1.0446168537740768,0.6427510380744934,0.2592787533467082,8.351670525808485
1,R0BD5,RC131,-5,exp5_p0_seed43_e008,-1.6535405440619624,1.1484179496765137,0.30060008931895527,6.235541308110855
1,R0BD5,RC131,-5,exp5_p0_seed44_e013,-0.7997394277772657,1.046263575553894,0.23784363490529525,7.324021500168496
1,R0BD5,RC131,-5,exp5_p05_seed42_e020,-1.385125388115308,1.1964236497879028,0.3131833407027907,5.569181271934419
1,R0BD5,RC131,-5,exp5_p05_seed43_e022,-1.432451533204158,1.281018853187561,0.31394369730698235,5.584853720081147
1,R0BD5,RC131,-5,exp5_p05_seed44_e014,-1.6533267948004347,1.2800160646438599,0.3168954840077724,6.580082953244664
2,R0BD5,RC131,0,exp5_p0_seed42_e015,0.5950848641317384,0.5012486577033997,0.3622178231123099,8.143542454199746
2,R0BD5,RC131,0,exp5_p0_seed43_e008,0.9770867246717059,0.7788494825363159,0.477043370520791,6.2940555606727155
2,R0BD5,RC131,0,exp5_p0_seed44_e013,0.5730580382852756,0.8250123262405396,0.3470710802493942,7.005780392822708
2,R0BD5,RC131,0,exp5_p05_seed42_e020,1.0572776610307186,0.8680267930030823,0.4676005086873049,5.430772499057918
2,R0BD5,RC131,0,exp5_p05_seed43_e022,1.0368009034896501,0.9193124175071716,0.48397776796987996,5.439258187139927
2,R0BD5,RC131,0,exp5_p05_seed44_e014,0.8512875344966286,0.942870557308197,0.4716036658504415,6.347084727433291
3,R0BD5,RC131,5,exp5_p0_seed42_e015,1.6139685189461173,0.4617316424846649,0.46463980634166674,7.741141225694562
3,R0BD5,RC131,5,exp5_p0_seed43_e008,2.6543820401484215,0.7862398624420166,0.6143909144593125,6.3681028135727065
3,R0BD5,RC131,5,exp5_p0_seed44_e013,1.2177347279241657,0.7294028997421265,0.4103450759706381,6.572841004946043
3,R0BD5,RC131,5,exp5_p05_seed42_e020,2.614708218822429,0.606558084487915,0.6056209257655145,5.255951637827472
3,R0BD5,RC131,5,exp5_p05_seed43_e022,2.497352179578243,0.7977736592292786,0.6260132086644866,5.29729760283066
3,R0BD5,RC131,5,exp5_p05_seed44_e014,2.4508852544008155,0.6833597421646118,0.5988101729226516,6.003081317092392
4,R0BD5,RC131,-5,exp5_p0_seed42_e015,-1.4639961072562688,0.28873127698898315,0.09393036468422007,7.644911973573215
4,R0BD5,RC131,-5,exp5_p0_seed43_e008,-2.296828762140225,0.5015853047370911,0.18581231081882701,6.220481948310531
4,R0BD5,RC131,-5,exp5_p0_seed44_e013,-1.3798458149728883,0.6472203731536865,0.1417099566616514,7.385505601379543
4,R0BD5,RC131,-5,exp5_p05_seed42_e020,-2.536512004260811,0.8213462233543396,0.22316756726243606,7.099874154670333
4,R0BD5,RC131,-5,exp5_p05_seed43_e022,-2.691595620473586,0.8869030475616455,0.22366876311895348,7.195849931033852
4,R0BD5,RC131,-5,exp5_p05_seed44_e014,-2.1632752110914373,0.751110851764679,0.13326586586745176,7.359110901065156
5,R0BD5,RC131,0,exp5_p0_seed42_e015,-0.4516543219176512,0.23902636766433716,0.10031030379449879,7.845721754610309
5,R0BD5,RC131,0,exp5_p0_seed43_e008,-0.3369043012542044,0.3484213054180145,0.33413137712402047,6.253776144576424
5,R0BD5,RC131,0,exp5_p0_seed44_e013,-0.16707346813217686,0.4768354892730713,0.2617542830598076,7.563935338279734
5,R0BD5,RC131,0,exp5_p05_seed42_e020,-0.5327364285980593,0.5589029788970947,0.32828510448309633,7.168546909147234
5,R0BD5,RC131,0,exp5_p05_seed43_e022,-0.5751288831875923,0.631765604019165,0.3365087824892496,7.198775153324472
5,R0BD5,RC131,0,exp5_p05_seed44_e014,-0.36243772932054763,0.48608237504959106,0.23853867162796313,7.4286006182719975
6,R0BD5,RC131,5,exp5_p0_seed42_e015,-0.14379930403184152,0.2831169664859772,0.13431169093260836,7.96008627010603
6,R0BD5,RC131,5,exp5_p0_seed43_e008,0.451576730565329,0.3808480203151703,0.4318133908466895,6.297231740912932
6,R0BD5,RC131,5,exp5_p0_seed44_e013,0.16026446614807616,0.4373425841331482,0.34391451776284165,7.589248754320196
6,R0BD5,RC131,5,exp5_p05_seed42_e020,0.24167679819881607,0.46735793352127075,0.3956176504576388,7.235547909947549
6,R0BD5,RC131,5,exp5_p05_seed43_e022,0.29661712190225853,0.502005398273468,0.41384956468694506,7.17808319326989
6,R0BD5,RC131,5,exp5_p05_seed44_e014,0.298617105758757,0.4430091977119446,0.31564046414831515,7.487574194638167
7,R0BD5,RCCE6,-5,exp5_p0_seed42_e015,-0.39006674348795833,0.28464144468307495,0.1449976596432957,9.966133224229932
7,R0BD5,RCCE6,-5,exp5_p0_seed43_e008,-2.4163922009197285,0.7067671418190002,0.1259006248043448,5.7447214901484545
7,R0BD5,RCCE6,-5,exp5_p0_seed44_e013,-1.0110164169454197,0.43334630131721497,0.08084291856027694,9.24668864981195
7,R0BD5,RCCE6,-5,exp5_p05_seed42_e020,-2.729285385122932,0.6115857362747192,0.11668342288269778,5.972165173471957
7,R0BD5,RCCE6,-5,exp5_p05_seed43_e022,-2.2358552520635233,0.5366529226303101,0.09820540414435786,6.0949345171373315
7,R0BD5,RCCE6,-5,exp5_p05_seed44_e014,-1.4809105686855684,0.39723408222198486,0.12782531950493936,7.52606422621289
8,R0BD5,RCCE6,0,exp5_p0_seed42_e015,0.4824355252772758,0.29684481024742126,0.29968201126115007,10.03081033894225
8,R0BD5,RCCE6,0,exp5_p0_seed43_e008,-0.3228672535331916,0.6306169033050537,0.20120758652300233,5.751730467772662
8,R0BD5,RCCE6,0,exp5_p0_seed44_e013,-0.11476623909525599,0.2612684667110443,0.09030493459129511,9.343277075061952
8,R0BD5,RCCE6,0,exp5_p05_seed42_e020,-0.6169381856244193,0.5225369334220886,0.16827757975978386,5.959068857624224
8,R0BD5,RCCE6,0,exp5_p05_seed43_e022,-0.3875894292520987,0.45964035391807556,0.1584883791814261,6.094125307968207
8,R0BD5,RCCE6,0,exp5_p05_seed44_e014,0.04710942645107019,0.3348229229450226,0.1945046037694294,7.502098214935917
9,R0BD5,RCCE6,5,exp5_p0_seed42_e015,0.8181882470269898,0.31397727131843567,0.37932984702768513,9.926940944246311
9,R0BD5,RCCE6,5,exp5_p0_seed43_e008,0.8574317972400489,0.6329935193061829,0.39480066090189025,5.754072748613926
9,R0BD5,RCCE6,5,exp5_p0_seed44_e013,0.2858504378786795,0.24569115042686462,0.19703354170954235,8.630986347656517
9,R0BD5,RCCE6,5,exp5_p05_seed42_e020,0.576046903215136,0.4658401608467102,0.3545790518987494,5.835226749902223
9,R0BD5,RCCE6,5,exp5_p05_seed43_e022,0.7126286813290682,0.40155038237571716,0.3843205821668331,5.922606484557246
9,R0BD5,RCCE6,5,exp5_p05_seed44_e014,0.8462149969536837,0.3371737599372864,0.39934980032105527,7.21546628686696
10,R0BD5,R2004,-5,exp5_p0_seed42_e015,-0.45635999720074816,0.9895685911178589,0.10941691364778157,10.85781037336525
10,R0BD5,R2004,-5,exp5_p0_seed43_e008,-2.8092479736884908,1.6987709999084473,0.108019257816876,5.160013965309788
10,R0BD5,R2004,-5,exp5_p0_seed44_e013,-0.7522074888296797,0.9598746299743652,0.1149704471871171,11.16423320487369
10,R0BD5,R2004,-5,exp5_p05_seed42_e020,-1.5116117686505062,1.4936752319335938,0.11746560932517121,6.934860818831804
10,R0BD5,R2004,-5,exp5_p05_seed43_e022,-1.4696927906218324,1.2782214879989624,0.1053920329766572,7.094539706449231
10,R0BD5,R2004,-5,exp5_p05_seed44_e014,-1.2072253427619073,1.2436937093734741,0.11822507645922385,8.2240289874575
11,R0BD5,R2004,0,exp5_p0_seed42_e015,0.08542235585787426,0.6037439107894897,0.14061609184348128,10.88795621876274
11,R0BD5,R2004,0,exp5_p0_seed43_e008,-0.8174462131012576,0.9804388284683228,0.12427922217342012,4.9952659233659364
11,R0BD5,R2004,0,exp5_p0_seed44_e013,-0.08269283731297135,0.5938204526901245,0.12331932185446023,10.26917690285907
11,R0BD5,R2004,0,exp5_p05_seed42_e020,-0.10503954302010712,0.82642662525177,0.1361575791548945,6.758051646590913
11,R0BD5,R2004,0,exp5_p05_seed43_e022,-0.13971348370094647,0.7148867845535278,0.1302521937305863,7.025266646747081
11,R0BD5,R2004,0,exp5_p05_seed44_e014,-0.042764915671448044,0.7476342916488647,0.11767357756105108,7.788057307789577
12,R0BD5,R2004,5,exp5_p0_seed42_e015,0.30608384083581913,0.36679136753082275,0.2742316956328954,10.812994740303637
12,R0BD5,R2004,5,exp5_p0_seed43_e008,0.2028981265316421,0.5688087940216064,0.1271771540743187,4.84706155428241
12,R0BD5,R2004,5,exp5_p0_seed44_e013,0.1809865748612766,0.41306352615356445,0.2090785104259244,8.958378709137996
12,R0BD5,R2004,5,exp5_p05_seed42_e020,0.36613836462462934,0.5523313879966736,0.2323835770222516,6.610923633603773
12,R0BD5,R2004,5,exp5_p05_seed43_e022,0.43475734230922997,0.44477689266204834,0.18239157518598792,6.979710817819433
12,R0BD5,R2004,5,exp5_p05_seed44_e014,0.4249643672088043,0.5439798831939697,0.2350115818333035,7.166641413604902
13,R0BD5,R7813,-5,exp5_p0_seed42_e015,-0.8045953813015326,1.2212496995925903,0.30715968288275053,7.747438283400912
13,R0BD5,R7813,-5,exp5_p0_seed43_e008,-1.6811646165210612,1.6542335748672485,0.24527459782853067,5.8271133654929095
13,R0BD5,R7813,-5,exp5_p0_seed44_e013,-2.0429824276248842,2.331768751144409,0.35681092940996134,7.199022044392869
13,R0BD5,R7813,-5,exp5_p05_seed42_e020,-1.214540370158185,1.6504892110824585,0.2595718844847047,6.777744229017285
13,R0BD5,R7813,-5,exp5_p05_seed43_e022,-1.3913914325182484,1.7455581426620483,0.2727628778734853,6.820068774536244
13,R0BD5,R7813,-5,exp5_p05_seed44_e014,-1.5507781467821171,1.8707094192504883,0.3346458989028304,6.562045597056199
14,R0BD5,R7813,0,exp5_p0_seed42_e015,0.8786892039416474,0.707042396068573,0.5185594513415914,7.744827601549965
14,R0BD5,R7813,0,exp5_p0_seed43_e008,0.7572637508766455,1.0666348934173584,0.46006414270954094,5.805726855643053
14,R0BD5,R7813,0,exp5_p0_seed44_e013,-0.26506161873008127,1.6070325374603271,0.4517185219295676,7.511827023905199
14,R0BD5,R7813,0,exp5_p05_seed42_e020,0.9173193226489045,1.0127383470535278,0.4681367276956413,6.828241651758621
14,R0BD5,R7813,0,exp5_p05_seed43_e022,0.7436503942862215,1.1261132955551147,0.47169967085514336,6.781549184709204
14,R0BD5,R7813,0,exp5_p05_seed44_e014,0.7465985155979897,1.2096426486968994,0.5179206876835638,6.5244456277712555
15,R0BD5,R7813,5,exp5_p0_seed42_e015,1.602784213538698,0.5753427743911743,0.6015256195598514,7.828451240274474
15,R0BD5,R7813,5,exp5_p0_seed43_e008,2.1510933816843023,0.7556647062301636,0.6379088308415748,5.793014492128866
15,R0BD5,R7813,5,exp5_p0_seed44_e013,0.9385058284174035,1.074343204498291,0.5149445978196621,7.78168421665316
15,R0BD5,R7813,5,exp5_p05_seed42_e020,1.9035803933411168,0.6828206777572632,0.6300748536016763,6.879697952877036
15,R0BD5,R7813,5,exp5_p05_seed43_e022,1.78254403407011,0.7730767130851746,0.6345958725713423,6.760972542674103
15,R0BD5,R7813,5,exp5_p05_seed44_e014,1.8905517623428378,0.89765864610672,0.6443762628093513,6.475126335328798
16,R0BD5,R87FD,-5,exp5_p0_seed42_e015,-1.877276298818861,1.7032233476638794,0.17451596926236426,6.826901989982633
16,R0BD5,R87FD,-5,exp5_p0_seed43_e008,-2.3465420742638603,2.0120463371276855,0.15883501624864332,4.876794299875776
16,R0BD5,R87FD,-5,exp5_p0_seed44_e013,-3.4677127885661765,1.7396246194839478,0.13233840166843766,6.5483042187379725
16,R0BD5,R87FD,-5,exp5_p05_seed42_e020,-1.921080322176192,2.1846582889556885,0.18412669887471705,5.930445039499606
16,R0BD5,R87FD,-5,exp5_p05_seed43_e022,-1.3759468531821686,1.8928617238998413,0.18487457310283512,6.389603032343451
16,R0BD5,R87FD,-5,exp5_p05_seed44_e014,-1.9313902254362723,1.9404182434082031,0.19034465822645336,5.7736351914163215
17,R0BD5,R87FD,0,exp5_p0_seed42_e015,-0.5893044616500044,1.3292152881622314,0.21942757585708272,6.482865251885633
17,R0BD5,R87FD,0,exp5_p0_seed43_e008,-0.3282164008281343,1.4530740976333618,0.2437701958808311,4.883722963364552
17,R0BD5,R87FD,0,exp5_p0_seed44_e013,-1.7488798261184417,1.2301955223083496,0.18135913005196946,5.7347324856111985
17,R0BD5,R87FD,0,exp5_p05_seed42_e020,-0.05428543559489239,1.3715085983276367,0.257703344334244,5.891161602380215
17,R0BD5,R87FD,0,exp5_p05_seed43_e022,0.13295819726089955,1.2154263257980347,0.26220958536575617,6.3836695690759635
17,R0BD5,R87FD,0,exp5_p05_seed44_e014,-0.15134127058253766,1.242614984512329,0.249245305485566,5.678823205703351
18,R0BD5,R87FD,5,exp5_p0_seed42_e015,-0.0825565506801294,1.037950038909912,0.2601566313872055,6.066357980370589
18,R0BD5,R87FD,5,exp5_p0_seed43_e008,0.49284689907782864,1.1245412826538086,0.3083152656310935,4.821929551656464
18,R0BD5,R87FD,5,exp5_p0_seed44_e013,-0.6594814801872897,1.1012722253799438,0.22379700900942923,5.0900157069597345
18,R0BD5,R87FD,5,exp5_p05_seed42_e020,0.5765518495617238,0.9542198181152344,0.3166825422447797,5.852261299591116
18,R0BD5,R87FD,5,exp5_p05_seed43_e022,0.5847968680252615,0.9082539677619934,0.33483516746409775,6.4061426386201035
18,R0BD5,R87FD,5,exp5_p05_seed44_e014,0.44704356542432744,0.8823147416114807,0.2955676232731591,5.556142432569292
19,R0BD5,RAB7F,-5,exp5_p0_seed42_e015,0.9753325206472602,0.3634803891181946,0.7996904686089223,5.363927388405111
19,R0BD5,RAB7F,-5,exp5_p0_seed43_e008,0.6500914879989406,1.1137734651565552,0.844902953720385,3.5339655205053755
19,R0BD5,RAB7F,-5,exp5_p0_seed44_e013,1.4551461256636693,1.0368694067001343,0.8278905283389406,3.4450253773781228
19,R0BD5,RAB7F,-5,exp5_p05_seed42_e020,-0.29871480462245936,1.5673006772994995,0.82571906245653,5.306954558284415
19,R0BD5,RAB7F,-5,exp5_p05_seed43_e022,-1.0426975053050351,1.275194525718689,0.8338899982945766,5.659519444727204
19,R0BD5,RAB7F,-5,exp5_p05_seed44_e014,-0.7621054074897788,1.4138071537017822,0.8386977299361618,5.914625057539257
20,R0BD5,RAB7F,0,exp5_p0_seed42_e015,2.8225204605713534,0.38892456889152527,0.8609804951593168,5.576500558817931
20,R0BD5,RAB7F,0,exp5_p0_seed43_e008,3.6720554252793174,0.7812702655792236,0.8954392951575935,3.6941018090268747
20,R0BD5,RAB7F,0,exp5_p0_seed44_e013,3.3598778154427604,1.028132438659668,0.8706361020823604,5.198216965120545
20,R0BD5,RAB7F,0,exp5_p05_seed42_e020,2.266340034637672,1.058197259902954,0.8833226062577394,5.174618119735447
20,R0BD5,RAB7F,0,exp5_p05_seed43_e022,1.8281735013582432,1.0270038843154907,0.8828422432652747,5.451348479376632
20,R0BD5,RAB7F,0,exp5_p05_seed44_e014,1.9419110896480898,0.9562503695487976,0.8817728415385275,5.839576664837339
21,R0BD5,RAB7F,5,exp5_p0_seed42_e015,4.145724070978365,0.5918243527412415,0.8861743930025877,5.62149028976668
21,R0BD5,RAB7F,5,exp5_p0_seed43_e008,5.636401898784027,0.5533879995346069,0.9160817777984943,3.828531393765098
21,R0BD5,RAB7F,5,exp5_p0_seed44_e013,4.421052166544052,0.9339076280593872,0.871140583016114,5.2799325087048
21,R0BD5,RAB7F,5,exp5_p05_seed42_e020,4.282990548846071,0.9029385447502136,0.9071071219683623,5.065640594243002
21,R0BD5,RAB7F,5,exp5_p05_seed43_e022,4.193762431189403,0.8445883393287659,0.9019167536387833,5.282431016206611
21,R0BD5,RAB7F,5,exp5_p05_seed44_e014,4.212670896819849,0.7783903479576111,0.8952169887099596,5.704801171527508
22,R0BD5,R2004,-5,exp5_p0_seed42_e015,-0.12819235371129858,0.502713680267334,0.18341424475158397,10.528070621813681
22,R0BD5,R2004,-5,exp5_p0_seed43_e008,-1.6496223884731975,1.0654184818267822,0.24661821124680966,4.865512921094851
22,R0BD5,R2004,-5,exp5_p0_seed44_e013,-2.2634882278842072,1.511313796043396,0.12496571244992395,11.840220799305616
22,R0BD5,R2004,-5,exp5_p05_seed42_e020,-2.1181674180010996,1.7091690301895142,0.19160652975421197,6.794729006444452
22,R0BD5,R2004,-5,exp5_p05_seed43_e022,-1.9385128136157914,1.1513671875,0.25871443075618655,7.65414630131565
22,R0BD5,R2004,-5,exp5_p05_seed44_e014,-2.0053391483829204,1.7224360704421997,0.23151655248536163,8.831394414740513
23,R0BD5,R2004,0,exp5_p0_seed42_e015,0.4511966537127685,0.3406272232532501,0.3505365645470151,10.186477830415397
23,R0BD5,R2004,0,exp5_p0_seed43_e008,0.4203692839080101,0.8729416728019714,0.5026699848969834,4.3884782380383065
23,R0BD5,R2004,0,exp5_p0_seed44_e013,-0.7089641530672601,1.0158520936965942,0.14411432670527902,11.379519589176308
23,R0BD5,R2004,0,exp5_p05_seed42_e020,0.15274293101444644,1.1054861545562744,0.3684345126153508,6.63576259857935
23,R0BD5,R2004,0,exp5_p05_seed43_e022,0.25943190690899337,0.9359375238418579,0.4684201251492617,7.574161962060152
23,R0BD5,R2004,0,exp5_p05_seed44_e014,0.14830415206764883,1.2973532676696777,0.43109929083640963,8.78731639192456
24,R0BD5,R2004,5,exp5_p0_seed42_e015,0.727117054759874,0.3141207993030548,0.49154279624790953,9.319498699469955
24,R0BD5,R2004,5,exp5_p0_seed43_e008,1.4624552621758926,0.837417721748352,0.6596564578519488,3.7674623498632984
24,R0BD5,R2004,5,exp5_p0_seed44_e013,0.12448086907794881,0.7054941654205322,0.09173091637709413,10.585796787808233
24,R0BD5,R2004,5,exp5_p05_seed42_e020,1.2385914398246982,0.8300489783287048,0.5393248807445079,6.466600390305003
24,R0BD5,R2004,5,exp5_p05_seed43_e022,1.3042615739160288,0.8129345774650574,0.618488175131612,7.436627627827333
24,R0BD5,R2004,5,exp5_p05_seed44_e014,1.161763642606486,1.0473068952560425,0.5685610898088808,8.719719967041167
25,R0ECF,R0ECF,-5,exp5_p0_seed42_e015,0.006521185906567801,0.330741286277771,0.10679050878257614,13.303598648602012
25,R0ECF,R0ECF,-5,exp5_p0_seed43_e008,-2.3459288985594444,1.0295990705490112,0.19221354566159748,4.360819851425256
25,R0ECF,R0ECF,-5,exp5_p0_seed44_e013,0.04783436554102716,0.6947049498558044,0.13793423908694916,8.73415050260132
25,R0ECF,R0ECF,-5,exp5_p05_seed42_e020,-1.489423733499342,1.3793245553970337,0.22735230732876846,5.090629793419634
25,R0ECF,R0ECF,-5,exp5_p05_seed43_e022,-2.046595753869775,1.2820302248001099,0.22667847212755662,4.507168530294042
25,R0ECF,R0ECF,-5,exp5_p05_seed44_e014,-1.4986401254853166,1.14498770236969,0.16278747770910026,5.913439105729985
26,R0ECF,R0ECF,0,exp5_p0_seed42_e015,0.8711674604086906,0.27994388341903687,0.21709903385043566,13.153603675099788
26,R0ECF,R0ECF,0,exp5_p0_seed43_e008,0.9984807896534824,0.8576455116271973,0.385268706247761,4.294102943882551
26,R0ECF,R0ECF,0,exp5_p0_seed44_e013,1.784405145517751,0.5099745988845825,0.32422619015120824,8.334764156279368
26,R0ECF,R0ECF,0,exp5_p05_seed42_e020,1.563374179689435,0.9786418080329895,0.43090190067158995,4.837359913889746
26,R0ECF,R0ECF,0,exp5_p05_seed43_e022,1.2773523005535212,0.931138277053833,0.4140387457500506,4.321530620200441
26,R0ECF,R0ECF,0,exp5_p05_seed44_e014,1.073594487510778,0.7925862073898315,0.33892706422795577,5.815871285843133
27,R0ECF,R0ECF,5,exp5_p0_seed42_e015,1.497392358386866,0.2852526009082794,0.4193385646397643,13.185870957332744
27,R0ECF,R0ECF,5,exp5_p0_seed43_e008,2.960750891807396,0.6733965277671814,0.587011541940172,4.182770355694256
27,R0ECF,R0ECF,5,exp5_p0_seed44_e013,2.850362991716981,0.504433810710907,0.5467386393524774,7.615136031493044
27,R0ECF,R0ECF,5,exp5_p05_seed42_e020,3.2231928536965797,0.7077619433403015,0.6009260632745979,4.445710315509487
27,R0ECF,R0ECF,5,exp5_p05_seed43_e022,3.2078057398832396,0.7208533883094788,0.6063016978934297,4.041372676146047
27,R0ECF,R0ECF,5,exp5_p05_seed44_e014,2.466379689490293,0.6586686372756958,0.5141787764106253,5.611394696051476
28,R0ECF,R0ECF,-5,exp5_p0_seed42_e015,-0.03392759675168833,0.37368637323379517,0.10166567325535074,13.670047519594956
28,R0ECF,R0ECF,-5,exp5_p0_seed43_e008,-3.023249754032804,0.977613091468811,0.17630146640945668,4.724652298165811
28,R0ECF,R0ECF,-5,exp5_p0_seed44_e013,-1.0496660030225673,0.5887467265129089,0.14549574483799813,9.648455923547427
28,R0ECF,R0ECF,-5,exp5_p05_seed42_e020,-2.1165685287021274,1.3328924179077148,0.1942360671707998,5.052313376704149
28,R0ECF,R0ECF,-5,exp5_p05_seed43_e022,-2.6202400412378486,1.2813693284988403,0.18945075567833602,4.6240705002472335
28,R0ECF,R0ECF,-5,exp5_p05_seed44_e014,-1.9500161999817711,0.9017054438591003,0.13490899222805408,6.442477489957784
29,R0ECF,R0ECF,0,exp5_p0_seed42_e015,0.516838768324416,0.1915455013513565,0.12567804636765606,13.903198584360181
29,R0ECF,R0ECF,0,exp5_p0_seed43_e008,-0.04823324485962794,0.7440070509910583,0.2682204732337498,4.717068371193681
29,R0ECF,R0ECF,0,exp5_p0_seed44_e013,0.7693720638795247,0.4569135904312134,0.22566401232086053,9.646993319981558
29,R0ECF,R0ECF,0,exp5_p05_seed42_e020,0.37998301626673064,0.9847308993339539,0.2846419165629025,5.035824890197638
29,R0ECF,R0ECF,0,exp5_p05_seed43_e022,0.1401958240970952,0.8907374739646912,0.29175441844952293,4.594856709672482
29,R0ECF,R0ECF,0,exp5_p05_seed44_e014,0.23994952521843566,0.6826766729354858,0.2079424499747676,6.497407714123977
30,R0ECF,R0ECF,5,exp5_p0_seed42_e015,0.8107938807369199,0.17396225035190582,0.2102352970717491,13.947653930974699
30,R0ECF,R0ECF,5,exp5_p0_seed43_e008,1.5696448411156603,0.6664159893989563,0.34535876618501393,4.711867790936056
30,R0ECF,R0ECF,5,exp5_p0_seed44_e013,1.639791275169936,0.41453224420547485,0.29444821689813394,9.827525355367113
30,R0ECF,R0ECF,5,exp5_p05_seed42_e020,1.6907677709451627,0.7940759062767029,0.36067593844978935,4.999321987295064
30,R0ECF,R0ECF,5,exp5_p05_seed43_e022,1.5536235159243772,0.7494284510612488,0.3720005256311769,4.561267840963751
30,R0ECF,R0ECF,5,exp5_p05_seed44_e014,1.3233518594900306,0.5562548637390137,0.27353969813735507,6.592533515467069
31,R0ECF,R0ECF,-5,exp5_p0_seed42_e015,-0.8597071878021221,0.14164932072162628,0.2221123547919619,13.153807480077424
31,R0ECF,R0ECF,-5,exp5_p0_seed43_e008,-2.8437052788306127,0.35024818778038025,0.31314548708450984,6.368073019702787
31,R0ECF,R0ECF,-5,exp5_p0_seed44_e013,-1.2823848999944314,0.19822899997234344,0.17174159670674558,11.409932727716894
31,R0ECF,R0ECF,-5,exp5_p05_seed42_e020,-2.474947502935785,0.669641375541687,0.2514476791398203,7.3513611273558945
31,R0ECF,R0ECF,-5,exp5_p05_seed43_e022,-2.6245483265036436,0.6037105917930603,0.2683989001341409,6.949945385665678
31,R0ECF,R0ECF,-5,exp5_p05_seed44_e014,-2.2438063695550903,0.42512986063957214,0.25573892222369654,8.230925359240391
32,R0ECF,R0ECF,0,exp5_p0_seed42_e015,-0.129392192804814,0.17402848601341248,0.2940649862262589,13.325387928384693
32,R0ECF,R0ECF,0,exp5_p0_seed43_e008,-0.29562936610075546,0.3772374987602234,0.4038977634417029,6.3949075797074615
32,R0ECF,R0ECF,0,exp5_p0_seed44_e013,-0.04640281858725566,0.2154701203107834,0.2821768890912379,11.454993745702426
32,R0ECF,R0ECF,0,exp5_p05_seed42_e020,-0.4171704358615444,0.5324568152427673,0.31990831724996877,7.270676809243821
32,R0ECF,R0ECF,0,exp5_p05_seed43_e022,-0.4151758627761204,0.47813886404037476,0.3487457552257754,6.911418903390563
32,R0ECF,R0ECF,0,exp5_p05_seed44_e014,-0.33296508743091624,0.4097580015659332,0.3367527496997026,8.201358586282089
33,R0ECF,R0ECF,5,exp5_p0_seed42_e015,-0.0741582553413775,0.279816210269928,0.3205185422317648,13.226265787296443
33,R0ECF,R0ECF,5,exp5_p0_seed43_e008,0.8240891139025142,0.4379032552242279,0.43369521436134806,6.41239490483292
33,R0ECF,R0ECF,5,exp5_p0_seed44_e013,0.5178744807892596,0.2862512469291687,0.3183050247170876,11.307303430323048
33,R0ECF,R0ECF,5,exp5_p05_seed42_e020,0.656089959458766,0.4829484522342682,0.3536663872236583,7.125170520059289
33,R0ECF,R0ECF,5,exp5_p05_seed43_e022,0.6907280574475347,0.4686841368675232,0.3933944043060061,6.85106866231123
33,R0ECF,R0ECF,5,exp5_p05_seed44_e014,0.6192909167662081,0.4253549575805664,0.3812051874538912,8.108296178760435
34,R0ECF,R0ECF,-5,exp5_p0_seed42_e015,-0.22692376866951305,0.8614514470100403,0.18789784077304592,12.479217118077887
34,R0ECF,R0ECF,-5,exp5_p0_seed43_e008,-0.8086084305277474,1.225283145904541,0.24313922245672265,6.837237263058229
34,R0ECF,R0ECF,-5,exp5_p0_seed44_e013,-0.17540191427284066,1.1297030448913574,0.16760061699733714,11.683685772176688
34,R0ECF,R0ECF,-5,exp5_p05_seed42_e020,-0.9852522956563703,1.3652338981628418,0.1954189122832061,6.289404452924085
34,R0ECF,R0ECF,-5,exp5_p05_seed43_e022,-0.8351602515605067,1.320236325263977,0.21580861909874596,6.135503592222217
34,R0ECF,R0ECF,-5,exp5_p05_seed44_e014,-0.5636745874652839,1.0806812047958374,0.19846986903188196,8.259546607300951
35,R0ECF,R0ECF,0,exp5_p0_seed42_e015,0.22557485325635596,0.5288403630256653,0.25755022146942225,12.815424252805109
35,R0ECF,R0ECF,0,exp5_p0_seed43_e008,0.4864697670769432,0.7172182202339172,0.3795704097533825,6.844392928870397
35,R0ECF,R0ECF,0,exp5_p0_seed44_e013,0.4103346885031312,0.6909846663475037,0.23586517611370203,12.120427948221884
35,R0ECF,R0ECF,0,exp5_p05_seed42_e020,0.2989356328187475,0.9009270071983337,0.2952016593506556,6.186832556803832
35,R0ECF,R0ECF,0,exp5_p05_seed43_e022,0.4087063293282742,0.7887353897094727,0.3330722844567024,6.107374427062151
35,R0ECF,R0ECF,0,exp5_p05_seed44_e014,0.3873476028576963,0.6576787233352661,0.3308252240164996,8.265455556348304
36,R0ECF,R0ECF,5,exp5_p0_seed42_e015,0.3091497805376591,0.2902437150478363,0.3889550728285753,12.832601631526494
36,R0ECF,R0ECF,5,exp5_p0_seed43_e008,0.9872352061747296,0.5250940322875977,0.49826382060444685,6.855223571544547
36,R0ECF,R0ECF,5,exp5_p0_seed44_e013,0.6523780320927595,0.4609711766242981,0.32988943539903176,12.4331524449779
36,R0ECF,R0ECF,5,exp5_p05_seed42_e020,0.8028192383913658,0.6785807013511658,0.3998999008720409,5.983250807177514
36,R0ECF,R0ECF,5,exp5_p05_seed43_e022,0.8426538772585235,0.631771445274353,0.44211235296062124,6.002458374318475
36,R0ECF,R0ECF,5,exp5_p05_seed44_e014,0.7940432301234437,0.4966528117656708,0.44368164850862446,8.164827604243005
37,R0ECF,R0ECF,-5,exp5_p0_seed42_e015,-0.647755809615218,0.8357744812965393,0.15477296212907804,11.905648095496588
37,R0ECF,R0ECF,-5,exp5_p0_seed43_e008,-1.7366557077337716,2.1211647987365723,0.18816284951302106,4.577131858382906
37,R0ECF,R0ECF,-5,exp5_p0_seed44_e013,-0.33717572915636773,0.9292187094688416,0.1345464694755052,8.638035995143738
37,R0ECF,R0ECF,-5,exp5_p05_seed42_e020,-2.3502166344902227,1.7040512561798096,0.16544986935463174,5.2747506111403215
37,R0ECF,R0ECF,-5,exp5_p05_seed43_e022,-2.4704347019420823,1.8603721857070923,0.1911373054945356,5.074897389412657
37,R0ECF,R0ECF,-5,exp5_p05_seed44_e014,-1.9680132995164255,1.5101979970932007,0.17246853810926607,6.338651058136605
38,R0ECF,R0ECF,0,exp5_p0_seed42_e015,-0.06984787771501696,0.4804830551147461,0.21093695020230158,12.03180385039343
38,R0ECF,R0ECF,0,exp5_p0_seed43_e008,-0.203604552604429,1.3772640228271484,0.27265206879940235,4.530391796794993
38,R0ECF,R0ECF,0,exp5_p0_seed44_e013,0.10644284248364776,0.5839925408363342,0.1894596371672519,8.712884038874789
38,R0ECF,R0ECF,0,exp5_p05_seed42_e020,-0.6026238245219631,1.1126142740249634,0.22151048177232321,5.276931399478308
38,R0ECF,R0ECF,0,exp5_p05_seed43_e022,-0.5482999718007622,1.1937494277954102,0.2611536964597813,5.022300925073618
38,R0ECF,R0ECF,0,exp5_p05_seed44_e014,-0.35977004898875364,0.9720401763916016,0.23850670059119228,6.394056119790168
39,R0ECF,R0ECF,5,exp5_p0_seed42_e015,0.12366236495833541,0.40606462955474854,0.29332890936081907,12.413841096687989
39,R0ECF,R0ECF,5,exp5_p0_seed43_e008,0.5352974010383491,1.016176462173462,0.36390592412913797,4.441978685449323
39,R0ECF,R0ECF,5,exp5_p0_seed44_e013,0.3531503205045561,0.4685777425765991,0.2699242596629033,8.72175162678805
39,R0ECF,R0ECF,5,exp5_p05_seed42_e020,0.15274821567128388,0.8443330526351929,0.283753423518619,5.262957761124398
39,R0ECF,R0ECF,5,exp5_p05_seed43_e022,0.2987385592311621,0.9642174243927002,0.3366891183741308,4.91049788696861
39,R0ECF,R0ECF,5,exp5_p05_seed44_e014,0.37013163909083574,0.6930566430091858,0.31016416670398617,6.4704837798083945
40,R0ECF,R0ECF,-5,exp5_p0_seed42_e015,-0.8150101506667834,0.4401881694793701,0.21921693264878106,13.095955643721224
40,R0ECF,R0ECF,-5,exp5_p0_seed43_e008,-2.694352546801696,0.8368781208992004,0.2407184973943406,5.697011117087848
40,R0ECF,R0ECF,-5,exp5_p0_seed44_e013,-1.046577940832053,0.5347420573234558,0.1876306274101818,10.916865115784862
40,R0ECF,R0ECF,-5,exp5_p05_seed42_e020,-3.13443699207866,0.7932119965553284,0.18480182116923186,6.024675599399032
40,R0ECF,R0ECF,-5,exp5_p05_seed43_e022,-3.0498267643988037,0.8803763389587402,0.2147048772183477,5.449239204884191
40,R0ECF,R0ECF,-5,exp5_p05_seed44_e014,-2.184108141746018,0.5375971794128418,0.18918432283338107,7.524971705037017
41,R0ECF,R0ECF,0,exp5_p0_seed42_e015,-0.2268408141387809,0.39338845014572144,0.2899672521600242,13.268695752041111
41,R0ECF,R0ECF,0,exp5_p0_seed43_e008,-0.7063088100404386,0.6485032439231873,0.33219412554470434,5.707440343539577
41,R0ECF,R0ECF,0,exp5_p0_seed44_e013,-0.15556305794307157,0.3604990839958191,0.24494212583249955,11.046625171176448
41,R0ECF,R0ECF,0,exp5_p05_seed42_e020,-1.0769411501813617,0.5807492136955261,0.2660318450662204,6.072499446039763
41,R0ECF,R0ECF,0,exp5_p05_seed43_e022,-0.9567055253770766,0.6404044032096863,0.3013320934954993,5.481905667686221
41,R0ECF,R0ECF,0,exp5_p05_seed44_e014,-0.5816894152785245,0.3700794577598572,0.28250364743985995,7.647486934962626
42,R0ECF,R0ECF,5,exp5_p0_seed42_e015,-0.010689372441491752,0.2698146402835846,0.3323837249938174,13.613910589496694
42,R0ECF,R0ECF,5,exp5_p0_seed43_e008,0.1280930433836537,0.5838534235954285,0.3938047822669326,5.7270401934202475
42,R0ECF,R0ECF,5,exp5_p0_seed44_e013,0.09239324299559831,0.29705244302749634,0.2940375425519484,11.276943379137341
42,R0ECF,R0ECF,5,exp5_p05_seed42_e020,-0.0711074226616715,0.45571082830429077,0.33198651739798385,6.146086835105319
42,R0ECF,R0ECF,5,exp5_p05_seed43_e022,0.01816716643395369,0.5174576640129089,0.3633890198541219,5.5151003109296735
42,R0ECF,R0ECF,5,exp5_p05_seed44_e014,0.09942807567574286,0.31064149737358093,0.3640747091227512,7.844357179766773
43,R0ECF,R0ECF,-5,exp5_p0_seed42_e015,-0.824461989166576,0.41615718603134155,0.13503975006746322,13.202423360330064
43,R0ECF,R0ECF,-5,exp5_p0_seed43_e008,-1.9122996065019795,0.8930616974830627,0.23606956288187378,8.721727827758592
43,R0ECF,R0ECF,-5,exp5_p0_seed44_e013,-0.7719806534813811,0.6352005004882812,0.16443127560294238,13.57270198224359
43,R0ECF,R0ECF,-5,exp5_p05_seed42_e020,-2.5490306643586518,1.2056207656860352,0.24718043373224433,8.633338784253196
43,R0ECF,R0ECF,-5,exp5_p05_seed43_e022,-2.184901590849677,1.093956470489502,0.25964669046024524,8.598756521226225
43,R0ECF,R0ECF,-5,exp5_p05_seed44_e014,-1.6158454897160603,0.9482637047767639,0.24845344946006193,10.206453214810743
44,R0ECF,R0ECF,0,exp5_p0_seed42_e015,-0.14349708156715835,0.27527037262916565,0.22846091007567407,13.476734428583203
44,R0ECF,R0ECF,0,exp5_p0_seed43_e008,-0.28162349770094897,0.5834243893623352,0.3434308274788711,8.753212559890098
44,R0ECF,R0ECF,0,exp5_p0_seed44_e013,-0.0926255171007935,0.42882657051086426,0.25220365607454004,13.702345448414313
44,R0ECF,R0ECF,0,exp5_p05_seed42_e020,-0.7459390145065954,0.750074565410614,0.36704359306793477,8.535727000917198
44,R0ECF,R0ECF,0,exp5_p05_seed43_e022,-0.46060951601718036,0.732814371585846,0.3682388375255673,8.498354923203639
44,R0ECF,R0ECF,0,exp5_p05_seed44_e014,-0.2713586626249615,0.5686936974525452,0.36260698077258324,10.19469992019937
45,R0ECF,R0ECF,5,exp5_p0_seed42_e015,0.06099492507273478,0.21308161318302155,0.2762474193396687,13.415497538680478
45,R0ECF,R0ECF,5,exp5_p0_seed43_e008,0.33638869142511546,0.4428962171077728,0.426969533213608,8.782988993231177
45,R0ECF,R0ECF,5,exp5_p0_seed44_e013,0.14941424727956543,0.32972827553749084,0.30506317116054976,13.372048497157593
45,R0ECF,R0ECF,5,exp5_p05_seed42_e020,0.07087896905629992,0.5074504017829895,0.4381167250336029,8.372398688954886
45,R0ECF,R0ECF,5,exp5_p05_seed43_e022,0.24333646857523034,0.521365225315094,0.43745476182799575,8.28760244674275
45,R0ECF,R0ECF,5,exp5_p05_seed44_e014,0.24495525641729823,0.4512627124786377,0.4450298272725733,10.040958480566758
46,R0ECF,R0ECF,-5,exp5_p0_seed42_e015,-0.36734573047679264,0.1992150992155075,0.2454115581234857,11.694797960983745
46,R0ECF,R0ECF,-5,exp5_p0_seed43_e008,-2.253081213234856,0.49708977341651917,0.4372928049565837,5.599403650446581
46,R0ECF,R0ECF,-5,exp5_p0_seed44_e013,-1.2007437020537661,0.22446763515472412,0.21898088924081746,9.003827439927898
46,R0ECF,R0ECF,-5,exp5_p05_seed42_e020,-2.233107091675404,0.4768211841583252,0.3493601023742855,6.178634159057033
46,R0ECF,R0ECF,-5,exp5_p05_seed43_e022,-2.6038187759851734,0.45670801401138306,0.407230295599748,5.964114872168505
46,R0ECF,R0ECF,-5,exp5_p05_seed44_e014,-1.7220110015471235,0.32513418793678284,0.35228607985697874,7.083426763165783
47,R0ECF,R0ECF,0,exp5_p0_seed42_e015,0.1345251858426365,0.1970391571521759,0.2941265763701285,11.751308512230718
47,R0ECF,R0ECF,0,exp5_p0_seed43_e008,-0.08342139324033909,0.4309959411621094,0.5206075082243885,5.636647819791287
47,R0ECF,R0ECF,0,exp5_p0_seed44_e013,-0.052208613906292375,0.186134934425354,0.2594991339438694,8.522111544638935
47,R0ECF,R0ECF,0,exp5_p05_seed42_e020,-0.46957416691825626,0.3791837692260742,0.4492211016040435,6.131557796320195
47,R0ECF,R0ECF,0,exp5_p05_seed43_e022,-0.5086396041842693,0.3629997670650482,0.500191600808968,5.90459131809517
47,R0ECF,R0ECF,0,exp5_p05_seed44_e014,-0.0592790534271077,0.24792498350143433,0.4429368321773622,7.144489953590481
48,R0ECF,R0ECF,5,exp5_p0_seed42_e015,0.290549169072823,0.18680667877197266,0.33619341144867737,11.510967387886499
48,R0ECF,R0ECF,5,exp5_p0_seed43_e008,0.7723643709645865,0.37682363390922546,0.5404884898291887,5.651337650358441
48,R0ECF,R0ECF,5,exp5_p0_seed44_e013,0.3688117267643758,0.17792586982250214,0.2540114630825281,7.258627498009754
48,R0ECF,R0ECF,5,exp5_p05_seed42_e020,0.3625312292138967,0.29184427857398987,0.478267350952931,5.9858170502870784
48,R0ECF,R0ECF,5,exp5_p05_seed43_e022,0.4816240401716199,0.30430230498313904,0.5174791410173961,5.70013708661344
48,R0ECF,R0ECF,5,exp5_p05_seed44_e014,0.6309964531842637,0.2080373913049698,0.46871583882279566,7.109626192719856
49,R2004,R2004,-5,exp5_p0_seed42_e015,-0.6219551045430478,1.0619863271713257,0.3646118178106612,7.264234314589427
49,R2004,R2004,-5,exp5_p0_seed43_e008,-3.254382293397957,1.390958547592163,0.3418062820070391,3.459071774723
49,R2004,R2004,-5,exp5_p0_seed44_e013,-1.9790272128131228,1.3886231184005737,0.3399945276352811,5.416817174550927
49,R2004,R2004,-5,exp5_p05_seed42_e020,-1.7798130689278886,1.1480662822723389,0.3240423374396992,5.704981997603044
49,R2004,R2004,-5,exp5_p05_seed43_e022,-1.5102988509677666,1.14206063747406,0.3143001037124123,5.890728130691763
49,R2004,R2004,-5,exp5_p05_seed44_e014,-1.439068836206149,1.0146089792251587,0.3132820099155857,6.147329023738038
50,R2004,R2004,0,exp5_p0_seed42_e015,1.1720459757092734,0.7848172187805176,0.5155660718996492,7.317721553404127
50,R2004,R2004,0,exp5_p0_seed43_e008,-0.23251436879360887,0.9360721707344055,0.4850872726575746,3.4700082074681275
50,R2004,R2004,0,exp5_p0_seed44_e013,0.4971656949779295,1.0251941680908203,0.47376903411312693,5.492895491349776
50,R2004,R2004,0,exp5_p05_seed42_e020,0.6491407076985236,0.7545273900032043,0.4733339534959619,5.647477227422167
50,R2004,R2004,0,exp5_p05_seed43_e022,0.654306859682233,0.7846231460571289,0.4538474169532239,5.841293268406693
50,R2004,R2004,0,exp5_p05_seed44_e014,0.6923566803372266,0.7228784561157227,0.455349947057951,6.083208069073738
51,R2004,R2004,5,exp5_p0_seed42_e015,2.0167574230391723,0.6329678893089294,0.6196968762625602,7.402303214507793
51,R2004,R2004,5,exp5_p0_seed43_e008,1.5650201612456214,0.8461902737617493,0.6048847284656098,3.490726993047213
51,R2004,R2004,5,exp5_p0_seed44_e013,1.6596850159099463,0.8554307222366333,0.5811252162947208,5.44638997012556
51,R2004,R2004,5,exp5_p05_seed42_e020,1.8955370734633028,0.5828386545181274,0.6060361528529914,5.524581595920948
51,R2004,R2004,5,exp5_p05_seed43_e022,1.7498579370889042,0.6244204640388489,0.5859810155669386,5.742405025608538
51,R2004,R2004,5,exp5_p05_seed44_e014,1.724402657888524,0.577640950679779,0.5833152676797213,5.9490560021354035
52,R2004,R2004,-5,exp5_p0_seed42_e015,-1.5856508720259552,1.1936731338500977,0.16587415563204055,7.457702102182847
52,R2004,R2004,-5,exp5_p0_seed43_e008,-3.4575033791911873,1.9118409156799316,0.19060508486749597,3.5970717332854707
52,R2004,R2004,-5,exp5_p0_seed44_e013,-2.2173953956687757,1.523177981376648,0.19871656576825908,5.709037114279788
52,R2004,R2004,-5,exp5_p05_seed42_e020,-1.9445825206451133,1.1747177839279175,0.1929908055413079,6.113126063485794
52,R2004,R2004,-5,exp5_p05_seed43_e022,-2.1220476039805316,1.3104681968688965,0.20316322886901836,6.060684578550751
52,R2004,R2004,-5,exp5_p05_seed44_e014,-2.1014194201443397,1.2200464010238647,0.19709462346463336,6.421530384059762
53,R2004,R2004,0,exp5_p0_seed42_e015,-0.20961155680321197,0.7627230882644653,0.26174159535766695,7.570072170213361
53,R2004,R2004,0,exp5_p0_seed43_e008,-0.8632451324134078,1.1868146657943726,0.29915263414533305,3.590534286523362
53,R2004,R2004,0,exp5_p0_seed44_e013,-0.23119512381592539,0.8720770478248596,0.2979901833721991,5.757313495852985
53,R2004,R2004,0,exp5_p05_seed42_e020,-0.1466304388234099,0.7395002245903015,0.2966972438976552,6.052908519552859
53,R2004,R2004,0,exp5_p05_seed43_e022,-0.14944349803990184,0.8562134504318237,0.30591595903247715,6.013715428817703
53,R2004,R2004,0,exp5_p05_seed44_e014,-0.24219801328424687,0.7687687277793884,0.2855331430390716,6.367580711762624
54,R2004,R2004,5,exp5_p0_seed42_e015,0.24345463024174435,0.607327401638031,0.31426558718858205,7.79121429418935
54,R2004,R2004,5,exp5_p0_seed43_e008,0.45972425153768415,0.8997053503990173,0.4034385155791875,3.5928521902440402
54,R2004,R2004,5,exp5_p0_seed44_e013,0.6670650710160442,0.7182636857032776,0.39947493656889055,5.499709132290089
54,R2004,R2004,5,exp5_p05_seed42_e020,0.6946246085391548,0.5878418684005737,0.4004214462708181,5.861408176212899
54,R2004,R2004,5,exp5_p05_seed43_e022,0.7536652321954734,0.6127012372016907,0.41201362137300745,5.8915170425673145
54,R2004,R2004,5,exp5_p05_seed44_e014,0.6010746611550909,0.5717302560806274,0.3806787727264742,6.267958134219511
55,R2004,R2004,-5,exp5_p0_seed42_e015,-0.9873696182380659,1.2196701765060425,0.3145434518759576,8.197312528675978
55,R2004,R2004,-5,exp5_p0_seed43_e008,-2.588668200437306,1.5778539180755615,0.3179638317844619,4.146407875095574
55,R2004,R2004,-5,exp5_p0_seed44_e013,-1.3290428935584866,1.183180809020996,0.2887255657258689,6.276035018504591
55,R2004,R2004,-5,exp5_p05_seed42_e020,-1.5633436861815335,1.0202363729476929,0.317897105305617,6.053540690185577
55,R2004,R2004,-5,exp5_p05_seed43_e022,-1.3600723845325768,0.9688576459884644,0.32705047189847863,5.903748797462955
55,R2004,R2004,-5,exp5_p05_seed44_e014,-1.195364164619614,0.8979758024215698,0.3099659260722037,6.27080901379813
56,R2004,R2004,0,exp5_p0_seed42_e015,0.5745308523733539,0.7883396148681641,0.42720169904533395,8.373250515644827
56,R2004,R2004,0,exp5_p0_seed43_e008,-0.054876372674928654,0.97496098279953,0.4400987102735233,4.188619485506532
56,R2004,R2004,0,exp5_p0_seed44_e013,0.3348859082350053,0.7784914970397949,0.4003604588700671,6.30749331076646
56,R2004,R2004,0,exp5_p05_seed42_e020,0.4907927602495925,0.651943564414978,0.4368791017131821,5.916438966114468
56,R2004,R2004,0,exp5_p05_seed43_e022,0.6057073270202693,0.6548979878425598,0.44616611794046823,5.771474590844714
56,R2004,R2004,0,exp5_p05_seed44_e014,0.6014749467319029,0.5639262795448303,0.4249109717688607,6.168506058103286
57,R2004,R2004,5,exp5_p0_seed42_e015,1.2925452444380847,0.6168021559715271,0.5188546467816507,8.622317340643454
57,R2004,R2004,5,exp5_p0_seed43_e008,1.2084048653192738,0.7198203206062317,0.5399537227929723,4.238432844193684
57,R2004,R2004,5,exp5_p0_seed44_e013,1.122040806509839,0.6045968532562256,0.49783443671685396,5.979183555221193
57,R2004,R2004,5,exp5_p05_seed42_e020,1.3986800740999794,0.5059375762939453,0.5345114003109207,5.731331839705661
57,R2004,R2004,5,exp5_p05_seed43_e022,1.4424690397887847,0.47963809967041016,0.541184679591453,5.636275213973599
57,R2004,R2004,5,exp5_p05_seed44_e014,1.3160245583684884,0.41585105657577515,0.5227361592556691,6.033447632420989
58,R2004,R2004,-5,exp5_p0_seed42_e015,-1.4394428885885509,0.6208539009094238,0.1411881237160428,7.599864040796611
58,R2004,R2004,-5,exp5_p0_seed43_e008,-3.4297276175678797,0.9890347123146057,0.1346826821610184,3.593896087334414
58,R2004,R2004,-5,exp5_p0_seed44_e013,-2.267300147545069,0.7617793083190918,0.1407260893656831,5.808052552076522
58,R2004,R2004,-5,exp5_p05_seed42_e020,-1.8975035910225835,0.6267194747924805,0.14648989291354297,5.954171884592485
58,R2004,R2004,-5,exp5_p05_seed43_e022,-2.2215755925865737,0.6680715084075928,0.14409381143899408,6.1080117885846
58,R2004,R2004,-5,exp5_p05_seed44_e014,-1.8895415418075587,0.5907737612724304,0.14490971987726473,6.234087537043337
59,R2004,R2004,0,exp5_p0_seed42_e015,0.021216008659067993,0.5494379997253418,0.27382372420136764,7.730949052706816
59,R2004,R2004,0,exp5_p0_seed43_e008,-0.8985773877039958,0.710841953754425,0.2607266637741389,3.5940564299205864
59,R2004,R2004,0,exp5_p0_seed44_e013,-0.4308878228769609,0.5037711262702942,0.22815559850283512,5.877041904336618
59,R2004,R2004,0,exp5_p05_seed42_e020,-0.11813311523150319,0.4756433069705963,0.2750619239932053,5.995446967561363
59,R2004,R2004,0,exp5_p05_seed43_e022,-0.25113012892892966,0.5078191757202148,0.27343351183395764,6.1201532643725045
59,R2004,R2004,0,exp5_p05_seed44_e014,-0.0717032328765444,0.42930305004119873,0.2782267888750276,6.245578871801446
60,R2004,R2004,5,exp5_p0_seed42_e015,0.683744649273434,0.4988583028316498,0.39047092900257485,7.871393717265374
60,R2004,R2004,5,exp5_p0_seed43_e008,0.3909654003325996,0.6216825246810913,0.38556669584163644,3.594816622805099
60,R2004,R2004,5,exp5_p0_seed44_e013,0.4176017136956557,0.4111851453781128,0.3345521377371749,5.991670908414131
60,R2004,R2004,5,exp5_p05_seed42_e020,0.7545743684573237,0.40536072850227356,0.4049433688901245,6.072899637663762
60,R2004,R2004,5,exp5_p05_seed43_e022,0.7130268877245655,0.4561457335948944,0.4022380303632535,6.161300378262688
60,R2004,R2004,5,exp5_p05_seed44_e014,0.7810742110763935,0.37255990505218506,0.40851214084625187,6.296705347104966
61,R2004,R2004,-5,exp5_p0_seed42_e015,-1.09241409687461,0.6094034910202026,0.24529874773058274,7.754946031890104
61,R2004,R2004,-5,exp5_p0_seed43_e008,-3.0987071378991042,0.9607459306716919,0.271303742674368,3.6020796858257493
61,R2004,R2004,-5,exp5_p0_seed44_e013,-2.3254792401676436,0.8805156946182251,0.28112601964304507,5.883664265397522
61,R2004,R2004,-5,exp5_p05_seed42_e020,-1.5049886504667618,0.7678808569908142,0.30987107824504007,5.896855888057823
61,R2004,R2004,-5,exp5_p05_seed43_e022,-1.7709784863381828,0.7628882527351379,0.3075554664256137,5.965931963960714
61,R2004,R2004,-5,exp5_p05_seed44_e014,-1.809224066532916,0.7718526721000671,0.3019879887252313,6.4225674221378934
62,R2004,R2004,0,exp5_p0_seed42_e015,0.3128247260686617,0.5105009078979492,0.38256231907257493,7.844962320755586
62,R2004,R2004,0,exp5_p0_seed43_e008,-0.20780813860555686,0.7452124357223511,0.4309647648944409,3.594695724663364
62,R2004,R2004,0,exp5_p0_seed44_e013,0.07904078296636398,0.7002964615821838,0.428725033369143,5.949125558291448
62,R2004,R2004,0,exp5_p05_seed42_e020,0.6134665689138894,0.5852136611938477,0.454231519579593,5.9211504116335965
62,R2004,R2004,0,exp5_p05_seed43_e022,0.5868244035980387,0.6023944020271301,0.46283369477744685,5.978167789562221
62,R2004,R2004,0,exp5_p05_seed44_e014,0.4559415925513697,0.5724140405654907,0.44339781618204077,6.431555869995966
63,R2004,R2004,5,exp5_p0_seed42_e015,1.1679022667881565,0.5080447196960449,0.5024375456187482,7.955785769787526
63,R2004,R2004,5,exp5_p0_seed43_e008,1.3905583880985946,0.6854223608970642,0.5612462172360008,3.588216793906591
63,R2004,R2004,5,exp5_p0_seed44_e013,1.330789079212448,0.6211137771606445,0.5469237296489906,6.024904641729856
63,R2004,R2004,5,exp5_p05_seed42_e020,1.6383933332733336,0.5438231229782104,0.5653992246597165,5.86657362099724
63,R2004,R2004,5,exp5_p05_seed43_e022,1.742420268654194,0.5657280087471008,0.5796785760521317,5.925046782971288
63,R2004,R2004,5,exp5_p05_seed44_e014,1.5528888676908807,0.513878583908081,0.5554623341332124,6.391310869444853
64,R2004,R2004,-5,exp5_p0_seed42_e015,-0.47662657425881944,1.0337035655975342,0.3600129417156916,7.725373054722985
64,R2004,R2004,-5,exp5_p0_seed43_e008,-2.319070446091249,1.6008344888687134,0.38704162703466166,3.7695882172179065
64,R2004,R2004,-5,exp5_p0_seed44_e013,-1.250912385912125,1.1888529062271118,0.40081545049300765,6.188659850034119
64,R2004,R2004,-5,exp5_p05_seed42_e020,-1.3197706483691254,1.3811391592025757,0.39249925581962514,5.522499671370982
64,R2004,R2004,-5,exp5_p05_seed43_e022,-1.3213910580430153,1.2550780773162842,0.3882066059423239,5.6361023133758295
64,R2004,R2004,-5,exp5_p05_seed44_e014,-1.3312776054034,1.2084096670150757,0.3978231433522919,6.194562279557648
65,R2004,R2004,0,exp5_p0_seed42_e015,1.2199846930450111,0.7087219953536987,0.5255187763148137,7.82062586595393
65,R2004,R2004,0,exp5_p0_seed43_e008,0.604135100420039,1.0697394609451294,0.5666638484686927,3.7685679309096978
65,R2004,R2004,0,exp5_p0_seed44_e013,1.367833280714613,0.7412848472595215,0.5786701042475977,6.187503180579737
65,R2004,R2004,0,exp5_p05_seed42_e020,1.368365718078766,0.8739528059959412,0.5699811455661442,5.452586831698794
65,R2004,R2004,0,exp5_p05_seed43_e022,1.3805205381679853,0.7901685833930969,0.5728105093647292,5.595509174781262
65,R2004,R2004,0,exp5_p05_seed44_e014,1.4516994625026522,0.7296784520149231,0.5797574422736956,6.133112067929819
66,R2004,R2004,5,exp5_p0_seed42_e015,2.4002675948718752,0.5918627977371216,0.6623209363258672,7.901177771944933
66,R2004,R2004,5,exp5_p0_seed43_e008,2.5583444216901974,0.8901922106742859,0.6972560032645543,3.7798934173594385
66,R2004,R2004,5,exp5_p0_seed44_e013,2.828288150823867,0.6571246385574341,0.7052963636841267,5.874502870746815
66,R2004,R2004,5,exp5_p05_seed42_e020,2.776390867228422,0.6110242009162903,0.7019404261793699,5.201788163750658
66,R2004,R2004,5,exp5_p05_seed43_e022,2.858111026511118,0.5819608569145203,0.70673567820008,5.382466885647888
66,R2004,R2004,5,exp5_p05_seed44_e014,2.903582726177574,0.5191821455955505,0.7121780294798553,5.914846554355839
67,R2004,R2004,-5,exp5_p0_seed42_e015,-0.8232043215117271,1.2636568546295166,0.34886942381510916,7.982858450161865
67,R2004,R2004,-5,exp5_p0_seed43_e008,-2.9690704919214825,2.1349802017211914,0.38947420854504355,3.94925338781562
67,R2004,R2004,-5,exp5_p0_seed44_e013,-1.7223035438033114,1.7413768768310547,0.3677506256086578,5.824263506936939
67,R2004,R2004,-5,exp5_p05_seed42_e020,-1.5930949476713359,1.4106231927871704,0.36755195012193004,5.970554648974241
67,R2004,R2004,-5,exp5_p05_seed43_e022,-1.2595838386230287,1.4042747020721436,0.38478981392712863,6.036153952090375
67,R2004,R2004,-5,exp5_p05_seed44_e014,-1.1287706070636727,1.2087428569793701,0.3716032769589865,6.44696700827232
68,R2004,R2004,0,exp5_p0_seed42_e015,0.8610841988894148,0.8967756032943726,0.47831458065820054,8.143991975766081
68,R2004,R2004,0,exp5_p0_seed43_e008,0.06884801828601064,1.399900197982788,0.5255124672822766,3.9876936033918313
68,R2004,R2004,0,exp5_p0_seed44_e013,0.6087358477973872,1.2482633590698242,0.5091015944618424,5.803732187037308
68,R2004,R2004,0,exp5_p05_seed42_e020,0.837743626135425,0.9429094791412354,0.509623835372748,5.8141337555649875
68,R2004,R2004,0,exp5_p05_seed43_e022,1.0625134070447824,0.9236239790916443,0.520942266311647,5.903351499403228
68,R2004,R2004,0,exp5_p05_seed44_e014,1.0012956275775182,0.8147177696228027,0.5051073133743007,6.315958231786479
69,R2004,R2004,5,exp5_p0_seed42_e015,1.7589970803031858,0.6657804250717163,0.587491618169839,8.361466658231286
69,R2004,R2004,5,exp5_p0_seed43_e008,1.8159891453764396,1.0302884578704834,0.630819207937608,4.049542096248567
69,R2004,R2004,5,exp5_p0_seed44_e013,1.8389684373761908,0.9636651873588562,0.6147114540401011,5.796080976746742
69,R2004,R2004,5,exp5_p05_seed42_e020,2.087557642640645,0.7231441140174866,0.6248725681002354,5.604837255842485
69,R2004,R2004,5,exp5_p05_seed43_e022,2.1568551846409716,0.7138846516609192,0.6316395600486466,5.812843947695656
69,R2004,R2004,5,exp5_p05_seed44_e014,1.9821033756896556,0.646132230758667,0.6135170749796923,6.199605290290061
70,R2004,R2004,-5,exp5_p0_seed42_e015,-0.17565112961144463,1.0494344234466553,0.40146153942730056,7.057344940248038
70,R2004,R2004,-5,exp5_p0_seed43_e008,-2.811594284981054,1.6842774152755737,0.43284051381246713,3.527515564309957
70,R2004,R2004,-5,exp5_p0_seed44_e013,-1.2194499851847955,1.5205897092819214,0.41818190879767414,5.256573313688414
70,R2004,R2004,-5,exp5_p05_seed42_e020,-1.6447733426505304,1.157190203666687,0.42100524180004345,5.557235447488228
70,R2004,R2004,-5,exp5_p05_seed43_e022,-1.2128460091679287,1.1650902032852173,0.4288958788783867,5.63371806888853
70,R2004,R2004,-5,exp5_p05_seed44_e014,-1.2928222495269714,1.1533982753753662,0.4167241126500033,5.580560894450663
71,R2004,R2004,0,exp5_p0_seed42_e015,1.2556772044472462,0.7947930693626404,0.5420754088243432,7.119248269350963
71,R2004,R2004,0,exp5_p0_seed43_e008,0.49031814946659213,1.2089133262634277,0.5960365179842337,3.5318630689416946
71,R2004,R2004,0,exp5_p0_seed44_e013,1.00917721993057,1.0799280405044556,0.5672780467007619,5.238183618363871
71,R2004,R2004,0,exp5_p05_seed42_e020,1.1847253641865658,0.8062502145767212,0.5753998310807892,5.4907962492893
71,R2004,R2004,0,exp5_p05_seed43_e022,1.513368524637673,0.817707359790802,0.5916727717665801,5.574558888696105
71,R2004,R2004,0,exp5_p05_seed44_e014,1.373692578605262,0.7914667725563049,0.5759823427163958,5.504296812641176
72,R2004,R2004,5,exp5_p0_seed42_e015,2.1599624713301293,0.6794183254241943,0.6511232318458227,7.303906668358579
72,R2004,R2004,5,exp5_p0_seed43_e008,2.6356029523842235,0.95195072889328,0.7124908268316682,3.5368263603755645
72,R2004,R2004,5,exp5_p0_seed44_e013,2.4285886526398057,0.9058158993721008,0.6860323582138191,5.113729677528313
72,R2004,R2004,5,exp5_p05_seed42_e020,2.6867747539769637,0.6620895862579346,0.6981174130976813,5.341304333677332
72,R2004,R2004,5,exp5_p05_seed43_e022,2.8349107326978595,0.594350278377533,0.7108088487000034,5.45501984120518
72,R2004,R2004,5,exp5_p05_seed44_e014,2.70807648689209,0.6258569359779358,0.6972295911771001,5.366475512469212
73,R24AE,R24AE,-5,exp5_p0_seed42_e015,-0.5055488813203036,0.426430344581604,0.3478407052063178,6.953918221673794
73,R24AE,R24AE,-5,exp5_p0_seed43_e008,-2.3584734803418073,0.9281588196754456,0.41408181549709494,4.348584744089853
73,R24AE,R24AE,-5,exp5_p0_seed44_e013,-1.5369673491307336,0.6943545341491699,0.3330937365533207,4.4272978449373985
73,R24AE,R24AE,-5,exp5_p05_seed42_e020,-2.3846549347305626,0.8831238150596619,0.4028322763532812,4.702114644816698
73,R24AE,R24AE,-5,exp5_p05_seed43_e022,-2.5673134810811544,0.9541736245155334,0.41724932138938364,4.635103048760855
73,R24AE,R24AE,-5,exp5_p05_seed44_e014,-2.3532720768007462,0.8627816438674927,0.4029631421559521,5.150311650134459
74,R24AE,R24AE,0,exp5_p0_seed42_e015,0.5899210543039446,0.35247448086738586,0.4950381618842428,7.03190049703416
74,R24AE,R24AE,0,exp5_p0_seed43_e008,0.20107374860311164,0.7525560855865479,0.5420043029610263,4.369358552951435
74,R24AE,R24AE,0,exp5_p0_seed44_e013,0.19706835185186092,0.6195522546768188,0.477577435578665,4.47989346131998
74,R24AE,R24AE,0,exp5_p05_seed42_e020,0.21636273537127082,0.6626599431037903,0.5126994868495901,4.699100813390425
74,R24AE,R24AE,0,exp5_p05_seed43_e022,0.12869687630091453,0.726497232913971,0.5288719389159057,4.621803297822845
74,R24AE,R24AE,0,exp5_p05_seed44_e014,0.14580933945603186,0.6011719703674316,0.5186742465883897,5.133965980349069
75,R24AE,R24AE,5,exp5_p0_seed42_e015,1.182351601898474,0.3918658196926117,0.6039216516295393,7.211973508003783
75,R24AE,R24AE,5,exp5_p0_seed43_e008,1.633935445393204,0.7263103723526001,0.6530672019432816,4.414936030960322
75,R24AE,R24AE,5,exp5_p0_seed44_e013,1.3082008156027238,0.6797501444816589,0.5921726505149201,4.607800367373453
75,R24AE,R24AE,5,exp5_p05_seed42_e020,1.5715903193234095,0.5951399803161621,0.6251564277253849,4.685772642398882
75,R24AE,R24AE,5,exp5_p05_seed43_e022,1.6505757997253478,0.6406230926513672,0.6377967866202832,4.581911118436097
75,R24AE,R24AE,5,exp5_p05_seed44_e014,1.5049593878831997,0.5760961174964905,0.6280496031903493,5.094739753041458
76,R24AE,R24AE,-5,exp5_p0_seed42_e015,-1.4012191247064687,0.8216556310653687,0.2909347826600386,7.104271504809821
76,R24AE,R24AE,-5,exp5_p0_seed43_e008,-2.5963022045389654,0.9610950946807861,0.3188356039562155,4.048209934798824
76,R24AE,R24AE,-5,exp5_p0_seed44_e013,-2.044408860503711,1.2435702085494995,0.32577137601547823,4.547416295819664
76,R24AE,R24AE,-5,exp5_p05_seed42_e020,-1.800643509466848,0.8657111525535583,0.32138803406759037,4.719669856027744
76,R24AE,R24AE,-5,exp5_p05_seed43_e022,-2.186330328623758,0.7830529808998108,0.3355623749700478,4.521624310703051
76,R24AE,R24AE,-5,exp5_p05_seed44_e014,-2.060021150813332,0.7123792767524719,0.3359095360033857,4.624779472948778
77,R24AE,R24AE,0,exp5_p0_seed42_e015,0.2629374415923648,0.6404148936271667,0.44614411862379627,6.990926344109347
77,R24AE,R24AE,0,exp5_p0_seed43_e008,0.0791977355017144,0.6118902564048767,0.4680232075862751,4.030573995422494
77,R24AE,R24AE,0,exp5_p0_seed44_e013,0.14063900893480222,0.9075832366943359,0.4659850353634783,4.212077696833017
77,R24AE,R24AE,0,exp5_p05_seed42_e020,0.4007578747875323,0.5999230146408081,0.47508646647094127,4.597138741745087
77,R24AE,R24AE,0,exp5_p05_seed43_e022,0.3021215635330938,0.5416673421859741,0.4824696160229766,4.432730290370462
77,R24AE,R24AE,0,exp5_p05_seed44_e014,0.25175925325473747,0.5626087188720703,0.4769849955224953,4.5285629910325245
78,R24AE,R24AE,5,exp5_p0_seed42_e015,1.1166947937020424,0.6120908260345459,0.5658623347826298,6.632593622218722
78,R24AE,R24AE,5,exp5_p0_seed43_e008,1.4920222233542388,0.5466349124908447,0.5964673170625647,4.005415723244835
78,R24AE,R24AE,5,exp5_p0_seed44_e013,1.1216041866463946,0.7581819891929626,0.5897863294325538,3.4203693055111044
78,R24AE,R24AE,5,exp5_p05_seed42_e020,1.4434641119033804,0.5009709000587463,0.5902419037655444,4.315701902788599
78,R24AE,R24AE,5,exp5_p05_seed43_e022,1.4463105479427965,0.42242488265037537,0.5838967720349901,4.241728233749352
78,R24AE,R24AE,5,exp5_p05_seed44_e014,1.3508664306813931,0.45548173785209656,0.5807054425771113,4.295278497570845
79,R24AE,R24AE,-5,exp5_p0_seed42_e015,-0.9749913324978704,0.512921154499054,0.16853594692831794,7.736215960028296
79,R24AE,R24AE,-5,exp5_p0_seed43_e008,-2.1123608763794937,0.8045554161071777,0.16927497055992033,4.591592288562325
79,R24AE,R24AE,-5,exp5_p0_seed44_e013,-2.1352510234759707,1.1820695400238037,0.1984235105239022,5.629984387836231
79,R24AE,R24AE,-5,exp5_p05_seed42_e020,-2.393907947120421,0.802187442779541,0.16081843935237636,4.939681162012531
79,R24AE,R24AE,-5,exp5_p05_seed43_e022,-2.773243843806055,0.9277909994125366,0.18732707191655534,4.629414927135215
79,R24AE,R24AE,-5,exp5_p05_seed44_e014,-2.350790526625813,0.7868073582649231,0.15618662615774717,5.042604745303669
80,R24AE,R24AE,0,exp5_p0_seed42_e015,-0.2112581444155019,0.5006481409072876,0.19627722626422278,7.9250234396680055
80,R24AE,R24AE,0,exp5_p0_seed43_e008,-0.10676017905067615,0.31952229142189026,0.28781478075162,4.5851994605581385
80,R24AE,R24AE,0,exp5_p0_seed44_e013,-0.5287885650035402,0.7393935918807983,0.2016007650706624,5.960743728544749
80,R24AE,R24AE,0,exp5_p05_seed42_e020,-0.26067537855669765,0.45398375391960144,0.2897254845793083,4.8877162972982955
80,R24AE,R24AE,0,exp5_p05_seed43_e022,-0.3385244942932326,0.5293284058570862,0.30443806234618,4.590488950244692
80,R24AE,R24AE,0,exp5_p05_seed44_e014,-0.422314325549252,0.5085389018058777,0.23331267317450557,5.006446602447908
81,R24AE,R24AE,5,exp5_p0_seed42_e015,-0.06417809281705529,0.3778547942638397,0.2759054152571997,8.20999062619414
81,R24AE,R24AE,5,exp5_p0_seed43_e008,0.8410430263091053,0.3047938644886017,0.4254375677144261,4.570499914231399
81,R24AE,R24AE,5,exp5_p0_seed44_e013,0.2364965395943177,0.46522071957588196,0.23322428048367963,6.234716552709778
81,R24AE,R24AE,5,exp5_p05_seed42_e020,0.7012447876207901,0.4515087902545929,0.4006343460689835,4.762959041650565
81,R24AE,R24AE,5,exp5_p05_seed43_e022,0.763958094330542,0.4890482723712921,0.42320191313275907,4.497107432900807
81,R24AE,R24AE,5,exp5_p05_seed44_e014,0.4765647718832045,0.31354498863220215,0.3236122587628571,4.8857294502208495
82,R24AE,R24AE,-5,exp5_p0_seed42_e015,-1.0000058366081952,0.9823402166366577,0.34049949790414813,8.996343065020564
82,R24AE,R24AE,-5,exp5_p0_seed43_e008,-2.1565421403365073,1.7268649339675903,0.4625318284808104,5.386323149694309
82,R24AE,R24AE,-5,exp5_p0_seed44_e013,-1.6488303458406814,1.273754358291626,0.393687418394731,6.7111891812026485
82,R24AE,R24AE,-5,exp5_p05_seed42_e020,-1.7582874275418994,1.1359293460845947,0.39695213250957934,5.8321569450984505
82,R24AE,R24AE,-5,exp5_p05_seed43_e022,-1.8852050128943187,1.2440273761749268,0.41863212993957943,5.381578413060336
82,R24AE,R24AE,-5,exp5_p05_seed44_e014,-1.9776640891040642,1.2273622751235962,0.3928036766002364,5.406659517293412
83,R24AE,R24AE,0,exp5_p0_seed42_e015,0.28396670921214473,0.7838970422744751,0.41426200646394123,9.054027742236507
83,R24AE,R24AE,0,exp5_p0_seed43_e008,0.2920869542635919,1.3229089975357056,0.5468723773356919,5.424701176484633
83,R24AE,R24AE,0,exp5_p0_seed44_e013,-0.18382143415205315,1.032753348350525,0.46908728304666836,6.825724908259873
83,R24AE,R24AE,0,exp5_p05_seed42_e020,0.45943115488150654,0.7367731928825378,0.4897192542662322,5.826884211812412
83,R24AE,R24AE,0,exp5_p05_seed43_e022,0.4464387608046665,0.8654372096061707,0.5111360065305324,5.37535036083176
83,R24AE,R24AE,0,exp5_p05_seed44_e014,0.32472812682356583,0.8392279148101807,0.48840381342119754,5.40905685151076
84,R24AE,R24AE,5,exp5_p0_seed42_e015,0.7974752986781548,0.6465906500816345,0.4811551173745966,9.311656039622985
84,R24AE,R24AE,5,exp5_p0_seed43_e008,1.544935304333458,1.083648443222046,0.6234985759853326,5.487808956816783
84,R24AE,R24AE,5,exp5_p0_seed44_e013,0.4429206805260375,0.8728416562080383,0.5270430985405644,7.057863142854755
84,R24AE,R24AE,5,exp5_p05_seed42_e020,1.438502111612826,0.6478644013404846,0.5762025763945167,5.789417492745384
84,R24AE,R24AE,5,exp5_p05_seed43_e022,1.4755993942635546,0.7217422723770142,0.5890220739623069,5.344454778271555
84,R24AE,R24AE,5,exp5_p05_seed44_e014,1.333663273709518,0.6965855956077576,0.5766087622472309,5.377559005814414
85,R24AE,R24AE,-5,exp5_p0_seed42_e015,-0.43768405318054615,0.29839396476745605,0.253963202672571,8.661287047837368
85,R24AE,R24AE,-5,exp5_p0_seed43_e008,-1.9518246576126783,0.613023042678833,0.3444295278891369,4.803567816292506
85,R24AE,R24AE,-5,exp5_p0_seed44_e013,-1.6873975488580197,0.43267759680747986,0.2811010684890916,7.546616731289742
85,R24AE,R24AE,-5,exp5_p05_seed42_e020,-2.4312031506088685,0.704066276550293,0.3218456795154146,5.484943912826205
85,R24AE,R24AE,-5,exp5_p05_seed43_e022,-2.7769042849174177,0.7225764989852905,0.3345560491468185,5.333257166027799
85,R24AE,R24AE,-5,exp5_p05_seed44_e014,-2.613700543190931,0.6673751473426819,0.341644342370971,5.54793359736835
86,R24AE,R24AE,0,exp5_p0_seed42_e015,0.6729762204237302,0.225571870803833,0.43444919769500806,8.671974637657026
86,R24AE,R24AE,0,exp5_p0_seed43_e008,0.6562004985101944,0.5402815341949463,0.5332702489268666,4.801146878912686
86,R24AE,R24AE,0,exp5_p0_seed44_e013,0.3450351837794801,0.35808050632476807,0.42973503325129575,7.552956789379994
86,R24AE,R24AE,0,exp5_p05_seed42_e020,0.42028084837096463,0.5117735862731934,0.500514447636597,5.455243586733988
86,R24AE,R24AE,0,exp5_p05_seed43_e022,0.2613837592950039,0.5449194312095642,0.5080484992136827,5.293007529264317
86,R24AE,R24AE,0,exp5_p05_seed44_e014,0.35590472328505146,0.47247982025146484,0.5194865152064735,5.533791818890799
87,R24AE,R24AE,5,exp5_p0_seed42_e015,1.3788385272983632,0.27530887722969055,0.5872726079834789,8.811230807327107
87,R24AE,R24AE,5,exp5_p0_seed43_e008,2.3010382288970925,0.5855263471603394,0.6877272349344359,4.806690532609323
87,R24AE,R24AE,5,exp5_p0_seed44_e013,1.6297497985372469,0.4326187074184418,0.5895867125058615,7.4685923021307845
87,R24AE,R24AE,5,exp5_p05_seed42_e020,2.00663757170287,0.46129128336906433,0.6431932728719896,5.394118664841732
87,R24AE,R24AE,5,exp5_p05_seed43_e022,2.099637972099572,0.47819241881370544,0.6615921440983883,5.22899219233658
87,R24AE,R24AE,5,exp5_p05_seed44_e014,2.0120691432024778,0.39241641759872437,0.6580216032803516,5.516845253534761
88,R24AE,R24AE,-5,exp5_p0_seed42_e015,-0.5051804535458183,0.5590406060218811,0.16726106555325923,9.658228271431716
88,R24AE,R24AE,-5,exp5_p0_seed43_e008,-1.6673689186283347,0.8548052310943604,0.19715662673036108,5.807965633713826
88,R24AE,R24AE,-5,exp5_p0_seed44_e013,-1.8112782498652378,0.9306114912033081,0.14394883835630803,7.74363484655418
88,R24AE,R24AE,-5,exp5_p05_seed42_e020,-2.193644532122886,1.0330525636672974,0.17040336511632015,5.972978786717293
88,R24AE,R24AE,-5,exp5_p05_seed43_e022,-2.4430245842421208,1.0019607543945312,0.20857414801387808,5.571215569668312
88,R24AE,R24AE,-5,exp5_p05_seed44_e014,-2.2466166668779564,1.0093467235565186,0.18038690091775153,5.735077551843601
89,R24AE,R24AE,0,exp5_p0_seed42_e015,0.6036176306439144,0.35118016600608826,0.3329566709282066,9.55177994228172
89,R24AE,R24AE,0,exp5_p0_seed43_e008,0.8102082497645385,0.5901104807853699,0.3813798219140108,5.8224440029381235
89,R24AE,R24AE,0,exp5_p0_seed44_e013,0.04758727334799568,0.6423571109771729,0.30217237310147377,7.671661055841378
89,R24AE,R24AE,0,exp5_p05_seed42_e020,0.3435109079058921,0.7036259174346924,0.35520844807290414,5.808562909581404
89,R24AE,R24AE,0,exp5_p05_seed43_e022,0.3298945463325661,0.6605995297431946,0.39300769145599584,5.52870018917341
89,R24AE,R24AE,0,exp5_p05_seed44_e014,0.34936301731637043,0.6352459192276001,0.36249409257693327,5.598942160047255
90,R24AE,R24AE,5,exp5_p0_seed42_e015,1.177237247585243,0.29217758774757385,0.48478427896567977,9.430794220695342
90,R24AE,R24AE,5,exp5_p0_seed43_e008,2.0903480920564386,0.4762430191040039,0.5554706221301926,5.842820639630306
90,R24AE,R24AE,5,exp5_p0_seed44_e013,0.946247904985535,0.5203511118888855,0.4401028983343129,7.163924829923679
90,R24AE,R24AE,5,exp5_p05_seed42_e020,1.7646127790225585,0.4361152946949005,0.5237201796740526,5.594247541167267
90,R24AE,R24AE,5,exp5_p05_seed43_e022,1.903476409315317,0.4446636736392975,0.5506907190173465,5.517535264449737
90,R24AE,R24AE,5,exp5_p05_seed44_e014,1.791715981575347,0.42788997292518616,0.5241298645303535,5.4555192752763535
91,R24AE,R24AE,-5,exp5_p0_seed42_e015,-1.73921692283164,1.3397798538208008,0.26392716532111654,8.990055377605522
91,R24AE,R24AE,-5,exp5_p0_seed43_e008,-2.0036783866008854,1.581055760383606,0.2679660768652426,5.622056484958656
91,R24AE,R24AE,-5,exp5_p0_seed44_e013,-2.7294373187731154,1.8334083557128906,0.2522335380068871,7.305473159097733
91,R24AE,R24AE,-5,exp5_p05_seed42_e020,-2.066979692600839,1.5415655374526978,0.23072861221561997,5.809583570337951
91,R24AE,R24AE,-5,exp5_p05_seed43_e022,-1.9551016790829725,1.4447662830352783,0.23620698635899912,5.407472115441462
91,R24AE,R24AE,-5,exp5_p05_seed44_e014,-2.0664514258844493,1.5319337844848633,0.25342076224025833,5.646142571922859
92,R24AE,R24AE,0,exp5_p0_seed42_e015,-0.21341865908662921,0.9501029849052429,0.37040105416006536,9.01639717766463
92,R24AE,R24AE,0,exp5_p0_seed43_e008,0.19929071407476015,1.1451479196548462,0.39254757146594726,5.639813965298684
92,R24AE,R24AE,0,exp5_p0_seed44_e013,-0.8440155335228521,1.3043451309204102,0.3695856938209316,7.144442001985877
92,R24AE,R24AE,0,exp5_p05_seed42_e020,0.09987286016058317,1.0977274179458618,0.35142163861362247,5.674190187639007
92,R24AE,R24AE,0,exp5_p05_seed43_e022,0.29366376675630224,1.0107898712158203,0.3786677550832938,5.298710910906007
92,R24AE,R24AE,0,exp5_p05_seed44_e014,0.14505330726571022,1.0345001220703125,0.3790824559498592,5.533195110070302
93,R24AE,R24AE,5,exp5_p0_seed42_e015,0.504718253881675,0.8464192152023315,0.45921142599930675,9.130381485015134
93,R24AE,R24AE,5,exp5_p0_seed43_e008,1.3097728948170142,0.9563241004943848,0.502992164504309,5.671649220874846
93,R24AE,R24AE,5,exp5_p0_seed44_e013,-0.16309134041106504,1.252545714378357,0.452713638309004,6.986475789811236
93,R24AE,R24AE,5,exp5_p05_seed42_e020,1.1295961567216215,0.8528148531913757,0.4525009326499899,5.452756187715457
93,R24AE,R24AE,5,exp5_p05_seed43_e022,1.2368957925105937,0.8080450892448425,0.4762665349514358,5.12297905017117
93,R24AE,R24AE,5,exp5_p05_seed44_e014,1.1871389468775806,0.7920558452606201,0.4755263707486688,5.385095991413729
94,R24AE,R24AE,-5,exp5_p0_seed42_e015,-0.43450716326808614,1.0197633504867554,0.3767593154147574,8.024389163721896
94,R24AE,R24AE,-5,exp5_p0_seed43_e008,-1.631753233498157,1.5713587999343872,0.47409301858412906,4.860164102768173
94,R24AE,R24AE,-5,exp5_p0_seed44_e013,-1.3540785054117797,1.7960973978042603,0.4035128001221384,5.552394547454047
94,R24AE,R24AE,-5,exp5_p05_seed42_e020,-1.8763570053018248,1.8488259315490723,0.43164207456230524,5.161534835321899
94,R24AE,R24AE,-5,exp5_p05_seed43_e022,-2.1372894392180015,1.6786688566207886,0.4575760431554785,4.946212587299338
94,R24AE,R24AE,-5,exp5_p05_seed44_e014,-2.1026065933898948,1.5752991437911987,0.45012486567001675,5.312472459278173
95,R24AE,R24AE,0,exp5_p0_seed42_e015,0.8873316180569496,0.738990306854248,0.5611090297112885,8.148873197199327
95,R24AE,R24AE,0,exp5_p0_seed43_e008,1.2735410492100985,1.0722583532333374,0.6528167624931237,4.879068182777774
95,R24AE,R24AE,0,exp5_p0_seed44_e013,0.840295083564157,1.1626875400543213,0.5871724761894929,5.526755424120466
95,R24AE,R24AE,0,exp5_p05_seed42_e020,0.9437319767620114,1.1183836460113525,0.5962306294236273,5.064316540394759
95,R24AE,R24AE,0,exp5_p05_seed43_e022,0.7993310511637431,1.1585829257965088,0.6092280084147735,4.895521270151954
95,R24AE,R24AE,0,exp5_p05_seed44_e014,0.8264435596220465,0.9813581705093384,0.6157225735435563,5.273583674443004
96,R24AE,R24AE,5,exp5_p0_seed42_e015,1.7583677297385072,0.6477318406105042,0.6937977924669549,8.279781042113418
96,R24AE,R24AE,5,exp5_p0_seed43_e008,3.0672926019963356,0.8569619059562683,0.7839881154694802,4.894884271110612
96,R24AE,R24AE,5,exp5_p0_seed44_e013,2.0232371847631607,1.0286259651184082,0.6890256940187904,5.337592097249838
96,R24AE,R24AE,5,exp5_p05_seed42_e020,2.594996177522444,0.8997769951820374,0.7303196251641851,4.889055158530851
96,R24AE,R24AE,5,exp5_p05_seed43_e022,2.5605474014149046,0.8170942068099976,0.7280282317103054,4.770754144865555
96,R24AE,R24AE,5,exp5_p05_seed44_e014,2.5821916922839234,0.7649773359298706,0.7444993580816114,5.175447313093542
97,R3B66,R3B66,-5,exp5_p0_seed42_e015,-0.01602547325479075,0.3594827950000763,0.1833334888458438,10.308416816381587
97,R3B66,R3B66,-5,exp5_p0_seed43_e008,-1.1175514271677687,0.9650984406471252,0.1899647298328432,5.037034609466745
97,R3B66,R3B66,-5,exp5_p0_seed44_e013,-0.0871581842583005,0.18889610469341278,0.15196974822946874,6.078415543955944
97,R3B66,R3B66,-5,exp5_p05_seed42_e020,-2.368415658658311,1.2208987474441528,0.17121746171266508,4.371981089080409
97,R3B66,R3B66,-5,exp5_p05_seed43_e022,-2.176942966545358,1.023262858390808,0.18526229404607913,4.670608242499453
97,R3B66,R3B66,-5,exp5_p05_seed44_e014,-0.9244272292737082,0.7349866032600403,0.21831863039808944,6.159261505236703
98,R3B66,R3B66,0,exp5_p0_seed42_e015,0.23643296044634504,0.282522052526474,0.30285314993110957,10.712267066526442
98,R3B66,R3B66,0,exp5_p0_seed43_e008,0.11820454396932674,0.6767993569374084,0.3204058518656722,5.113640023541509
98,R3B66,R3B66,0,exp5_p0_seed44_e013,0.2606569366138883,0.13470470905303955,0.28486742893053146,6.480485538230413
98,R3B66,R3B66,0,exp5_p05_seed42_e020,-0.48348337441444944,0.8058403134346008,0.2964602946647795,4.3562716860115716
98,R3B66,R3B66,0,exp5_p05_seed43_e022,-0.31259493682395656,0.7336011528968811,0.3263769911568938,4.661017483747861
98,R3B66,R3B66,0,exp5_p05_seed44_e014,0.1491200679861727,0.5248438715934753,0.32913145227964474,6.3150957246385655
99,R3B66,R3B66,5,exp5_p0_seed42_e015,0.41235190487934203,0.2684621214866638,0.3993515320795591,10.832078641935007
99,R3B66,R3B66,5,exp5_p0_seed43_e008,0.7059983458370434,0.5856363773345947,0.4204025804834781,5.193899870708279
99,R3B66,R3B66,5,exp5_p0_seed44_e013,0.5033010489206418,0.12434131652116776,0.38798851075693735,6.988085582258884
99,R3B66,R3B66,5,exp5_p05_seed42_e020,0.39726736677643393,0.5907058715820312,0.3877000751903563,4.307397609655631
99,R3B66,R3B66,5,exp5_p05_seed43_e022,0.5788623661565683,0.534345269203186,0.4231019959877795,4.668576295130896
99,R3B66,R3B66,5,exp5_p05_seed44_e014,0.6546097416109362,0.4027341306209564,0.41366187673086074,6.447960451377447
100,R3B66,R3B66,-5,exp5_p0_seed42_e015,-0.2567054335613633,0.24697093665599823,0.0947696362566443,10.743133878693916
100,R3B66,R3B66,-5,exp5_p0_seed43_e008,-1.9746963645624067,0.837092399597168,0.12519099642778314,6.661080441834281
100,R3B66,R3B66,-5,exp5_p0_seed44_e013,-0.08158953559801929,0.2644581198692322,0.13740794201545445,11.568048204650971
100,R3B66,R3B66,-5,exp5_p05_seed42_e020,-2.7050562866588397,1.3192805051803589,0.16904657178348276,5.865501784460703
100,R3B66,R3B66,-5,exp5_p05_seed43_e022,-2.4688753261463376,1.2785725593566895,0.17796868553892836,6.0629612725093365
100,R3B66,R3B66,-5,exp5_p05_seed44_e014,-0.9388600445040184,0.7277257442474365,0.12780915526192266,8.15368940762814
101,R3B66,R3B66,0,exp5_p0_seed42_e015,0.14682533742682732,0.18046988546848297,0.15632925348592183,11.017091788596936
101,R3B66,R3B66,0,exp5_p0_seed43_e008,-0.09022302058473392,0.536238968372345,0.25942858435531446,6.700235038056351
101,R3B66,R3B66,0,exp5_p0_seed44_e013,0.3617043345708837,0.2146889567375183,0.2350031635175779,11.839318100767937
101,R3B66,R3B66,0,exp5_p05_seed42_e020,-0.3615854451757967,0.8030971884727478,0.2906491762507425,5.873180696001846
101,R3B66,R3B66,0,exp5_p05_seed43_e022,-0.2648219970964232,0.8143634796142578,0.30159921967483644,6.027532808685373
101,R3B66,R3B66,0,exp5_p05_seed44_e014,0.2924561242374613,0.454348623752594,0.23594356062626587,8.137406017552776
102,R3B66,R3B66,5,exp5_p0_seed42_e015,0.36384732241939066,0.15069372951984406,0.18529833062671863,10.991447729811817
102,R3B66,R3B66,5,exp5_p0_seed43_e008,0.8333514647550726,0.4453032612800598,0.3795724659952982,6.76432570923884
102,R3B66,R3B66,5,exp5_p0_seed44_e013,0.620579397743674,0.24487094581127167,0.3313975054452816,12.510788425076964
102,R3B66,R3B66,5,exp5_p05_seed42_e020,0.741584496964598,0.5870786905288696,0.3791842160619588,5.843818522562775
102,R3B66,R3B66,5,exp5_p05_seed43_e022,0.7473062156864385,0.587894082069397,0.3953481186850005,5.93207025336285
102,R3B66,R3B66,5,exp5_p05_seed44_e014,0.7913819749751301,0.38547423481941223,0.31202947409311516,8.09003352500715
103,R3B66,R3B66,-5,exp5_p0_seed42_e015,-0.5062618018408211,0.271491140127182,0.30950456010127947,15.66853800228963
103,R3B66,R3B66,-5,exp5_p0_seed43_e008,-3.3126728716200704,0.6341391801834106,0.23386558699328744,4.342362947022062
103,R3B66,R3B66,-5,exp5_p0_seed44_e013,-3.039388430186137,0.4452750086784363,0.1558534306184615,6.624647578937427
103,R3B66,R3B66,-5,exp5_p05_seed42_e020,-4.12594355301104,0.6676049828529358,0.19012319618992934,3.906123765113369
103,R3B66,R3B66,-5,exp5_p05_seed43_e022,-4.1231479784125,0.6065171360969543,0.14221220737978088,3.567335392494939
103,R3B66,R3B66,-5,exp5_p05_seed44_e014,-3.2066732777249882,0.5559295415878296,0.10213721441008776,7.021713522930465
104,R3B66,R3B66,0,exp5_p0_seed42_e015,-0.07331354958251068,0.19372513890266418,0.39916662369888234,15.913869998336803
104,R3B66,R3B66,0,exp5_p0_seed43_e008,-0.9601095243477626,0.4056845009326935,0.345963715253038,4.3832398541477255
104,R3B66,R3B66,0,exp5_p0_seed44_e013,-1.0345681919522156,0.24797146022319794,0.29800484508504077,6.693318592304304
104,R3B66,R3B66,0,exp5_p05_seed42_e020,-1.9967649197196327,0.48966312408447266,0.2584555739603331,3.865410063263849
104,R3B66,R3B66,0,exp5_p05_seed43_e022,-1.6703419543039684,0.4263891875743866,0.2589925599692706,3.5879510618026793
104,R3B66,R3B66,0,exp5_p05_seed44_e014,-1.0736978714121965,0.3713780641555786,0.21253395374833114,7.138887903429181
105,R3B66,R3B66,5,exp5_p0_seed42_e015,0.174298650896327,0.2628569006919861,0.48589029721320626,16.270000609371053
105,R3B66,R3B66,5,exp5_p0_seed43_e008,0.23976547122034395,0.3762594759464264,0.42150772928099894,4.451683899903356
105,R3B66,R3B66,5,exp5_p0_seed44_e013,-0.14515510203618848,0.21492218971252441,0.3014461739234895,6.7742019006360135
105,R3B66,R3B66,5,exp5_p05_seed42_e020,-0.5580059269510362,0.3897523581981659,0.30497121968769436,3.7886904157293575
105,R3B66,R3B66,5,exp5_p05_seed43_e022,-0.2827325277104807,0.3847310245037079,0.3613467499062963,3.5709955189479365
105,R3B66,R3B66,5,exp5_p05_seed44_e014,0.10176785000525376,0.36032459139823914,0.3361600421519987,7.310491339563395
106,R3B66,R3B66,-5,exp5_p0_seed42_e015,-0.5167440049743252,0.4130282402038574,0.18442950593629348,12.593253882260631
106,R3B66,R3B66,-5,exp5_p0_seed43_e008,-1.4573701348262729,0.8903647065162659,0.20772455687319,5.764787355263144
106,R3B66,R3B66,-5,exp5_p0_seed44_e013,-0.20675238137488333,0.4834032654762268,0.1567537933590015,9.936755324971374
106,R3B66,R3B66,-5,exp5_p05_seed42_e020,-1.810036178314823,1.0024793148040771,0.21792452943646978,5.624894363526733
106,R3B66,R3B66,-5,exp5_p05_seed43_e022,-1.5431919016915465,1.0784356594085693,0.2260127144747598,5.254337638967728
106,R3B66,R3B66,-5,exp5_p05_seed44_e014,-1.2969702255607714,0.905167818069458,0.21517063727593577,7.717742927901554
107,R3B66,R3B66,0,exp5_p0_seed42_e015,0.04585726038768112,0.30965325236320496,0.25556626707830676,12.7555488692025
107,R3B66,R3B66,0,exp5_p0_seed43_e008,0.01369889125173364,0.6185970902442932,0.2975616479326723,5.7867950503091015
107,R3B66,R3B66,0,exp5_p0_seed44_e013,0.2790060396100274,0.376833438873291,0.25863198302314294,9.849343212599692
107,R3B66,R3B66,0,exp5_p05_seed42_e020,-0.05302132259065188,0.701029360294342,0.3077225322409425,5.580447515843305
107,R3B66,R3B66,0,exp5_p05_seed43_e022,0.06958689031654289,0.7278447151184082,0.3244915304010681,5.206225600156156
107,R3B66,R3B66,0,exp5_p05_seed44_e014,0.02662573843265177,0.5790125131607056,0.29538961666610275,7.723784825797139
108,R3B66,R3B66,5,exp5_p0_seed42_e015,0.35787523796743437,0.25445133447647095,0.3181317451632779,13.236972756877059
108,R3B66,R3B66,5,exp5_p0_seed43_e008,0.6794600337014373,0.5300300717353821,0.376043270174355,5.8141040672567605
108,R3B66,R3B66,5,exp5_p0_seed44_e013,0.5646173754468304,0.33292463421821594,0.32548785806494784,9.61652652479507
108,R3B66,R3B66,5,exp5_p05_seed42_e020,0.6932554946081917,0.5566908717155457,0.37479714483335647,5.4879121874666215
108,R3B66,R3B66,5,exp5_p05_seed43_e022,0.7543145503971409,0.5434443354606628,0.3886238688028822,5.1230090177289425
108,R3B66,R3B66,5,exp5_p05_seed44_e014,0.5652142667735583,0.4000796377658844,0.3505004110377937,7.732950023846218
109,R3B66,R3B66,-5,exp5_p0_seed42_e015,-0.1819814149929997,0.25730201601982117,0.16275170850880116,14.794349174832949
109,R3B66,R3B66,-5,exp5_p0_seed43_e008,-2.55796417222094,0.8730109930038452,0.18165329654429288,3.965603421124978
109,R3B66,R3B66,-5,exp5_p0_seed44_e013,-2.322438166938429,0.5374119877815247,0.12456255654978206,5.906218256389875
109,R3B66,R3B66,-5,exp5_p05_seed42_e020,-3.652203263361058,0.9823269844055176,0.12417028398468805,3.9530860582797422
109,R3B66,R3B66,-5,exp5_p05_seed43_e022,-3.6090831681780227,0.8739326596260071,0.14287614238973384,3.172771590211922
109,R3B66,R3B66,-5,exp5_p05_seed44_e014,-2.2566492702341154,0.7410444617271423,0.08948553616247834,6.486571476390676
110,R3B66,R3B66,0,exp5_p0_seed42_e015,0.31698531161938,0.18162883818149567,0.11641191515583994,15.149196770523499
110,R3B66,R3B66,0,exp5_p0_seed43_e008,-0.29279230628493,0.5949795842170715,0.27818539936182896,4.019849870619482
110,R3B66,R3B66,0,exp5_p0_seed44_e013,-0.3887606920143039,0.31986790895462036,0.16600370359162392,6.00259252115471
110,R3B66,R3B66,0,exp5_p05_seed42_e020,-1.3661213462295787,0.6579843759536743,0.21114396549424921,3.7754918216326034
110,R3B66,R3B66,0,exp5_p05_seed43_e022,-0.9966433330338429,0.557654619216919,0.2340689640228243,3.1610167588624223
110,R3B66,R3B66,0,exp5_p05_seed44_e014,-0.34637244496656344,0.4649631977081299,0.17938658238693242,6.570830420734851
111,R3B66,R3B66,5,exp5_p0_seed42_e015,0.4905378613717013,0.20887689292430878,0.1701229266477522,15.484990944866546
111,R3B66,R3B66,5,exp5_p0_seed43_e008,0.7598389272729545,0.4629986584186554,0.35379858271630604,4.087725161807911
111,R3B66,R3B66,5,exp5_p0_seed44_e013,0.230924775319651,0.24898074567317963,0.2063352026804623,6.074651644803993
111,R3B66,R3B66,5,exp5_p05_seed42_e020,0.038183172473775256,0.5078456401824951,0.28982704285971594,3.5048146295798244
111,R3B66,R3B66,5,exp5_p05_seed43_e022,0.40167077165090265,0.4473893940448761,0.308673598377424,3.106356681992626
111,R3B66,R3B66,5,exp5_p05_seed44_e014,0.5475026069913332,0.3535245954990387,0.26687322737719094,6.652753637349561
112,R3B66,R3B66,-5,exp5_p0_seed42_e015,0.7359315133728477,0.2577463686466217,0.6301098655441519,11.957769284048943
112,R3B66,R3B66,-5,exp5_p0_seed43_e008,-0.4827929464471245,0.8412405848503113,0.6112872709962138,4.478684227386449
112,R3B66,R3B66,-5,exp5_p0_seed44_e013,-0.22012501964076914,0.23763567209243774,0.3408008924861629,8.340879738244185
112,R3B66,R3B66,-5,exp5_p05_seed42_e020,-2.8916514727661875,0.782385528087616,0.47342377802733865,4.08839485487435
112,R3B66,R3B66,-5,exp5_p05_seed43_e022,-2.165782951036277,0.6646754145622253,0.5201961984805137,4.023890458467932
112,R3B66,R3B66,-5,exp5_p05_seed44_e014,-0.8187203953983625,0.5045852065086365,0.4534561567497486,5.811068489744229
113,R3B66,R3B66,0,exp5_p0_seed42_e015,1.6199484378784375,0.38064318895339966,0.7510097792781891,12.131500570691935
113,R3B66,R3B66,0,exp5_p0_seed43_e008,2.2524098249345896,0.805054247379303,0.7738612314415312,4.473572047627194
113,R3B66,R3B66,0,exp5_p0_seed44_e013,0.9611496194142917,0.377634197473526,0.6939710516004282,8.239468727059606
113,R3B66,R3B66,0,exp5_p05_seed42_e020,0.21045928689457477,0.5728113055229187,0.69038708236172,4.076277385605632
113,R3B66,R3B66,0,exp5_p05_seed43_e022,0.7234634168767123,0.5254873633384705,0.7208034223314796,3.982912288982763
113,R3B66,R3B66,0,exp5_p05_seed44_e014,1.3752387334564198,0.4458846151828766,0.7137686527005567,5.8081752146526355
114,R3B66,R3B66,5,exp5_p0_seed42_e015,2.901448972833196,0.5632500052452087,0.8151370332215994,12.25714748187174
114,R3B66,R3B66,5,exp5_p0_seed43_e008,4.129490170138508,0.8533211350440979,0.8446808347713751,4.462255224834919
114,R3B66,R3B66,5,exp5_p0_seed44_e013,2.249109506297589,0.4811769127845764,0.8132767026777947,8.099418548566106
114,R3B66,R3B66,5,exp5_p05_seed42_e020,2.3636736965587266,0.5605199337005615,0.7892243365755245,4.055946919080294
114,R3B66,R3B66,5,exp5_p05_seed43_e022,2.605570329858366,0.4951685965061188,0.8127077687900579,3.898184129244204
114,R3B66,R3B66,5,exp5_p05_seed44_e014,2.8722000253332354,0.451487272977829,0.814220792346862,5.798405528179816
115,R3B66,R3B66,-5,exp5_p0_seed42_e015,-0.4867115114096471,0.37061694264411926,0.23214848805124239,14.185617964514538
115,R3B66,R3B66,-5,exp5_p0_seed43_e008,-3.2218682862884283,1.1565965414047241,0.1620941315491389,4.277296706281145
115,R3B66,R3B66,-5,exp5_p0_seed44_e013,-2.283421201895088,0.7334162592887878,0.13606287905899353,6.78451146731264
115,R3B66,R3B66,-5,exp5_p05_seed42_e020,-4.464820416920343,1.1685285568237305,0.13540892335105695,4.255812891964827
115,R3B66,R3B66,-5,exp5_p05_seed43_e022,-4.218446564707065,1.342573642730713,0.1274592483862677,3.632870384334635
115,R3B66,R3B66,-5,exp5_p05_seed44_e014,-3.1572974061502705,1.0623735189437866,0.1174410308889964,6.210612261715037
116,R3B66,R3B66,0,exp5_p0_seed42_e015,0.0895900629745627,0.27630969882011414,0.25709698589897767,14.384564753817763
116,R3B66,R3B66,0,exp5_p0_seed43_e008,-0.7749751459340695,0.8385648727416992,0.20976817693097094,4.302904001163753
116,R3B66,R3B66,0,exp5_p0_seed44_e013,-0.28322126580620743,0.4077194035053253,0.1920513553106803,6.872848897001794
116,R3B66,R3B66,0,exp5_p05_seed42_e020,-1.9497355874367142,0.800503134727478,0.19196361552238475,4.130813765850878
116,R3B66,R3B66,0,exp5_p05_seed43_e022,-1.646756102762919,0.9202291965484619,0.190761761598316,3.6101482059026013
116,R3B66,R3B66,0,exp5_p05_seed44_e014,-0.8917608710428422,0.6670457720756531,0.1527360055042373,6.269265015933848
117,R3B66,R3B66,5,exp5_p0_seed42_e015,0.41511625697010823,0.19420728087425232,0.22707682415386266,14.82859590480983
117,R3B66,R3B66,5,exp5_p0_seed43_e008,0.37610787132628615,0.6536169648170471,0.27613685093733265,4.339645154169018
117,R3B66,R3B66,5,exp5_p0_seed44_e013,0.34771793862759,0.2875192165374756,0.22100885287128236,6.931648029304932
117,R3B66,R3B66,5,exp5_p05_seed42_e020,-0.34907046419194554,0.6463946104049683,0.23516745756022425,3.9479290126234656
117,R3B66,R3B66,5,exp5_p05_seed43_e022,-0.07710659250930141,0.7395620942115784,0.24959705394316573,3.5915959953218723
117,R3B66,R3B66,5,exp5_p05_seed44_e014,0.27045401872053976,0.4955933094024658,0.22876031466584756,6.372125097177179
118,R3B66,R3B66,-5,exp5_p0_seed42_e015,0.20638814474201,0.22172081470489502,0.5367681597719158,14.27871023928259
118,R3B66,R3B66,-5,exp5_p0_seed43_e008,-2.999601380609115,0.6759681105613708,0.5104148697490909,4.423968830789989
118,R3B66,R3B66,-5,exp5_p0_seed44_e013,-3.328618835053692,0.22053849697113037,0.3666901788918708,6.039302863960463
118,R3B66,R3B66,-5,exp5_p05_seed42_e020,-3.91779034690975,0.5046636462211609,0.3759663632738334,3.4610896916095744
118,R3B66,R3B66,-5,exp5_p05_seed43_e022,-4.149866616953006,0.5202256441116333,0.36169233406229884,3.0286532892581945
118,R3B66,R3B66,-5,exp5_p05_seed44_e014,-1.8973794106765332,0.34267958998680115,0.3858600679535227,6.093452248789992
119,R3B66,R3B66,0,exp5_p0_seed42_e015,0.5687198467027498,0.29408228397369385,0.6499342766206615,14.418687690030021
119,R3B66,R3B66,0,exp5_p0_seed43_e008,-0.19423259210345362,0.6675147414207458,0.6693703073094945,4.46445514228559
119,R3B66,R3B66,0,exp5_p0_seed44_e013,-0.9374598745266909,0.2637125849723816,0.5870830945718508,6.118636390709744
119,R3B66,R3B66,0,exp5_p05_seed42_e020,-1.3776964689887918,0.45934051275253296,0.5449027850595676,3.4564063611989537
119,R3B66,R3B66,0,exp5_p05_seed43_e022,-1.3287651892718961,0.46978768706321716,0.5975448415011294,3.0276414965093017
119,R3B66,R3B66,0,exp5_p05_seed44_e014,-0.2084417171693678,0.3392519950866699,0.5817882959949654,6.236846437386471
120,R3B66,R3B66,5,exp5_p0_seed42_e015,0.8565296488667324,0.3963698148727417,0.6889566206987978,14.605116639297586
120,R3B66,R3B66,5,exp5_p0_seed43_e008,1.2550706445618567,0.6453779339790344,0.7231384154423294,4.526990622667841
120,R3B66,R3B66,5,exp5_p0_seed44_e013,0.44935689645258403,0.2746746838092804,0.6508903352138936,6.103184943937246
120,R3B66,R3B66,5,exp5_p05_seed42_e020,0.10966475189942344,0.4530298411846161,0.6425137947078029,3.3953833474340236
120,R3B66,R3B66,5,exp5_p05_seed43_e022,0.3579405111964816,0.4565594494342804,0.6890786234721502,2.98480284607637
120,R3B66,R3B66,5,exp5_p05_seed44_e014,0.7345178562093837,0.35988959670066833,0.6641563872677831,6.4124374938076345
121,R4DE2,R4DE2,-5,exp5_p0_seed42_e015,-1.2394448694509024,2.245450019836426,0.3716536792769713,5.070605061591142
121,R4DE2,R4DE2,-5,exp5_p0_seed43_e008,-2.244128841726163,2.943117141723633,0.4133280351300774,2.816862207388058
121,R4DE2,R4DE2,-5,exp5_p0_seed44_e013,-2.674599748816978,3.2649543285369873,0.36778513035187016,3.610088526153169
121,R4DE2,R4DE2,-5,exp5_p05_seed42_e020,-2.3306348515310513,2.989698648452759,0.4047152269094147,3.291944945265295
121,R4DE2,R4DE2,-5,exp5_p05_seed43_e022,-2.3973132332408245,2.928295612335205,0.43325136527188557,2.774061406003032
121,R4DE2,R4DE2,-5,exp5_p05_seed44_e014,-2.4968536321685395,2.4688303470611572,0.4421226924526712,2.5565168168524695
122,R4DE2,R4DE2,0,exp5_p0_seed42_e015,0.7427860697135071,1.3316099643707275,0.5376296311005462,5.174727380554922
122,R4DE2,R4DE2,0,exp5_p0_seed43_e008,0.7508729812557858,1.6565786600112915,0.5881251694920114,2.8307276451470824
122,R4DE2,R4DE2,0,exp5_p0_seed44_e013,0.07302571620973473,1.734647274017334,0.5309657084619904,3.568750327591139
122,R4DE2,R4DE2,0,exp5_p05_seed42_e020,0.5546448675254187,1.7390903234481812,0.5645461632313975,3.1624138964178834
122,R4DE2,R4DE2,0,exp5_p05_seed43_e022,0.6080806736219424,1.6648298501968384,0.5804938049514019,2.719847677504113
122,R4DE2,R4DE2,0,exp5_p05_seed44_e014,0.526489741949382,1.4357014894485474,0.586613718934743,2.478212147741311
123,R4DE2,R4DE2,5,exp5_p0_seed42_e015,1.9703450239015383,0.9233548641204834,0.6471109614947307,5.337838836867973
123,R4DE2,R4DE2,5,exp5_p0_seed43_e008,2.617837482499178,1.0451349020004272,0.7151730191230362,2.860907957161094
123,R4DE2,R4DE2,5,exp5_p0_seed44_e013,1.7134799779873267,1.2902194261550903,0.6380621084723782,3.211401479236962
123,R4DE2,R4DE2,5,exp5_p05_seed42_e020,2.3636388850293812,1.1152678728103638,0.6926387342450742,2.9623417545157134
123,R4DE2,R4DE2,5,exp5_p05_seed43_e022,2.426791524331807,1.0523768663406372,0.6923390228456993,2.638378562192573
123,R4DE2,R4DE2,5,exp5_p05_seed44_e014,2.348810526061489,0.9185904264450073,0.6942583602027189,2.3853383473163348
124,R4DE2,R4DE2,-5,exp5_p0_seed42_e015,-1.591961567787152,0.9503166675567627,0.20323719182680253,6.706440352131963
124,R4DE2,R4DE2,-5,exp5_p0_seed43_e008,-3.1860338940757273,2.112941265106201,0.25012516703118615,5.968807687723636
124,R4DE2,R4DE2,-5,exp5_p0_seed44_e013,-2.1801650541186146,2.028853178024292,0.16562793075147594,5.672296939688193
124,R4DE2,R4DE2,-5,exp5_p05_seed42_e020,-2.8822783960608,1.9328372478485107,0.22019390956385082,5.905826766375507
124,R4DE2,R4DE2,-5,exp5_p05_seed43_e022,-2.933506861815383,2.029449462890625,0.20469593709870118,5.861203973536668
124,R4DE2,R4DE2,-5,exp5_p05_seed44_e014,-2.896538439733014,1.8875129222869873,0.23974280417893754,5.925131567555313
125,R4DE2,R4DE2,0,exp5_p0_seed42_e015,-0.08021023287376451,0.6418266892433167,0.2898658694637411,6.866982862605557
125,R4DE2,R4DE2,0,exp5_p0_seed43_e008,-0.3748900746753533,1.142808198928833,0.3885426068901192,5.986749489566437
125,R4DE2,R4DE2,0,exp5_p0_seed44_e013,-0.3319579508287702,1.1353200674057007,0.26261033684661456,5.974186883424445
125,R4DE2,R4DE2,0,exp5_p05_seed42_e020,-0.36834686324385946,1.1627761125564575,0.3404608079589743,5.921038533994394
125,R4DE2,R4DE2,0,exp5_p05_seed43_e022,-0.3733607385057025,1.3128920793533325,0.33780348826223033,5.843294048021632
125,R4DE2,R4DE2,0,exp5_p05_seed44_e014,-0.446627604260279,1.134606957435608,0.3503111920924149,5.941080143961738
126,R4DE2,R4DE2,5,exp5_p0_seed42_e015,0.5686734437246422,0.37632888555526733,0.36240947858990336,7.12491532215299
126,R4DE2,R4DE2,5,exp5_p0_seed43_e008,1.1445901793881048,0.6733962297439575,0.5162397545922408,6.016747184701712
126,R4DE2,R4DE2,5,exp5_p0_seed44_e013,0.2687460618507667,0.7740563154220581,0.33898279218334393,6.331644908915566
126,R4DE2,R4DE2,5,exp5_p05_seed42_e020,0.9716450343756694,0.8345396518707275,0.46910113392018304,5.942688964518429
126,R4DE2,R4DE2,5,exp5_p05_seed43_e022,1.0148922707318668,0.8611785769462585,0.46728345857412906,5.834004256541256
126,R4DE2,R4DE2,5,exp5_p05_seed44_e014,0.8229331880200423,0.8000401258468628,0.4466098130106168,5.948454718453701
127,R4DE2,R4DE2,-5,exp5_p0_seed42_e015,-0.7217789854201897,0.4951210618019104,0.4695720543568834,6.57302114140926
127,R4DE2,R4DE2,-5,exp5_p0_seed43_e008,-2.170440941608688,1.4182010889053345,0.5093489573025312,5.144392888176062
127,R4DE2,R4DE2,-5,exp5_p0_seed44_e013,-1.912999626091227,1.6303341388702393,0.4312179101395728,5.068325706362357
127,R4DE2,R4DE2,-5,exp5_p05_seed42_e020,-1.9907790104310004,1.3668873310089111,0.5102950806840805,5.016863772445067
127,R4DE2,R4DE2,-5,exp5_p05_seed43_e022,-2.4304150511229023,1.5052177906036377,0.5037874002235572,4.828361815989652
127,R4DE2,R4DE2,-5,exp5_p05_seed44_e014,-2.6502855400009655,1.2594220638275146,0.48032528591636786,4.763381229229708
128,R4DE2,R4DE2,0,exp5_p0_seed42_e015,0.9314240033205983,0.38084957003593445,0.5902450506028369,6.443367014425723
128,R4DE2,R4DE2,0,exp5_p0_seed43_e008,0.7291163744095948,1.0667574405670166,0.6494776674195889,5.146164097081561
128,R4DE2,R4DE2,0,exp5_p0_seed44_e013,0.3287770841962167,1.1718859672546387,0.5655879113132936,4.878148078969399
128,R4DE2,R4DE2,0,exp5_p05_seed42_e020,0.9489230445716221,0.9478613138198853,0.6493154366791191,4.953448430887306
128,R4DE2,R4DE2,0,exp5_p05_seed43_e022,0.7318743710556075,1.081619381904602,0.6512161362307092,4.750000614388588
128,R4DE2,R4DE2,0,exp5_p05_seed44_e014,0.47589516141935245,0.886336088180542,0.633605757919636,4.624765990219013
129,R4DE2,R4DE2,5,exp5_p0_seed42_e015,1.8567267819691966,0.46068981289863586,0.6786603499999098,6.304992481903047
129,R4DE2,R4DE2,5,exp5_p0_seed43_e008,2.5329002809240038,0.8848341703414917,0.7464018882815717,5.139715848837056
129,R4DE2,R4DE2,5,exp5_p0_seed44_e013,1.5623084437145014,0.936145007610321,0.6626426631975106,4.6671288877613195
129,R4DE2,R4DE2,5,exp5_p05_seed42_e020,2.598356973920507,0.7642704248428345,0.7420886499150209,4.8312571657222145
129,R4DE2,R4DE2,5,exp5_p05_seed43_e022,2.688531105755528,0.782764196395874,0.7566216776384854,4.655550635304848
129,R4DE2,R4DE2,5,exp5_p05_seed44_e014,2.3568475039289547,0.7219499349594116,0.7286702405882783,4.358843185189084
130,R4DE2,R4DE2,-5,exp5_p0_seed42_e015,-2.1361843965872813,0.5773646235466003,0.1800067545232565,7.709127020741667
130,R4DE2,R4DE2,-5,exp5_p0_seed43_e008,-3.9250085620381316,0.8518860340118408,0.19504796680926678,5.945836765776428
130,R4DE2,R4DE2,-5,exp5_p0_seed44_e013,-3.90621200215751,0.8137519359588623,0.16865179196506333,6.899855344879965
130,R4DE2,R4DE2,-5,exp5_p05_seed42_e020,-4.226527207448369,0.9950563907623291,0.1948389349111339,5.94849391676203
130,R4DE2,R4DE2,-5,exp5_p05_seed43_e022,-4.188595698521028,0.8877900838851929,0.19488747682268107,5.753811783236181
130,R4DE2,R4DE2,-5,exp5_p05_seed44_e014,-4.385964843069897,0.8478719592094421,0.20640379058106875,5.894989309854982
131,R4DE2,R4DE2,0,exp5_p0_seed42_e015,-0.1751249528454563,0.4582054316997528,0.2890728702447131,7.852884059199586
131,R4DE2,R4DE2,0,exp5_p0_seed43_e008,-0.6200476787587377,0.7687639594078064,0.34977622379039625,5.950997989958118
131,R4DE2,R4DE2,0,exp5_p0_seed44_e013,-1.0720994430716788,0.7371817231178284,0.257485410300275,6.859577770176574
131,R4DE2,R4DE2,0,exp5_p05_seed42_e020,-0.7465318084339646,0.7350763082504272,0.3588444881310731,5.924833203774902
131,R4DE2,R4DE2,0,exp5_p05_seed43_e022,-0.9772447080395896,0.7477090954780579,0.32462140519866606,5.734591636312373
131,R4DE2,R4DE2,0,exp5_p05_seed44_e014,-0.8733044672256514,0.6898083686828613,0.32734460485085093,5.877252926221775
132,R4DE2,R4DE2,5,exp5_p0_seed42_e015,0.7086440024430584,0.49285411834716797,0.3920514409228328,8.094493466653024
132,R4DE2,R4DE2,5,exp5_p0_seed43_e008,1.3166652361073863,0.7350475788116455,0.5258876858316139,5.951100901928691
132,R4DE2,R4DE2,5,exp5_p0_seed44_e013,0.2534253649216212,0.7286573052406311,0.35266569169722817,6.756445154597902
132,R4DE2,R4DE2,5,exp5_p05_seed42_e020,1.2531001785221654,0.6604404449462891,0.529678880136271,5.8939864537157085
132,R4DE2,R4DE2,5,exp5_p05_seed43_e022,1.0294181483555358,0.6778541803359985,0.49943419239827613,5.710118363177374
132,R4DE2,R4DE2,5,exp5_p05_seed44_e014,1.1526081840562281,0.6455829739570618,0.486274161371135,5.860356785630559
133,R4DE2,R4DE2,-5,exp5_p0_seed42_e015,-1.0742141716802909,0.9042209982872009,0.4611682089144625,7.692347781133099
133,R4DE2,R4DE2,-5,exp5_p0_seed43_e008,-1.8552075237917653,1.371450662612915,0.5231260818902344,5.981590695214645
133,R4DE2,R4DE2,-5,exp5_p0_seed44_e013,-1.5111523400773512,1.2976433038711548,0.4601916008255855,6.663832215061877
133,R4DE2,R4DE2,-5,exp5_p05_seed42_e020,-2.2976439504411066,1.2586262226104736,0.4743379434012026,6.414977377367136
133,R4DE2,R4DE2,-5,exp5_p05_seed43_e022,-2.1423064195626624,1.3740516901016235,0.49287945833039387,6.293986035192541
133,R4DE2,R4DE2,-5,exp5_p05_seed44_e014,-2.3477758863564415,1.2745580673217773,0.5060685903774904,6.205018595020469
134,R4DE2,R4DE2,0,exp5_p0_seed42_e015,0.7128367432037439,0.7141352891921997,0.5605596848772386,7.698968491304715
134,R4DE2,R4DE2,0,exp5_p0_seed43_e008,0.8737425003660687,1.0914580821990967,0.641567584532111,5.990486483320787
134,R4DE2,R4DE2,0,exp5_p0_seed44_e013,0.5306403312586162,0.9950053691864014,0.5623133657077332,6.376700382261113
134,R4DE2,R4DE2,0,exp5_p05_seed42_e020,0.6389238249118008,0.8804196119308472,0.5960252701166565,6.306762008717027
134,R4DE2,R4DE2,0,exp5_p05_seed43_e022,0.7447884139508888,0.9301891922950745,0.61739961561668,6.226171021193435
134,R4DE2,R4DE2,0,exp5_p05_seed44_e014,0.6418342678303159,0.8682666420936584,0.6204139838712924,6.038104979860803
135,R4DE2,R4DE2,5,exp5_p0_seed42_e015,1.8406050841248034,0.8553252816200256,0.6590871575325807,7.67884951520541
135,R4DE2,R4DE2,5,exp5_p0_seed43_e008,2.555951691733555,1.027458906173706,0.7289987179442124,6.0116410737499155
135,R4DE2,R4DE2,5,exp5_p0_seed44_e013,1.7186990224660152,0.972636342048645,0.6441984441740694,6.32292259246144
135,R4DE2,R4DE2,5,exp5_p05_seed42_e020,2.3234314475395417,0.7203595638275146,0.7024302613144706,6.115147577878634
135,R4DE2,R4DE2,5,exp5_p05_seed43_e022,2.4353065931611235,0.8179251551628113,0.7164794276517895,6.098856055554598
135,R4DE2,R4DE2,5,exp5_p05_seed44_e014,2.3369881699137722,0.7015433311462402,0.7109524152527839,5.75475786896425
136,R4DE2,R4DE2,-5,exp5_p0_seed42_e015,-1.2005887995369977,0.6660490036010742,0.22001999919136203,8.19626931683201
136,R4DE2,R4DE2,-5,exp5_p0_seed43_e008,-3.370900427058433,1.665734887123108,0.19807611854126414,6.279203534231535
136,R4DE2,R4DE2,-5,exp5_p0_seed44_e013,-1.8268620222539833,1.6590008735656738,0.1470176095365226,7.691540830000837
136,R4DE2,R4DE2,-5,exp5_p05_seed42_e020,-3.579797879932955,2.1297812461853027,0.2042546986356888,6.061789959344418
136,R4DE2,R4DE2,-5,exp5_p05_seed43_e022,-3.6622569711667543,2.206287384033203,0.1919021959383492,6.134227714747242
136,R4DE2,R4DE2,-5,exp5_p05_seed44_e014,-3.937326231123146,1.9963107109069824,0.1965385762865993,6.427390588437925
137,R4DE2,R4DE2,0,exp5_p0_seed42_e015,0.6048412336428021,0.4276244044303894,0.38729976510877806,8.330486740352878
137,R4DE2,R4DE2,0,exp5_p0_seed43_e008,-0.10647268777610935,1.0229617357254028,0.4034289136646817,6.284604226516851
137,R4DE2,R4DE2,0,exp5_p0_seed44_e013,0.22792029162244096,1.0090581178665161,0.2836325142132068,7.804325280134576
137,R4DE2,R4DE2,0,exp5_p05_seed42_e020,-0.26095805613822354,1.2242172956466675,0.4049250484516771,6.018048943533496
137,R4DE2,R4DE2,0,exp5_p05_seed43_e022,-0.36354096679765463,1.328494668006897,0.39691027039014515,6.0725196019143475
137,R4DE2,R4DE2,0,exp5_p05_seed44_e014,-0.5531721801180669,1.2099659442901611,0.39827822503657856,6.362254138198252
138,R4DE2,R4DE2,5,exp5_p0_seed42_e015,1.6227934654017695,0.31909215450286865,0.5582573724074326,8.40069216399067
138,R4DE2,R4DE2,5,exp5_p0_seed43_e008,2.0821991344301742,0.7015910148620605,0.6050306360860818,6.29344613714058
138,R4DE2,R4DE2,5,exp5_p0_seed44_e013,1.5993334669844956,0.688621461391449,0.4968859193101221,7.745699234080059
138,R4DE2,R4DE2,5,exp5_p05_seed42_e020,1.8621466559774322,0.860519528388977,0.5963582716427249,5.849534302778836
138,R4DE2,R4DE2,5,exp5_p05_seed43_e022,1.7924837873148312,0.8627840280532837,0.5879078879308774,5.902489733365462
138,R4DE2,R4DE2,5,exp5_p05_seed44_e014,1.5825383301637,0.7962892651557922,0.5915106237427541,6.137846437348537
139,R4DE2,R4DE2,-5,exp5_p0_seed42_e015,-1.6031686463244013,1.1539572477340698,0.4048059808528811,8.001432660534238
139,R4DE2,R4DE2,-5,exp5_p0_seed43_e008,-3.7985233816583075,2.1769957542419434,0.4336355046533702,5.940602117484733
139,R4DE2,R4DE2,-5,exp5_p0_seed44_e013,-2.48053986567981,1.9935517311096191,0.37210538216713257,7.370339733753025
139,R4DE2,R4DE2,-5,exp5_p05_seed42_e020,-2.65050312816383,1.5052971839904785,0.43102549570869714,6.029606938332108
139,R4DE2,R4DE2,-5,exp5_p05_seed43_e022,-3.011198185822427,1.815442681312561,0.42740611946166013,6.007969855752985
139,R4DE2,R4DE2,-5,exp5_p05_seed44_e014,-3.3571143824022043,1.7302883863449097,0.42562876573860536,5.963542026147755
140,R4DE2,R4DE2,0,exp5_p0_seed42_e015,0.484021000759547,0.6785194873809814,0.4995653180691541,8.076011929935053
140,R4DE2,R4DE2,0,exp5_p0_seed43_e008,-0.22341863445781096,1.4572871923446655,0.5470501848715633,5.948927218866942
140,R4DE2,R4DE2,0,exp5_p0_seed44_e013,-0.11648088350377687,1.3842334747314453,0.47999360591415513,7.575167030003312
140,R4DE2,R4DE2,0,exp5_p05_seed42_e020,0.38057862027841455,0.9994713068008423,0.5361489834093878,6.034223073946058
140,R4DE2,R4DE2,0,exp5_p05_seed43_e022,0.20716380655442543,1.13277006149292,0.5380323958129823,6.007858582838214
140,R4DE2,R4DE2,0,exp5_p05_seed44_e014,-0.0980673242681227,1.1270378828048706,0.5231851941034048,6.001743683238775
141,R4DE2,R4DE2,5,exp5_p0_seed42_e015,1.5194606168404254,0.6390219330787659,0.5936430576739655,8.270109936028621
141,R4DE2,R4DE2,5,exp5_p0_seed43_e008,2.013361071166366,0.9838380813598633,0.652373921055264,5.959594945655074
141,R4DE2,R4DE2,5,exp5_p0_seed44_e013,1.0384975596061599,1.1003998517990112,0.5668187815840582,7.662073781584726
141,R4DE2,R4DE2,5,exp5_p05_seed42_e020,2.084740272079872,0.8044824600219727,0.6303106703630194,6.044682619968817
141,R4DE2,R4DE2,5,exp5_p05_seed43_e022,2.1031094767907006,0.8736399412155151,0.6404877601218674,6.00638751479001
141,R4DE2,R4DE2,5,exp5_p05_seed44_e014,1.843099400346195,0.8956824541091919,0.6181071949198046,6.037511459329821
142,R4DE2,R4DE2,-5,exp5_p0_seed42_e015,-0.4728849343145959,1.3085018396377563,0.22374226094566346,9.540933561470132
142,R4DE2,R4DE2,-5,exp5_p0_seed43_e008,-1.5526000479192175,2.5338103771209717,0.26130627808300605,6.056079937975807
142,R4DE2,R4DE2,-5,exp5_p0_seed44_e013,-0.5314645789232054,1.2841293811798096,0.23848141065735726,8.282572734255611
142,R4DE2,R4DE2,-5,exp5_p05_seed42_e020,-1.0775138342638328,1.6087807416915894,0.23823887531392268,6.285560937881154
142,R4DE2,R4DE2,-5,exp5_p05_seed43_e022,-1.2882722984111694,1.806484341621399,0.24453157258782263,6.181372357020786
142,R4DE2,R4DE2,-5,exp5_p05_seed44_e014,-1.3338470592448737,1.6013526916503906,0.26946843460390024,6.330113668686062
143,R4DE2,R4DE2,0,exp5_p0_seed42_e015,0.2723074892053753,0.7411566972732544,0.3124090415671523,9.722304166886856
143,R4DE2,R4DE2,0,exp5_p0_seed43_e008,0.2386677850417064,1.7216049432754517,0.36130267281809014,6.074605354019598
143,R4DE2,R4DE2,0,exp5_p0_seed44_e013,0.3760388413606487,0.8249923586845398,0.3127183262870442,8.31055310071852
143,R4DE2,R4DE2,0,exp5_p05_seed42_e020,0.4177822073607882,0.9448815584182739,0.32295670111740893,6.364155726000496
143,R4DE2,R4DE2,0,exp5_p05_seed43_e022,0.36549552140499497,1.0878010988235474,0.3291313220072251,6.247572782659496
143,R4DE2,R4DE2,0,exp5_p05_seed44_e014,0.3126766526497721,0.9930823445320129,0.3689916967109298,6.39995242338351
144,R4DE2,R4DE2,5,exp5_p0_seed42_e015,0.513009432056221,0.6092102527618408,0.3978368959055604,9.9408958760614
144,R4DE2,R4DE2,5,exp5_p0_seed43_e008,0.9987113482017038,0.972734808921814,0.4843028686284844,6.106810693087751
144,R4DE2,R4DE2,5,exp5_p0_seed44_e013,0.6747144187872913,0.7223911285400391,0.4059841482434038,8.393720904163423
144,R4DE2,R4DE2,5,exp5_p05_seed42_e020,0.8678378765859254,0.6546631455421448,0.43308490170684677,6.420210072518647
144,R4DE2,R4DE2,5,exp5_p05_seed43_e022,0.9244539410620964,0.7756770253181458,0.4393932163181131,6.303156320326913
144,R4DE2,R4DE2,5,exp5_p05_seed44_e014,0.8996763827743924,0.7101616263389587,0.481897682872466,6.451595024148644
145,R53B7,R53B7,-5,exp5_p0_seed42_e015,-0.3862137130718771,0.4629118740558624,0.13872898353966023,15.0787439572029
145,R53B7,R53B7,-5,exp5_p0_seed43_e008,-1.7234896314844448,1.7199586629867554,0.1451629455611603,6.112575588286959
145,R53B7,R53B7,-5,exp5_p0_seed44_e013,-0.7485513259661714,1.7418683767318726,0.17568404534411697,10.00821681806898
145,R53B7,R53B7,-5,exp5_p05_seed42_e020,-2.9440709603096793,2.097646713256836,0.1236067567142208,6.038944041857544
145,R53B7,R53B7,-5,exp5_p05_seed43_e022,-2.623657586133652,2.2950520515441895,0.14346580320124708,5.927035847385654
145,R53B7,R53B7,-5,exp5_p05_seed44_e014,-1.2903530612561211,1.4305211305618286,0.12809918263364237,8.868004922314924
146,R53B7,R53B7,0,exp5_p0_seed42_e015,0.057393176993361904,0.31358808279037476,0.14635569051226677,15.120298643083228
146,R53B7,R53B7,0,exp5_p0_seed43_e008,-0.15230945941317994,1.068912386894226,0.16605098018862666,6.18784978293743
146,R53B7,R53B7,0,exp5_p0_seed44_e013,0.004771514768692606,1.0587786436080933,0.19106943217158423,10.341618531666128
146,R53B7,R53B7,0,exp5_p05_seed42_e020,-0.7743288041696551,1.2718342542648315,0.14117815404545386,6.0529597685777246
146,R53B7,R53B7,0,exp5_p05_seed43_e022,-0.5369342306904608,1.2413928508758545,0.15654686174258567,5.960877778592838
146,R53B7,R53B7,0,exp5_p05_seed44_e014,-0.05587164681428394,0.8630223870277405,0.1414417918804156,9.046170012847192
147,R53B7,R53B7,5,exp5_p0_seed42_e015,0.2454188101504834,0.2993190884590149,0.18815700613376782,15.277878416246944
147,R53B7,R53B7,5,exp5_p0_seed43_e008,0.5510903734822216,0.7408428192138672,0.21816494288475188,6.275094858029834
147,R53B7,R53B7,5,exp5_p0_seed44_e013,0.2852301200832728,0.7454584836959839,0.26393711706032696,10.61320930234315
147,R53B7,R53B7,5,exp5_p05_seed42_e020,0.2443723443831235,0.8909921646118164,0.22962860142106933,6.039583216230367
147,R53B7,R53B7,5,exp5_p05_seed43_e022,0.3946413341689823,0.82462477684021,0.23523556360110334,5.975210378246385
147,R53B7,R53B7,5,exp5_p05_seed44_e014,0.471702999508575,0.5689195394515991,0.22806098399875094,9.178246471923526
148,R53B7,R53B7,-5,exp5_p0_seed42_e015,-0.0814292944286156,0.7185633778572083,0.12069393482843073,13.20125958774826
148,R53B7,R53B7,-5,exp5_p0_seed43_e008,-2.496698826183664,3.6148905754089355,0.17342654348236136,4.95219569169378
148,R53B7,R53B7,-5,exp5_p0_seed44_e013,-2.6490029114758977,3.6418983936309814,0.15201543882090293,7.610445637741339
148,R53B7,R53B7,-5,exp5_p05_seed42_e020,-3.5409773449001625,3.2440526485443115,0.15483522696934063,4.690377179192728
148,R53B7,R53B7,-5,exp5_p05_seed43_e022,-3.109224777411304,3.5961928367614746,0.17267078776663025,4.819338503276188
148,R53B7,R53B7,-5,exp5_p05_seed44_e014,-1.3386975926507727,1.7186312675476074,0.1298806099990348,7.069688289917955
149,R53B7,R53B7,0,exp5_p0_seed42_e015,0.16796987306321293,0.46628209948539734,0.21750673028867934,13.306691877954925
149,R53B7,R53B7,0,exp5_p0_seed43_e008,-0.3275918119256427,2.0427873134613037,0.299201770903119,4.985523750846164
149,R53B7,R53B7,0,exp5_p0_seed44_e013,-0.5706322180000973,2.1214232444763184,0.25900738504077336,7.728353241006846
149,R53B7,R53B7,0,exp5_p05_seed42_e020,-1.0336240119954565,1.8068795204162598,0.269770517462609,4.697485508101305
149,R53B7,R53B7,0,exp5_p05_seed43_e022,-0.8564811368273582,2.110356092453003,0.29085730862971415,4.824031381106032
149,R53B7,R53B7,0,exp5_p05_seed44_e014,-0.04822759649358602,1.073526382446289,0.21876935148342178,7.15186251979512
150,R53B7,R53B7,5,exp5_p0_seed42_e015,0.32138329878643224,0.33400940895080566,0.3397880904245871,13.660434022974265
150,R53B7,R53B7,5,exp5_p0_seed43_e008,0.5539184470200592,1.358993649482727,0.4484076765535083,5.055299829093416
150,R53B7,R53B7,5,exp5_p0_seed44_e013,0.12170124746281849,1.2661858797073364,0.3826301782987722,7.8510512410306275
150,R53B7,R53B7,5,exp5_p05_seed42_e020,0.2683721287126281,1.0563026666641235,0.39981466752016315,4.70648860012864
150,R53B7,R53B7,5,exp5_p05_seed43_e022,0.2825259009987123,1.3081624507904053,0.4259864892056363,4.820035425127779
150,R53B7,R53B7,5,exp5_p05_seed44_e014,0.5538032262914148,0.7221293449401855,0.33610186753633486,7.347854979957341
151,R53B7,R53B7,-5,exp5_p0_seed42_e015,-0.27912745949100226,1.9450534582138062,0.07918174801192084,15.879996364312118
151,R53B7,R53B7,-5,exp5_p0_seed43_e008,-2.126194857032802,8.49953556060791,0.09341297136850357,4.843721337356366
151,R53B7,R53B7,-5,exp5_p0_seed44_e013,-0.5835675515570266,4.583137035369873,0.09552115988184151,6.845777694965954
151,R53B7,R53B7,-5,exp5_p05_seed42_e020,-2.007302526192907,7.943610668182373,0.09178638789113852,4.947364199317263
151,R53B7,R53B7,-5,exp5_p05_seed43_e022,-1.8627031388644086,7.7366228103637695,0.09151982088802543,4.623116802071744
151,R53B7,R53B7,-5,exp5_p05_seed44_e014,-1.6601363100426079,6.135082721710205,0.10909540954892158,6.883825449534989
152,R53B7,R53B7,0,exp5_p0_seed42_e015,0.4021935634132092,1.1141232252120972,0.09052079113492677,15.746136727548077
152,R53B7,R53B7,0,exp5_p0_seed43_e008,0.13591241043498267,4.792672634124756,0.10161412261947825,4.930134956185437
152,R53B7,R53B7,0,exp5_p0_seed44_e013,0.13573763700826472,2.4409854412078857,0.0989605310637124,6.990292205527703
152,R53B7,R53B7,0,exp5_p05_seed42_e020,0.044776781896050444,4.666971683502197,0.09812236830369142,4.918767044217157
152,R53B7,R53B7,0,exp5_p05_seed43_e022,0.15847193980700636,4.252682685852051,0.08956504408097879,4.605670596229784
152,R53B7,R53B7,0,exp5_p05_seed44_e014,0.0909016414381002,3.363905668258667,0.10274320340159107,7.017237430064586
153,R53B7,R53B7,5,exp5_p0_seed42_e015,1.047428397387935,0.680328369140625,0.16511453192596376,15.194224827561655
153,R53B7,R53B7,5,exp5_p0_seed43_e008,1.5719376662679687,2.6640353202819824,0.11762095597492253,5.041693003610766
153,R53B7,R53B7,5,exp5_p0_seed44_e013,0.8161920222895601,1.2283706665039062,0.0967008483323897,6.980958881451379
153,R53B7,R53B7,5,exp5_p05_seed42_e020,1.3610942812450721,2.782116651535034,0.11021733199133533,4.813603896342623
153,R53B7,R53B7,5,exp5_p05_seed43_e022,1.365693410659625,2.401510000228882,0.09791226537437188,4.504238849970055
153,R53B7,R53B7,5,exp5_p05_seed44_e014,1.1825303639674762,1.8860057592391968,0.10235196855349338,6.98020655433925
154,R53B7,R53B7,-5,exp5_p0_seed42_e015,-0.4791452292113101,0.20891642570495605,0.0828641507968879,14.76010513649131
154,R53B7,R53B7,-5,exp5_p0_seed43_e008,-2.2545821258536716,0.61367267370224,0.1172017994141021,6.324178946646518
154,R53B7,R53B7,-5,exp5_p0_seed44_e013,-1.2047847537558556,0.5982279181480408,0.10214618182833883,10.013486304105735
154,R53B7,R53B7,-5,exp5_p05_seed42_e020,-2.4867894827905115,0.5889610648155212,0.11186966598976739,5.285420743917284
154,R53B7,R53B7,-5,exp5_p05_seed43_e022,-2.1796384875162533,0.6468274593353271,0.1184225356892891,5.510790131921639
154,R53B7,R53B7,-5,exp5_p05_seed44_e014,-1.4301690047772655,0.49248266220092773,0.08306011378559322,7.948770343854818
155,R53B7,R53B7,0,exp5_p0_seed42_e015,0.15990511880295116,0.2329888641834259,0.25830693144095673,14.92705080245762
155,R53B7,R53B7,0,exp5_p0_seed43_e008,0.04111527365370759,0.5039759278297424,0.264043131191737,6.389926252764796
155,R53B7,R53B7,0,exp5_p0_seed44_e013,0.12390491049292392,0.379393607378006,0.11297605507840992,10.150412374939965
155,R53B7,R53B7,0,exp5_p05_seed42_e020,-0.005170159857262865,0.39539286494255066,0.23368409662316922,5.115841740989596
155,R53B7,R53B7,0,exp5_p05_seed43_e022,0.12102480673641476,0.4024513363838196,0.2497886558188643,5.41745118964688
155,R53B7,R53B7,0,exp5_p05_seed44_e014,0.1787831470089625,0.3082205355167389,0.1885051362354327,7.972934051730588
156,R53B7,R53B7,5,exp5_p0_seed42_e015,0.4788755427648927,0.2709156572818756,0.4835985300159284,15.021659221648921
156,R53B7,R53B7,5,exp5_p0_seed43_e008,1.2033490435171585,0.46063899993896484,0.47734544885529473,6.492514831106466
156,R53B7,R53B7,5,exp5_p0_seed44_e013,0.7962077276000806,0.27764731645584106,0.21161858763529953,10.32280463296024
156,R53B7,R53B7,5,exp5_p05_seed42_e020,1.2455163960213989,0.3146028518676758,0.40242771816872336,4.933761191451056
156,R53B7,R53B7,5,exp5_p05_seed43_e022,1.2819794582881676,0.32016676664352417,0.43367747746634633,5.282667270665121
156,R53B7,R53B7,5,exp5_p05_seed44_e014,0.9466286179836753,0.25051453709602356,0.3625773228892106,7.9589410464626855
157,R53B7,R53B7,-5,exp5_p0_seed42_e015,-0.15876718011441746,0.6953243613243103,0.07248302557859307,7.929712448196836
157,R53B7,R53B7,-5,exp5_p0_seed43_e008,-2.4687748767324615,2.2490768432617188,0.11697497702599562,3.739647976017577
157,R53B7,R53B7,-5,exp5_p0_seed44_e013,-2.529688573034453,2.4711599349975586,0.10896857789684462,8.926202289848822
157,R53B7,R53B7,-5,exp5_p05_seed42_e020,-4.397931747765438,3.4162580966949463,0.10151510930138288,5.197568283427475
157,R53B7,R53B7,-5,exp5_p05_seed43_e022,-4.023749401113085,2.952958822250366,0.11408115055232027,5.603830849340622
157,R53B7,R53B7,-5,exp5_p05_seed44_e014,-2.123593621089493,1.3982431888580322,0.10840957836729533,7.023270009903321
158,R53B7,R53B7,0,exp5_p0_seed42_e015,0.04219571310206506,0.361037939786911,0.0639843407929076,7.942385285332215
158,R53B7,R53B7,0,exp5_p0_seed43_e008,-0.20403060435127798,1.2328497171401978,0.12885425522093874,3.7662835788614686
158,R53B7,R53B7,0,exp5_p0_seed44_e013,-0.9572510226296732,1.4430640935897827,0.11618189944936866,8.803566080111477
158,R53B7,R53B7,0,exp5_p05_seed42_e020,-1.631984249187387,1.8666211366653442,0.11364592061791005,5.150782821484903
158,R53B7,R53B7,0,exp5_p05_seed43_e022,-1.2574380142153854,1.574115514755249,0.12569630050977348,5.66155785718656
158,R53B7,R53B7,0,exp5_p05_seed44_e014,-0.2599122008592484,0.7983798980712891,0.11108065780643218,7.125825559321069
159,R53B7,R53B7,5,exp5_p0_seed42_e015,0.21591976015896533,0.244498148560524,0.08173759468870019,8.084395781729437
159,R53B7,R53B7,5,exp5_p0_seed43_e008,1.0203280122543636,0.6531894207000732,0.14823359507259692,3.79766076870383
159,R53B7,R53B7,5,exp5_p0_seed44_e013,-0.14474556919910783,0.8179622292518616,0.1350961846218791,8.66359313644119
159,R53B7,R53B7,5,exp5_p05_seed42_e020,0.25432373465932684,0.996138870716095,0.14022408660240215,5.081818254919257
159,R53B7,R53B7,5,exp5_p05_seed43_e022,0.5130664110543336,0.9601671695709229,0.1459138943661995,5.738298867718608
159,R53B7,R53B7,5,exp5_p05_seed44_e014,0.7854889940582576,0.5325038433074951,0.11766980302037366,7.245887272692142
160,R53B7,R53B7,-5,exp5_p0_seed42_e015,-0.18142605107179685,1.0118740797042847,0.10984729387462759,13.634064078095172
160,R53B7,R53B7,-5,exp5_p0_seed43_e008,-1.1532500076750936,3.740921974182129,0.12937471896418073,5.590967297549944
160,R53B7,R53B7,-5,exp5_p0_seed44_e013,-0.8726670068866283,3.21991229057312,0.11480902359792881,8.334485849395605
160,R53B7,R53B7,-5,exp5_p05_seed42_e020,-1.2804015285071277,2.9464528560638428,0.10721406751483478,4.90675116164237
160,R53B7,R53B7,-5,exp5_p05_seed43_e022,-1.3360076218485024,3.3893179893493652,0.11610162777003923,5.101189851609373
160,R53B7,R53B7,-5,exp5_p05_seed44_e014,-0.892364097560316,2.511613607406616,0.09746531002460532,7.728393557583789
161,R53B7,R53B7,0,exp5_p0_seed42_e015,0.7204043443146808,0.6200218796730042,0.0907699686328963,13.306967873183574
161,R53B7,R53B7,0,exp5_p0_seed43_e008,0.8461210514649432,2.188642978668213,0.12472568348529348,5.761363710009571
161,R53B7,R53B7,0,exp5_p0_seed44_e013,0.21235956713718562,1.8713915348052979,0.10539483010984284,8.416414886418407
161,R53B7,R53B7,0,exp5_p05_seed42_e020,0.5777167134530397,1.7757925987243652,0.09873779067112047,4.944537090626897
161,R53B7,R53B7,0,exp5_p05_seed43_e022,0.5765248983706359,2.029388189315796,0.10874094118726506,5.0896925106296145
161,R53B7,R53B7,0,exp5_p05_seed44_e014,0.6348965604186734,1.501959204673767,0.08218002015127979,7.779080247392031
162,R53B7,R53B7,5,exp5_p0_seed42_e015,1.2116277408795195,0.3562343120574951,0.1732307136896409,12.691187134301266
162,R53B7,R53B7,5,exp5_p0_seed43_e008,1.8658999410403436,1.0727870464324951,0.13487032460348342,5.948304404909209
162,R53B7,R53B7,5,exp5_p0_seed44_e013,0.8621545477443792,1.194051742553711,0.09912269631524324,8.15016622269818
162,R53B7,R53B7,5,exp5_p05_seed42_e020,1.562877474069411,1.1781673431396484,0.1129952709867701,4.93477078661239
162,R53B7,R53B7,5,exp5_p05_seed43_e022,1.5982382027295918,1.3334463834762573,0.10625111633770984,5.04269697885243
162,R53B7,R53B7,5,exp5_p05_seed44_e014,1.4782157082537664,1.0001702308654785,0.11565614540579833,7.632596470287006
163,R53B7,R53B7,-5,exp5_p0_seed42_e015,-0.0375511455294134,0.4051169157028198,0.12957921296048822,12.925555537147746
163,R53B7,R53B7,-5,exp5_p0_seed43_e008,-1.7346380654040008,1.4357198476791382,0.09945073451546893,6.386887538139191
163,R53B7,R53B7,-5,exp5_p0_seed44_e013,-1.0887573363660348,1.1942194700241089,0.11594882710733742,9.700575298171204
163,R53B7,R53B7,-5,exp5_p05_seed42_e020,-2.8706992578571793,1.178521990776062,0.0751038109024775,6.2718572692378425
163,R53B7,R53B7,-5,exp5_p05_seed43_e022,-2.4469892154110147,1.2210863828659058,0.08954873958573549,6.121673364022019
163,R53B7,R53B7,-5,exp5_p05_seed44_e014,-1.3166294941103176,0.7444249987602234,0.11617144486198575,8.377574623796823
164,R53B7,R53B7,0,exp5_p0_seed42_e015,0.4100751843448984,0.2771575152873993,0.14301160902911436,12.983631654772749
164,R53B7,R53B7,0,exp5_p0_seed43_e008,-0.022167779535756518,0.9050527215003967,0.1461313458012345,6.4263671873587835
164,R53B7,R53B7,0,exp5_p0_seed44_e013,-0.122177489147465,0.6973969340324402,0.1398247206728677,9.797445693300748
164,R53B7,R53B7,0,exp5_p05_seed42_e020,-0.7986626574858726,0.6836325526237488,0.09528072719952373,6.305049046684299
164,R53B7,R53B7,0,exp5_p05_seed43_e022,-0.41341973569180707,0.7312132120132446,0.1070420493231453,6.135977235476946
164,R53B7,R53B7,0,exp5_p05_seed44_e014,-0.06644648808950263,0.47648659348487854,0.10157789759497465,8.462864637146827
165,R53B7,R53B7,5,exp5_p0_seed42_e015,0.7103922159681617,0.23079913854599,0.25404102883789714,13.084637731157196
165,R53B7,R53B7,5,exp5_p0_seed43_e008,0.78989965641121,0.5532176494598389,0.2951430677299474,6.477156349881391
165,R53B7,R53B7,5,exp5_p0_seed44_e013,0.34376500319605896,0.4533311426639557,0.12892048073841977,9.887004825571035
165,R53B7,R53B7,5,exp5_p05_seed42_e020,0.29690538960484103,0.43640780448913574,0.17894859741464933,6.345033367405602
165,R53B7,R53B7,5,exp5_p05_seed43_e022,0.5263297301784324,0.5100340247154236,0.19448594757773294,6.1259866143341295
165,R53B7,R53B7,5,exp5_p05_seed44_e014,0.5790400952747269,0.35480624437332153,0.15402655347836594,8.545146494926287
166,R53B7,R53B7,-5,exp5_p0_seed42_e015,-0.25149485968000473,0.6291849613189697,0.08049626993063247,12.988386836383041
166,R53B7,R53B7,-5,exp5_p0_seed43_e008,-1.6099567519179958,3.8271303176879883,0.061871331092755416,6.235391733910397
166,R53B7,R53B7,-5,exp5_p0_seed44_e013,-0.749330429985178,2.8387317657470703,0.08355019939731868,9.779596819516856
166,R53B7,R53B7,-5,exp5_p05_seed42_e020,-2.490551127177562,3.3194773197174072,0.04765797926238011,5.986084984459904
166,R53B7,R53B7,-5,exp5_p05_seed43_e022,-2.322478196816778,3.821748733520508,0.04527771795956648,6.026972059147278
166,R53B7,R53B7,-5,exp5_p05_seed44_e014,-1.2676115269455872,2.392068862915039,0.08086338510079193,8.713829622489488
167,R53B7,R53B7,0,exp5_p0_seed42_e015,0.22094380859120222,0.37858453392982483,0.08102551503374048,13.114269557241036
167,R53B7,R53B7,0,exp5_p0_seed43_e008,0.07253053675202617,2.065650224685669,0.06298904721910073,6.276728933154328
167,R53B7,R53B7,0,exp5_p0_seed44_e013,0.03952783463956819,1.6605116128921509,0.07636421942854993,9.777461136534377
167,R53B7,R53B7,0,exp5_p05_seed42_e020,-0.3408880151192343,1.86181640625,0.04298371569737033,5.991594161191665
167,R53B7,R53B7,0,exp5_p05_seed43_e022,-0.26055799787974865,2.0555343627929688,0.04368879663021995,6.0209721858657606
167,R53B7,R53B7,0,exp5_p05_seed44_e014,0.1853734079385547,1.3803036212921143,0.0739076173287165,8.793893818152634
168,R53B7,R53B7,5,exp5_p0_seed42_e015,0.6697355801214091,0.24685822427272797,0.07199054260191516,13.05030653442238
168,R53B7,R53B7,5,exp5_p0_seed43_e008,1.2872290189935356,1.1006931066513062,0.06868320813833124,6.343167337279876
168,R53B7,R53B7,5,exp5_p0_seed44_e013,0.5877083627182293,0.9920322895050049,0.07847733098313565,9.811605177744832
168,R53B7,R53B7,5,exp5_p05_seed42_e020,1.001631331673835,1.1498489379882812,0.04244743446413438,5.978574378559227
168,R53B7,R53B7,5,exp5_p05_seed43_e022,1.0881860181935255,1.300191879272461,0.04336060378797997,5.992516885481914
168,R53B7,R53B7,5,exp5_p05_seed44_e014,1.085128156684991,0.9026315808296204,0.06725953944213216,8.878690012983654
169,R5C4C,R5C4C,-5,exp5_p0_seed42_e015,-1.698753988488889,0.4851842522621155,0.34588591539581154,8.067699664382006
169,R5C4C,R5C4C,-5,exp5_p0_seed43_e008,-3.419829539893602,0.5310705900192261,0.36516861141745327,4.265887831997152
169,R5C4C,R5C4C,-5,exp5_p0_seed44_e013,-2.132284889310142,0.48040926456451416,0.31662266428430536,8.425748610760433
169,R5C4C,R5C4C,-5,exp5_p05_seed42_e020,-3.338942170838502,0.602345883846283,0.38675050588360416,6.043171759886196
169,R5C4C,R5C4C,-5,exp5_p05_seed43_e022,-3.319536573608983,0.6060726642608643,0.38438250781909483,5.962863641201386
169,R5C4C,R5C4C,-5,exp5_p05_seed44_e014,-3.3624265270004825,0.7099575400352478,0.37696567430566813,5.691918303221644
170,R5C4C,R5C4C,0,exp5_p0_seed42_e015,0.13747221469032633,0.5055212378501892,0.4514286134947287,8.028704477368892
170,R5C4C,R5C4C,0,exp5_p0_seed43_e008,-0.5122275371552101,0.5896361470222473,0.5100508480731509,4.199003705244962
170,R5C4C,R5C4C,0,exp5_p0_seed44_e013,-0.1805497364306047,0.4470425844192505,0.42864057455494353,8.341075190510113
170,R5C4C,R5C4C,0,exp5_p05_seed42_e020,-0.48100838658946315,0.535176157951355,0.4849484687134367,5.985644292461119
170,R5C4C,R5C4C,0,exp5_p05_seed43_e022,-0.4009762547379758,0.5581796765327454,0.5007653489651852,5.929796517387387
170,R5C4C,R5C4C,0,exp5_p05_seed44_e014,-0.5272997136960842,0.6305157542228699,0.4974844436737042,5.634875929504231
171,R5C4C,R5C4C,5,exp5_p0_seed42_e015,0.9460264298502867,0.5583183765411377,0.5072161143307133,7.904495335221001
171,R5C4C,R5C4C,5,exp5_p0_seed43_e008,1.07392401588306,0.6395037770271301,0.5716521991838965,4.1036715428883195
171,R5C4C,R5C4C,5,exp5_p0_seed44_e013,0.6340971710761114,0.39121192693710327,0.4625793475085513,8.287217111522677
171,R5C4C,R5C4C,5,exp5_p05_seed42_e020,0.9456489699832202,0.48745042085647583,0.5380670304597959,5.908314726778238
171,R5C4C,R5C4C,5,exp5_p05_seed43_e022,1.0788356701000856,0.5248294472694397,0.5586102881450353,5.859392300465177
171,R5C4C,R5C4C,5,exp5_p05_seed44_e014,0.9157268794361146,0.5684665441513062,0.55143937135356,5.5647074973429165
172,R5C4C,R5C4C,-5,exp5_p0_seed42_e015,-0.5950102588968375,0.6848075985908508,0.28065143657189423,8.200608036156003
172,R5C4C,R5C4C,-5,exp5_p0_seed43_e008,-2.949069500899877,1.1721018552780151,0.33151287606379026,4.072549199429823
172,R5C4C,R5C4C,-5,exp5_p0_seed44_e013,-1.1958296099680368,1.0293480157852173,0.3508740569377095,5.8800620007446005
172,R5C4C,R5C4C,-5,exp5_p05_seed42_e020,-2.2382027949316963,1.2097687721252441,0.3641848600042955,4.080823324164608
172,R5C4C,R5C4C,-5,exp5_p05_seed43_e022,-2.867819569236418,1.2559819221496582,0.36650177758200714,3.879294577639076
172,R5C4C,R5C4C,-5,exp5_p05_seed44_e014,-2.6550983613220858,1.215782642364502,0.36564785459351984,3.6220700497097678
173,R5C4C,R5C4C,0,exp5_p0_seed42_e015,0.6429606546137311,0.6198368072509766,0.3953320850245651,8.362848187162317
173,R5C4C,R5C4C,0,exp5_p0_seed43_e008,-0.09894998934884153,0.9580324292182922,0.44750514177171563,4.106474780952382
173,R5C4C,R5C4C,0,exp5_p0_seed44_e013,0.6334937215286514,0.8462432026863098,0.4552331315107237,5.991383911362945
173,R5C4C,R5C4C,0,exp5_p05_seed42_e020,0.23543811203782797,0.8492593765258789,0.466193070180683,4.05722144120967
173,R5C4C,R5C4C,0,exp5_p05_seed43_e022,-0.06885426136278532,0.9384268522262573,0.4720449506585669,3.907484236466801
173,R5C4C,R5C4C,0,exp5_p05_seed44_e014,0.03388456755359852,0.9090185761451721,0.47098070861862434,3.634852310088058
174,R5C4C,R5C4C,5,exp5_p0_seed42_e015,1.1025564852026544,0.5523410439491272,0.4508819329379529,8.438885259725854
174,R5C4C,R5C4C,5,exp5_p0_seed43_e008,1.4301997533750166,0.8266436457633972,0.5502485244643032,4.153649593770485
174,R5C4C,R5C4C,5,exp5_p0_seed44_e013,1.3259165164709528,0.7018885612487793,0.5112500412104155,5.998867885836309
174,R5C4C,R5C4C,5,exp5_p05_seed42_e020,1.4808893736082034,0.7790963649749756,0.5515504991118307,4.0475119424626325
174,R5C4C,R5C4C,5,exp5_p05_seed43_e022,1.5183393946808035,0.8248323202133179,0.5638124502048031,3.9913846723175257
174,R5C4C,R5C4C,5,exp5_p05_seed44_e014,1.4977717277349065,0.7609830498695374,0.5584176262620066,3.7024144245459887
175,R5C4C,R5C4C,-5,exp5_p0_seed42_e015,-1.0349592544070754,0.71897953748703,0.33750981494914895,8.83856980428389
175,R5C4C,R5C4C,-5,exp5_p0_seed43_e008,-2.8303180018297533,1.054717779159546,0.45565712597236635,4.6194075685985325
175,R5C4C,R5C4C,-5,exp5_p0_seed44_e013,-1.5871529159264468,1.012330174446106,0.43801545363181726,7.104965080223557
175,R5C4C,R5C4C,-5,exp5_p05_seed42_e020,-2.895110325213857,1.4274351596832275,0.4640297793768179,5.064109774847361
175,R5C4C,R5C4C,-5,exp5_p05_seed43_e022,-3.1698863709404823,1.3631232976913452,0.45400332108774155,5.625925961196273
175,R5C4C,R5C4C,-5,exp5_p05_seed44_e014,-3.1395289533464785,1.3876787424087524,0.4466191765202145,5.558171152378
176,R5C4C,R5C4C,0,exp5_p0_seed42_e015,0.2432198578730181,0.6070903539657593,0.42735677488458285,8.959000061374878
176,R5C4C,R5C4C,0,exp5_p0_seed43_e008,-0.04962859715145067,0.830581545829773,0.5808429154449674,4.5604431926961615
176,R5C4C,R5C4C,0,exp5_p0_seed44_e013,0.44276536202336403,0.8080067038536072,0.5501340817975041,7.200437345640369
176,R5C4C,R5C4C,0,exp5_p05_seed42_e020,-0.08343340121284556,0.9519648551940918,0.5667526484036527,5.049240405514129
176,R5C4C,R5C4C,0,exp5_p05_seed43_e022,-0.2807893357866429,0.9102882146835327,0.5569331735523271,5.559348345683062
176,R5C4C,R5C4C,0,exp5_p05_seed44_e014,-0.25002350819841124,1.0005877017974854,0.5469980260090661,5.517447023410565
177,R5C4C,R5C4C,5,exp5_p0_seed42_e015,0.8243086218545758,0.610364556312561,0.47982795577399706,9.071195615107756
177,R5C4C,R5C4C,5,exp5_p0_seed43_e008,1.453190327466452,0.7271717190742493,0.6325263398197697,4.491732870127338
177,R5C4C,R5C4C,5,exp5_p0_seed44_e013,1.342274344676928,0.7361568808555603,0.5993269267589022,7.245248910042841
177,R5C4C,R5C4C,5,exp5_p05_seed42_e020,1.375619207937587,0.7524555325508118,0.6190985541087434,5.013823615293177
177,R5C4C,R5C4C,5,exp5_p05_seed43_e022,1.2752618012374968,0.6688726544380188,0.6143194187067266,5.4605012097331205
177,R5C4C,R5C4C,5,exp5_p05_seed44_e014,1.256629447512804,0.7484853863716125,0.5983954479764629,5.443545996357169
178,R5C4C,R5C4C,-5,exp5_p0_seed42_e015,-0.15154262595816972,0.5848268270492554,0.3226185308699763,7.575992239651957
178,R5C4C,R5C4C,-5,exp5_p0_seed43_e008,-1.5667711823599142,1.1326957941055298,0.40679373079019276,4.086889729029136
178,R5C4C,R5C4C,-5,exp5_p0_seed44_e013,-0.9067833845371026,0.9998913407325745,0.3761180937360051,6.286833560541503
178,R5C4C,R5C4C,-5,exp5_p05_seed42_e020,-2.058622011939927,0.978975772857666,0.37281018825171336,4.1967123738965135
178,R5C4C,R5C4C,-5,exp5_p05_seed43_e022,-2.0371022243189465,0.7945928573608398,0.37407479585179176,4.29269152901597
178,R5C4C,R5C4C,-5,exp5_p05_seed44_e014,-1.9990471254148665,0.9525773525238037,0.3594293343930301,4.2437881547467065
179,R5C4C,R5C4C,0,exp5_p0_seed42_e015,0.7671620351707137,0.5363039374351501,0.42861187302685655,7.641809301260533
179,R5C4C,R5C4C,0,exp5_p0_seed43_e008,0.668951677559816,0.8933281898498535,0.5310742908648002,4.0956346426496735
179,R5C4C,R5C4C,0,exp5_p0_seed44_e013,0.6256717501927782,0.7230242490768433,0.47655845991090706,6.324122059803418
179,R5C4C,R5C4C,0,exp5_p05_seed42_e020,0.4596833881328273,0.6580677628517151,0.5024338278985387,4.187611232201478
179,R5C4C,R5C4C,0,exp5_p05_seed43_e022,0.4364630700269123,0.5645304918289185,0.49088845645761475,4.274423406351019
179,R5C4C,R5C4C,0,exp5_p05_seed44_e014,0.4020823212862781,0.7041277885437012,0.4891933025158278,4.214855451532183
180,R5C4C,R5C4C,5,exp5_p0_seed42_e015,1.1859530938060485,0.4116241931915283,0.5017508002479042,7.861837023064568
180,R5C4C,R5C4C,5,exp5_p0_seed43_e008,1.8748674035038775,0.7375825643539429,0.6201739560806879,4.115949999236525
180,R5C4C,R5C4C,5,exp5_p0_seed44_e013,1.405450516087413,0.545691192150116,0.5538919992204743,6.353111226818439
180,R5C4C,R5C4C,5,exp5_p05_seed42_e020,1.6825310103558082,0.5328413248062134,0.5970871924150712,4.105191009946826
180,R5C4C,R5C4C,5,exp5_p05_seed43_e022,1.6873506959027338,0.5025727152824402,0.5880397332648214,4.190935835438914
180,R5C4C,R5C4C,5,exp5_p05_seed44_e014,1.597689341837775,0.5561138391494751,0.5818186180875657,4.115797176702156
181,R5C4C,R5C4C,-5,exp5_p0_seed42_e015,-1.197935138989489,0.3658633828163147,0.23136685734924514,8.06257036946313
181,R5C4C,R5C4C,-5,exp5_p0_seed43_e008,-3.12101709567173,0.5230197310447693,0.3574734390295721,4.341627771363357
181,R5C4C,R5C4C,-5,exp5_p0_seed44_e013,-2.3948901527522963,0.5061928033828735,0.18372042309476053,6.220583339650504
181,R5C4C,R5C4C,-5,exp5_p05_seed42_e020,-2.943745147727603,0.7959599494934082,0.3213840095658127,4.062320316634624
181,R5C4C,R5C4C,-5,exp5_p05_seed43_e022,-3.366858106522482,0.7863851189613342,0.3312827020228902,3.8567594483420637
181,R5C4C,R5C4C,-5,exp5_p05_seed44_e014,-3.192354067131001,0.7186080813407898,0.30063629203999226,4.025229674455681
182,R5C4C,R5C4C,0,exp5_p0_seed42_e015,0.06168042001979527,0.36721280217170715,0.36123619618766317,8.082809939660985
182,R5C4C,R5C4C,0,exp5_p0_seed43_e008,-0.3105236260042166,0.5820903182029724,0.5069039493743095,4.368704798620106
182,R5C4C,R5C4C,0,exp5_p0_seed44_e013,-0.38939296754182623,0.5340774059295654,0.3291049241263579,6.185814608969498
182,R5C4C,R5C4C,0,exp5_p05_seed42_e020,-0.24474058194849696,0.6154348850250244,0.48919318403605055,4.042157296918249
182,R5C4C,R5C4C,0,exp5_p05_seed43_e022,-0.5229032265166436,0.623026430606842,0.48095636726040303,3.845524461876926
182,R5C4C,R5C4C,0,exp5_p05_seed44_e014,-0.5157545914300542,0.6076054573059082,0.44640817810701094,4.021551580600538
183,R5C4C,R5C4C,5,exp5_p0_seed42_e015,0.7029906177065091,0.3438345193862915,0.47783222192013514,8.108255525904035
183,R5C4C,R5C4C,5,exp5_p0_seed43_e008,1.3623434597914488,0.5972341299057007,0.6142762890231562,4.396057063298466
183,R5C4C,R5C4C,5,exp5_p0_seed44_e013,0.7237087815806116,0.5015513896942139,0.46010691286329064,6.122428179032075
183,R5C4C,R5C4C,5,exp5_p05_seed42_e020,1.238365721038708,0.578341007232666,0.5931872017361295,4.00904326477716
183,R5C4C,R5C4C,5,exp5_p05_seed43_e022,1.051398334910688,0.5578150749206543,0.5726405652870371,3.7980052129151343
183,R5C4C,R5C4C,5,exp5_p05_seed44_e014,0.9265285455788258,0.5335481762886047,0.5429946243215128,4.025724595745437
184,R5C4C,R5C4C,-5,exp5_p0_seed42_e015,0.2657091968888261,1.1644381284713745,0.365578199269676,7.455299806780603
184,R5C4C,R5C4C,-5,exp5_p0_seed43_e008,-1.2902047251715483,1.7373645305633545,0.351524520329143,3.871283702266721
184,R5C4C,R5C4C,-5,exp5_p0_seed44_e013,-1.073454332356298,1.5250636339187622,0.3645705723782264,5.8752699942604565
184,R5C4C,R5C4C,-5,exp5_p05_seed42_e020,-2.7611268127355766,2.218794107437134,0.3393374524340221,4.070518860546847
184,R5C4C,R5C4C,-5,exp5_p05_seed43_e022,-2.272638212915493,2.2195091247558594,0.34454673603504465,4.211665668322841
184,R5C4C,R5C4C,-5,exp5_p05_seed44_e014,-2.17653116761795,2.217364549636841,0.33944062795428015,4.214586209892003
185,R5C4C,R5C4C,0,exp5_p0_seed42_e015,1.3422058090956046,0.7939198613166809,0.4976550525332756,7.5860028398267465
185,R5C4C,R5C4C,0,exp5_p0_seed43_e008,1.1072637232963425,1.1109017133712769,0.5005450843970686,3.88235428589
185,R5C4C,R5C4C,0,exp5_p0_seed44_e013,0.803242915080409,1.0390887260437012,0.4743231974550448,5.910692626397597
185,R5C4C,R5C4C,0,exp5_p05_seed42_e020,0.14366924032180517,1.417833924293518,0.44973128468474355,4.103744371766368
185,R5C4C,R5C4C,0,exp5_p05_seed43_e022,0.5383086749744413,1.4249521493911743,0.4675173859202692,4.226828648257644
185,R5C4C,R5C4C,0,exp5_p05_seed44_e014,0.4175972401887277,1.3575360774993896,0.45490650633445606,4.203735575412112
186,R5C4C,R5C4C,5,exp5_p0_seed42_e015,1.8481525303269806,0.49454760551452637,0.5627906618391288,7.749675965744305
186,R5C4C,R5C4C,5,exp5_p0_seed43_e008,2.4170026869296755,0.7396993637084961,0.6019882415802739,3.9027038935873732
186,R5C4C,R5C4C,5,exp5_p0_seed44_e013,1.8171495533196529,0.7841362357139587,0.543045767277325,5.983814728664845
186,R5C4C,R5C4C,5,exp5_p05_seed42_e020,1.8221161419660232,0.9953362941741943,0.5505873204511419,4.137046692745202
186,R5C4C,R5C4C,5,exp5_p05_seed43_e022,2.02335150458216,0.934672474861145,0.5657452525587745,4.2271740290386
186,R5C4C,R5C4C,5,exp5_p05_seed44_e014,1.942167168601161,0.8967263698577881,0.5571112732698272,4.187331636245115
187,R5C4C,R5C4C,-5,exp5_p0_seed42_e015,-1.077114633083304,0.48101359605789185,0.2831393996048745,7.887500894421395
187,R5C4C,R5C4C,-5,exp5_p0_seed43_e008,-2.715551340323437,0.7746447920799255,0.3413161621883787,3.5462159077672304
187,R5C4C,R5C4C,-5,exp5_p0_seed44_e013,-1.9205505069532658,1.004613995552063,0.292646752625183,6.598622722992261
187,R5C4C,R5C4C,-5,exp5_p05_seed42_e020,-2.7738440833955655,1.007234811782837,0.3440517780039725,4.63509953883258
187,R5C4C,R5C4C,-5,exp5_p05_seed43_e022,-2.9205953638050177,0.95241779088974,0.37001434564509755,4.174634697174901
187,R5C4C,R5C4C,-5,exp5_p05_seed44_e014,-3.1249256101870806,0.9653030633926392,0.349626315723671,4.105460580647828
188,R5C4C,R5C4C,0,exp5_p0_seed42_e015,0.5085494982726686,0.38931071758270264,0.46312228354337415,7.922814071485119
188,R5C4C,R5C4C,0,exp5_p0_seed43_e008,0.09617619644466764,0.5260329246520996,0.5169131858989945,3.5665560879051297
188,R5C4C,R5C4C,0,exp5_p0_seed44_e013,0.16040139244184073,0.6650724411010742,0.4484454327343963,6.458448330495088
188,R5C4C,R5C4C,0,exp5_p05_seed42_e020,0.10006502084057162,0.6650724411010742,0.49461812576256414,4.586033132671582
188,R5C4C,R5C4C,0,exp5_p05_seed43_e022,0.04599594793807852,0.6411267518997192,0.5154261732200424,4.142079403951925
188,R5C4C,R5C4C,0,exp5_p05_seed44_e014,-0.15470943198172685,0.6658449172973633,0.4926084171014888,4.040599076391284
189,R5C4C,R5C4C,5,exp5_p0_seed42_e015,1.287643199407137,0.3683912754058838,0.5623778153641799,8.00355477161259
189,R5C4C,R5C4C,5,exp5_p0_seed43_e008,1.7106492742197665,0.5102251172065735,0.6229899982645791,3.608686595491888
189,R5C4C,R5C4C,5,exp5_p0_seed44_e013,1.1493855972364146,0.6123641729354858,0.5321033483576886,6.06756136448579
189,R5C4C,R5C4C,5,exp5_p05_seed42_e020,1.6072318641653953,0.5307784080505371,0.5931834370365621,4.475179908396585
189,R5C4C,R5C4C,5,exp5_p05_seed43_e022,1.625807909349105,0.4835527837276459,0.6069018200562752,4.071087916537161
189,R5C4C,R5C4C,5,exp5_p05_seed44_e014,1.4502357209048218,0.5334456562995911,0.5808523909907384,3.9601775389065272
190,R5C4C,R5C4C,-5,exp5_p0_seed42_e015,-0.20083957769102778,0.6065264344215393,0.30615396181830157,7.825959806290362
190,R5C4C,R5C4C,-5,exp5_p0_seed43_e008,-2.314216789062731,0.9120834469795227,0.3391272712661098,4.6557632625332195
190,R5C4C,R5C4C,-5,exp5_p0_seed44_e013,-1.5691539918269934,0.8560762405395508,0.31970884127550275,6.28942587838783
190,R5C4C,R5C4C,-5,exp5_p05_seed42_e020,-2.1141005696435444,1.0604168176651,0.3793405409209451,4.236913613445054
190,R5C4C,R5C4C,-5,exp5_p05_seed43_e022,-2.5359609554297347,0.9975537061691284,0.36183199501847796,3.9211398265100703
190,R5C4C,R5C4C,-5,exp5_p05_seed44_e014,-2.5535957999227343,1.0524184703826904,0.3625555538197536,4.010871721429171
191,R5C4C,R5C4C,0,exp5_p0_seed42_e015,0.7270202968067064,0.6081897616386414,0.39959270204324493,8.038306433913853
191,R5C4C,R5C4C,0,exp5_p0_seed43_e008,0.14046336302441223,0.8211039900779724,0.45885571368258016,4.677110537965942
191,R5C4C,R5C4C,0,exp5_p0_seed44_e013,0.37237062831264756,0.6846063733100891,0.4333389570276434,6.446238722991081
191,R5C4C,R5C4C,0,exp5_p05_seed42_e020,0.1866013060352208,0.8650234937667847,0.48121323487372264,4.223576770755278
191,R5C4C,R5C4C,0,exp5_p05_seed43_e022,-0.05413921606645022,0.8645831942558289,0.4674830866789754,3.874870609192186
191,R5C4C,R5C4C,0,exp5_p05_seed44_e014,-0.11566839902241054,0.8745167255401611,0.4637358474846789,3.9732284258736246
192,R5C4C,R5C4C,5,exp5_p0_seed42_e015,1.211612880487026,0.527285099029541,0.4655558727311382,8.209965507829422
192,R5C4C,R5C4C,5,exp5_p0_seed43_e008,1.4433567252057609,0.7609568238258362,0.5358885731058044,4.705899357767543
192,R5C4C,R5C4C,5,exp5_p0_seed44_e013,1.360418106624295,0.5961613655090332,0.5159981354398108,6.598152373465842
192,R5C4C,R5C4C,5,exp5_p05_seed42_e020,1.3490257340370406,0.7802979350090027,0.5449655082153247,4.117208841628487
192,R5C4C,R5C4C,5,exp5_p05_seed43_e022,1.3011082463302732,0.8269747495651245,0.5421054287802943,3.7686906005123317
192,R5C4C,R5C4C,5,exp5_p05_seed44_e014,1.159839141949956,0.762224555015564,0.529796752116283,3.8597592121698328
193,R663D,R663D,-5,exp5_p0_seed42_e015,-0.6048019900365382,0.2998550832271576,0.20676731962725997,10.154377308054276
193,R663D,R663D,-5,exp5_p0_seed43_e008,-1.4076495225353833,0.867883026599884,0.4593226161137354,5.463241810223966
193,R663D,R663D,-5,exp5_p0_seed44_e013,-0.7134240031677973,0.9026851654052734,0.3789301448015863,8.232131180074488
193,R663D,R663D,-5,exp5_p05_seed42_e020,-0.7980495963616928,0.9126171469688416,0.4493238008040942,6.677627716042496
193,R663D,R663D,-5,exp5_p05_seed43_e022,-0.9545391126020226,0.9250696301460266,0.46997525039542565,6.421664879135902
193,R663D,R663D,-5,exp5_p05_seed44_e014,-1.5366769462008623,0.8029595017433167,0.2877584416556238,6.578335214382038
194,R663D,R663D,0,exp5_p0_seed42_e015,0.30631244082224696,0.22772546112537384,0.3428034677359956,10.37712942791321
194,R663D,R663D,0,exp5_p0_seed43_e008,0.4060843061659231,0.6461056470870972,0.5516868038663026,5.50110681191485
194,R663D,R663D,0,exp5_p0_seed44_e013,0.4410564462615233,0.6548776030540466,0.4693854956313509,8.418125637955546
194,R663D,R663D,0,exp5_p05_seed42_e020,0.5637303220229604,0.6358535885810852,0.5305856956250395,6.629790961923021
194,R663D,R663D,0,exp5_p05_seed43_e022,0.6819295476368803,0.6726221442222595,0.5596829369980513,6.364573586694214
194,R663D,R663D,0,exp5_p05_seed44_e014,0.11170151669427089,0.5719174146652222,0.38769799797676663,6.577642574373755
195,R663D,R663D,5,exp5_p0_seed42_e015,0.6645513719710798,0.19750751554965973,0.41375860498483197,10.734344473164509
195,R663D,R663D,5,exp5_p0_seed43_e008,1.1809050269248964,0.5763219594955444,0.6143537275456302,5.5514563332464775
195,R663D,R663D,5,exp5_p0_seed44_e013,0.8441819228787956,0.564717710018158,0.5334912746809887,8.577917737550871
195,R663D,R663D,5,exp5_p05_seed42_e020,1.0929909165731773,0.5230064988136292,0.5858527076803435,6.572196884558442
195,R663D,R663D,5,exp5_p05_seed43_e022,1.276691472876264,0.5769586563110352,0.6182923859249817,6.314816815798354
195,R663D,R663D,5,exp5_p05_seed44_e014,0.8232430583995913,0.5049976110458374,0.46525013632207635,6.596456218298808
196,R663D,R663D,-5,exp5_p0_seed42_e015,-0.7684999299716665,0.27501150965690613,0.21387350832075636,7.057419033172935
196,R663D,R663D,-5,exp5_p0_seed43_e008,-2.4707809712878044,0.9124521017074585,0.2326264045002655,3.8478677763783713
196,R663D,R663D,-5,exp5_p0_seed44_e013,-0.9106142893107358,0.7727909088134766,0.20647907596270818,6.936638823652123
196,R663D,R663D,-5,exp5_p05_seed42_e020,-2.0994027529005934,0.710202157497406,0.21160716461152052,5.579780203948877
196,R663D,R663D,-5,exp5_p05_seed43_e022,-2.1042175523911593,0.8346900939941406,0.21207638162094322,5.22742770149372
196,R663D,R663D,-5,exp5_p05_seed44_e014,-2.0349094732846753,0.7622733116149902,0.16128860382137666,5.4714887101873275
197,R663D,R663D,0,exp5_p0_seed42_e015,0.12923219893346102,0.23974524438381195,0.3086643469147722,7.179588398945219
197,R663D,R663D,0,exp5_p0_seed43_e008,-0.33439495270940034,0.6096614003181458,0.35785147230933745,3.8734161030731142
197,R663D,R663D,0,exp5_p0_seed44_e013,0.04736717203241526,0.5402505993843079,0.2871143117402375,7.0294862862954215
197,R663D,R663D,0,exp5_p05_seed42_e020,-0.23835065526225402,0.4657936692237854,0.3140266430381829,5.560904067763612
197,R663D,R663D,0,exp5_p05_seed43_e022,-0.23803790577443312,0.5441640019416809,0.3262932271800784,5.19626808932533
197,R663D,R663D,0,exp5_p05_seed44_e014,-0.22897647577548697,0.48247694969177246,0.2824106710414423,5.41739030273483
198,R663D,R663D,5,exp5_p0_seed42_e015,0.45179970930406854,0.31714192032814026,0.37344275040363595,7.322888545173471
198,R663D,R663D,5,exp5_p0_seed43_e008,0.6202762651794528,0.5673412680625916,0.4554752573288298,3.909124430152879
198,R663D,R663D,5,exp5_p0_seed44_e013,0.4080513536940355,0.475527286529541,0.43599616588236667,7.073808915901233
198,R663D,R663D,5,exp5_p05_seed42_e020,0.5214907379077554,0.4022740125656128,0.3973735763887474,5.526502199315009
198,R663D,R663D,5,exp5_p05_seed43_e022,0.5756924857182445,0.4355596899986267,0.4177230288617869,5.146020775518693
198,R663D,R663D,5,exp5_p05_seed44_e014,0.5195575478172803,0.38631176948547363,0.38362872604190995,5.351538478733896
199,R663D,R663D,-5,exp5_p0_seed42_e015,-0.38761457274005695,0.3141099512577057,0.3796718063939813,11.953105248394035
199,R663D,R663D,-5,exp5_p0_seed43_e008,-1.4300222465677115,1.1336575746536255,0.38566559779216364,6.978472006623456
199,R663D,R663D,-5,exp5_p0_seed44_e013,-0.9625855898881831,0.8646541833877563,0.24519128345222999,10.071892671845289
199,R663D,R663D,-5,exp5_p05_seed42_e020,-1.5325930531211427,1.0760066509246826,0.2575476574589986,7.03142049317231
199,R663D,R663D,-5,exp5_p05_seed43_e022,-1.5544285945369052,1.0757828950881958,0.27899975859885834,6.836994065951497
199,R663D,R663D,-5,exp5_p05_seed44_e014,-1.5342523185944221,0.90528804063797,0.3351848439770729,7.40020059597321
200,R663D,R663D,0,exp5_p0_seed42_e015,0.5345768280560602,0.3134247958660126,0.5767905266494264,12.101411372840097
200,R663D,R663D,0,exp5_p0_seed43_e008,0.6217107911402896,0.8038569688796997,0.5998874544477019,7.008133096625572
200,R663D,R663D,0,exp5_p0_seed44_e013,0.3454969830567015,0.4836309850215912,0.4858058038299322,10.23348367629353
200,R663D,R663D,0,exp5_p05_seed42_e020,0.21982362780578463,0.6791557669639587,0.48611799288987745,6.960695921638086
200,R663D,R663D,0,exp5_p05_seed43_e022,0.4128214275600718,0.6689585447311401,0.5421615004238998,6.726600510620742
200,R663D,R663D,0,exp5_p05_seed44_e014,0.3023951988638448,0.5824462175369263,0.5537089192197486,7.443044491119673
201,R663D,R663D,5,exp5_p0_seed42_e015,0.9539490865927276,0.44977718591690063,0.6386548903994699,12.109477396372196
201,R663D,R663D,5,exp5_p0_seed43_e008,1.4527994175280465,0.5906960964202881,0.6757714582245553,7.047912283507255
201,R663D,R663D,5,exp5_p0_seed44_e013,0.8249331076617199,0.43535441160202026,0.5448546220352576,10.218358039228587
201,R663D,R663D,5,exp5_p05_seed42_e020,0.963804263959488,0.4551219344139099,0.624932968785644,6.848990400700544
201,R663D,R663D,5,exp5_p05_seed43_e022,1.1987830902740746,0.4902961254119873,0.661139287823808,6.574072237381673
201,R663D,R663D,5,exp5_p05_seed44_e014,1.0192806786853996,0.4200315773487091,0.6321432778135545,7.4626154583814595
202,R663D,R663D,-5,exp5_p0_seed42_e015,-0.12126912872810104,1.2071561813354492,0.3520339124557125,10.94883836838828
202,R663D,R663D,-5,exp5_p0_seed43_e008,-1.2383534535891514,3.7617971897125244,0.4282800748887833,5.773477556976786
202,R663D,R663D,-5,exp5_p0_seed44_e013,-0.3480972494025069,3.3334250450134277,0.35050433894849503,8.973804336429955
202,R663D,R663D,-5,exp5_p05_seed42_e020,-1.2542734125351203,3.1356515884399414,0.3077150008388539,6.729951745533956
202,R663D,R663D,-5,exp5_p05_seed43_e022,-1.4627868580633454,3.2086880207061768,0.3513237861787377,6.6913699827161635
202,R663D,R663D,-5,exp5_p05_seed44_e014,-1.3383232972059431,2.6760952472686768,0.27127263058680845,6.777320749151066
203,R663D,R663D,0,exp5_p0_seed42_e015,0.42377470812437945,0.496266633272171,0.44609642855507414,10.983643032592576
203,R663D,R663D,0,exp5_p0_seed43_e008,0.4785897937180452,2.0195562839508057,0.5242420882220065,5.784864446510395
203,R663D,R663D,0,exp5_p0_seed44_e013,0.48200555556086233,1.9376435279846191,0.40854305642165817,9.001788318093881
203,R663D,R663D,0,exp5_p05_seed42_e020,0.16453748105236674,1.8681854009628296,0.38937993919863667,6.756346364132606
203,R663D,R663D,0,exp5_p05_seed43_e022,0.20029579650243218,2.050213575363159,0.43594247114506446,6.680368612593139
203,R663D,R663D,0,exp5_p05_seed44_e014,0.04588586100936784,1.5544260740280151,0.35163534151535036,6.781483975933124
204,R663D,R663D,5,exp5_p0_seed42_e015,0.6134895965800238,0.2970179617404938,0.45464207686346436,11.172915930359519
204,R663D,R663D,5,exp5_p0_seed43_e008,1.1262967070683199,1.2350959777832031,0.5721372168848888,5.804909753609922
204,R663D,R663D,5,exp5_p0_seed44_e013,0.6904159581173231,1.1744743585586548,0.43686858223158015,9.18481735443353
204,R663D,R663D,5,exp5_p05_seed42_e020,0.7202407613327139,1.1671091318130493,0.43882209662998617,6.817821627834562
204,R663D,R663D,5,exp5_p05_seed43_e022,0.8613490576512515,1.2654069662094116,0.4934868956680293,6.669937323810522
204,R663D,R663D,5,exp5_p05_seed44_e014,0.5861713583115056,1.0198041200637817,0.40154849011490673,6.801333357677888
205,R663D,R663D,-5,exp5_p0_seed42_e015,-0.47727677838815297,0.40855562686920166,0.1823596799418144,10.221012804946099
205,R663D,R663D,-5,exp5_p0_seed43_e008,-1.9601951189300215,1.2519876956939697,0.25197171047754985,5.67913202155943
205,R663D,R663D,-5,exp5_p0_seed44_e013,-0.4545237835744898,0.9675156474113464,0.22572683591165432,9.102290334821237
205,R663D,R663D,-5,exp5_p05_seed42_e020,-1.4079421340565037,1.0953595638275146,0.2357408975008152,6.707859052386875
205,R663D,R663D,-5,exp5_p05_seed43_e022,-1.658754397971161,1.2361690998077393,0.24945739632849853,6.525615638154952
205,R663D,R663D,-5,exp5_p05_seed44_e014,-1.409165306940253,1.014193058013916,0.1619810250991999,6.701366302537926
206,R663D,R663D,0,exp5_p0_seed42_e015,0.5088890763617067,0.2865836024284363,0.2342140749930192,10.335650923616829
206,R663D,R663D,0,exp5_p0_seed43_e008,0.10920734359165357,0.8687912821769714,0.3326900662408553,5.687302657657564
206,R663D,R663D,0,exp5_p0_seed44_e013,0.4751032457325842,0.6479019522666931,0.2819626081712042,9.21637082308585
206,R663D,R663D,0,exp5_p05_seed42_e020,0.2993088069315835,0.8015903234481812,0.300681031902124,6.708737180992319
206,R663D,R663D,0,exp5_p05_seed43_e022,0.21649498422756572,0.880242645740509,0.3313839759089565,6.483059581280115
206,R663D,R663D,0,exp5_p05_seed44_e014,0.2532517084498164,0.7777836918830872,0.22718208156949932,6.677572866226306
207,R663D,R663D,5,exp5_p0_seed42_e015,1.0908748133710298,0.2035169154405594,0.31130988872615356,10.50643904416438
207,R663D,R663D,5,exp5_p0_seed43_e008,1.1760830086553518,0.7121294736862183,0.4118885483630049,5.7120244229159365
207,R663D,R663D,5,exp5_p0_seed44_e013,1.0390510031195321,0.5037583708763123,0.3335868940357983,9.266482141280775
207,R663D,R663D,5,exp5_p05_seed42_e020,1.1198922377135077,0.6403951644897461,0.35947514869835,6.68824303423375
207,R663D,R663D,5,exp5_p05_seed43_e022,1.1168436670192476,0.6977466940879822,0.3972149093493557,6.427573676044704
207,R663D,R663D,5,exp5_p05_seed44_e014,1.050072897629599,0.6258324980735779,0.28148541885569517,6.640570378648135
208,R663D,R663D,-5,exp5_p0_seed42_e015,-0.5444748405180104,0.458069384098053,0.10342276897744583,11.1958080492669
208,R663D,R663D,-5,exp5_p0_seed43_e008,-2.0707604331540193,1.4925559759140015,0.2490711841944389,6.365997466063177
208,R663D,R663D,-5,exp5_p0_seed44_e013,-0.6237859175172268,1.20646071434021,0.2066055886488866,9.591618418420492
208,R663D,R663D,-5,exp5_p05_seed42_e020,-1.5578625295396424,1.2796356678009033,0.2582568834494331,6.622448115868292
208,R663D,R663D,-5,exp5_p05_seed43_e022,-1.533572801922225,1.468780755996704,0.25635236766302183,6.507075758281848
208,R663D,R663D,-5,exp5_p05_seed44_e014,-1.525692932757445,1.252690315246582,0.15115383903763746,7.219940524512661
209,R663D,R663D,0,exp5_p0_seed42_e015,0.5247535338443572,0.292104572057724,0.2128245238139021,11.3989150531303
209,R663D,R663D,0,exp5_p0_seed43_e008,0.1191716049178706,0.965701699256897,0.40862648308566446,6.412269180181822
209,R663D,R663D,0,exp5_p0_seed44_e013,0.5735119444493701,0.8615452647209167,0.35777175811399675,9.634835733072288
209,R663D,R663D,0,exp5_p05_seed42_e020,0.3938256170350505,0.8895275592803955,0.3945094123593007,6.490054253343614
209,R663D,R663D,0,exp5_p05_seed43_e022,0.45570114516780424,1.0135825872421265,0.40031213878695765,6.414987348403489
209,R663D,R663D,0,exp5_p05_seed44_e014,0.3482876499643802,0.9088042974472046,0.29807330443326496,7.0958132415442705
210,R663D,R663D,5,exp5_p0_seed42_e015,0.9966779233304602,0.21396446228027344,0.3744728393264227,11.850081533512872
210,R663D,R663D,5,exp5_p0_seed43_e008,1.1754132731644684,0.7587788701057434,0.5086761713405159,6.485250395089155
210,R663D,R663D,5,exp5_p0_seed44_e013,1.0800814939868535,0.7264191508293152,0.49685095269602336,9.3918436820366
210,R663D,R663D,5,exp5_p05_seed42_e020,1.2732187618596655,0.6957333087921143,0.49182608976435377,6.293021885745691
210,R663D,R663D,5,exp5_p05_seed43_e022,1.3095003687949327,0.7334861755371094,0.4967556147235265,6.240002770847087
210,R663D,R663D,5,exp5_p05_seed44_e014,1.1849707573623456,0.6514711380004883,0.42670819238280555,6.933928099878606
211,R663D,R663D,-5,exp5_p0_seed42_e015,-0.24832560510826768,0.22102169692516327,0.17324346022342968,10.191779748811902
211,R663D,R663D,-5,exp5_p0_seed43_e008,-1.5011926247088436,0.7931407690048218,0.3314356527830989,5.651765626795406
211,R663D,R663D,-5,exp5_p0_seed44_e013,-0.2578037352943732,0.5476527214050293,0.28796733903236954,9.348221697222108
211,R663D,R663D,-5,exp5_p05_seed42_e020,-1.4582454783160517,0.7250961065292358,0.3201549459411229,6.348152666019921
211,R663D,R663D,-5,exp5_p05_seed43_e022,-1.333934151131562,0.7316864132881165,0.3410097584468069,6.458123256539419
211,R663D,R663D,-5,exp5_p05_seed44_e014,-1.1673315266083437,0.5672587752342224,0.20644353139283084,6.789070534919817
212,R663D,R663D,0,exp5_p0_seed42_e015,0.3346926096312408,0.22993367910385132,0.34274413037596974,10.345904669160607
212,R663D,R663D,0,exp5_p0_seed43_e008,0.27072444930414596,0.575630784034729,0.4920475334902335,5.688140906557203
212,R663D,R663D,0,exp5_p0_seed44_e013,0.42587826007690205,0.4155508875846863,0.43087037817475415,9.499891493268148
212,R663D,R663D,0,exp5_p05_seed42_e020,0.162342775983445,0.4828462600708008,0.4505429102599234,6.297037234479401
212,R663D,R663D,0,exp5_p05_seed43_e022,0.2812966152413181,0.5178938508033752,0.4780212889759507,6.364211568012622
212,R663D,R663D,0,exp5_p05_seed44_e014,0.23872213824820127,0.42520594596862793,0.3684210770792402,6.730308119087004
213,R663D,R663D,5,exp5_p0_seed42_e015,0.6022126126653394,0.29182764887809753,0.48036361301007324,10.536161068595318
213,R663D,R663D,5,exp5_p0_seed43_e008,1.0510922934572595,0.4881143867969513,0.5848197210464515,5.750880493514145
213,R663D,R663D,5,exp5_p0_seed44_e013,0.7310263636640101,0.39373019337654114,0.5346553865032152,9.622415780184916
213,R663D,R663D,5,exp5_p05_seed42_e020,0.817163697673476,0.37533918023109436,0.5404047458807139,6.226748928944687
213,R663D,R663D,5,exp5_p05_seed43_e022,0.9345611921433807,0.41721057891845703,0.567443192252078,6.256991445425525
213,R663D,R663D,5,exp5_p05_seed44_e014,0.7963673703942638,0.3540564477443695,0.48389848753886877,6.649001214676624
214,R663D,R663D,-5,exp5_p0_seed42_e015,-0.4750427501606413,0.34479567408561707,0.31460436940906744,13.02731008938057
214,R663D,R663D,-5,exp5_p0_seed43_e008,-1.506470383864308,0.7494040131568909,0.46952186916767713,6.962721975175579
214,R663D,R663D,-5,exp5_p0_seed44_e013,-0.6063938866823598,0.6616632342338562,0.12702230072254939,10.642484934930568
214,R663D,R663D,-5,exp5_p05_seed42_e020,-1.8582270078422412,0.8674002885818481,0.25585568688714927,7.339409505159264
214,R663D,R663D,-5,exp5_p05_seed43_e022,-1.882548396668816,0.8813643455505371,0.302252375321123,6.861644205098001
214,R663D,R663D,-5,exp5_p05_seed44_e014,-1.6329094183979964,0.6807474493980408,0.2776081312809051,7.998506147064862
215,R663D,R663D,0,exp5_p0_seed42_e015,0.3702097968491052,0.47226274013519287,0.5759921560696486,13.120947542089938
215,R663D,R663D,0,exp5_p0_seed43_e008,0.3959755764825894,0.6090749502182007,0.6571631381222105,7.00762302838974
215,R663D,R663D,0,exp5_p0_seed44_e013,0.21574597088044317,0.4204440414905548,0.3931514989876985,10.804971311772801
215,R663D,R663D,0,exp5_p05_seed42_e020,-0.21102865832126905,0.521202564239502,0.4656885533375059,7.291926014609049
215,R663D,R663D,0,exp5_p05_seed43_e022,-0.08426448218694531,0.556982159614563,0.5223571534791518,6.78460168723153
215,R663D,R663D,0,exp5_p05_seed44_e014,-0.006041253167662257,0.4854229986667633,0.5349229857686537,7.958074430626379
216,R663D,R663D,5,exp5_p0_seed42_e015,0.777214126951158,0.5946605801582336,0.6547795767572209,13.21191844296405
216,R663D,R663D,5,exp5_p0_seed43_e008,1.2765932557476498,0.5918533205986023,0.7243254792976063,7.091993166030659
216,R663D,R663D,5,exp5_p0_seed44_e013,0.6596548774633901,0.45313769578933716,0.5776493627612107,11.132890892047039
216,R663D,R663D,5,exp5_p05_seed42_e020,0.587577799141284,0.44653216004371643,0.6029601203757877,7.236477790761087
216,R663D,R663D,5,exp5_p05_seed43_e022,0.8375796643235728,0.45297250151634216,0.656435846503234,6.700931860592211
216,R663D,R663D,5,exp5_p05_seed44_e014,0.7897973252840813,0.4628807604312897,0.6474899772635019,7.896314480716065
217,R686A,R686A,-5,exp5_p0_seed42_e015,-0.257826620388994,1.2363550662994385,0.1395094790165311,8.33699359173051
217,R686A,R686A,-5,exp5_p0_seed43_e008,-1.016201016836654,1.8661010265350342,0.17351720994102418,6.622677850895458
217,R686A,R686A,-5,exp5_p0_seed44_e013,-0.33018002138082175,1.382404088973999,0.14519266966664227,7.976121053180601
217,R686A,R686A,-5,exp5_p05_seed42_e020,-1.4223016333494733,1.4984478950500488,0.174871308475699,7.092812732878905
217,R686A,R686A,-5,exp5_p05_seed43_e022,-1.2111053846062187,1.4037328958511353,0.18811289553422614,7.2569447362901105
217,R686A,R686A,-5,exp5_p05_seed44_e014,-1.0888246214318817,1.3090180158615112,0.17145623271388508,6.9902169498016065
218,R686A,R686A,0,exp5_p0_seed42_e015,0.6016883947022635,0.8026865720748901,0.22539687928035865,8.467999581992348
218,R686A,R686A,0,exp5_p0_seed43_e008,0.7897245220755214,1.0163805484771729,0.27345268136509776,6.653401777141723
218,R686A,R686A,0,exp5_p0_seed44_e013,0.6243696823419448,0.8069561719894409,0.2356148167739449,8.063141493553282
218,R686A,R686A,0,exp5_p05_seed42_e020,0.32126781328566534,1.029402732849121,0.2668694231736794,7.076320828945535
218,R686A,R686A,0,exp5_p05_seed43_e022,0.5539838257934269,0.8756968379020691,0.2849068396441384,7.189782830167635
218,R686A,R686A,0,exp5_p05_seed44_e014,0.5501861429760488,0.8838090896606445,0.26836726671482725,6.955180145335779
219,R686A,R686A,5,exp5_p0_seed42_e015,1.1180845753553184,0.4802365303039551,0.29922119522414836,8.468593789574971
219,R686A,R686A,5,exp5_p0_seed43_e008,1.7633248791835163,0.6098365783691406,0.3569666481666284,6.697984531156285
219,R686A,R686A,5,exp5_p0_seed44_e013,1.2572467409140695,0.6442229151725769,0.31890168238248884,8.268361956794305
219,R686A,R686A,5,exp5_p05_seed42_e020,1.18384338849467,0.7252392768859863,0.33779889542112995,7.057162546324717
219,R686A,R686A,5,exp5_p05_seed43_e022,1.3839179148002156,0.6882479190826416,0.35475893186555174,7.105928330744696
219,R686A,R686A,5,exp5_p05_seed44_e014,1.43252169161671,0.654121994972229,0.3482995156673274,6.90639169297664
220,R686A,R686A,-5,exp5_p0_seed42_e015,-1.4199634156634713,0.48361828923225403,0.2854045717099524,5.554096738915164
220,R686A,R686A,-5,exp5_p0_seed43_e008,-2.9209746703220008,0.7442169785499573,0.329275248886966,3.0636529166314364
220,R686A,R686A,-5,exp5_p0_seed44_e013,-1.4648864259354286,0.6345010995864868,0.3280930457995677,6.841120122722192
220,R686A,R686A,-5,exp5_p05_seed42_e020,-2.154111692465563,0.6125957369804382,0.3392944067891861,5.3807108620951025
220,R686A,R686A,-5,exp5_p05_seed43_e022,-2.5095300784516588,0.6843547821044922,0.3443920241414576,5.009226135508498
220,R686A,R686A,-5,exp5_p05_seed44_e014,-2.343770798886087,0.6082524061203003,0.3350865123918659,4.529096805855968
221,R686A,R686A,0,exp5_p0_seed42_e015,0.2579839075163819,0.5053207278251648,0.425925418398181,5.6318433919639705
221,R686A,R686A,0,exp5_p0_seed43_e008,-0.19162102623402924,0.7841696739196777,0.4938205295685176,3.0208160633838457
221,R686A,R686A,0,exp5_p0_seed44_e013,0.30656036191852115,0.46096616983413696,0.4543048853567666,6.781023478107343
221,R686A,R686A,0,exp5_p05_seed42_e020,0.1002713527991364,0.529732882976532,0.47154590956384823,5.288736420661831
221,R686A,R686A,0,exp5_p05_seed43_e022,0.0800449361934801,0.6007918119430542,0.48997868404770867,4.939960395497634
221,R686A,R686A,0,exp5_p05_seed44_e014,0.02754773725106852,0.5094466805458069,0.46774772693944805,4.456125096743952
222,R686A,R686A,5,exp5_p0_seed42_e015,1.0217028696269024,0.47794586420059204,0.5276701993893012,5.289147443330205
222,R686A,R686A,5,exp5_p0_seed43_e008,1.2262788234080926,0.7380505204200745,0.6041486181351546,2.9609025610476976
222,R686A,R686A,5,exp5_p0_seed44_e013,1.0523911432248092,0.3453407287597656,0.5336075094608611,6.679941144013273
222,R686A,R686A,5,exp5_p05_seed42_e020,1.1465295180012003,0.446461021900177,0.5611360332363513,5.135727795489338
222,R686A,R686A,5,exp5_p05_seed43_e022,1.246654029050379,0.519500195980072,0.580034981216933,4.817427825730457
222,R686A,R686A,5,exp5_p05_seed44_e014,1.0811553346833171,0.43440598249435425,0.5539969697777197,4.340115515900896
223,R686A,R686A,-5,exp5_p0_seed42_e015,-1.9164545324602726,0.3595631718635559,0.26884915670831505,7.746232584009251
223,R686A,R686A,-5,exp5_p0_seed43_e008,-3.239210695837146,0.8398513197898865,0.4146260347870819,5.042675234884788
223,R686A,R686A,-5,exp5_p0_seed44_e013,-1.3046136726383146,0.41015544533729553,0.398815345221575,8.501607753941464
223,R686A,R686A,-5,exp5_p05_seed42_e020,-1.0423159052910955,0.5032142996788025,0.4125247020262618,7.755473838090634
223,R686A,R686A,-5,exp5_p05_seed43_e022,-1.5014482034247523,0.6231654286384583,0.4302510176041419,7.166033561872696
223,R686A,R686A,-5,exp5_p05_seed44_e014,-1.3185096620864472,0.5457776188850403,0.39391305234207746,7.689611976243171
224,R686A,R686A,0,exp5_p0_seed42_e015,-0.3084000184050998,0.34702831506729126,0.33507026730808703,7.6401263514398385
224,R686A,R686A,0,exp5_p0_seed43_e008,-0.44743694566769765,0.5371609330177307,0.5246568854088334,4.985616264470584
224,R686A,R686A,0,exp5_p0_seed44_e013,-0.07488979432464753,0.3428876996040344,0.4823518538374583,8.272103951359947
224,R686A,R686A,0,exp5_p05_seed42_e020,0.7035674228268317,0.4370028078556061,0.5315092190517,7.5924290635267155
224,R686A,R686A,0,exp5_p05_seed43_e022,0.5996156924424814,0.5552901029586792,0.5540778961510122,7.099948557044571
224,R686A,R686A,0,exp5_p05_seed44_e014,0.41425375204740594,0.5193673968315125,0.5133066774007028,7.464157473280037
225,R686A,R686A,5,exp5_p0_seed42_e015,0.2477499438208011,0.2365630567073822,0.36645196482335035,7.474682236813352
225,R686A,R686A,5,exp5_p0_seed43_e008,0.8556981034287469,0.31473231315612793,0.5683969335887462,4.924029649782512
225,R686A,R686A,5,exp5_p0_seed44_e013,0.36312843646526805,0.26476049423217773,0.49974078302542035,7.896116646139474
225,R686A,R686A,5,exp5_p05_seed42_e020,1.3450924827348352,0.38050487637519836,0.6033514358926043,7.433084633625685
225,R686A,R686A,5,exp5_p05_seed43_e022,1.435085577014289,0.36496099829673767,0.6111624533459418,7.059727671248482
225,R686A,R686A,5,exp5_p05_seed44_e014,1.0533570575058546,0.3314323425292969,0.5607039862843208,7.277016489690923
226,R686A,R686A,-5,exp5_p0_seed42_e015,0.0291417208811102,2.0382981300354004,0.36787138831667526,6.521901745115908
226,R686A,R686A,-5,exp5_p0_seed43_e008,-0.7106654966126482,1.7061071395874023,0.5184347030637559,5.312846939301897
226,R686A,R686A,-5,exp5_p0_seed44_e013,-0.17315267056814126,3.0748629570007324,0.4812038322982856,7.084420884912452
226,R686A,R686A,-5,exp5_p05_seed42_e020,-1.8656556914600588,2.829106330871582,0.5222035508157438,7.380284422504748
226,R686A,R686A,-5,exp5_p05_seed43_e022,-1.6290172400009606,2.735576629638672,0.5079929279306877,6.662019796479683
226,R686A,R686A,-5,exp5_p05_seed44_e014,-1.7663750066657393,2.380164623260498,0.5168804049797683,7.237673541129555
227,R686A,R686A,0,exp5_p0_seed42_e015,0.8528052207379494,1.2359883785247803,0.6062754344724183,6.538896269406416
227,R686A,R686A,0,exp5_p0_seed43_e008,1.2447642352157975,1.0859639644622803,0.7125962822932413,5.273029804634869
227,R686A,R686A,0,exp5_p0_seed44_e013,1.3887304662991793,1.8075283765792847,0.6842317020729813,7.041807828272075
227,R686A,R686A,0,exp5_p05_seed42_e020,0.6363977256249681,1.7454625368118286,0.6764920851749433,7.316036607180316
227,R686A,R686A,0,exp5_p05_seed43_e022,0.8136047853558255,1.6712117195129395,0.7075213786433644,6.5641379028760145
227,R686A,R686A,0,exp5_p05_seed44_e014,0.6383391441327264,1.448078989982605,0.6760709678757177,7.205643278951919
228,R686A,R686A,5,exp5_p0_seed42_e015,1.5536505570348427,0.8829584121704102,0.7139088485043211,6.403324748723286
228,R686A,R686A,5,exp5_p0_seed43_e008,2.304707689622598,0.7682643532752991,0.7750430948286482,5.198123065425531
228,R686A,R686A,5,exp5_p0_seed44_e013,2.3663252000250785,1.2100918292999268,0.7599245938210059,7.100794819079037
228,R686A,R686A,5,exp5_p05_seed42_e020,2.0110323262466903,1.1699258089065552,0.7476824886591683,7.187201888827498
228,R686A,R686A,5,exp5_p05_seed43_e022,2.1717161984713296,1.245382308959961,0.7710750841243817,6.406377419105583
228,R686A,R686A,5,exp5_p05_seed44_e014,1.9806830625312297,1.0148333311080933,0.7489080813886306,7.141167362485294
229,R686A,R686A,-5,exp5_p0_seed42_e015,-1.576551742032587,1.5827521085739136,0.18223592258250604,4.974405341157159
229,R686A,R686A,-5,exp5_p0_seed43_e008,-3.305301456621214,2.9032530784606934,0.2125636101317064,3.724135682320397
229,R686A,R686A,-5,exp5_p0_seed44_e013,-2.1495803692590587,1.750441312789917,0.163724211635424,6.6807115746525545
229,R686A,R686A,-5,exp5_p05_seed42_e020,-2.075872226439719,1.7432968616485596,0.2465206703930122,5.680232349426309
229,R686A,R686A,-5,exp5_p05_seed43_e022,-2.7111625037865177,2.110196113586426,0.24988630355545413,4.490259586611858
229,R686A,R686A,-5,exp5_p05_seed44_e014,-2.156859560200692,1.6256201267242432,0.23969185281764713,4.9008726288937465
230,R686A,R686A,0,exp5_p0_seed42_e015,-0.06367295252052974,0.8351263403892517,0.3295852736304018,4.929996660365504
230,R686A,R686A,0,exp5_p0_seed43_e008,-0.6799397961585197,1.6122366189956665,0.379477070318973,3.5405138012678345
230,R686A,R686A,0,exp5_p0_seed44_e013,-0.3780904559676661,0.982711136341095,0.2778961179120561,6.460087651512062
230,R686A,R686A,0,exp5_p05_seed42_e020,-0.04880824967151012,1.059302568435669,0.39973062537630455,5.553122829641324
230,R686A,R686A,0,exp5_p05_seed43_e022,-0.3517767170284,1.1420009136199951,0.4077936299306389,4.377094098791073
230,R686A,R686A,0,exp5_p05_seed44_e014,-0.23432445756088024,0.9470871686935425,0.3693493453523682,4.785512352553822
231,R686A,R686A,5,exp5_p0_seed42_e015,0.5913356535142,0.5349066257476807,0.42748001878707637,4.498665186654488
231,R686A,R686A,5,exp5_p0_seed43_e008,0.6232446899147441,0.9400113821029663,0.49217764100038863,3.237305614412454
231,R686A,R686A,5,exp5_p0_seed44_e013,0.3114304988367709,0.5941429138183594,0.36830174447809705,6.063337301503355
231,R686A,R686A,5,exp5_p05_seed42_e020,0.8510637645884854,0.6637373566627502,0.5039211040750051,5.326854435878264
231,R686A,R686A,5,exp5_p05_seed43_e022,0.7456347669511623,0.7865797877311707,0.5106476714605502,4.20158858903433
231,R686A,R686A,5,exp5_p05_seed44_e014,0.633179362780893,0.6315297484397888,0.46101719882233283,4.5951670306973025
232,R686A,R686A,-5,exp5_p0_seed42_e015,-1.9452819085445818,0.7984234690666199,0.35085511281114196,6.1188420207523
232,R686A,R686A,-5,exp5_p0_seed43_e008,-3.0449636947214174,1.233143925666809,0.39156837976692893,3.853942287070731
232,R686A,R686A,-5,exp5_p0_seed44_e013,-2.160047041425825,0.8269453048706055,0.3612818330959626,7.191166533797931
232,R686A,R686A,-5,exp5_p05_seed42_e020,-1.8711234101182574,0.8347936868667603,0.373806966522258,6.286644942356957
232,R686A,R686A,-5,exp5_p05_seed43_e022,-1.8449100290962974,0.884946346282959,0.39249298612808114,6.182165497640002
232,R686A,R686A,-5,exp5_p05_seed44_e014,-1.522120176765029,0.7159202694892883,0.37272909582148445,5.776038354597258
233,R686A,R686A,0,exp5_p0_seed42_e015,0.08192933781899482,0.619799792766571,0.46410551686625495,6.451024592085965
233,R686A,R686A,0,exp5_p0_seed43_e008,-0.18276810343269473,0.8367970585823059,0.5072101513542316,3.753794237790298
233,R686A,R686A,0,exp5_p0_seed44_e013,0.09082121390985032,0.6958721876144409,0.47596112657754397,7.660487599382301
233,R686A,R686A,0,exp5_p05_seed42_e020,0.3205065948535635,0.6249610781669617,0.4856724737264211,6.150159881151475
233,R686A,R686A,0,exp5_p05_seed43_e022,0.440760738784435,0.6328151226043701,0.5068702729659014,6.119443019438209
233,R686A,R686A,0,exp5_p05_seed44_e014,0.4365025857699879,0.5105157494544983,0.4794466647792156,5.764855698454392
234,R686A,R686A,5,exp5_p0_seed42_e015,0.9463339436018168,0.6266233921051025,0.5535749398091091,6.628786148859919
234,R686A,R686A,5,exp5_p0_seed43_e008,1.1443627258654225,0.8148027062416077,0.5913950340780209,3.5790362464484975
234,R686A,R686A,5,exp5_p0_seed44_e013,1.1374714352082602,0.6565672755241394,0.5537714278504886,7.955908181244759
234,R686A,R686A,5,exp5_p05_seed42_e020,1.2409233166088132,0.539676308631897,0.569922597421416,5.887524307023499
234,R686A,R686A,5,exp5_p05_seed43_e022,1.3532281743708094,0.5065732002258301,0.5869061171137715,5.971161416488401
234,R686A,R686A,5,exp5_p05_seed44_e014,1.1847347220112034,0.43693315982818604,0.5595890425029497,5.634678164769627
235,R686A,R686A,-5,exp5_p0_seed42_e015,-0.6209813578591556,1.9822689294815063,0.137741962085141,5.53847716118928
235,R686A,R686A,-5,exp5_p0_seed43_e008,-1.9864102023835584,3.697953462600708,0.1402139232560866,2.97031235747284
235,R686A,R686A,-5,exp5_p0_seed44_e013,-1.0336551143125858,3.1050145626068115,0.08870148942681155,5.603980381736625
235,R686A,R686A,-5,exp5_p05_seed42_e020,-2.4183021375079115,3.827908754348755,0.17467760512813274,5.655641486320025
235,R686A,R686A,-5,exp5_p05_seed43_e022,-2.4112768794154085,4.043989658355713,0.117713099253751,5.438975926945155
235,R686A,R686A,-5,exp5_p05_seed44_e014,-2.034664330030052,3.0023577213287354,0.2026370745307318,5.31448703076229
236,R686A,R686A,0,exp5_p0_seed42_e015,0.8294279348198337,0.8293986916542053,0.3985537101788398,5.472773046607089
236,R686A,R686A,0,exp5_p0_seed43_e008,0.6072136893235522,2.0315585136413574,0.33647219526410505,2.9473062456672823
236,R686A,R686A,0,exp5_p0_seed44_e013,0.4536934961553827,1.359191656112671,0.2747008268222009,5.658277535957222
236,R686A,R686A,0,exp5_p05_seed42_e020,0.016119617049337946,2.4559226036071777,0.28214883154528453,5.604073682283939
236,R686A,R686A,0,exp5_p05_seed43_e022,0.2430991785772137,2.623593807220459,0.320039240546657,5.388032902624801
236,R686A,R686A,0,exp5_p05_seed44_e014,0.42018308445842234,1.889713168144226,0.30925221893299265,5.255611640093251
237,R686A,R686A,5,exp5_p0_seed42_e015,1.6065355380203328,0.38307061791419983,0.5534983058691613,5.627394361303191
237,R686A,R686A,5,exp5_p0_seed43_e008,2.0513514757995703,1.1127629280090332,0.5920015686145856,2.9290153746031673
237,R686A,R686A,5,exp5_p0_seed44_e013,1.5145147374458914,0.9757946729660034,0.5558624965474845,5.722389040679339
237,R686A,R686A,5,exp5_p05_seed42_e020,1.593908615218655,1.3983567953109741,0.5323792523370247,5.571064797768424
237,R686A,R686A,5,exp5_p05_seed43_e022,1.9680619710596257,1.4730277061462402,0.596406640972483,5.364312604309864
237,R686A,R686A,5,exp5_p05_seed44_e014,1.8825187726516333,1.0888859033584595,0.5611601933673357,5.207534192492411
238,R686A,R686A,-5,exp5_p0_seed42_e015,-1.5206879120832648,1.1506867408752441,0.33250374166828905,7.349743828042311
238,R686A,R686A,-5,exp5_p0_seed43_e008,-2.1807061915738393,1.4237958192825317,0.37937315779938047,4.419334852389026
238,R686A,R686A,-5,exp5_p0_seed44_e013,-1.92442075874682,1.2234643697738647,0.3582071080341975,6.203404037092737
238,R686A,R686A,-5,exp5_p05_seed42_e020,-2.498515198080977,1.2800792455673218,0.37249173753927434,5.573056862169812
238,R686A,R686A,-5,exp5_p05_seed43_e022,-2.0238422128225806,1.1652493476867676,0.3782738319016931,5.58548569154901
238,R686A,R686A,-5,exp5_p05_seed44_e014,-2.093671157479494,1.0692546367645264,0.34559227033857653,5.79752557994497
239,R686A,R686A,0,exp5_p0_seed42_e015,-0.20087756952074087,0.7395757436752319,0.440551917989596,7.25246588641967
239,R686A,R686A,0,exp5_p0_seed43_e008,-0.02725472373222823,0.8337395191192627,0.5086924845352166,4.449959654860503
239,R686A,R686A,0,exp5_p0_seed44_e013,-0.1509975702926482,0.7683320641517639,0.48846872240408223,6.693575265928782
239,R686A,R686A,0,exp5_p05_seed42_e020,-0.2894422571251195,0.8165810108184814,0.4970563226294653,5.479379308250739
239,R686A,R686A,0,exp5_p05_seed43_e022,-0.03875547382362865,0.6731017827987671,0.5072095004179705,5.582579385402935
239,R686A,R686A,0,exp5_p05_seed44_e014,-0.1070802391466611,0.6252126097679138,0.4700560984409973,5.869850834514212
240,R686A,R686A,5,exp5_p0_seed42_e015,0.3763221201266247,0.5882653594017029,0.5041008578005552,7.645518358340874
240,R686A,R686A,5,exp5_p0_seed43_e008,0.9033452065668848,0.5761879682540894,0.5856365408541157,4.472711049292231
240,R686A,R686A,5,exp5_p0_seed44_e013,0.5806759408312652,0.5727463960647583,0.5468071065606231,7.463374939379856
240,R686A,R686A,5,exp5_p05_seed42_e020,0.6786644172027451,0.5864142179489136,0.5708873139602212,5.301886620398658
240,R686A,R686A,5,exp5_p05_seed43_e022,0.8138275660229255,0.5088221430778503,0.58247606018176,5.6069524064927725
240,R686A,R686A,5,exp5_p05_seed44_e014,0.6896887885762073,0.4370788633823395,0.5465300242332556,5.950470429783045
241,R6928,R6928,-5,exp5_p0_seed42_e015,-0.7912300885461685,0.6871870160102844,0.19420588137644357,11.735736210558379
241,R6928,R6928,-5,exp5_p0_seed43_e008,-2.469146294543239,1.2078757286071777,0.2859778544335493,6.150447839413211
241,R6928,R6928,-5,exp5_p0_seed44_e013,-0.3207303220812379,0.5401870012283325,0.2099523508364137,12.489306281638227
241,R6928,R6928,-5,exp5_p05_seed42_e020,-1.9035135999069899,0.991868793964386,0.23189660596279185,7.2034220596884495
241,R6928,R6928,-5,exp5_p05_seed43_e022,-2.085893712019975,1.1125885248184204,0.2370556314129263,7.26202674189248
241,R6928,R6928,-5,exp5_p05_seed44_e014,-1.7551274263259051,1.0990245342254639,0.26619513057429156,8.098034907527042
242,R6928,R6928,0,exp5_p0_seed42_e015,0.18673676673628262,0.48233160376548767,0.3164689007750042,11.802714850054494
242,R6928,R6928,0,exp5_p0_seed43_e008,-0.08661031240823104,0.7812497615814209,0.2732475345936523,6.160433657851206
242,R6928,R6928,0,exp5_p0_seed44_e013,0.2749865257355053,0.5083202123641968,0.312181950949319,12.411737841695782
242,R6928,R6928,0,exp5_p05_seed42_e020,-0.1250178474612629,0.7013921737670898,0.21097051522348337,7.192795164560602
242,R6928,R6928,0,exp5_p05_seed43_e022,-0.14996602613767263,0.7571530342102051,0.28350609341022376,7.224677046736062
242,R6928,R6928,0,exp5_p05_seed44_e014,-0.12211964605483223,0.762928307056427,0.2403732347735084,8.056514071605172
243,R6928,R6928,5,exp5_p0_seed42_e015,0.6746716682638055,0.486039936542511,0.4817322717669996,11.945990975567009
243,R6928,R6928,5,exp5_p0_seed43_e008,1.1566022303888415,0.6267703175544739,0.5265509481891107,6.175109294279345
243,R6928,R6928,5,exp5_p0_seed44_e013,0.56704533976418,0.7372503280639648,0.4427121769045392,12.264947941309785
243,R6928,R6928,5,exp5_p05_seed42_e020,0.7878672513879853,0.5819327235221863,0.4248920874341245,7.12909004521693
243,R6928,R6928,5,exp5_p05_seed43_e022,0.8881824068756927,0.6504446268081665,0.5004633083379508,7.153851626493324
243,R6928,R6928,5,exp5_p05_seed44_e014,0.7753065855439222,0.5883893370628357,0.44492242049910385,7.959055629450987
244,R6928,R6928,-5,exp5_p0_seed42_e015,-0.7512134926127744,0.3466947078704834,0.19390120524725524,11.086751835841834
244,R6928,R6928,-5,exp5_p0_seed43_e008,-1.3573603936661771,0.37481820583343506,0.16094009572738535,6.5460415530691405
244,R6928,R6928,-5,exp5_p0_seed44_e013,-0.9839608371420848,0.4010033905506134,0.12469476218074677,11.577790747980401
244,R6928,R6928,-5,exp5_p05_seed42_e020,-1.6495415109228186,0.5511677861213684,0.15866275704153318,7.31164801623401
244,R6928,R6928,-5,exp5_p05_seed43_e022,-1.5501629081991497,0.5173218250274658,0.14642533935617438,7.646759159595637
244,R6928,R6928,-5,exp5_p05_seed44_e014,-1.1248931314043502,0.4253673255443573,0.16724187229515095,7.768860767355346
245,R6928,R6928,0,exp5_p0_seed42_e015,-0.08337824622383841,0.2794324457645416,0.25083678155086647,10.851178299806834
245,R6928,R6928,0,exp5_p0_seed43_e008,-0.013463044025605468,0.29761460423469543,0.290514413832588,6.551649321411795
245,R6928,R6928,0,exp5_p0_seed44_e013,-0.23617294461179408,0.2594693601131439,0.20322748999532483,11.489848671064918
245,R6928,R6928,0,exp5_p05_seed42_e020,-0.25850248588357766,0.357604444026947,0.2606554609743456,7.036344955614454
245,R6928,R6928,0,exp5_p05_seed43_e022,-0.17799948168745128,0.29159337282180786,0.27066828685476546,7.451345987353309
245,R6928,R6928,0,exp5_p05_seed44_e014,-0.08254630865052161,0.26475438475608826,0.2623322112909691,7.46644710453308
246,R6928,R6928,5,exp5_p0_seed42_e015,-0.02394869141230788,0.2910017669200897,0.28523557190826354,10.514122035565954
246,R6928,R6928,5,exp5_p0_seed43_e008,0.5202889505052651,0.2821890115737915,0.3802534341419104,6.590941359666021
246,R6928,R6928,5,exp5_p0_seed44_e013,0.13368452921314772,0.2395453155040741,0.24279521620470432,10.7979475046148
246,R6928,R6928,5,exp5_p05_seed42_e020,0.3795261344026911,0.2733263373374939,0.34491174737012187,6.736127712580966
246,R6928,R6928,5,exp5_p05_seed43_e022,0.44763702112401293,0.2262144535779953,0.359849472047687,7.242308308542878
246,R6928,R6928,5,exp5_p05_seed44_e014,0.32913487419164394,0.20667991042137146,0.32034371691458013,7.027214918307479
247,R6928,R6928,-5,exp5_p0_seed42_e015,-0.26412175902508683,0.42041319608688354,0.18905268706154804,12.745254990187192
247,R6928,R6928,-5,exp5_p0_seed43_e008,-1.8299623774058646,1.5141468048095703,0.1487984084256809,8.892884753841571
247,R6928,R6928,-5,exp5_p0_seed44_e013,-0.21300917159487387,0.4981209635734558,0.19973357017163357,13.826292742826068
247,R6928,R6928,-5,exp5_p05_seed42_e020,-1.7485289530287826,1.409950613975525,0.15720447355549774,9.345324832491157
247,R6928,R6928,-5,exp5_p05_seed43_e022,-1.4690725701258935,1.4798543453216553,0.1576957127148996,10.03799499799658
247,R6928,R6928,-5,exp5_p05_seed44_e014,-1.1425254450135245,1.1606701612472534,0.1644224962859781,10.535889958085452
248,R6928,R6928,0,exp5_p0_seed42_e015,0.09907143568915885,0.21859703958034515,0.21731759555158459,12.930417122395072
248,R6928,R6928,0,exp5_p0_seed43_e008,-0.14227549176317641,0.8135257959365845,0.2764729833969789,8.872167807526624
248,R6928,R6928,0,exp5_p0_seed44_e013,0.17545900241069082,0.2863697111606598,0.2859119868333367,13.791606846724624
248,R6928,R6928,0,exp5_p05_seed42_e020,-0.1780219561185586,0.9040585160255432,0.28436529089953627,9.301637316773268
248,R6928,R6928,0,exp5_p05_seed43_e022,-0.07551071267440936,0.9332216382026672,0.28269201137691546,10.033782907952506
248,R6928,R6928,0,exp5_p05_seed44_e014,-0.05221150419259195,0.6963658928871155,0.2458947649150928,10.511132253090306
249,R6928,R6928,5,exp5_p0_seed42_e015,0.3553386484055825,0.16993550956249237,0.3443522465416493,13.002804218999353
249,R6928,R6928,5,exp5_p0_seed43_e008,0.4841347912728744,0.5958564281463623,0.36182199693869305,8.823993303671493
249,R6928,R6928,5,exp5_p0_seed44_e013,0.3284444705921451,0.20978862047195435,0.3561305308367055,13.727002729602308
249,R6928,R6928,5,exp5_p05_seed42_e020,0.4702769823167275,0.6457101106643677,0.3687321342230987,9.221843140864149
249,R6928,R6928,5,exp5_p05_seed43_e022,0.4901834591830253,0.5910800099372864,0.36661178467906447,10.023829527750589
249,R6928,R6928,5,exp5_p05_seed44_e014,0.40891865836797014,0.5680935978889465,0.34867652444307407,10.449220525478424
250,R6928,R6928,-5,exp5_p0_seed42_e015,-0.23060650405982805,0.670406699180603,0.48161570828044725,13.043612601912342
250,R6928,R6928,-5,exp5_p0_seed43_e008,-1.7884985177612678,1.3290562629699707,0.5121074759689671,8.63056676434758
250,R6928,R6928,-5,exp5_p0_seed44_e013,-0.2606248578895389,0.8638865351676941,0.46332389426439674,13.87614057998666
250,R6928,R6928,-5,exp5_p05_seed42_e020,-1.9212251277666412,1.1813265085220337,0.43966325061049727,9.08471282955919
250,R6928,R6928,-5,exp5_p05_seed43_e022,-1.228602025688279,0.9566649198532104,0.5008563947847453,9.614030789996088
250,R6928,R6928,-5,exp5_p05_seed44_e014,-1.3060757663991134,1.0683566331863403,0.466039740271747,10.448172021863595
251,R6928,R6928,0,exp5_p0_seed42_e015,0.43357178031296234,0.6451085209846497,0.5905962125886021,12.280564414591712
251,R6928,R6928,0,exp5_p0_seed43_e008,0.27664307680757133,0.9004002809524536,0.5911731255594506,8.55858278340143
251,R6928,R6928,0,exp5_p0_seed44_e013,0.45910558808361224,0.7848310470581055,0.5788828604050728,12.619352614900908
251,R6928,R6928,0,exp5_p05_seed42_e020,0.10456176973620643,0.8508706092834473,0.5262606736924288,8.817021385466884
251,R6928,R6928,0,exp5_p05_seed43_e022,0.5633916703472551,0.6709434390068054,0.5856127524812413,9.292874989934791
251,R6928,R6928,0,exp5_p05_seed44_e014,0.3654005675941856,0.7386645674705505,0.5562942135303446,10.157162652004882
252,R6928,R6928,5,exp5_p0_seed42_e015,0.6319701420780598,0.65761798620224,0.6609635815575197,11.3764489090298
252,R6928,R6928,5,exp5_p0_seed43_e008,1.377519867978135,0.725647509098053,0.657681375370287,8.434052755991981
252,R6928,R6928,5,exp5_p0_seed44_e013,0.7405548910656761,0.7474168539047241,0.6437800297261829,11.01768391122232
252,R6928,R6928,5,exp5_p05_seed42_e020,1.0858892609397806,0.6499987244606018,0.6128496448471338,8.367147514203543
252,R6928,R6928,5,exp5_p05_seed43_e022,1.326670545857783,0.5317181944847107,0.6584211682496454,8.758224148268049
252,R6928,R6928,5,exp5_p05_seed44_e014,1.2022825131875765,0.6204285621643066,0.634399780932144,9.590747320010934
253,R6928,R6928,-5,exp5_p0_seed42_e015,-0.2810700186950477,0.48398274183273315,0.2029440067704954,12.551721668904072
253,R6928,R6928,-5,exp5_p0_seed43_e008,-1.9693799834146302,1.127536416053772,0.26503124255685456,7.558125427426814
253,R6928,R6928,-5,exp5_p0_seed44_e013,-0.4496719926811037,0.2478376179933548,0.14579541540562757,13.748595231378523
253,R6928,R6928,-5,exp5_p05_seed42_e020,-1.4844023907130661,0.7467228770256042,0.21191340805907596,8.207692384327498
253,R6928,R6928,-5,exp5_p05_seed43_e022,-1.5335436896708772,0.8371290564537048,0.23118843306341175,8.308924286115484
253,R6928,R6928,-5,exp5_p05_seed44_e014,-1.5922372260196507,0.8606958389282227,0.23813465246469237,8.965166206224724
254,R6928,R6928,0,exp5_p0_seed42_e015,0.21280451959308957,0.2926677465438843,0.2501753768887152,12.640700608362835
254,R6928,R6928,0,exp5_p0_seed43_e008,-0.09851149489042794,0.6312661170959473,0.30112830886192127,7.579038619937908
254,R6928,R6928,0,exp5_p0_seed44_e013,0.2590513761919041,0.14740140736103058,0.2553840043330413,14.070273002833066
254,R6928,R6928,0,exp5_p05_seed42_e020,0.006631607501429265,0.5572975277900696,0.2847423440236933,8.265501976923858
254,R6928,R6928,0,exp5_p05_seed43_e022,0.11994115233304467,0.5640878677368164,0.3245758890598779,8.319622535396217
254,R6928,R6928,0,exp5_p05_seed44_e014,0.0296502219463848,0.5129784941673279,0.2966940539288966,8.989842143694084
255,R6928,R6928,5,exp5_p0_seed42_e015,0.43846494033572736,0.24661630392074585,0.3519977640894083,12.74672321703347
255,R6928,R6928,5,exp5_p0_seed43_e008,0.6698877071856219,0.4396534860134125,0.41230725876160357,7.620528382084434
255,R6928,R6928,5,exp5_p0_seed44_e013,0.4466216487243871,0.14614136517047882,0.3079089738881425,14.167573394594124
255,R6928,R6928,5,exp5_p05_seed42_e020,0.5060657708576413,0.42054587602615356,0.3541278149446287,8.297688346633658
255,R6928,R6928,5,exp5_p05_seed43_e022,0.7231326778951642,0.46882858872413635,0.4053434121259052,8.302090759210662
255,R6928,R6928,5,exp5_p05_seed44_e014,0.5996435702253693,0.4065079092979431,0.3825724182570881,8.98046283401671
256,R6928,R6928,-5,exp5_p0_seed42_e015,0.3840986435034557,0.562682569026947,0.4454780043641224,10.22760654050775
256,R6928,R6928,-5,exp5_p0_seed43_e008,-1.3060531416990457,1.158984661102295,0.3262615562064521,4.002395322103101
256,R6928,R6928,-5,exp5_p0_seed44_e013,0.41167885330921805,0.5717509984970093,0.4396523394362816,10.164698677235764
256,R6928,R6928,-5,exp5_p05_seed42_e020,-1.4707162564534995,0.8418120741844177,0.2581891712631608,6.407990881553064
256,R6928,R6928,-5,exp5_p05_seed43_e022,-1.0927223255465037,0.7433868646621704,0.30415431041016544,6.403494873767867
256,R6928,R6928,-5,exp5_p05_seed44_e014,-0.8733198774491835,0.6460675597190857,0.2742880458665211,6.5756691228144035
257,R6928,R6928,0,exp5_p0_seed42_e015,1.7177518381742392,0.524175763130188,0.6624406347380427,10.140536605884371
257,R6928,R6928,0,exp5_p0_seed43_e008,1.6160425934401972,0.9032030701637268,0.6181955709542357,3.96761808877283
257,R6928,R6928,0,exp5_p0_seed44_e013,1.846453991053084,0.6081618666648865,0.6829709872845078,10.054602561638244
257,R6928,R6928,0,exp5_p05_seed42_e020,0.8658057508390009,0.5441785454750061,0.5589463296570365,6.197788611307896
257,R6928,R6928,0,exp5_p05_seed43_e022,1.2256953416980432,0.5494356751441956,0.5938537491112131,6.26525854207654
257,R6928,R6928,0,exp5_p05_seed44_e014,1.0335007179512143,0.4975053668022156,0.5379996051812569,6.405226506735464
258,R6928,R6928,5,exp5_p0_seed42_e015,3.2321914511732546,0.646294355392456,0.7944836096300923,9.874261964502365
258,R6928,R6928,5,exp5_p0_seed43_e008,3.859566286162544,0.8515629768371582,0.7993040599257014,3.9248815630624847
258,R6928,R6928,5,exp5_p0_seed44_e013,3.2799271747307395,0.7012339234352112,0.7934696881503042,9.474423326824702
258,R6928,R6928,5,exp5_p05_seed42_e020,2.64883895443438,0.5024553537368774,0.7644547990684522,5.754697693102004
258,R6928,R6928,5,exp5_p05_seed43_e022,2.7867893416705365,0.5223785042762756,0.7820421682375543,5.945941726264477
258,R6928,R6928,5,exp5_p05_seed44_e014,2.6129289456665603,0.4620054066181183,0.7442585420417492,6.002169707637752
259,R6928,R6928,-5,exp5_p0_seed42_e015,-0.2992387082096629,0.447544127702713,0.49622555473899954,11.25814442727707
259,R6928,R6928,-5,exp5_p0_seed43_e008,-1.8836942329043156,0.8790266513824463,0.560194450209692,6.624956848818858
259,R6928,R6928,-5,exp5_p0_seed44_e013,0.38596631073937027,0.49599096179008484,0.5532852933518947,12.017047681484538
259,R6928,R6928,-5,exp5_p05_seed42_e020,-1.1733730474813435,0.4890076220035553,0.4572099449240146,7.705803327417891
259,R6928,R6928,-5,exp5_p05_seed43_e022,-0.7292678741992409,0.5279397368431091,0.5056087695603024,7.889174402369502
259,R6928,R6928,-5,exp5_p05_seed44_e014,-0.5811786485244756,0.5207818150520325,0.5357136647795244,7.939757788667182
260,R6928,R6928,0,exp5_p0_seed42_e015,0.8243163857219461,0.478412926197052,0.572224996975141,11.303299403959139
260,R6928,R6928,0,exp5_p0_seed43_e008,0.7084911828270963,0.80702805519104,0.666713214560413,6.64224681086388
260,R6928,R6928,0,exp5_p0_seed44_e013,1.307141831448565,0.5029364228248596,0.6491079099739806,12.061738968262263
260,R6928,R6928,0,exp5_p05_seed42_e020,0.6651092938277771,0.3882889747619629,0.5797249491742574,7.725602542676786
260,R6928,R6928,0,exp5_p05_seed43_e022,1.0665781641509016,0.45174357295036316,0.6371541460534076,7.887769261805478
260,R6928,R6928,0,exp5_p05_seed44_e014,1.0022531694091459,0.46196168661117554,0.6359058096003233,7.939356679633578
261,R6928,R6928,5,exp5_p0_seed42_e015,1.5189734353876942,0.611163854598999,0.6623051005742211,11.390886343378167
261,R6928,R6928,5,exp5_p0_seed43_e008,2.1419270319436534,0.8009924292564392,0.7380983266791493,6.666451729297008
261,R6928,R6928,5,exp5_p0_seed44_e013,1.868107518710641,0.4791822135448456,0.6979422518347931,12.061328656707113
261,R6928,R6928,5,exp5_p05_seed42_e020,1.621439860779185,0.40959835052490234,0.6836265556334076,7.765966153460385
261,R6928,R6928,5,exp5_p05_seed43_e022,1.9866185467073478,0.4648103415966034,0.726475647259822,7.884391737824501
261,R6928,R6928,5,exp5_p05_seed44_e014,1.9142289567350805,0.4843321144580841,0.7114919635158886,7.936869197014676
262,R6928,R6928,-5,exp5_p0_seed42_e015,0.0015468904416734244,0.3626745045185089,0.37967363872755017,11.302101418767514
262,R6928,R6928,-5,exp5_p0_seed43_e008,-2.5026155339428655,1.0310171842575073,0.29830587712568113,5.1205051575841125
262,R6928,R6928,-5,exp5_p0_seed44_e013,-0.1289275925096706,0.3448847532272339,0.35301544216912545,12.133081562346879
262,R6928,R6928,-5,exp5_p05_seed42_e020,-1.7566064022131391,0.5482417941093445,0.2689200296816026,7.0526208698778134
262,R6928,R6928,-5,exp5_p05_seed43_e022,-1.7205286439903833,0.5760729908943176,0.2688728021029161,7.031945272688736
262,R6928,R6928,-5,exp5_p05_seed44_e014,-1.6595107233742885,0.5349587798118591,0.24468336923584522,7.68354343163414
263,R6928,R6928,0,exp5_p0_seed42_e015,0.7375731181475655,0.36830589175224304,0.5235767396432301,11.481160729367923
263,R6928,R6928,0,exp5_p0_seed43_e008,0.10106160276763762,0.6613864898681641,0.4743735068672607,5.077141240515615
263,R6928,R6928,0,exp5_p0_seed44_e013,0.703115039619244,0.365140438079834,0.5291900608756459,12.129630606975567
263,R6928,R6928,0,exp5_p05_seed42_e020,0.11618804793361652,0.3749160170555115,0.4228223006149885,6.930984195250317
263,R6928,R6928,0,exp5_p05_seed43_e022,0.3030218587020471,0.39502573013305664,0.45947892415815705,6.9072997213905785
263,R6928,R6928,0,exp5_p05_seed44_e014,0.15823250644497672,0.3817123472690582,0.39279404992956757,7.635025283862969
264,R6928,R6928,5,exp5_p0_seed42_e015,1.2754212434116527,0.5076241493225098,0.6365264698782365,11.423464940362853
264,R6928,R6928,5,exp5_p0_seed43_e008,1.5657082369090927,0.6537230014801025,0.6174606668516059,5.019799238517084
264,R6928,R6928,5,exp5_p0_seed44_e013,1.2219667858375713,0.41118770837783813,0.6351372743339405,12.026017314439787
264,R6928,R6928,5,exp5_p05_seed42_e020,1.0910151807122317,0.3296390175819397,0.5672825980568162,6.600363078830554
264,R6928,R6928,5,exp5_p05_seed43_e022,1.3175812645911598,0.3869675397872925,0.6080092694202633,6.689957849606331
264,R6928,R6928,5,exp5_p05_seed44_e014,1.1238215362169925,0.3223063051700592,0.5626881343974641,7.4307718448690485
265,R77C3,R77C3,-5,exp5_p0_seed42_e015,0.4651696821479726,0.3101659417152405,0.15924315076620668,12.899582315281727
265,R77C3,R77C3,-5,exp5_p0_seed43_e008,-0.6208236450535007,1.0113935470581055,0.2781562511484316,7.089822998521839
265,R77C3,R77C3,-5,exp5_p0_seed44_e013,-0.09808625505927426,0.35732221603393555,0.14790035800627827,12.933836784383303
265,R77C3,R77C3,-5,exp5_p05_seed42_e020,-2.273643723231241,1.4695394039154053,0.19200028079875506,5.885628216955816
265,R77C3,R77C3,-5,exp5_p05_seed43_e022,-1.8538806800601526,1.359047770500183,0.20969434819687555,6.288831975312648
265,R77C3,R77C3,-5,exp5_p05_seed44_e014,-0.7189956564618585,1.248950719833374,0.17322639965757375,8.696853560128654
266,R77C3,R77C3,0,exp5_p0_seed42_e015,1.0168822116195388,0.27009961009025574,0.27739326264355957,12.941349221012077
266,R77C3,R77C3,0,exp5_p0_seed43_e008,1.1328666974207922,0.7532073855400085,0.37142784127689205,7.113580210945408
266,R77C3,R77C3,0,exp5_p0_seed44_e013,0.4637130127262511,0.2815624177455902,0.1022827493572407,12.768248125003032
266,R77C3,R77C3,0,exp5_p05_seed42_e020,0.1120043440457621,0.9154674410820007,0.276973514022885,5.823236312974669
266,R77C3,R77C3,0,exp5_p05_seed43_e022,0.42626344941375544,0.9134642481803894,0.314259240667868,6.158343758028279
266,R77C3,R77C3,0,exp5_p05_seed44_e014,0.8529340361216676,0.8551486134529114,0.29917727455703613,8.562882431200457
267,R77C3,R77C3,5,exp5_p0_seed42_e015,1.5260778771838057,0.3714536428451538,0.41846416550105503,12.668953150732762
267,R77C3,R77C3,5,exp5_p0_seed43_e008,2.041092691025793,0.7047551274299622,0.4909085481694882,7.1504214915557895
267,R77C3,R77C3,5,exp5_p0_seed44_e013,0.9322580130233332,0.31727224588394165,0.31002126888961284,12.545091746604704
267,R77C3,R77C3,5,exp5_p05_seed42_e020,1.3068197697770882,0.7317795157432556,0.4339527527938134,5.6054095245414075
267,R77C3,R77C3,5,exp5_p05_seed43_e022,1.5207150399075453,0.774435818195343,0.4627735608139275,5.866189258548599
267,R77C3,R77C3,5,exp5_p05_seed44_e014,1.6950559835848544,0.6522958874702454,0.44315237775493765,8.239365878187161
268,R77C3,R77C3,-5,exp5_p0_seed42_e015,-0.5243739784358491,0.2981923818588257,0.2843180836297594,14.876828736669545
268,R77C3,R77C3,-5,exp5_p0_seed43_e008,-2.073853882731588,0.6934060454368591,0.19014991928742997,6.943386000008246
268,R77C3,R77C3,-5,exp5_p0_seed44_e013,-2.1924699806454226,0.7970929145812988,0.08912340424707392,10.538878373681458
268,R77C3,R77C3,-5,exp5_p05_seed42_e020,-3.806936625372455,0.970953643321991,0.11279447342421976,4.6332066960469
268,R77C3,R77C3,-5,exp5_p05_seed43_e022,-3.5938471928735005,1.0309438705444336,0.12570972103271408,5.483163926199774
268,R77C3,R77C3,-5,exp5_p05_seed44_e014,-2.1140893301146746,0.7391393780708313,0.1659564052385904,7.442856285589583
269,R77C3,R77C3,0,exp5_p0_seed42_e015,0.014862047709559602,0.32889872789382935,0.40813196842822363,14.434757437149043
269,R77C3,R77C3,0,exp5_p0_seed43_e008,0.1244946977461355,0.41605204343795776,0.3580727119806427,6.993115461637201
269,R77C3,R77C3,0,exp5_p0_seed44_e013,-0.700154720223576,0.6853762269020081,0.3242827004563744,10.553427822733745
269,R77C3,R77C3,0,exp5_p05_seed42_e020,-1.0707552345305247,0.5862649083137512,0.2536110654503922,4.533462869168069
269,R77C3,R77C3,0,exp5_p05_seed43_e022,-0.9838426361492141,0.6605983376502991,0.2633246670357549,5.409609841656559
269,R77C3,R77C3,0,exp5_p05_seed44_e014,-0.004006182800703803,0.577862024307251,0.39113768384885605,7.346668218966243
270,R77C3,R77C3,5,exp5_p0_seed42_e015,0.40749194543818323,0.4654802978038788,0.5091337410318095,13.963356861734969
270,R77C3,R77C3,5,exp5_p0_seed43_e008,1.219967264909052,0.38057348132133484,0.5205180012281999,7.086576775041088
270,R77C3,R77C3,5,exp5_p0_seed44_e013,0.1148151781675209,0.7488380074501038,0.5001884378103446,10.485315622348214
270,R77C3,R77C3,5,exp5_p05_seed42_e020,0.5694502445242079,0.5682225823402405,0.454442762081714,4.465730829850479
270,R77C3,R77C3,5,exp5_p05_seed43_e022,0.7322035154972661,0.5729954242706299,0.46568446103652594,5.330358434865698
270,R77C3,R77C3,5,exp5_p05_seed44_e014,1.0352560915335594,0.6307722926139832,0.5475216548789845,7.302239222687815
271,R77C3,R77C3,-5,exp5_p0_seed42_e015,0.6396258224237593,0.46517953276634216,0.6356827055387537,8.830189062582734
271,R77C3,R77C3,-5,exp5_p0_seed43_e008,-0.21835727518621925,0.5548944473266602,0.6608142225127944,6.314712927971029
271,R77C3,R77C3,-5,exp5_p0_seed44_e013,0.2583855802424519,0.2247650921344757,0.5125101762265948,10.87361496677077
271,R77C3,R77C3,-5,exp5_p05_seed42_e020,-2.559054965280691,0.4373452067375183,0.49859519040637323,5.778197300112907
271,R77C3,R77C3,-5,exp5_p05_seed43_e022,-1.7358696859865128,0.43973439931869507,0.5367653079834681,6.212069425176522
271,R77C3,R77C3,-5,exp5_p05_seed44_e014,-0.9574932312189239,0.3494222164154053,0.493343188656316,8.110330925062199
272,R77C3,R77C3,0,exp5_p0_seed42_e015,1.6841867201481637,0.6507588028907776,0.7129347192112914,8.734854661722961
272,R77C3,R77C3,0,exp5_p0_seed43_e008,1.9625853207135657,0.7011897563934326,0.7667829253317837,6.297539437853353
272,R77C3,R77C3,0,exp5_p0_seed44_e013,1.192976965959959,0.33642008900642395,0.667988002143187,10.659690294573654
272,R77C3,R77C3,0,exp5_p05_seed42_e020,0.21772668969583953,0.4506020247936249,0.6670444047154324,5.749402180922367
272,R77C3,R77C3,0,exp5_p05_seed43_e022,0.6821341421730407,0.48222821950912476,0.6946114419642326,6.132914724868113
272,R77C3,R77C3,0,exp5_p05_seed44_e014,0.9371407676700347,0.3904837667942047,0.657171555669863,8.042767689394905
273,R77C3,R77C3,5,exp5_p0_seed42_e015,2.3892077484494,0.7002188563346863,0.7574307445578045,8.584795677442488
273,R77C3,R77C3,5,exp5_p0_seed43_e008,3.256812009469789,0.7731546759605408,0.8179419784143995,6.284212367437753
273,R77C3,R77C3,5,exp5_p0_seed44_e013,1.869719221490982,0.3845082223415375,0.7122584235084111,10.218358158750824
273,R77C3,R77C3,5,exp5_p05_seed42_e020,2.2149402212464593,0.5662444233894348,0.7739742729733485,5.707369772080676
273,R77C3,R77C3,5,exp5_p05_seed43_e022,2.273207989809508,0.5415876507759094,0.7735464517680272,6.02886809814601
273,R77C3,R77C3,5,exp5_p05_seed44_e014,2.4229710697699782,0.5967637300491333,0.7620639299537105,7.950529196704178
274,R77C3,R77C3,-5,exp5_p0_seed42_e015,-0.11677938559058978,0.4652242362499237,0.15801079364976833,12.223214854902496
274,R77C3,R77C3,-5,exp5_p0_seed43_e008,-2.3357227575538118,1.5496150255203247,0.14457215256645778,5.678839758335281
274,R77C3,R77C3,-5,exp5_p0_seed44_e013,-1.5337888729739277,1.0582555532455444,0.14418670829560812,9.115336816847083
274,R77C3,R77C3,-5,exp5_p05_seed42_e020,-3.9669480257120093,1.7399407625198364,0.13411505788138056,5.29527578541429
274,R77C3,R77C3,-5,exp5_p05_seed43_e022,-3.2984128061949085,1.6045476198196411,0.14316412771139347,5.701474453945812
274,R77C3,R77C3,-5,exp5_p05_seed44_e014,-2.0003575759297525,1.3208246231079102,0.1204938788486517,7.908703569458636
275,R77C3,R77C3,0,exp5_p0_seed42_e015,0.6420141097021486,0.31029629707336426,0.2662427302004335,12.096529784797676
275,R77C3,R77C3,0,exp5_p0_seed43_e008,0.008386071109140875,0.90557461977005,0.21423654602724862,5.709894873340523
275,R77C3,R77C3,0,exp5_p0_seed44_e013,-0.2013626795481624,0.5801671743392944,0.15167302605313365,9.244206122458726
275,R77C3,R77C3,0,exp5_p05_seed42_e020,-1.14304550777454,1.0361658334732056,0.15439761687228476,5.132032389776951
275,R77C3,R77C3,0,exp5_p05_seed43_e022,-0.616961466666993,1.0283808708190918,0.20178116504424157,5.683241225395184
275,R77C3,R77C3,0,exp5_p05_seed44_e014,-0.3127039525582678,0.8176801204681396,0.13078774969509646,7.819960330173013
276,R77C3,R77C3,5,exp5_p0_seed42_e015,1.0172073045926675,0.28116726875305176,0.38649482808873953,12.050189246107257
276,R77C3,R77C3,5,exp5_p0_seed43_e008,1.0404169102897407,0.5777191519737244,0.31804219906514464,5.752784750171561
276,R77C3,R77C3,5,exp5_p0_seed44_e013,0.4151536656962737,0.36982566118240356,0.16687929880067826,9.27954099912772
276,R77C3,R77C3,5,exp5_p05_seed42_e020,0.28777035557890207,0.6976045966148376,0.24339770598539393,4.880938223586331
276,R77C3,R77C3,5,exp5_p05_seed43_e022,0.6710362156555891,0.6680293679237366,0.3041737890087156,5.599523513924271
276,R77C3,R77C3,5,exp5_p05_seed44_e014,0.4770459738783925,0.5554354190826416,0.25247142945615947,7.619594180055036
277,R77C3,R77C3,-5,exp5_p0_seed42_e015,0.773348485316176,0.2651790380477905,0.2266196981827057,9.02072043541798
277,R77C3,R77C3,-5,exp5_p0_seed43_e008,-0.7351138372395554,0.8584932088851929,0.24429370874301795,6.594247750694716
277,R77C3,R77C3,-5,exp5_p0_seed44_e013,-0.0908047125685752,0.12575991451740265,0.21276136347734226,10.273197561612836
277,R77C3,R77C3,-5,exp5_p05_seed42_e020,-2.4408688065422517,0.97364741563797,0.19686851229349486,6.499321313316445
277,R77C3,R77C3,-5,exp5_p05_seed43_e022,-1.9469134580008394,0.8501699566841125,0.20876833631576439,6.399809918211061
277,R77C3,R77C3,-5,exp5_p05_seed44_e014,-0.26230259663272865,0.7231038808822632,0.24724929541118099,7.496771158995946
278,R77C3,R77C3,0,exp5_p0_seed42_e015,2.018499061716978,0.26653218269348145,0.34394333171105346,9.071114418167582
278,R77C3,R77C3,0,exp5_p0_seed43_e008,1.6735830541313277,0.681884765625,0.3999656082076494,6.593481056621386
278,R77C3,R77C3,0,exp5_p0_seed44_e013,1.0912351334920614,0.13655418157577515,0.33549241816795783,10.28510713361209
278,R77C3,R77C3,0,exp5_p05_seed42_e020,0.5408125038504373,0.690574586391449,0.3494098788349268,6.474956989614472
278,R77C3,R77C3,0,exp5_p05_seed43_e022,0.8430875928063966,0.6435790657997131,0.352341062071305,6.360593807662134
278,R77C3,R77C3,0,exp5_p05_seed44_e014,1.5270215859482055,0.581899106502533,0.39548354515940176,7.477750191273042
279,R77C3,R77C3,5,exp5_p0_seed42_e015,2.794478250397863,0.38775113224983215,0.5022158779273893,9.20545610902609
279,R77C3,R77C3,5,exp5_p0_seed43_e008,3.2324197602543494,0.6979245543479919,0.549660339771947,6.601904337868268
279,R77C3,R77C3,5,exp5_p0_seed44_e013,1.9501835511864734,0.31141412258148193,0.48410536837277707,10.108653693082877
279,R77C3,R77C3,5,exp5_p05_seed42_e020,2.2543087256210144,0.5843428373336792,0.5036219932983529,6.395700618922372
279,R77C3,R77C3,5,exp5_p05_seed43_e022,2.423349750074059,0.575253963470459,0.5044653677218398,6.2878639322736
279,R77C3,R77C3,5,exp5_p05_seed44_e014,2.63895482784926,0.5513206720352173,0.5266350584873207,7.420236071404249
280,R77C3,R77C3,-5,exp5_p0_seed42_e015,0.9352346970036809,0.26968926191329956,0.36283735553968177,12.358375854248614
280,R77C3,R77C3,-5,exp5_p0_seed43_e008,-0.3714945334437544,0.5178695917129517,0.3613786519287591,6.931355980871993
280,R77C3,R77C3,-5,exp5_p0_seed44_e013,0.3868958546628344,0.13578471541404724,0.2932487897938685,11.919524400737538
280,R77C3,R77C3,-5,exp5_p05_seed42_e020,-2.157451587215103,0.6102227568626404,0.24537808734837177,5.145760714218872
280,R77C3,R77C3,-5,exp5_p05_seed43_e022,-1.7637922232948589,0.5420860052108765,0.22850809508755138,5.866577965831208
280,R77C3,R77C3,-5,exp5_p05_seed44_e014,-0.3485486508326364,0.4650748372077942,0.31813793918497174,8.016219430464277
281,R77C3,R77C3,0,exp5_p0_seed42_e015,2.1420384197283733,0.3735085427761078,0.5411378392829359,12.273556643194523
281,R77C3,R77C3,0,exp5_p0_seed43_e008,2.1173627445705647,0.5058269500732422,0.5722326985990973,6.938122672690852
281,R77C3,R77C3,0,exp5_p0_seed44_e013,1.0453508025040328,0.18882311880588531,0.4776177176989564,11.914868318109393
281,R77C3,R77C3,0,exp5_p05_seed42_e020,0.4828507964523948,0.455830454826355,0.4176861868150428,5.109924596545886
281,R77C3,R77C3,0,exp5_p05_seed43_e022,0.6994997393585929,0.4496239721775055,0.4391631824699251,5.8125534971693025
281,R77C3,R77C3,0,exp5_p05_seed44_e014,1.2650519980759125,0.40548911690711975,0.49194854556570466,7.912223161942177
282,R77C3,R77C3,5,exp5_p0_seed42_e015,2.9557626102675356,0.5136920809745789,0.6733696247128326,12.101826218647787
282,R77C3,R77C3,5,exp5_p0_seed43_e008,3.4443227904608826,0.6018977165222168,0.7046608246103584,6.952960151284908
282,R77C3,R77C3,5,exp5_p0_seed44_e013,1.435252156122235,0.2746082842350006,0.6239065586265334,11.813575835517046
282,R77C3,R77C3,5,exp5_p05_seed42_e020,1.934025840455631,0.43123891949653625,0.5962033468954049,5.072025674700975
282,R77C3,R77C3,5,exp5_p05_seed43_e022,2.042757471809588,0.441028356552124,0.6228964603065568,5.74948386108435
282,R77C3,R77C3,5,exp5_p05_seed44_e014,2.265024291225581,0.4132748246192932,0.6404473483474655,7.763558239226503
283,R77C3,R77C3,-5,exp5_p0_seed42_e015,0.40782000554312925,0.5905519723892212,0.3296958006402879,12.869020979540853
283,R77C3,R77C3,-5,exp5_p0_seed43_e008,-1.0504082012009561,1.122488260269165,0.41796834659427556,8.634301373350233
283,R77C3,R77C3,-5,exp5_p0_seed44_e013,0.07517870760783167,0.46680790185928345,0.30885928579546973,13.471784646148786
283,R77C3,R77C3,-5,exp5_p05_seed42_e020,-2.535974933557292,1.2449296712875366,0.3489386819869966,6.5648971937741365
283,R77C3,R77C3,-5,exp5_p05_seed43_e022,-1.9409809501550155,1.1794755458831787,0.3446257097244216,7.26291979634412
283,R77C3,R77C3,-5,exp5_p05_seed44_e014,-0.7055936727834883,1.0619189739227295,0.3828491946535005,9.225008331937927
284,R77C3,R77C3,0,exp5_p0_seed42_e015,1.1091643158384539,0.6329541802406311,0.44581375249893507,12.69888570568228
284,R77C3,R77C3,0,exp5_p0_seed43_e008,1.076233914397696,0.8635399341583252,0.5446064515758229,8.669116451765532
284,R77C3,R77C3,0,exp5_p0_seed44_e013,0.9670778136129831,0.5598838925361633,0.43197829801953985,13.371809821539653
284,R77C3,R77C3,0,exp5_p05_seed42_e020,0.0872398062693311,0.7846857309341431,0.476602841096468,6.522034233380407
284,R77C3,R77C3,0,exp5_p05_seed43_e022,0.4584825396541108,0.8444529175758362,0.48554017744689676,7.1654295384222095
284,R77C3,R77C3,0,exp5_p05_seed44_e014,0.9790869840974903,0.7565373182296753,0.5084487449460906,9.084910641388184
285,R77C3,R77C3,5,exp5_p0_seed42_e015,1.6755779015683387,0.699707567691803,0.5322458818772918,12.365417782631493
285,R77C3,R77C3,5,exp5_p0_seed43_e008,2.185317719494147,0.7817705869674683,0.6281457922199143,8.703413171554477
285,R77C3,R77C3,5,exp5_p0_seed44_e013,1.5907522188997227,0.6267880201339722,0.5075407810413387,13.024280402463145
285,R77C3,R77C3,5,exp5_p05_seed42_e020,1.4741711989858366,0.644846498966217,0.5773147174292185,6.395242222735766
285,R77C3,R77C3,5,exp5_p05_seed43_e022,1.6170309805306067,0.6555900573730469,0.5755333287885539,6.943791568225137
285,R77C3,R77C3,5,exp5_p05_seed44_e014,1.8899675621611545,0.5991289019584656,0.5943760064710623,8.768083757012421
286,R77C3,R77C3,-5,exp5_p0_seed42_e015,-1.389219675043396,0.3637796938419342,0.3303914036484719,10.532932989004847
286,R77C3,R77C3,-5,exp5_p0_seed43_e008,-1.3916712640401814,0.8167717456817627,0.4278487278194076,5.809900335244066
286,R77C3,R77C3,-5,exp5_p0_seed44_e013,-1.204727808664137,0.6409478783607483,0.35049467236817083,10.408169706423587
286,R77C3,R77C3,-5,exp5_p05_seed42_e020,-2.0923776958292652,1.032650113105774,0.36602334944403553,5.431000508380811
286,R77C3,R77C3,-5,exp5_p05_seed43_e022,-2.090576430997343,1.0603392124176025,0.4082608343957242,5.3559205928687454
286,R77C3,R77C3,-5,exp5_p05_seed44_e014,-2.1830032537349457,0.9461910128593445,0.43532953480590664,6.866989587956266
287,R77C3,R77C3,0,exp5_p0_seed42_e015,0.2620542720664235,0.34876948595046997,0.4290546863290182,10.767407274446953
287,R77C3,R77C3,0,exp5_p0_seed43_e008,0.6366883965901953,0.619340717792511,0.530842416868279,5.832149520000385
287,R77C3,R77C3,0,exp5_p0_seed44_e013,0.2709074081618324,0.5690891742706299,0.450483003620267,10.387530636936582
287,R77C3,R77C3,0,exp5_p05_seed42_e020,0.13291297757904436,0.6879633069038391,0.4622626166379113,5.449886424057276
287,R77C3,R77C3,0,exp5_p05_seed43_e022,0.2734732192599577,0.7753243446350098,0.5210693251556555,5.3618167234687135
287,R77C3,R77C3,0,exp5_p05_seed44_e014,0.19327614442154858,0.6534722447395325,0.5346040780007313,6.907316254752901
288,R77C3,R77C3,5,exp5_p0_seed42_e015,0.9926709742890036,0.40589964389801025,0.4867682710252888,10.93722036195529
288,R77C3,R77C3,5,exp5_p0_seed43_e008,1.603811944981147,0.5005697011947632,0.5780458265468116,5.858546813827138
288,R77C3,R77C3,5,exp5_p0_seed44_e013,1.0746989966860347,0.479631632566452,0.4864337998898361,10.312541794217553
288,R77C3,R77C3,5,exp5_p05_seed42_e020,1.243541660472813,0.5416980385780334,0.525080186790603,5.450138504157086
288,R77C3,R77C3,5,exp5_p05_seed43_e022,1.4491210886316788,0.5639821290969849,0.5753641572591657,5.381525309118777
288,R77C3,R77C3,5,exp5_p05_seed44_e014,1.3567166101543606,0.5421467423439026,0.5772669704069676,6.937455161361587
289,R7813,R7813,-5,exp5_p0_seed42_e015,-0.7402778717936659,0.34821411967277527,0.3792196555492114,7.156143892644269
289,R7813,R7813,-5,exp5_p0_seed43_e008,-1.7395021699522728,0.8957550525665283,0.5043074076037216,5.048105916882798
289,R7813,R7813,-5,exp5_p0_seed44_e013,-1.3126947100979534,0.9639283418655396,0.45621221827088654,5.821441532721694
289,R7813,R7813,-5,exp5_p05_seed42_e020,-1.896181893293687,0.6202784180641174,0.45022757619763154,6.062271721423574
289,R7813,R7813,-5,exp5_p05_seed43_e022,-1.922182948698554,0.7910280823707581,0.49929129905541475,5.973088657293854
289,R7813,R7813,-5,exp5_p05_seed44_e014,-2.6054177159591294,0.7601850628852844,0.48407465906134134,5.2402689807296285
290,R7813,R7813,0,exp5_p0_seed42_e015,0.2936687456302734,0.3298477530479431,0.4574263719491098,7.102387209158016
290,R7813,R7813,0,exp5_p0_seed43_e008,0.19140806614761544,0.6629459857940674,0.5821900023906835,5.093191530110312
290,R7813,R7813,0,exp5_p0_seed44_e013,-0.05224550429875645,0.7837206721305847,0.5353132636889021,5.760125957179424
290,R7813,R7813,0,exp5_p05_seed42_e020,-0.09616892016012002,0.5121313333511353,0.5204771392789382,6.019050418094157
290,R7813,R7813,0,exp5_p05_seed43_e022,0.052142666303902276,0.6510124802589417,0.5675273623047836,5.932450455151017
290,R7813,R7813,0,exp5_p05_seed44_e014,-0.4428066295896562,0.6226921081542969,0.5456621626355409,5.259644606083996
291,R7813,R7813,5,exp5_p0_seed42_e015,0.767745025376011,0.4440414607524872,0.5247566296787088,7.226171256833624
291,R7813,R7813,5,exp5_p0_seed43_e008,1.0544149049240168,0.6107510924339294,0.5974523078074833,5.1464173854709205
291,R7813,R7813,5,exp5_p0_seed44_e013,0.47250873192019477,0.6617421507835388,0.5700738623747729,5.770270577851798
291,R7813,R7813,5,exp5_p05_seed42_e020,0.7969197645308067,0.44667765498161316,0.5513133193390973,5.9656588368880525
291,R7813,R7813,5,exp5_p05_seed43_e022,0.9853349885983437,0.5678454041481018,0.5864688544351432,5.885449945755832
291,R7813,R7813,5,exp5_p05_seed44_e014,0.6995518494176587,0.5981394648551941,0.5655934588641895,5.304274413527087
292,R7813,R7813,-5,exp5_p0_seed42_e015,-1.0108940183229067,0.31902122497558594,0.3669917558845518,6.182804246111104
292,R7813,R7813,-5,exp5_p0_seed43_e008,-2.7679092765977926,0.5254559516906738,0.40588147943578434,4.503682097289748
292,R7813,R7813,-5,exp5_p0_seed44_e013,-1.912164686762272,0.7843421697616577,0.50619043653015,5.088387302420908
292,R7813,R7813,-5,exp5_p05_seed42_e020,-2.404612369090137,0.7002530097961426,0.38368788503407164,5.642059954594449
292,R7813,R7813,-5,exp5_p05_seed43_e022,-2.770435761471793,0.6632880568504333,0.4409704415290702,5.696656409405538
292,R7813,R7813,-5,exp5_p05_seed44_e014,-2.8218535955909294,0.7081345915794373,0.4468843653837154,4.639511763416252
293,R7813,R7813,0,exp5_p0_seed42_e015,-0.018922500634499483,0.2778823971748352,0.4612052474475488,6.447288175988697
293,R7813,R7813,0,exp5_p0_seed43_e008,-0.3274737190617937,0.41238731145858765,0.49825396316146614,4.516064968134878
293,R7813,R7813,0,exp5_p0_seed44_e013,-0.4832174688241808,0.6458513140678406,0.604980134391704,5.008577727199643
293,R7813,R7813,0,exp5_p05_seed42_e020,-0.29495945007166174,0.5822049379348755,0.46692484625169844,5.654097607221663
293,R7813,R7813,0,exp5_p05_seed43_e022,-0.342588109062941,0.5447235107421875,0.5319150091445269,5.70760363731723
293,R7813,R7813,0,exp5_p05_seed44_e014,-0.6292958046112268,0.5523530840873718,0.5386695728701935,4.645705975332636
294,R7813,R7813,5,exp5_p0_seed42_e015,0.41503773571527686,0.3620613217353821,0.5366724698900067,6.623362019366724
294,R7813,R7813,5,exp5_p0_seed43_e008,0.7568863651527702,0.42109787464141846,0.5564919344338471,4.553850323097767
294,R7813,R7813,5,exp5_p0_seed44_e013,-0.08627246958010151,0.6338150501251221,0.6338131460256369,5.249336805767254
294,R7813,R7813,5,exp5_p05_seed42_e020,0.6643879458407719,0.5057286024093628,0.5254397272613142,5.627817726392966
294,R7813,R7813,5,exp5_p05_seed43_e022,0.7018043483579008,0.49463537335395813,0.5907096077302946,5.680141013453338
294,R7813,R7813,5,exp5_p05_seed44_e014,0.4187581299014839,0.5306007266044617,0.5840826792935084,4.588768064776049
295,R7813,R7813,-5,exp5_p0_seed42_e015,-0.972350826511932,0.8573486804962158,0.3790380651606517,6.671443813736774
295,R7813,R7813,-5,exp5_p0_seed43_e008,-1.7582808618624937,2.2682299613952637,0.4916267497337215,4.671954549853461
295,R7813,R7813,-5,exp5_p0_seed44_e013,-0.7805835937080705,2.2807583808898926,0.46360265559889363,8.284574207551932
295,R7813,R7813,-5,exp5_p05_seed42_e020,-1.639678590842228,2.2061567306518555,0.46443827957467776,6.495718520230783
295,R7813,R7813,-5,exp5_p05_seed43_e022,-1.5086803990349862,2.484631299972534,0.48037475912862315,5.945614916815792
295,R7813,R7813,-5,exp5_p05_seed44_e014,-1.73895238941456,2.198753595352173,0.49094586038707716,6.31866534755999
296,R7813,R7813,0,exp5_p0_seed42_e015,0.4262267497125966,0.636764407157898,0.46439964589968935,6.813043538478106
296,R7813,R7813,0,exp5_p0_seed43_e008,0.6365876807595585,1.5433745384216309,0.5524921202094332,4.683980693092073
296,R7813,R7813,0,exp5_p0_seed44_e013,0.6558239625265615,1.6223379373550415,0.527510749068618,8.39195066302635
296,R7813,R7813,0,exp5_p05_seed42_e020,0.6166428307875387,1.312684178352356,0.5165121921403604,6.4500098026551225
296,R7813,R7813,0,exp5_p05_seed43_e022,0.7159836295232574,1.5864455699920654,0.5405544947961145,5.873337260123728
296,R7813,R7813,0,exp5_p05_seed44_e014,0.5083026111708819,1.4193825721740723,0.5427779096592217,6.227774928880913
297,R7813,R7813,5,exp5_p0_seed42_e015,1.3429124287339078,0.503533661365509,0.5355128110748647,6.856553345001495
297,R7813,R7813,5,exp5_p0_seed43_e008,1.9390672031892067,1.0981627702713013,0.6158275177558467,4.708896390658561
297,R7813,R7813,5,exp5_p0_seed44_e013,1.5108156889901403,1.2444558143615723,0.6016744469502571,8.584645772941172
297,R7813,R7813,5,exp5_p05_seed42_e020,1.729290118753436,0.9815914630889893,0.5710112521443508,6.320519094871498
297,R7813,R7813,5,exp5_p05_seed43_e022,1.8171012539450324,1.1047247648239136,0.6028804994835869,5.815332436506954
297,R7813,R7813,5,exp5_p05_seed44_e014,1.6597502523027177,1.0232793092727661,0.5968489394917496,6.017729549905928
298,R7813,R7813,-5,exp5_p0_seed42_e015,-0.2033976534423957,1.0871469974517822,0.3250224735101645,7.657277615232775
298,R7813,R7813,-5,exp5_p0_seed43_e008,-1.024734790422111,3.4218485355377197,0.3509233811415707,4.775092291819107
298,R7813,R7813,-5,exp5_p0_seed44_e013,-0.3175922015932914,3.1062827110290527,0.37909304465404065,8.511704977758297
298,R7813,R7813,-5,exp5_p05_seed42_e020,-1.3694988400412371,2.428367853164673,0.3419284401135392,6.278969680124398
298,R7813,R7813,-5,exp5_p05_seed43_e022,-1.6333888756376145,2.733933210372925,0.3486566382214568,5.772308738892197
298,R7813,R7813,-5,exp5_p05_seed44_e014,-1.6512132124583003,2.4907946586608887,0.3573931228695792,5.930631154524799
299,R7813,R7813,0,exp5_p0_seed42_e015,0.9238553803563585,0.6487141251564026,0.3208858429661209,7.747691145823493
299,R7813,R7813,0,exp5_p0_seed43_e008,1.4026287290836525,1.8003242015838623,0.33700924319582104,4.779805688334603
299,R7813,R7813,0,exp5_p0_seed44_e013,1.0450000631708272,1.7008697986602783,0.3679057974301652,8.546621967746667
299,R7813,R7813,0,exp5_p05_seed42_e020,1.0686768792946628,1.4627714157104492,0.330366631091543,6.218152727126229
299,R7813,R7813,0,exp5_p05_seed43_e022,0.9623940904837074,1.5307574272155762,0.33721022725956545,5.7458640867338096
299,R7813,R7813,0,exp5_p05_seed44_e014,1.0675380835499542,1.3490729331970215,0.3430760265148733,5.875204493354484
300,R7813,R7813,5,exp5_p0_seed42_e015,1.7393057512288255,0.34554368257522583,0.3508203304643734,7.798959165845627
300,R7813,R7813,5,exp5_p0_seed43_e008,2.869573406087438,0.9709455966949463,0.32409252331129595,4.799599708282822
300,R7813,R7813,5,exp5_p0_seed44_e013,1.831366720773859,0.9923774003982544,0.3317140322118074,8.568990986936496
300,R7813,R7813,5,exp5_p05_seed42_e020,2.3734330645818567,0.8579642176628113,0.3215178122025655,6.0722477238981885
300,R7813,R7813,5,exp5_p05_seed43_e022,2.3330839105129852,0.9289224147796631,0.3212135375723403,5.668002353853316
300,R7813,R7813,5,exp5_p05_seed44_e014,2.421188355276672,0.8454276323318481,0.32860230721258077,5.788571493906499
301,R7813,R7813,-5,exp5_p0_seed42_e015,-0.6427436869213321,1.3823413848876953,0.2953728023914893,8.164908606222467
301,R7813,R7813,-5,exp5_p0_seed43_e008,-1.4713700521476203,1.8476558923721313,0.28867005460923817,5.125192452518256
301,R7813,R7813,-5,exp5_p0_seed44_e013,-1.5907088482867984,1.9027776718139648,0.33404571637486136,8.071453078025012
301,R7813,R7813,-5,exp5_p05_seed42_e020,-1.289172265940586,2.4769039154052734,0.2854011445224991,6.185982874008439
301,R7813,R7813,-5,exp5_p05_seed43_e022,-1.5266344693904803,2.134003162384033,0.2910966612779563,5.6608521988832186
301,R7813,R7813,-5,exp5_p05_seed44_e014,-1.5159328103803458,1.9621946811676025,0.3015263805516002,5.464254929575861
302,R7813,R7813,0,exp5_p0_seed42_e015,0.7346454105039346,0.7235302329063416,0.2453505699113218,8.190495790876469
302,R7813,R7813,0,exp5_p0_seed43_e008,0.5921733424623623,0.9834921956062317,0.265091174492003,5.103708872438033
302,R7813,R7813,0,exp5_p0_seed44_e013,-0.5239951913449603,1.496346116065979,0.2899415938517764,7.732419402017943
302,R7813,R7813,0,exp5_p05_seed42_e020,0.7363528318304624,1.5331084728240967,0.258456323636672,5.9352556553662374
302,R7813,R7813,0,exp5_p05_seed43_e022,0.5811232320743652,1.2131553888320923,0.2675422900783757,5.497859696804472
302,R7813,R7813,0,exp5_p05_seed44_e014,0.5711564653492481,1.1877045631408691,0.2792750710910579,5.287329624998211
303,R7813,R7813,5,exp5_p0_seed42_e015,1.317359289459437,0.47651970386505127,0.1759510294645346,8.35814926096053
303,R7813,R7813,5,exp5_p0_seed43_e008,1.7082761419402157,0.6500633955001831,0.21577942325035857,5.106067593530691
303,R7813,R7813,5,exp5_p0_seed44_e013,0.3410203069881328,1.1146265268325806,0.20460327350710347,7.3367427662633595
303,R7813,R7813,5,exp5_p05_seed42_e020,1.7010899803048245,1.0869988203048706,0.20953697658856024,5.763099981160169
303,R7813,R7813,5,exp5_p05_seed43_e022,1.6875588140200501,0.7573238611221313,0.2174682144652265,5.423179105293942
303,R7813,R7813,5,exp5_p05_seed44_e014,1.575056342656639,0.8411356210708618,0.23259789920036125,5.127961503729633
304,R7813,R7813,-5,exp5_p0_seed42_e015,-0.5974157906070043,0.9128404259681702,0.46216603446075494,7.578189336539357
304,R7813,R7813,-5,exp5_p0_seed43_e008,-1.7831153586767736,1.308380126953125,0.45524623986340496,4.697652255449847
304,R7813,R7813,-5,exp5_p0_seed44_e013,-0.6309202982334499,1.269338607788086,0.4447736487668413,8.114813175684288
304,R7813,R7813,-5,exp5_p05_seed42_e020,-1.5727209857856772,0.9916555285453796,0.46266205031282,6.438331803172698
304,R7813,R7813,-5,exp5_p05_seed43_e022,-1.6476654476555865,1.0065401792526245,0.4604681625716851,6.277395506534191
304,R7813,R7813,-5,exp5_p05_seed44_e014,-2.0435256031723266,0.973598837852478,0.47039013804924407,6.094030207561638
305,R7813,R7813,0,exp5_p0_seed42_e015,0.5484646613731246,0.7070294618606567,0.5438969561074789,7.650536148658959
305,R7813,R7813,0,exp5_p0_seed43_e008,0.3453507688694135,0.8971405029296875,0.5269559902273377,4.711458621798372
305,R7813,R7813,0,exp5_p0_seed44_e013,0.39897183135572734,0.9706578850746155,0.5473632953321945,8.198270281786392
305,R7813,R7813,0,exp5_p05_seed42_e020,0.4796285129128598,0.7071730494499207,0.5240179817370089,6.375992976421826
305,R7813,R7813,0,exp5_p05_seed43_e022,0.540171731536363,0.7152140140533447,0.520809183213669,6.275985688396494
305,R7813,R7813,0,exp5_p05_seed44_e014,0.18368731892806678,0.7153576016426086,0.5293343881034314,6.011503066054634
306,R7813,R7813,5,exp5_p0_seed42_e015,1.171848154418293,0.6193298697471619,0.6030294062264004,7.7191334450406535
306,R7813,R7813,5,exp5_p0_seed43_e008,1.4800649564768902,0.7561606168746948,0.5847511274089096,4.743002906681163
306,R7813,R7813,5,exp5_p0_seed44_e013,0.8986497736167215,0.8254310488700867,0.607590363053608,8.182752774186232
306,R7813,R7813,5,exp5_p05_seed42_e020,1.4774543915981722,0.602397084236145,0.5780619869148572,6.243043556187952
306,R7813,R7813,5,exp5_p05_seed43_e022,1.5502775673369271,0.612830400466919,0.5878082094283662,6.2462546720398615
306,R7813,R7813,5,exp5_p05_seed44_e014,1.3614316287164439,0.5714391469955444,0.5844974200985351,5.873138716222893
307,R7813,R7813,-5,exp5_p0_seed42_e015,-1.0087705384025365,1.5819683074951172,0.414073958641467,8.803689892042122
307,R7813,R7813,-5,exp5_p0_seed43_e008,-1.870375713296652,2.340100049972534,0.43161811518096144,5.882761469052408
307,R7813,R7813,-5,exp5_p0_seed44_e013,-1.189127187955777,2.327103614807129,0.44738076691754064,9.146433414782908
307,R7813,R7813,-5,exp5_p05_seed42_e020,-1.3432898601380427,1.8830549716949463,0.4444174434713155,6.3643532384118
307,R7813,R7813,-5,exp5_p05_seed43_e022,-1.3791281350829054,1.6465898752212524,0.4410894803983044,6.106538707346307
307,R7813,R7813,-5,exp5_p05_seed44_e014,-1.5936987590022655,1.6112107038497925,0.44672820203432806,5.672120468373
308,R7813,R7813,0,exp5_p0_seed42_e015,0.6039768064175146,1.1008778810501099,0.4549139112925078,8.863680294232694
308,R7813,R7813,0,exp5_p0_seed43_e008,0.360676479133098,1.4343509674072266,0.489247434686271,5.893191262795304
308,R7813,R7813,0,exp5_p0_seed44_e013,0.29240284837329744,1.5181362628936768,0.5188783397102635,8.881596818780515
308,R7813,R7813,0,exp5_p05_seed42_e020,0.5687181857881147,1.1671556234359741,0.4864171242500183,6.143903538629319
308,R7813,R7813,0,exp5_p05_seed43_e022,0.6342705377097746,1.059193730354309,0.4907148149994931,5.953220640335054
308,R7813,R7813,0,exp5_p05_seed44_e014,0.45961381778507665,1.0141750574111938,0.5040517651461855,5.528130511829838
309,R7813,R7813,5,exp5_p0_seed42_e015,1.2292451556940522,0.9075630307197571,0.5286546160702734,8.884444215054245
309,R7813,R7813,5,exp5_p0_seed43_e008,1.4621689155892257,1.07590913772583,0.5617591254347208,5.907843270740694
309,R7813,R7813,5,exp5_p0_seed44_e013,0.6083079697586031,1.2245784997940063,0.5994251282762995,8.545910253159176
309,R7813,R7813,5,exp5_p05_seed42_e020,1.5217602429239112,0.8648083806037903,0.5279823932582302,5.789325685620841
309,R7813,R7813,5,exp5_p05_seed43_e022,1.5075372984434035,0.7579219937324524,0.5464741375521543,5.698305402393511
309,R7813,R7813,5,exp5_p05_seed44_e014,1.4202639460629165,0.7205117344856262,0.5625879191424719,5.279845706437069
310,R7813,R7813,-5,exp5_p0_seed42_e015,-0.5851949270617091,0.8320233821868896,0.29448800700936884,9.520860250458018
310,R7813,R7813,-5,exp5_p0_seed43_e008,-2.1191647791508714,2.5408995151519775,0.3335838659659529,6.083881400036883
310,R7813,R7813,-5,exp5_p0_seed44_e013,-0.7368894259217419,2.0305769443511963,0.31941717186854046,9.13034980259357
310,R7813,R7813,-5,exp5_p05_seed42_e020,-1.4427713365834485,2.121363639831543,0.2975843047721137,6.554489929324766
310,R7813,R7813,-5,exp5_p05_seed43_e022,-1.7647981166335986,2.270231008529663,0.33255618877805243,5.803518170345187
310,R7813,R7813,-5,exp5_p05_seed44_e014,-1.833003992684135,2.06441068649292,0.31495274726019423,5.844364290696692
311,R7813,R7813,0,exp5_p0_seed42_e015,0.906176017946218,0.4809301197528839,0.24213713831913752,9.595999320886632
311,R7813,R7813,0,exp5_p0_seed43_e008,0.46230775892755877,1.3919892311096191,0.2932331754814652,6.117309746403033
311,R7813,R7813,0,exp5_p0_seed44_e013,0.901275727781924,1.1250016689300537,0.2780459973571554,9.214400443103179
311,R7813,R7813,0,exp5_p05_seed42_e020,0.636478378866554,1.2346171140670776,0.24549109429506724,6.498713123447226
311,R7813,R7813,0,exp5_p05_seed43_e022,0.5186407585001522,1.3740403652191162,0.28146007778177373,5.780855977309266
311,R7813,R7813,0,exp5_p05_seed44_e014,0.472884058337919,1.2314119338989258,0.2683799893551049,5.790494012246402
312,R7813,R7813,5,exp5_p0_seed42_e015,1.7462365694125725,0.40844443440437317,0.19880007154368326,9.834161559057016
312,R7813,R7813,5,exp5_p0_seed43_e008,2.0150062779397078,0.7882552742958069,0.21325544983805989,6.175113434949465
312,R7813,R7813,5,exp5_p0_seed44_e013,1.5618517790833584,0.8072828054428101,0.2134148300269523,9.304219866356684
312,R7813,R7813,5,exp5_p05_seed42_e020,1.8701275638571,0.79915452003479,0.18070540083509312,6.4069922052554436
312,R7813,R7813,5,exp5_p05_seed43_e022,1.7342182619155835,0.8756338357925415,0.21004098281358113,5.732979050427921
312,R7813,R7813,5,exp5_p05_seed44_e014,1.5766306425436418,0.7723682522773743,0.1972499999868764,5.72513568468516
313,R7BF6,R7BF6,-5,exp5_p0_seed42_e015,-1.640664249989619,1.597566843032837,0.3677864722431951,5.820124716496146
313,R7BF6,R7BF6,-5,exp5_p0_seed43_e008,-2.930087976720607,2.367478847503662,0.4426443197028471,3.5162201584269237
313,R7BF6,R7BF6,-5,exp5_p0_seed44_e013,-1.0651244336757055,1.387256383895874,0.45491085299471734,5.939457376774674
313,R7BF6,R7BF6,-5,exp5_p05_seed42_e020,-2.2367449394388643,1.770231008529663,0.4397900079936755,4.993623529684973
313,R7BF6,R7BF6,-5,exp5_p05_seed43_e022,-1.756895597797433,1.7226777076721191,0.4520639012536681,4.930817293802533
313,R7BF6,R7BF6,-5,exp5_p05_seed44_e014,-2.0153414548339237,1.5624679327011108,0.436518516568545,4.557779308593432
314,R7BF6,R7BF6,0,exp5_p0_seed42_e015,0.534432855573994,1.1228209733963013,0.5087574956620908,5.7831814318121735
314,R7BF6,R7BF6,0,exp5_p0_seed43_e008,0.1762922570482663,1.7416986227035522,0.5927685898571289,3.5127157274178042
314,R7BF6,R7BF6,0,exp5_p0_seed44_e013,1.0020415041557476,1.0004056692123413,0.6054885290561522,5.761462057322968
314,R7BF6,R7BF6,0,exp5_p05_seed42_e020,0.7074439304263791,1.163625955581665,0.5877425411640324,4.893539014431971
314,R7BF6,R7BF6,0,exp5_p05_seed43_e022,0.9968048151309443,1.1775678396224976,0.6061158111919439,4.861715766503266
314,R7BF6,R7BF6,0,exp5_p05_seed44_e014,0.6715322756459168,1.1088792085647583,0.5762693026217177,4.469379205676651
315,R7BF6,R7BF6,5,exp5_p0_seed42_e015,1.7593696893711024,0.9274769425392151,0.6071118699077215,5.812021164997814
315,R7BF6,R7BF6,5,exp5_p0_seed43_e008,2.0025031642486844,1.4185177087783813,0.692478770410259,3.502498600355854
315,R7BF6,R7BF6,5,exp5_p0_seed44_e013,2.175421579508618,0.7416994571685791,0.7007422424834543,5.685565931114772
315,R7BF6,R7BF6,5,exp5_p05_seed42_e020,2.299588173004237,0.8476852774620056,0.6892435320289193,4.783009240941028
315,R7BF6,R7BF6,5,exp5_p05_seed43_e022,2.384019148635872,0.8547375202178955,0.7023262701715186,4.807668892424579
315,R7BF6,R7BF6,5,exp5_p05_seed44_e014,2.0733865507393396,0.8881856203079224,0.6657537701520725,4.389002016454729
316,R7BF6,R7BF6,-5,exp5_p0_seed42_e015,0.06754919545940807,0.6987951397895813,0.17771448267482146,6.922038312670587
316,R7BF6,R7BF6,-5,exp5_p0_seed43_e008,-2.131594325223026,3.2304577827453613,0.19264722727532269,3.8770630251602456
316,R7BF6,R7BF6,-5,exp5_p0_seed44_e013,-0.10484557453991884,0.927269697189331,0.18174509854780277,6.611714311683858
316,R7BF6,R7BF6,-5,exp5_p05_seed42_e020,-2.250220002277423,2.518521308898926,0.22301671241819712,5.267197608854652
316,R7BF6,R7BF6,-5,exp5_p05_seed43_e022,-2.0033109476206374,2.396000385284424,0.2287381858438486,4.798939610210184
316,R7BF6,R7BF6,-5,exp5_p05_seed44_e014,-1.6705376227944964,2.7121829986572266,0.20104429652187597,5.416521646483169
317,R7BF6,R7BF6,0,exp5_p0_seed42_e015,0.7922655552558608,0.5180437564849854,0.2578243903903531,6.977644266503984
317,R7BF6,R7BF6,0,exp5_p0_seed43_e008,0.6034660105049797,1.7605979442596436,0.30507194959830003,3.906225746947023
317,R7BF6,R7BF6,0,exp5_p0_seed44_e013,0.7121731689954901,0.6044942140579224,0.2857189750257293,6.595203874282013
317,R7BF6,R7BF6,0,exp5_p05_seed42_e020,0.5945705356986691,1.6024960279464722,0.3199547308676867,5.297050776701311
317,R7BF6,R7BF6,0,exp5_p05_seed43_e022,0.7578199638477202,1.4765102863311768,0.32810738885717966,4.805193485203813
317,R7BF6,R7BF6,0,exp5_p05_seed44_e014,0.7819010968001712,1.5814106464385986,0.30641426196237,5.424404943414571
318,R7BF6,R7BF6,5,exp5_p0_seed42_e015,1.4164400361994247,0.4612254500389099,0.41449779214691546,7.178897930600353
318,R7BF6,R7BF6,5,exp5_p0_seed43_e008,2.48041118948501,1.1612954139709473,0.4692087508954221,3.9509873152641974
318,R7BF6,R7BF6,5,exp5_p0_seed44_e013,1.6996892871157656,0.5691536068916321,0.42818940198595573,6.749443309053218
318,R7BF6,R7BF6,5,exp5_p05_seed42_e020,2.3428117946026648,1.1232852935791016,0.47443950655646,5.325884195863734
318,R7BF6,R7BF6,5,exp5_p05_seed43_e022,2.471309753842129,1.080994725227356,0.4780203706064456,4.7704693243955525
318,R7BF6,R7BF6,5,exp5_p05_seed44_e014,2.2135930921648503,1.0425974130630493,0.46714912929779207,5.396848703512874
319,R7BF6,R7BF6,-5,exp5_p0_seed42_e015,-1.5512342691694647,0.6028040051460266,0.20314468651656067,7.825807410530551
319,R7BF6,R7BF6,-5,exp5_p0_seed43_e008,-3.6299748106598235,0.9662681221961975,0.2116347010074188,5.055244576065405
319,R7BF6,R7BF6,-5,exp5_p0_seed44_e013,-1.0074056088327163,0.9191523790359497,0.25330393313614813,5.995494575430036
319,R7BF6,R7BF6,-5,exp5_p05_seed42_e020,-1.7798133778396998,0.8172003626823425,0.23328769392377682,6.248250726154547
319,R7BF6,R7BF6,-5,exp5_p05_seed43_e022,-1.57213608494729,0.8276923894882202,0.25533201426602153,5.8682108772437935
319,R7BF6,R7BF6,-5,exp5_p05_seed44_e014,-1.5215836018999942,0.7770134806632996,0.22070714667278132,6.178321199680052
320,R7BF6,R7BF6,0,exp5_p0_seed42_e015,0.2763144366007675,0.46426141262054443,0.32542785526738977,7.749801121464273
320,R7BF6,R7BF6,0,exp5_p0_seed43_e008,-0.7517410847407208,0.7969745993614197,0.3502521594219191,5.06722542790083
320,R7BF6,R7BF6,0,exp5_p0_seed44_e013,0.4443863135938213,0.6109535694122314,0.3584923914166337,6.059978480758785
320,R7BF6,R7BF6,0,exp5_p05_seed42_e020,0.3384587261758688,0.6376249194145203,0.3531461223702648,6.187806646172796
320,R7BF6,R7BF6,0,exp5_p05_seed43_e022,0.490770061791232,0.7370771765708923,0.3902035420143109,5.826029046963885
320,R7BF6,R7BF6,0,exp5_p05_seed44_e014,0.35758237940354265,0.5518472790718079,0.31957958362994915,6.1670325248433775
321,R7BF6,R7BF6,5,exp5_p0_seed42_e015,1.0931016917754706,0.41332313418388367,0.4213424918827782,7.645364229615053
321,R7BF6,R7BF6,5,exp5_p0_seed43_e008,0.7683367462727143,0.8425986766815186,0.46018803453994,5.046498607493319
321,R7BF6,R7BF6,5,exp5_p0_seed44_e013,0.9249863960383062,0.6095895171165466,0.45403736496867286,6.029005230721875
321,R7BF6,R7BF6,5,exp5_p05_seed42_e020,1.2200157288223221,0.48707011342048645,0.44779208213795973,6.059760412394537
321,R7BF6,R7BF6,5,exp5_p05_seed43_e022,1.3564097196829707,0.5687932968139648,0.4880170926574338,5.682451521877539
321,R7BF6,R7BF6,5,exp5_p05_seed44_e014,1.0852845675149545,0.4428742527961731,0.41153484018703634,6.167578408033224
322,R7BF6,R7BF6,-5,exp5_p0_seed42_e015,-0.7506592879763176,0.941950798034668,0.25506537634165455,6.106504238344166
322,R7BF6,R7BF6,-5,exp5_p0_seed43_e008,-2.907561859234983,1.7096372842788696,0.3107736198896638,3.31190313581637
322,R7BF6,R7BF6,-5,exp5_p0_seed44_e013,-0.937839627870962,1.1003727912902832,0.2952009460680323,5.146878788054067
322,R7BF6,R7BF6,-5,exp5_p05_seed42_e020,-1.8673306969117711,1.0697884559631348,0.3135281307061838,5.266401753957302
322,R7BF6,R7BF6,-5,exp5_p05_seed43_e022,-2.1419933898723227,1.3663896322250366,0.3162067853948244,5.39298528059973
322,R7BF6,R7BF6,-5,exp5_p05_seed44_e014,-2.0498274531916896,1.0799099206924438,0.3075273595169631,5.387063102161398
323,R7BF6,R7BF6,0,exp5_p0_seed42_e015,0.4499012465607389,0.6486017107963562,0.37681918796422065,6.040728912138826
323,R7BF6,R7BF6,0,exp5_p0_seed43_e008,-0.43118305315655964,1.2263432741165161,0.44207446730456484,3.315532262831218
323,R7BF6,R7BF6,0,exp5_p0_seed44_e013,0.4373301657564497,0.7711842656135559,0.42248183648502585,5.122277628873235
323,R7BF6,R7BF6,0,exp5_p05_seed42_e020,0.14541777590705912,0.7199788689613342,0.4322575249186798,5.249167155717091
323,R7BF6,R7BF6,0,exp5_p05_seed43_e022,0.1071994192317886,0.9315244555473328,0.43513891568820146,5.357225217510022
323,R7BF6,R7BF6,0,exp5_p05_seed44_e014,0.04638756769051085,0.7608397603034973,0.4222737378304747,5.328320412105366
324,R7BF6,R7BF6,5,exp5_p0_seed42_e015,0.9934116523430279,0.4823938310146332,0.4991653272095058,6.171041193328646
324,R7BF6,R7BF6,5,exp5_p0_seed43_e008,0.8056120788000126,0.8954917788505554,0.5581313055521637,3.3282956222452946
324,R7BF6,R7BF6,5,exp5_p0_seed44_e013,1.0500721215074933,0.5921648144721985,0.5232847560246313,5.173478048995392
324,R7BF6,R7BF6,5,exp5_p05_seed42_e020,1.015270242829554,0.5579893589019775,0.529569224696601,5.23545208679201
324,R7BF6,R7BF6,5,exp5_p05_seed43_e022,1.1414081809723913,0.7028807401657104,0.5423324451425104,5.320784412554284
324,R7BF6,R7BF6,5,exp5_p05_seed44_e014,0.9975818260008683,0.5455476641654968,0.5199667137408136,5.250772598918076
325,R7BF6,R7BF6,-5,exp5_p0_seed42_e015,0.18601113931698196,0.45710259675979614,0.25177683623582986,8.583772885473817
325,R7BF6,R7BF6,-5,exp5_p0_seed43_e008,-2.3154548626750655,1.5330780744552612,0.3051467319680571,6.44521349368132
325,R7BF6,R7BF6,-5,exp5_p0_seed44_e013,-0.36198765632693064,1.0151104927062988,0.2766843647295833,9.56251485395107
325,R7BF6,R7BF6,-5,exp5_p05_seed42_e020,-1.5600169782142583,1.3937418460845947,0.3188134018942942,8.591922152671271
325,R7BF6,R7BF6,-5,exp5_p05_seed43_e022,-1.976054301215816,1.393363118171692,0.31753971256876345,8.531974390548982
325,R7BF6,R7BF6,-5,exp5_p05_seed44_e014,-2.2054997429228975,1.5902513265609741,0.328046306443085,8.901833648318236
326,R7BF6,R7BF6,0,exp5_p0_seed42_e015,0.888532657506649,0.3148587942123413,0.36724071920201423,8.27425081562563
326,R7BF6,R7BF6,0,exp5_p0_seed43_e008,0.309093256265794,1.0633869171142578,0.4555321532047736,6.44380509925065
326,R7BF6,R7BF6,0,exp5_p0_seed44_e013,0.5964326737798685,0.7673452496528625,0.4269395477999971,9.46571114696981
326,R7BF6,R7BF6,0,exp5_p05_seed42_e020,0.6916698194423345,0.9104430079460144,0.47158348437159386,8.549565074732046
326,R7BF6,R7BF6,0,exp5_p05_seed43_e022,0.5534740627382727,0.998839795589447,0.4742604552595443,8.495669262906738
326,R7BF6,R7BF6,0,exp5_p05_seed44_e014,0.3239114710646332,1.0373492240905762,0.48066858306312427,8.886281875593262
327,R7BF6,R7BF6,5,exp5_p0_seed42_e015,1.3452404444777377,0.3625641465187073,0.49840589253314493,8.115990183165712
327,R7BF6,R7BF6,5,exp5_p0_seed43_e008,1.7745837681976484,0.8289061784744263,0.6012529308266605,6.4395323699721105
327,R7BF6,R7BF6,5,exp5_p0_seed44_e013,1.392552609912781,0.6745562553405762,0.5760181848961246,9.350639447401841
327,R7BF6,R7BF6,5,exp5_p05_seed42_e020,1.7966181338681244,0.7008959054946899,0.6132528291802273,8.453352145688076
327,R7BF6,R7BF6,5,exp5_p05_seed43_e022,1.8520365254826783,0.7751734256744385,0.618612439148665,8.397045200648417
327,R7BF6,R7BF6,5,exp5_p05_seed44_e014,1.6307236007890973,0.7701689004898071,0.6160215938185802,8.830015231021859
328,R7BF6,R7BF6,-5,exp5_p0_seed42_e015,-1.818494819747659,1.1512455940246582,0.2696428230093255,8.76191205593765
328,R7BF6,R7BF6,-5,exp5_p0_seed43_e008,-2.7116203677884054,2.1276302337646484,0.3778472147421824,6.026549190033519
328,R7BF6,R7BF6,-5,exp5_p0_seed44_e013,-1.8302124808990405,1.2028478384017944,0.38364667217034637,9.317023297265784
328,R7BF6,R7BF6,-5,exp5_p05_seed42_e020,-1.6331514810543983,1.532740831375122,0.35525510749922135,8.101739410952785
328,R7BF6,R7BF6,-5,exp5_p05_seed43_e022,-1.6168998366731648,1.569696068763733,0.3737244170845648,7.392753321613129
328,R7BF6,R7BF6,-5,exp5_p05_seed44_e014,-1.397539782746451,1.147865653038025,0.3368565673898911,7.617324565459313
329,R7BF6,R7BF6,0,exp5_p0_seed42_e015,0.07472700986650974,0.7945267558097839,0.3729052032368788,8.62377795304204
329,R7BF6,R7BF6,0,exp5_p0_seed43_e008,-0.2556791636789386,1.3031067848205566,0.5091152585573788,6.038646593403364
329,R7BF6,R7BF6,0,exp5_p0_seed44_e013,0.19904996096706612,0.7473013997077942,0.48974813594251704,9.177273488310787
329,R7BF6,R7BF6,0,exp5_p05_seed42_e020,0.29698820278316423,0.9151847958564758,0.46810664607983954,8.080968417361603
329,R7BF6,R7BF6,0,exp5_p05_seed43_e022,0.40119271186907274,0.9133684039115906,0.4865973676945747,7.347759970157229
329,R7BF6,R7BF6,0,exp5_p05_seed44_e014,0.3513557942375328,0.7576805949211121,0.45090351196868883,7.585551714515027
330,R7BF6,R7BF6,5,exp5_p0_seed42_e015,0.8067018564763305,0.6461727023124695,0.43178291159770305,8.673358713585111
330,R7BF6,R7BF6,5,exp5_p0_seed43_e008,0.9672405329803425,0.8954172730445862,0.5833012239136045,6.0617747053240905
330,R7BF6,R7BF6,5,exp5_p0_seed44_e013,1.004182027230682,0.5228275060653687,0.5583240070726898,9.183467171053518
330,R7BF6,R7BF6,5,exp5_p05_seed42_e020,1.171163344941309,0.5952422022819519,0.5458158737669512,8.039691096648365
330,R7BF6,R7BF6,5,exp5_p05_seed43_e022,1.2724486309470664,0.6042564511299133,0.5688489737350401,7.27751496429798
330,R7BF6,R7BF6,5,exp5_p05_seed44_e014,1.108421995220595,0.5205739736557007,0.5295319297304684,7.520183710787513
331,R7BF6,R7BF6,-5,exp5_p0_seed42_e015,-1.5402253256200995,0.2591586410999298,0.25275745835267566,8.735623033441557
331,R7BF6,R7BF6,-5,exp5_p0_seed43_e008,-2.3177086767885235,0.5538967251777649,0.5938843532020947,4.556444318302634
331,R7BF6,R7BF6,-5,exp5_p0_seed44_e013,-1.684533172509513,0.2378000169992447,0.046657932930112965,8.803916989437186
331,R7BF6,R7BF6,-5,exp5_p05_seed42_e020,-2.2002706236491982,0.4598968029022217,0.4094858118836727,6.682435780516341
331,R7BF6,R7BF6,-5,exp5_p05_seed43_e022,-1.724039377611133,0.447817325592041,0.4664088493621569,6.111927085428897
331,R7BF6,R7BF6,-5,exp5_p05_seed44_e014,-1.947322470879619,0.3979622423648834,0.4061167745661615,6.616353768335179
332,R7BF6,R7BF6,0,exp5_p0_seed42_e015,0.9676177992905427,0.4480784833431244,0.7046043918063837,9.323528393403384
332,R7BF6,R7BF6,0,exp5_p0_seed43_e008,1.20099509531281,0.859060525894165,0.8019192211074944,4.536215968917841
332,R7BF6,R7BF6,0,exp5_p0_seed44_e013,0.6551351861916127,0.313921719789505,0.6615431023726008,8.895480885404242
332,R7BF6,R7BF6,0,exp5_p05_seed42_e020,0.5262371401356088,0.3896389305591583,0.6716905473283473,6.472297626289738
332,R7BF6,R7BF6,0,exp5_p05_seed43_e022,0.9257063360498653,0.4610367715358734,0.7377454474912929,5.862059368999228
332,R7BF6,R7BF6,0,exp5_p05_seed44_e014,0.6731788925298385,0.324021577835083,0.7053881117479452,6.43842558364084
333,R7BF6,R7BF6,5,exp5_p0_seed42_e015,2.334547127916155,0.5409477353096008,0.7774827332028796,9.016666533054924
333,R7BF6,R7BF6,5,exp5_p0_seed43_e008,3.3016564742271415,0.7217088341712952,0.8480493264506761,4.508873524337989
333,R7BF6,R7BF6,5,exp5_p0_seed44_e013,2.125751151570499,0.3310243785381317,0.7479293110938267,8.612220451288895
333,R7BF6,R7BF6,5,exp5_p05_seed42_e020,2.5057350568656056,0.403967022895813,0.7949775191572515,6.117018518687011
333,R7BF6,R7BF6,5,exp5_p05_seed43_e022,2.6994836935738133,0.5136406421661377,0.8134245019854056,5.579602723588407
333,R7BF6,R7BF6,5,exp5_p05_seed44_e014,2.6363557712109635,0.4333518147468567,0.8028499685885452,5.909924237817762
334,R7BF6,R7BF6,-5,exp5_p0_seed42_e015,-0.9099009968578163,0.4964523911476135,0.21060400732213502,7.500272994575251
334,R7BF6,R7BF6,-5,exp5_p0_seed43_e008,-0.956940090395274,0.7029365301132202,0.3402057998683771,5.378936047537339
334,R7BF6,R7BF6,-5,exp5_p0_seed44_e013,-1.8947155463753225,0.4956129193305969,0.2753099574827303,7.252903641690177
334,R7BF6,R7BF6,-5,exp5_p05_seed42_e020,-0.08981440291592839,0.5347726345062256,0.3424617199474193,6.501682294851452
334,R7BF6,R7BF6,-5,exp5_p05_seed43_e022,-0.4689191534292635,0.5427776575088501,0.31129706284049896,6.057672969399589
334,R7BF6,R7BF6,-5,exp5_p05_seed44_e014,-0.38924713479000056,0.4961265027523041,0.31268265459001465,6.331144451458121
335,R7BF6,R7BF6,0,exp5_p0_seed42_e015,0.1269296926842075,0.46147793531417847,0.3209761061819715,7.3195194447253975
335,R7BF6,R7BF6,0,exp5_p0_seed43_e008,0.6188547868653685,0.6271339654922485,0.47156908303183015,5.3445886305456884
335,R7BF6,R7BF6,0,exp5_p0_seed44_e013,-0.4463222438567296,0.4028758108615875,0.38792770939970667,6.926799503741115
335,R7BF6,R7BF6,0,exp5_p05_seed42_e020,1.0111136855955474,0.4472946226596832,0.47771514198181053,6.558546162461257
335,R7BF6,R7BF6,0,exp5_p05_seed43_e022,0.8252204592243482,0.4234706163406372,0.4419178348929735,6.128868775930243
335,R7BF6,R7BF6,0,exp5_p05_seed44_e014,0.7877591103396522,0.44740161299705505,0.4412129698501222,6.375615827015367
336,R7BF6,R7BF6,5,exp5_p0_seed42_e015,0.8995234561629104,0.3898877501487732,0.392598689635705,7.430876034365711
336,R7BF6,R7BF6,5,exp5_p0_seed43_e008,1.3781373567808106,0.4781658351421356,0.5518179566848951,5.310733378436613
336,R7BF6,R7BF6,5,exp5_p0_seed44_e013,0.626676115428929,0.2977759540081024,0.4689306819254372,6.6345259572072965
336,R7BF6,R7BF6,5,exp5_p05_seed42_e020,1.3587841514102283,0.39763885736465454,0.575748372305216,6.627303044312736
336,R7BF6,R7BF6,5,exp5_p05_seed43_e022,1.4581630166133586,0.34338852763175964,0.5444682130596856,6.265842210391405
336,R7BF6,R7BF6,5,exp5_p05_seed44_e014,1.2954081292774988,0.3700394332408905,0.5475195488735849,6.3799428544004275
337,R81CF,R81CF,-5,exp5_p0_seed42_e015,-0.4172367161419257,0.7761521339416504,0.2417612198214496,14.74110394638256
337,R81CF,R81CF,-5,exp5_p0_seed43_e008,-2.114554952440559,1.6419281959533691,0.2580880886046158,6.1181970695012815
337,R81CF,R81CF,-5,exp5_p0_seed44_e013,-0.13788290333012346,0.7270604372024536,0.23299566754153744,11.107627346869204
337,R81CF,R81CF,-5,exp5_p05_seed42_e020,-2.059169705648057,1.3896722793579102,0.26951255063505647,5.5717611216358875
337,R81CF,R81CF,-5,exp5_p05_seed43_e022,-1.9346791416959213,1.3302587270736694,0.26957897749432885,5.623779534444214
337,R81CF,R81CF,-5,exp5_p05_seed44_e014,-1.2110513069449418,0.9717636108398438,0.22620469306955773,8.629887242961802
338,R81CF,R81CF,0,exp5_p0_seed42_e015,0.2741600377446897,0.48525363206863403,0.31902499161784,14.773308145322083
338,R81CF,R81CF,0,exp5_p0_seed43_e008,0.06480468194053543,1.0652334690093994,0.3854272894594857,6.150021264124094
338,R81CF,R81CF,0,exp5_p0_seed44_e013,0.5541626160222077,0.5458377003669739,0.3610474778777043,11.04247179362465
338,R81CF,R81CF,0,exp5_p05_seed42_e020,-0.01640268710495651,0.873456597328186,0.3841023023534365,5.50902268031966
338,R81CF,R81CF,0,exp5_p05_seed43_e022,0.11713282363958634,0.913555383682251,0.3975950909326848,5.55874812486334
338,R81CF,R81CF,0,exp5_p05_seed44_e014,0.2320483571040435,0.6367864608764648,0.338665402749323,8.625529047802825
339,R81CF,R81CF,5,exp5_p0_seed42_e015,0.5974596074986555,0.42207857966423035,0.386515390823116,15.010772141413895
339,R81CF,R81CF,5,exp5_p0_seed43_e008,1.0606364316528811,0.7005035281181335,0.48825461564214045,6.21162694114523
339,R81CF,R81CF,5,exp5_p0_seed44_e013,0.8457537194632259,0.44138044118881226,0.4618502706537533,10.988398320386425
339,R81CF,R81CF,5,exp5_p05_seed42_e020,0.8663119462122708,0.6355946660041809,0.47479804228115174,5.370497150993443
339,R81CF,R81CF,5,exp5_p05_seed43_e022,1.0525280806627983,0.6697572469711304,0.5054101137567946,5.469824457859466
339,R81CF,R81CF,5,exp5_p05_seed44_e014,0.7706057698959444,0.4611946940422058,0.4261113228974436,8.626090070516188
340,R81CF,R81CF,-5,exp5_p0_seed42_e015,-0.1432016674040834,0.2552469074726105,0.17782841530361623,14.96115834502117
340,R81CF,R81CF,-5,exp5_p0_seed43_e008,-1.8203378165769926,1.022886872291565,0.3101652060066489,6.008561175119094
340,R81CF,R81CF,-5,exp5_p0_seed44_e013,-0.6340120552779837,0.9687633514404297,0.31645572764977214,11.917270800833261
340,R81CF,R81CF,-5,exp5_p05_seed42_e020,-2.1635257042021117,0.9782587289810181,0.302651493082587,5.362276599719929
340,R81CF,R81CF,-5,exp5_p05_seed43_e022,-1.9399628822519568,1.0212252140045166,0.3143988171110315,5.857324118343483
340,R81CF,R81CF,-5,exp5_p05_seed44_e014,-0.9940441646977262,0.6943476796150208,0.2825333413095739,8.551969932886264
341,R81CF,R81CF,0,exp5_p0_seed42_e015,0.23177372319231113,0.31804564595222473,0.26956562217870134,15.175453292125749
341,R81CF,R81CF,0,exp5_p0_seed43_e008,-0.043458384856558493,0.8493391871452332,0.41849073869769854,6.045525645971608
341,R81CF,R81CF,0,exp5_p0_seed44_e013,0.4609449358235712,0.5995665788650513,0.41064483376132993,12.159388617999635
341,R81CF,R81CF,0,exp5_p05_seed42_e020,-0.17176856709371874,0.7053476572036743,0.40114139443010294,5.410258997168565
341,R81CF,R81CF,0,exp5_p05_seed43_e022,-0.06582970815690616,0.7585893869400024,0.4224867088572878,5.8897540633083185
341,R81CF,R81CF,0,exp5_p05_seed44_e014,0.1923420153230489,0.47215166687965393,0.37885590547531883,8.661722643629314
342,R81CF,R81CF,5,exp5_p0_seed42_e015,0.40158614322319164,0.2500365078449249,0.355124421276255,15.330798135224889
342,R81CF,R81CF,5,exp5_p0_seed43_e008,0.75786599335138,0.6912624835968018,0.5003854501409171,6.100381381092119
342,R81CF,R81CF,5,exp5_p0_seed44_e013,0.6793723897966362,0.42933952808380127,0.4635260018169379,12.390604381649077
342,R81CF,R81CF,5,exp5_p05_seed42_e020,0.6296327366249983,0.5497956871986389,0.46866449238061286,5.471601793574331
342,R81CF,R81CF,5,exp5_p05_seed43_e022,0.7040258557385042,0.6239611506462097,0.49134339280122213,5.939716581430469
342,R81CF,R81CF,5,exp5_p05_seed44_e014,0.6624435403272924,0.3905825912952423,0.4475664593154029,8.813054800479074
343,R81CF,R81CF,-5,exp5_p0_seed42_e015,-0.483445396969805,0.5697894096374512,0.11306150186153927,12.824136878543289
343,R81CF,R81CF,-5,exp5_p0_seed43_e008,-1.7384613451405226,1.424892544746399,0.25442234093423727,5.504159395362547
343,R81CF,R81CF,-5,exp5_p0_seed44_e013,-0.5741623902900905,0.9540975093841553,0.24772257276321197,11.060306546713491
343,R81CF,R81CF,-5,exp5_p05_seed42_e020,-1.9162113792275968,1.4010783433914185,0.2498792724747279,5.408486432198709
343,R81CF,R81CF,-5,exp5_p05_seed43_e022,-1.575138048169066,1.226367473602295,0.27952383475761394,5.647985489518569
343,R81CF,R81CF,-5,exp5_p05_seed44_e014,-1.4657784093360402,0.9942340850830078,0.1982276065427314,7.913431252775932
344,R81CF,R81CF,0,exp5_p0_seed42_e015,0.22412950799664214,0.2541370689868927,0.23242918060887485,13.253312319149074
344,R81CF,R81CF,0,exp5_p0_seed43_e008,0.20560030692782144,0.8559501767158508,0.3695609789508764,5.527361762838012
344,R81CF,R81CF,0,exp5_p0_seed44_e013,0.3457317124437986,0.638417661190033,0.3704032599146483,11.160300307186654
344,R81CF,R81CF,0,exp5_p05_seed42_e020,-0.028284446916824506,0.9167331457138062,0.3701024785390833,5.2797211578605
344,R81CF,R81CF,0,exp5_p05_seed43_e022,0.2181712204497671,0.7914015054702759,0.41490558237926417,5.584932521837143
344,R81CF,R81CF,0,exp5_p05_seed44_e014,-0.05708418069673232,0.6353492140769958,0.28340532495826776,7.859423258942315
345,R81CF,R81CF,5,exp5_p0_seed42_e015,0.5627585963408452,0.2788987457752228,0.3778910048922841,13.689469944791597
345,R81CF,R81CF,5,exp5_p0_seed43_e008,1.1614199326115855,0.6070592403411865,0.50754534620982,5.560891687399662
345,R81CF,R81CF,5,exp5_p0_seed44_e013,0.8862697456770499,0.4934864938259125,0.4891652969921663,11.222733750184426
345,R81CF,R81CF,5,exp5_p05_seed42_e020,0.949986225251042,0.6351089477539062,0.49568193946158284,5.114146678663176
345,R81CF,R81CF,5,exp5_p05_seed43_e022,1.0917603030957634,0.6265705227851868,0.526584089206143,5.416667939225187
345,R81CF,R81CF,5,exp5_p05_seed44_e014,0.6683922869274062,0.5032080411911011,0.38826586254077106,7.753416163123823
346,R81CF,R81CF,-5,exp5_p0_seed42_e015,-0.04953270384317984,0.2893182635307312,0.15772364638197856,14.159022349518038
346,R81CF,R81CF,-5,exp5_p0_seed43_e008,-2.2961514438251562,0.9664853811264038,0.1961263413089166,5.722423849524253
346,R81CF,R81CF,-5,exp5_p0_seed44_e013,-1.1488892852322001,0.5426618456840515,0.17712184921634333,11.019065018050744
346,R81CF,R81CF,-5,exp5_p05_seed42_e020,-2.3467725186066533,0.9228701591491699,0.1881006948505587,5.629749653507342
346,R81CF,R81CF,-5,exp5_p05_seed43_e022,-2.3755720331956924,0.9069146513938904,0.19654698162530046,5.624768305084579
346,R81CF,R81CF,-5,exp5_p05_seed44_e014,-1.2893748331344248,0.6509731411933899,0.1284578137720572,8.236632497534268
347,R81CF,R81CF,0,exp5_p0_seed42_e015,0.24120545017890554,0.2235177457332611,0.22637820512055118,14.225442207480114
347,R81CF,R81CF,0,exp5_p0_seed43_e008,-0.39353966538645613,0.5816614031791687,0.2559221188990599,5.804212861626788
347,R81CF,R81CF,0,exp5_p0_seed44_e013,-0.12707551544958728,0.3427664637565613,0.21234147867465575,11.147188086604313
347,R81CF,R81CF,0,exp5_p05_seed42_e020,-0.4792336361801114,0.5486443042755127,0.2436231608542379,5.58053331033788
347,R81CF,R81CF,0,exp5_p05_seed43_e022,-0.40360408608355575,0.536503791809082,0.25232671399508644,5.577544256538424
347,R81CF,R81CF,0,exp5_p05_seed44_e014,-0.1399263669497421,0.3891806900501251,0.21482955725647546,8.244555157752988
348,R81CF,R81CF,5,exp5_p0_seed42_e015,0.4004622953105614,0.2057449370622635,0.2774015106386658,14.492966739377767
348,R81CF,R81CF,5,exp5_p0_seed43_e008,0.4774159671730963,0.44477173686027527,0.3547033688282294,5.906177426989107
348,R81CF,R81CF,5,exp5_p0_seed44_e013,0.23980185010583063,0.27166032791137695,0.2960729388723929,11.112092214667637
348,R81CF,R81CF,5,exp5_p05_seed42_e020,0.4091628672344905,0.41272348165512085,0.3502693363552887,5.418524110869903
348,R81CF,R81CF,5,exp5_p05_seed43_e022,0.47609081433505096,0.4128791391849518,0.3607388909299718,5.406354270901276
348,R81CF,R81CF,5,exp5_p05_seed44_e014,0.4048780907452276,0.29830339550971985,0.3084806267232151,8.191852835020207
349,R81CF,R81CF,-5,exp5_p0_seed42_e015,-0.06709205754055644,3.1210262775421143,0.1244231522509685,14.433196432793235
349,R81CF,R81CF,-5,exp5_p0_seed43_e008,-1.9965233957470707,9.719667434692383,0.09452977373031393,5.391204566172501
349,R81CF,R81CF,-5,exp5_p0_seed44_e013,-1.139277931036622,7.11195182800293,0.14036909172254938,11.098627088876235
349,R81CF,R81CF,-5,exp5_p05_seed42_e020,-3.0088918366944855,11.406129837036133,0.10135941146946657,5.082484291423183
349,R81CF,R81CF,-5,exp5_p05_seed43_e022,-3.0838799954949563,12.426409721374512,0.0859372683532485,5.132335461259076
349,R81CF,R81CF,-5,exp5_p05_seed44_e014,-1.6349679277100202,7.811143398284912,0.1410916963716803,7.765684281384447
350,R81CF,R81CF,0,exp5_p0_seed42_e015,0.39867933864393157,1.8245071172714233,0.18902481803663393,14.525521936578116
350,R81CF,R81CF,0,exp5_p0_seed43_e008,0.2701735111500109,5.213987350463867,0.2690757573458346,5.452552780567338
350,R81CF,R81CF,0,exp5_p0_seed44_e013,-0.1079643447399185,3.8375914096832275,0.18749911989716325,11.134607607599861
350,R81CF,R81CF,0,exp5_p05_seed42_e020,-0.6741655543050646,6.5660834312438965,0.15643978434898256,5.040265751305013
350,R81CF,R81CF,0,exp5_p05_seed43_e022,-0.572146367158523,7.463429927825928,0.1790388937579939,5.104535999385515
350,R81CF,R81CF,0,exp5_p05_seed44_e014,0.2632026910245184,4.698489665985107,0.2375963500976433,7.763440237010494
351,R81CF,R81CF,5,exp5_p0_seed42_e015,0.7439088378920512,1.1468170881271362,0.29874000083372687,14.623683470392567
351,R81CF,R81CF,5,exp5_p0_seed43_e008,1.412244451646715,2.948594808578491,0.4711052523172751,5.540219279429593
351,R81CF,R81CF,5,exp5_p0_seed44_e013,0.4767061367550374,1.7311216592788696,0.17159706075855133,11.135222706426502
351,R81CF,R81CF,5,exp5_p05_seed42_e020,0.8048804270384822,3.850374221801758,0.3722277771032847,4.954714654650737
351,R81CF,R81CF,5,exp5_p05_seed43_e022,0.9963303614420627,4.606606483459473,0.42203687143599383,5.010827730327122
351,R81CF,R81CF,5,exp5_p05_seed44_e014,1.220413684452373,2.9933784008026123,0.43894532308678613,7.697556370543591
352,R81CF,R81CF,-5,exp5_p0_seed42_e015,-0.1366238014581929,1.3398045301437378,0.270026072941041,14.69540211987454
352,R81CF,R81CF,-5,exp5_p0_seed43_e008,-2.1539257058667607,3.062410831451416,0.2927308569233727,5.759971851023586
352,R81CF,R81CF,-5,exp5_p0_seed44_e013,-0.5038500793936167,1.8353326320648193,0.23595579555635618,11.640919198969616
352,R81CF,R81CF,-5,exp5_p05_seed42_e020,-2.530468965270762,2.9126951694488525,0.21033962277060841,5.51992112012944
352,R81CF,R81CF,-5,exp5_p05_seed43_e022,-2.369250704118036,2.7629799842834473,0.2116730274433275,5.6230228219516025
352,R81CF,R81CF,-5,exp5_p05_seed44_e014,-1.1270414426115092,1.753136157989502,0.2561246831900991,8.200053163290182
353,R81CF,R81CF,0,exp5_p0_seed42_e015,0.422682300381978,0.9630211591720581,0.3324669634986673,14.702994983586626
353,R81CF,R81CF,0,exp5_p0_seed43_e008,-0.078806088565008,1.8453383445739746,0.3933834221643217,5.809080326611066
353,R81CF,R81CF,0,exp5_p0_seed44_e013,0.2009304228917198,1.1396880149841309,0.32494625616855466,11.677302085257333
353,R81CF,R81CF,0,exp5_p05_seed42_e020,-0.4528392286959427,1.7297080755233765,0.2952240280436829,5.540048753148072
353,R81CF,R81CF,0,exp5_p05_seed43_e022,-0.31341378656722596,1.6751141548156738,0.3000386637939076,5.646959032345967
353,R81CF,R81CF,0,exp5_p05_seed44_e014,0.1935757086070462,1.1142560243606567,0.3177767967842628,8.288419841478728
354,R81CF,R81CF,5,exp5_p0_seed42_e015,0.6744970197465852,0.7459203600883484,0.38468555587067604,14.736403714632232
354,R81CF,R81CF,5,exp5_p0_seed43_e008,0.9096862295186513,1.3132176399230957,0.47970696650492667,5.884732152196623
354,R81CF,R81CF,5,exp5_p0_seed44_e013,0.4473794268185152,0.7765527963638306,0.34489659853819565,11.80395516127902
354,R81CF,R81CF,5,exp5_p05_seed42_e020,0.5464791905220217,1.1465293169021606,0.40033921867343647,5.568380710514621
354,R81CF,R81CF,5,exp5_p05_seed43_e022,0.6929001269247759,1.2579201459884644,0.4354838203751084,5.689376785604646
354,R81CF,R81CF,5,exp5_p05_seed44_e014,0.7340875611655884,0.7534790635108948,0.42107931989667147,8.414473396770672
355,R81CF,R81CF,-5,exp5_p0_seed42_e015,-0.1953233547273954,0.23774103820323944,0.10034421161429914,13.093323366854747
355,R81CF,R81CF,-5,exp5_p0_seed43_e008,-1.9028913710818671,0.8381174206733704,0.19002304011056156,6.3461395986553315
355,R81CF,R81CF,-5,exp5_p0_seed44_e013,-0.6561677272391415,0.7560250163078308,0.1676047968581807,11.566190183576664
355,R81CF,R81CF,-5,exp5_p05_seed42_e020,-2.3690466646127977,0.9398248195648193,0.19769484219702507,6.10119417783345
355,R81CF,R81CF,-5,exp5_p05_seed43_e022,-2.4160970707874756,0.9361924529075623,0.2007440618562614,6.326073221407643
355,R81CF,R81CF,-5,exp5_p05_seed44_e014,-1.3454126364348862,0.6204151511192322,0.1457073419850164,8.803370137004011
356,R81CF,R81CF,0,exp5_p0_seed42_e015,0.19289783244947728,0.1434740126132965,0.2336523312665139,13.365930647475304
356,R81CF,R81CF,0,exp5_p0_seed43_e008,0.05651246587285862,0.49628835916519165,0.3701376516940775,6.379250266630581
356,R81CF,R81CF,0,exp5_p0_seed44_e013,0.36053579695600413,0.4501819610595703,0.3439774452383839,11.677768414810538
356,R81CF,R81CF,0,exp5_p05_seed42_e020,-0.17104437145285173,0.5700299739837646,0.3920026067592084,6.141928428308393
356,R81CF,R81CF,0,exp5_p05_seed43_e022,-0.09516470304060726,0.6253004670143127,0.406027124260938,6.3693081812475905
356,R81CF,R81CF,0,exp5_p05_seed44_e014,0.01500935886019539,0.42727190256118774,0.2972197796061387,8.877262905141936
357,R81CF,R81CF,5,exp5_p0_seed42_e015,0.435183166236417,0.18029117584228516,0.36546368545022023,13.586699361667113
357,R81CF,R81CF,5,exp5_p0_seed43_e008,1.0910765571233563,0.486855685710907,0.5284118408391837,6.43357802653708
357,R81CF,R81CF,5,exp5_p0_seed44_e013,0.8645904750097645,0.4429987072944641,0.48536534654958186,11.837132710147554
357,R81CF,R81CF,5,exp5_p05_seed42_e020,0.8918147941606608,0.5351417660713196,0.5246403352109962,6.188952431818613
357,R81CF,R81CF,5,exp5_p05_seed43_e022,0.9585266993055315,0.5801277160644531,0.5439824111844495,6.405514141739859
357,R81CF,R81CF,5,exp5_p05_seed44_e014,0.6634720307787768,0.4211136996746063,0.4237486975530708,8.98014239772854
358,R81CF,R81CF,-5,exp5_p0_seed42_e015,0.3239950164489725,0.6544597148895264,0.29583147744771215,15.122514615415042
358,R81CF,R81CF,-5,exp5_p0_seed43_e008,-2.367215672889294,2.4481210708618164,0.24565614475564193,5.7366927970571355
358,R81CF,R81CF,-5,exp5_p0_seed44_e013,-0.8409805826412653,1.6640480756759644,0.19459745385901653,10.685646346915028
358,R81CF,R81CF,-5,exp5_p05_seed42_e020,-2.5412692378613895,2.34291934967041,0.2488338816611428,5.127408323465548
358,R81CF,R81CF,-5,exp5_p05_seed43_e022,-2.64519053201922,2.4295220375061035,0.2088795811412991,5.241352765672797
358,R81CF,R81CF,-5,exp5_p05_seed44_e014,-1.2984854130006624,1.6175501346588135,0.2599763583789392,8.025042659594568
359,R81CF,R81CF,0,exp5_p0_seed42_e015,1.1259657062670667,0.41674086451530457,0.5236411782328049,15.075839463214864
359,R81CF,R81CF,0,exp5_p0_seed43_e008,0.31412633092199227,1.3552197217941284,0.4667247154626091,5.767431861197757
359,R81CF,R81CF,0,exp5_p0_seed44_e013,0.5064095099552373,1.0737842321395874,0.3803655408715015,10.743197072656459
359,R81CF,R81CF,0,exp5_p05_seed42_e020,0.12914419433645874,1.4408159255981445,0.43454389711734764,5.123085051098694
359,R81CF,R81CF,0,exp5_p05_seed43_e022,0.07799383285201589,1.4135050773620605,0.4177357666019128,5.234089050155891
359,R81CF,R81CF,0,exp5_p05_seed44_e014,0.6111680482582955,1.052801489830017,0.43787106232392803,8.006417821413205
360,R81CF,R81CF,5,exp5_p0_seed42_e015,1.850918428048255,0.4124009609222412,0.6491615083207661,14.827089921091119
360,R81CF,R81CF,5,exp5_p0_seed43_e008,2.076968293458559,0.9129993319511414,0.649609290330972,5.839008304146597
360,R81CF,R81CF,5,exp5_p0_seed44_e013,1.2012981798316567,0.7783617377281189,0.5492324452521559,10.86733637732622
360,R81CF,R81CF,5,exp5_p05_seed42_e020,1.6798488820018087,0.9730984568595886,0.5960732258254228,5.125935839873456
360,R81CF,R81CF,5,exp5_p05_seed43_e022,1.7954752340583475,0.9756351113319397,0.6123503619654659,5.227432805397932
360,R81CF,R81CF,5,exp5_p05_seed44_e014,1.6829502729211676,0.7145551443099976,0.58895202523119,8.018064847857522
361,R8219,R8219,-5,exp5_p0_seed42_e015,-1.0986787514544756,0.6636375188827515,0.17482385748194515,5.411203344198782
361,R8219,R8219,-5,exp5_p0_seed43_e008,-1.9158610002181875,1.2025375366210938,0.24041082489404686,4.333377628960263
361,R8219,R8219,-5,exp5_p0_seed44_e013,-1.4417790448897627,1.0791484117507935,0.14394861126442196,5.555000027798296
361,R8219,R8219,-5,exp5_p05_seed42_e020,-2.1486009753010986,1.4327963590621948,0.13954183817195867,5.387713271926467
361,R8219,R8219,-5,exp5_p05_seed43_e022,-2.355806147269818,1.510672926902771,0.15664517386806126,5.955922786462228
361,R8219,R8219,-5,exp5_p05_seed44_e014,-2.170610972298112,1.2628835439682007,0.18018058753810393,6.102576595638739
362,R8219,R8219,0,exp5_p0_seed42_e015,0.12387769816110984,0.35861286520957947,0.3635844747441916,5.3993454672780015
362,R8219,R8219,0,exp5_p0_seed43_e008,0.14707740109305928,0.7291035056114197,0.42881128560986637,4.359826995785671
362,R8219,R8219,0,exp5_p0_seed44_e013,-0.0548414589999402,0.8326391577720642,0.3266573418899661,5.544516869229831
362,R8219,R8219,0,exp5_p05_seed42_e020,-0.06832922095538459,0.9312254786491394,0.32819433024112415,5.357983413475864
362,R8219,R8219,0,exp5_p05_seed43_e022,-0.12105096944314825,0.9583465456962585,0.36306200681748235,5.925621959275906
362,R8219,R8219,0,exp5_p05_seed44_e014,-0.1113943385693521,0.816010057926178,0.3722291317974458,6.058678958180107
363,R8219,R8219,5,exp5_p0_seed42_e015,0.6475755827699293,0.397815465927124,0.5003005930594818,5.479668045795947
363,R8219,R8219,5,exp5_p0_seed43_e008,1.1825363181803734,0.6334381699562073,0.5265015900874644,4.401824853832298
363,R8219,R8219,5,exp5_p0_seed44_e013,0.2723245267008412,0.9930412173271179,0.5124905041335764,5.531320126825966
363,R8219,R8219,5,exp5_p05_seed42_e020,0.9763952869773682,0.6861447691917419,0.4632163680792244,5.313234008792661
363,R8219,R8219,5,exp5_p05_seed43_e022,1.043470899233491,0.7060295939445496,0.5039038977359138,5.884068633070102
363,R8219,R8219,5,exp5_p05_seed44_e014,0.9992939133673715,0.6914154887199402,0.5071691443205393,5.991386135746134
364,R8219,R8219,-5,exp5_p0_seed42_e015,-0.5170740942602209,0.7025187015533447,0.23030316724222052,9.260723363039675
364,R8219,R8219,-5,exp5_p0_seed43_e008,-1.2899512265437698,0.828089714050293,0.30373322000863184,5.892359604984453
364,R8219,R8219,-5,exp5_p0_seed44_e013,-0.8781460241074346,0.8251484632492065,0.2665163718311198,8.02905133375573
364,R8219,R8219,-5,exp5_p05_seed42_e020,-1.4901899496747761,1.1201837062835693,0.28492078046316743,5.863651885451358
364,R8219,R8219,-5,exp5_p05_seed43_e022,-1.6503925623833304,1.077195405960083,0.2971328098525197,5.7506726463315765
364,R8219,R8219,-5,exp5_p05_seed44_e014,-1.6217133070816874,0.8683629631996155,0.28624554899156957,5.822208497366802
365,R8219,R8219,0,exp5_p0_seed42_e015,0.41720753997369275,0.6474940776824951,0.3401344492342953,9.497043865035357
365,R8219,R8219,0,exp5_p0_seed43_e008,0.4938533766008423,0.7224140763282776,0.4165271420778543,5.952651080101519
365,R8219,R8219,0,exp5_p0_seed44_e013,0.3682217258883053,0.6287972927093506,0.37821293263554745,8.021696860268307
365,R8219,R8219,0,exp5_p05_seed42_e020,0.39474030884233746,0.7704158425331116,0.3997386585589609,5.791328697409632
365,R8219,R8219,0,exp5_p05_seed43_e022,0.42131558429775423,0.7269224524497986,0.41111825179604417,5.736821786894264
365,R8219,R8219,0,exp5_p05_seed44_e014,0.28183211353691223,0.5940556526184082,0.3910029506110703,5.78667840336704
366,R8219,R8219,5,exp5_p0_seed42_e015,0.8763411266304741,0.5147866010665894,0.4190818205611327,9.836440091397147
366,R8219,R8219,5,exp5_p0_seed43_e008,1.284853658663344,0.6810755729675293,0.4961675674868057,6.0465470392005916
366,R8219,R8219,5,exp5_p0_seed44_e013,0.9476057337536092,0.5221947431564331,0.45963968864334526,8.204359467731217
366,R8219,R8219,5,exp5_p05_seed42_e020,1.176200638871182,0.5622301697731018,0.4804867167817576,5.604103481984283
366,R8219,R8219,5,exp5_p05_seed43_e022,1.244511535762278,0.5518273115158081,0.4865293513106578,5.617249117787104
366,R8219,R8219,5,exp5_p05_seed44_e014,1.0654295882748908,0.47049543261528015,0.46840469910484855,5.666727564733654
367,R8219,R8219,-5,exp5_p0_seed42_e015,-0.37553854885086474,0.5252323150634766,0.22992628033887844,10.466584361545113
367,R8219,R8219,-5,exp5_p0_seed43_e008,-0.982068989262126,0.8313193917274475,0.25551327308444644,6.540901030632293
367,R8219,R8219,-5,exp5_p0_seed44_e013,-0.3704780529712466,0.55714350938797,0.1915381710634502,9.397636822760884
367,R8219,R8219,-5,exp5_p05_seed42_e020,-1.3612846651870232,0.8207365870475769,0.23603981556522374,6.182251784233496
367,R8219,R8219,-5,exp5_p05_seed43_e022,-1.3800425952981388,0.7948493957519531,0.2584592495378416,6.443370316381319
367,R8219,R8219,-5,exp5_p05_seed44_e014,-1.205950745450778,0.7363998293876648,0.24678434584511516,7.753801471226259
368,R8219,R8219,0,exp5_p0_seed42_e015,0.33207290623311597,0.46567028760910034,0.3236313707174722,10.59892047971209
368,R8219,R8219,0,exp5_p0_seed43_e008,0.38249726546877577,0.6703002452850342,0.3737820397407232,6.577578256581963
368,R8219,R8219,0,exp5_p0_seed44_e013,0.3165595712144376,0.4545964300632477,0.29230446640096275,9.486669989993036
368,R8219,R8219,0,exp5_p05_seed42_e020,0.2703347681536634,0.5682691931724548,0.3504444180887573,6.1633520583110695
368,R8219,R8219,0,exp5_p05_seed43_e022,0.32736777689496344,0.5680798888206482,0.37262313094980676,6.440120681781787
368,R8219,R8219,0,exp5_p05_seed44_e014,0.33328428890289113,0.5044761896133423,0.3485208651178421,7.740656605591374
369,R8219,R8219,5,exp5_p0_seed42_e015,0.6461177748735221,0.4708276689052582,0.3794999069649856,10.821909667773584
369,R8219,R8219,5,exp5_p0_seed43_e008,1.030475430819665,0.6564292311668396,0.4638577919522407,6.638307928229358
369,R8219,R8219,5,exp5_p0_seed44_e013,0.6883785739665159,0.42874884605407715,0.38639327861986034,9.68678942777707
369,R8219,R8219,5,exp5_p05_seed42_e020,0.9275847575553189,0.4713962972164154,0.4429617453996193,6.101844416561897
369,R8219,R8219,5,exp5_p05_seed43_e022,1.021595536414373,0.44364699721336365,0.461341399492366,6.398257737377189
369,R8219,R8219,5,exp5_p05_seed44_e014,0.9137666597340317,0.41407814621925354,0.4238468263871893,7.689735336196854
370,R8219,R8219,-5,exp5_p0_seed42_e015,-0.9730652521815796,1.2640328407287598,0.28600248749186263,5.775374943413162
370,R8219,R8219,-5,exp5_p0_seed43_e008,-2.2780822915335324,1.9837995767593384,0.3004614549984121,3.7189997337321268
370,R8219,R8219,-5,exp5_p0_seed44_e013,-1.3675060550444873,1.316085934638977,0.2717692815521328,4.891570478922086
370,R8219,R8219,-5,exp5_p05_seed42_e020,-1.9339257932867375,1.3846430778503418,0.2696618416961504,4.536555068056199
370,R8219,R8219,-5,exp5_p05_seed43_e022,-2.25365068015004,1.602097511291504,0.2893331094268858,4.416477814755041
370,R8219,R8219,-5,exp5_p05_seed44_e014,-1.7956216719417797,1.2971618175506592,0.2722493522682542,4.602321224483442
371,R8219,R8219,0,exp5_p0_seed42_e015,0.6499296589996519,0.8420076370239258,0.4480237652279994,6.022823074648956
371,R8219,R8219,0,exp5_p0_seed43_e008,0.48284559587600284,1.3089752197265625,0.4842646860113857,3.738435074596904
371,R8219,R8219,0,exp5_p0_seed44_e013,0.5991029906185831,0.8457517027854919,0.43895332449413144,5.006971101235783
371,R8219,R8219,0,exp5_p05_seed42_e020,0.48914825372208487,0.9982728362083435,0.4358671561589903,4.51216490350327
371,R8219,R8219,0,exp5_p05_seed43_e022,0.4824736312086258,1.0322636365890503,0.45658265808972387,4.386413348204317
371,R8219,R8219,0,exp5_p05_seed44_e014,0.477637960673905,0.8780968189239502,0.4288486352723086,4.563883443835684
372,R8219,R8219,5,exp5_p0_seed42_e015,1.4272101247917044,0.593465268611908,0.557010587280231,6.295719331106943
372,R8219,R8219,5,exp5_p0_seed43_e008,1.8300504489197733,0.912721574306488,0.6202386550873048,3.747577234989592
372,R8219,R8219,5,exp5_p0_seed44_e013,1.500016814001518,0.7103689312934875,0.5748001021860545,5.35387870372724
372,R8219,R8219,5,exp5_p05_seed42_e020,1.7522133268774498,0.791939914226532,0.5893930911492753,4.477537393536475
372,R8219,R8219,5,exp5_p05_seed43_e022,1.8853524424802592,0.7730163335800171,0.6109793615532331,4.359313626975808
372,R8219,R8219,5,exp5_p05_seed44_e014,1.6641493987066003,0.7074014544487,0.5772561781993019,4.513644454777513
373,R8219,R8219,-5,exp5_p0_seed42_e015,-0.8323242343633784,0.7595444917678833,0.2684815532639152,7.988625970122277
373,R8219,R8219,-5,exp5_p0_seed43_e008,-1.187935078975879,0.907134473323822,0.396838065166955,5.55744974279499
373,R8219,R8219,-5,exp5_p0_seed44_e013,-0.8108846175662866,0.8621900081634521,0.3262956963874294,6.406816382386479
373,R8219,R8219,-5,exp5_p05_seed42_e020,-1.2269314270876537,0.9311996698379517,0.387190498601839,6.068586454033356
373,R8219,R8219,-5,exp5_p05_seed43_e022,-1.213452859455122,0.8216489553451538,0.4012966915217519,6.215204335013407
373,R8219,R8219,-5,exp5_p05_seed44_e014,-1.411200846581306,0.7858884930610657,0.3620872079757983,6.5066689731257075
374,R8219,R8219,0,exp5_p0_seed42_e015,0.09482260083388422,0.6187567114830017,0.3948324636489462,8.061820629339833
374,R8219,R8219,0,exp5_p0_seed43_e008,0.7104613053668546,0.7529265880584717,0.5377569004209393,5.602680968004852
374,R8219,R8219,0,exp5_p0_seed44_e013,0.26248105853098636,0.5514236688613892,0.4854975668957376,6.445684823245525
374,R8219,R8219,0,exp5_p05_seed42_e020,0.6240582412137161,0.6603559255599976,0.5262962339665289,6.0824637324584705
374,R8219,R8219,0,exp5_p05_seed43_e022,0.691946066680808,0.5541685223579407,0.536853981833659,6.217579852036511
374,R8219,R8219,0,exp5_p05_seed44_e014,0.48572564065886614,0.5491226315498352,0.505879817197725,6.511392497469679
375,R8219,R8219,5,exp5_p0_seed42_e015,0.6961802946180846,0.5034230947494507,0.5013356682491841,8.458268106979913
375,R8219,R8219,5,exp5_p0_seed43_e008,1.6827968967677296,0.7560343146324158,0.6126494295423883,5.672017066368161
375,R8219,R8219,5,exp5_p0_seed44_e013,0.804127922190699,0.49841588735580444,0.5857309174057784,6.590085176793967
375,R8219,R8219,5,exp5_p05_seed42_e020,1.4601383253606106,0.5046192407608032,0.6089779561259214,6.079972986465911
375,R8219,R8219,5,exp5_p05_seed43_e022,1.510097158161317,0.45651039481163025,0.615123233044714,6.192387015628564
375,R8219,R8219,5,exp5_p05_seed44_e014,1.3567821648074985,0.44872260093688965,0.5947066591692096,6.484470941073127
376,R8219,R8219,-5,exp5_p0_seed42_e015,-0.29462699371846796,2.205144166946411,0.16912535061318518,5.597770138236901
376,R8219,R8219,-5,exp5_p0_seed43_e008,-0.412890546906835,3.2342870235443115,0.5330152036710674,3.2945548748861024
376,R8219,R8219,-5,exp5_p0_seed44_e013,-2.9560058147805535,4.744675159454346,0.1506884514488989,6.141503126949463
376,R8219,R8219,-5,exp5_p05_seed42_e020,-1.780524014763423,3.168765068054199,0.3264473707327027,5.454987916024759
376,R8219,R8219,-5,exp5_p05_seed43_e022,-1.1639140707844924,3.5065410137176514,0.4213985471238844,5.5228456244808735
376,R8219,R8219,-5,exp5_p05_seed44_e014,-1.685546712596232,3.0060906410217285,0.3875953479088478,5.801068032926775
377,R8219,R8219,0,exp5_p0_seed42_e015,1.1018364031489638,1.1992770433425903,0.5669783545143116,5.5654748616974405
377,R8219,R8219,0,exp5_p0_seed43_e008,2.523823867419045,1.9412317276000977,0.7622478524302533,3.298314632862529
377,R8219,R8219,0,exp5_p0_seed44_e013,-0.9569698045229019,2.4333651065826416,0.11677635985163608,5.955481643942701
377,R8219,R8219,0,exp5_p05_seed42_e020,1.340053105508455,1.9569307565689087,0.6441928191045151,5.3205864231676685
377,R8219,R8219,0,exp5_p05_seed43_e022,1.8806243415865123,1.9815034866333008,0.7094030364776618,5.359859748389587
377,R8219,R8219,0,exp5_p05_seed44_e014,1.3624633663524641,1.8702443838119507,0.6672406890438874,5.612682810941568
378,R8219,R8219,5,exp5_p0_seed42_e015,2.662948689149385,0.769055187702179,0.7724584707296708,5.713685118483135
378,R8219,R8219,5,exp5_p0_seed43_e008,4.42876224110783,1.083659052848816,0.8507135101706824,3.3116645862469953
378,R8219,R8219,5,exp5_p0_seed44_e013,1.1714286299535868,1.577328085899353,0.5469466997910615,5.665920444479772
378,R8219,R8219,5,exp5_p05_seed42_e020,3.396542676983872,1.10585355758667,0.7951547141643112,5.127738759216386
378,R8219,R8219,5,exp5_p05_seed43_e022,3.4633524739883126,0.9944493770599365,0.809446135526345,5.094201220455603
378,R8219,R8219,5,exp5_p05_seed44_e014,3.3177453038929667,1.1567074060440063,0.7959341765018184,5.325696920867641
379,R8219,R8219,-5,exp5_p0_seed42_e015,-0.7218766498749238,0.7399450540542603,0.25557164811738314,9.283865390277837
379,R8219,R8219,-5,exp5_p0_seed43_e008,-1.6114118995757163,0.8538413643836975,0.25974240683463545,5.446932943621432
379,R8219,R8219,-5,exp5_p0_seed44_e013,-0.7886719340222352,0.9361209273338318,0.2679813646306817,8.114564953737748
379,R8219,R8219,-5,exp5_p05_seed42_e020,-1.6802141048630526,0.8886959552764893,0.2772811642523376,6.471288130147013
379,R8219,R8219,-5,exp5_p05_seed43_e022,-1.5972493216087924,0.9302166700363159,0.27211932808770517,5.9029409812114375
379,R8219,R8219,-5,exp5_p05_seed44_e014,-1.2999564063657898,0.7885129451751709,0.26891148373689583,6.471179565157009
380,R8219,R8219,0,exp5_p0_seed42_e015,0.45023515900778976,0.5969032049179077,0.3899642769202737,9.423103381735189
380,R8219,R8219,0,exp5_p0_seed43_e008,0.20496022575752254,0.7934908270835876,0.4101420386080656,5.482366550457516
380,R8219,R8219,0,exp5_p0_seed44_e013,0.4406096767959608,0.7586807608604431,0.4134983976735075,7.922636878840762
380,R8219,R8219,0,exp5_p05_seed42_e020,0.25405009676040224,0.6660770773887634,0.4252533366763628,6.348412519150975
380,R8219,R8219,0,exp5_p05_seed43_e022,0.4008140780273553,0.7053499817848206,0.4308650459856763,5.816043845374127
380,R8219,R8219,0,exp5_p05_seed44_e014,0.42423387080387287,0.6040437817573547,0.42743423865930813,6.329439156477557
381,R8219,R8219,5,exp5_p0_seed42_e015,0.9882203229533062,0.5684256553649902,0.4981664801849875,9.54134607415584
381,R8219,R8219,5,exp5_p0_seed43_e008,1.1130400170111376,0.7998400330543518,0.5299005386777684,5.514284255075149
381,R8219,R8219,5,exp5_p0_seed44_e013,1.0459372583375268,0.5936684608459473,0.5135768033390758,7.629863942808029
381,R8219,R8219,5,exp5_p05_seed42_e020,1.1838900842665014,0.6039770841598511,0.5391266981230891,6.137577969430966
381,R8219,R8219,5,exp5_p05_seed43_e022,1.3296098635391433,0.6297484636306763,0.5496792518868482,5.7107940525729814
381,R8219,R8219,5,exp5_p05_seed44_e014,1.2252561476798478,0.518204391002655,0.5435210471097189,6.150156017320785
382,R8219,R8219,-5,exp5_p0_seed42_e015,-0.07217694047848183,0.9902574419975281,0.1793248114279847,8.4720337710964
382,R8219,R8219,-5,exp5_p0_seed43_e008,-1.3397234042415038,1.4421950578689575,0.17294618523458985,5.430043406874142
382,R8219,R8219,-5,exp5_p0_seed44_e013,-0.297989388706925,0.8009333610534668,0.25322916085808367,7.8397284297307825
382,R8219,R8219,-5,exp5_p05_seed42_e020,-1.3784852463099275,1.9991042613983154,0.2809146618405756,5.898275210745685
382,R8219,R8219,-5,exp5_p05_seed43_e022,-1.8472752524873677,1.9668920040130615,0.24235707118003533,5.682663181557894
382,R8219,R8219,-5,exp5_p05_seed44_e014,-1.5079854208442982,1.8202087879180908,0.24191652704393635,6.236196356711192
383,R8219,R8219,0,exp5_p0_seed42_e015,0.7318582428512942,0.6967083811759949,0.33307318122101137,8.607715171516364
383,R8219,R8219,0,exp5_p0_seed43_e008,0.9364892592000479,0.8032272458076477,0.43306530138903415,5.440194910018487
383,R8219,R8219,0,exp5_p0_seed44_e013,0.7189481048223993,0.547575831413269,0.4153593208149184,7.969956774308086
383,R8219,R8219,0,exp5_p05_seed42_e020,0.8786538546380194,1.101806879043579,0.4523188234491612,5.88114155407503
383,R8219,R8219,0,exp5_p05_seed43_e022,0.7639539720590558,1.1390410661697388,0.4510864727724107,5.604368451610461
383,R8219,R8219,0,exp5_p05_seed44_e014,0.809554384698339,1.0860539674758911,0.4367898734872239,6.180441948289427
384,R8219,R8219,5,exp5_p0_seed42_e015,1.4159995947951973,0.5187428593635559,0.45842068362247196,8.782704520479271
384,R8219,R8219,5,exp5_p0_seed43_e008,2.2648208074000307,0.6217906475067139,0.5926866939957552,5.431568013259568
384,R8219,R8219,5,exp5_p0_seed44_e013,1.7210979946112719,0.6717029213905334,0.5328838949384015,8.203923590049914
384,R8219,R8219,5,exp5_p05_seed42_e020,2.0197822608396896,0.767975389957428,0.5651064149780446,5.758971165976886
384,R8219,R8219,5,exp5_p05_seed43_e022,2.1029303006540156,0.8311730027198792,0.577337693623466,5.434918101450272
384,R8219,R8219,5,exp5_p05_seed44_e014,1.9185184674370583,0.6722931265830994,0.5511097991965576,6.01444102212923
385,R87FD,R87FD,-5,exp5_p0_seed42_e015,-0.6779668114362525,0.7198643684387207,0.21863509827882296,10.410442972457938
385,R87FD,R87FD,-5,exp5_p0_seed43_e008,-2.0751188540725938,1.68677818775177,0.22407868419067456,5.298600285423213
385,R87FD,R87FD,-5,exp5_p0_seed44_e013,-0.8309330436343785,1.3114157915115356,0.2423379556852311,10.050571305861611
385,R87FD,R87FD,-5,exp5_p05_seed42_e020,-1.4993485689775308,1.4259063005447388,0.1919571027597686,4.7723522769511275
385,R87FD,R87FD,-5,exp5_p05_seed43_e022,-1.512246939604276,1.4323737621307373,0.20415544601974697,6.006065676538157
385,R87FD,R87FD,-5,exp5_p05_seed44_e014,-1.4726630751071599,1.2817186117172241,0.2248054860368044,6.908239692299826
386,R87FD,R87FD,0,exp5_p0_seed42_e015,0.027577636114111785,0.5011381506919861,0.27199826421224443,10.639604658294557
386,R87FD,R87FD,0,exp5_p0_seed43_e008,0.10779069372604544,1.0706655979156494,0.2710902837645776,5.29090150624307
386,R87FD,R87FD,0,exp5_p0_seed44_e013,0.29555276267326447,0.7974961996078491,0.3312079412165786,10.19609852526809
386,R87FD,R87FD,0,exp5_p05_seed42_e020,0.2855760136590836,0.9568530321121216,0.2723682629028104,4.777924226120252
386,R87FD,R87FD,0,exp5_p05_seed43_e022,0.27615171138948924,0.938061535358429,0.2921043082080877,5.987188874825046
386,R87FD,R87FD,0,exp5_p05_seed44_e014,0.15790389473835015,0.8254932165145874,0.26924031017018646,6.964213829898794
387,R87FD,R87FD,5,exp5_p0_seed42_e015,0.22496269951768655,0.36018630862236023,0.32670825259787617,10.762082352230761
387,R87FD,R87FD,5,exp5_p0_seed43_e008,1.0920834649287539,0.7821763157844543,0.3742120985394838,5.277015900103585
387,R87FD,R87FD,5,exp5_p0_seed44_e013,0.6752194863777605,0.5489835739135742,0.37346565865312475,10.437448973637714
387,R87FD,R87FD,5,exp5_p05_seed42_e020,1.026771678488779,0.704014003276825,0.36909732869102846,4.762375864173065
387,R87FD,R87FD,5,exp5_p05_seed43_e022,1.009141690315719,0.6581013202667236,0.38474509680243213,5.953549385413389
387,R87FD,R87FD,5,exp5_p05_seed44_e014,0.7949704012551104,0.6434568166732788,0.34661115616889937,6.986958284522763
388,R87FD,R87FD,-5,exp5_p0_seed42_e015,-0.37689238180274415,0.5721378326416016,0.09572034552998165,11.887646470575984
388,R87FD,R87FD,-5,exp5_p0_seed43_e008,-2.427983688268309,1.650732159614563,0.11930101217831252,6.0527343465136205
388,R87FD,R87FD,-5,exp5_p0_seed44_e013,-0.418092975561974,0.8134053349494934,0.10893643945689373,10.986564075880354
388,R87FD,R87FD,-5,exp5_p05_seed42_e020,-2.457583297020571,1.2092782258987427,0.11484385248861877,5.6201412291985875
388,R87FD,R87FD,-5,exp5_p05_seed43_e022,-2.2109230221503844,1.3431727886199951,0.12247788895400741,6.501234124858563
388,R87FD,R87FD,-5,exp5_p05_seed44_e014,-1.8506558833361109,1.0139914751052856,0.12736871576862316,7.878739638809984
389,R87FD,R87FD,0,exp5_p0_seed42_e015,0.10114495736643996,0.33185651898384094,0.12150598764745074,11.639337658335638
389,R87FD,R87FD,0,exp5_p0_seed43_e008,-0.07421462429369699,0.8248769044876099,0.12124964150073783,6.037286123799913
389,R87FD,R87FD,0,exp5_p0_seed44_e013,0.39284163755453294,0.3767038881778717,0.09813846617094778,11.032261090137748
389,R87FD,R87FD,0,exp5_p05_seed42_e020,-0.22024326271379224,0.7571372389793396,0.10119569077625269,5.551375963358644
389,R87FD,R87FD,0,exp5_p05_seed43_e022,-0.056056493777853635,0.7615517973899841,0.09532835703805254,6.424057037477225
389,R87FD,R87FD,0,exp5_p05_seed44_e014,-0.022895068281186207,0.6269925236701965,0.096831467151099,7.870722243837665
390,R87FD,R87FD,5,exp5_p0_seed42_e015,0.3449131256603158,0.27198293805122375,0.19956046276546907,11.411345408356155
390,R87FD,R87FD,5,exp5_p0_seed43_e008,0.9905686058120361,0.44017109274864197,0.15864693589271575,6.011754772631158
390,R87FD,R87FD,5,exp5_p0_seed44_e013,0.7587605206212202,0.21721529960632324,0.19878735548105575,11.074612253234646
390,R87FD,R87FD,5,exp5_p05_seed42_e020,0.8587752681510897,0.5696723461151123,0.2623087467078784,5.403971108685399
390,R87FD,R87FD,5,exp5_p05_seed43_e022,0.991887485113681,0.5321828722953796,0.266913756533324,6.278789045345151
390,R87FD,R87FD,5,exp5_p05_seed44_e014,0.7097584528198801,0.4181205928325653,0.18284908369199473,7.819680682477759
391,R87FD,R87FD,-5,exp5_p0_seed42_e015,-0.5733411456905445,0.4594470262527466,0.20217452197309774,10.397151105420214
391,R87FD,R87FD,-5,exp5_p0_seed43_e008,-3.359527761580272,1.0853279829025269,0.2294083411851236,5.610877044856814
391,R87FD,R87FD,-5,exp5_p0_seed44_e013,-1.047004439149211,0.5268815159797668,0.19916183087155498,9.87330969445453
391,R87FD,R87FD,-5,exp5_p05_seed42_e020,-2.994924664769662,0.9061405062675476,0.2120656657142856,5.293497605834313
391,R87FD,R87FD,-5,exp5_p05_seed43_e022,-2.58061511094932,0.8742565512657166,0.222739435591497,5.870914733872196
391,R87FD,R87FD,-5,exp5_p05_seed44_e014,-3.077662175432978,0.9121984243392944,0.18530658662958438,7.194713894599497
392,R87FD,R87FD,0,exp5_p0_seed42_e015,0.35336142923815983,0.28017479181289673,0.3041093581417849,10.712615450329992
392,R87FD,R87FD,0,exp5_p0_seed43_e008,-0.516200557791397,0.6897323131561279,0.3466415469174254,5.588000375753176
392,R87FD,R87FD,0,exp5_p0_seed44_e013,0.23696928334326875,0.354412317276001,0.29717809938504836,10.028896283509816
392,R87FD,R87FD,0,exp5_p05_seed42_e020,-0.32586817774895094,0.5597935318946838,0.34352824201861537,5.241129337818224
392,R87FD,R87FD,0,exp5_p05_seed43_e022,-0.12277854988407748,0.556456983089447,0.35056336505162716,5.78480143346325
392,R87FD,R87FD,0,exp5_p05_seed44_e014,-0.418074883532541,0.5529351234436035,0.3201207489226847,7.2059028095887125
393,R87FD,R87FD,5,exp5_p0_seed42_e015,0.7264807253127123,0.26514261960983276,0.41325203505004054,10.8246717070587
393,R87FD,R87FD,5,exp5_p0_seed43_e008,0.9491701163317432,0.4907117486000061,0.4703349318496342,5.556939459413125
393,R87FD,R87FD,5,exp5_p0_seed44_e013,0.7783619773706342,0.31230106949806213,0.3988383524066756,10.135525255706321
393,R87FD,R87FD,5,exp5_p05_seed42_e020,0.9086516755945704,0.43585842847824097,0.47237827124003073,5.132351058137644
393,R87FD,R87FD,5,exp5_p05_seed43_e022,0.9921171711330519,0.3960650563240051,0.47013216504764765,5.619369366603019
393,R87FD,R87FD,5,exp5_p05_seed44_e014,0.8508424818605836,0.42310699820518494,0.46193512910346957,7.175048355231093
394,R87FD,R87FD,-5,exp5_p0_seed42_e015,-0.8708912066797403,0.8141672015190125,0.16143332560092336,9.346949507661343
394,R87FD,R87FD,-5,exp5_p0_seed43_e008,-2.937122461700263,1.8173255920410156,0.14266071466406202,3.8677250590055263
394,R87FD,R87FD,-5,exp5_p0_seed44_e013,-2.2673152114522934,1.4200961589813232,0.18355512839079996,6.788633948103833
394,R87FD,R87FD,-5,exp5_p05_seed42_e020,-2.717952502237334,1.6704586744308472,0.1651612444020252,4.481903414088036
394,R87FD,R87FD,-5,exp5_p05_seed43_e022,-2.687808670819199,1.6223987340927124,0.1717435725065672,4.691120993707542
394,R87FD,R87FD,-5,exp5_p05_seed44_e014,-3.0523891674799297,1.662337064743042,0.18964158437070466,4.634120925971419
395,R87FD,R87FD,0,exp5_p0_seed42_e015,0.013512500528301295,0.4765232503414154,0.21782817277288527,9.337641220114204
395,R87FD,R87FD,0,exp5_p0_seed43_e008,-0.4314439738799805,1.096997618675232,0.2369485476798706,3.890267091320208
395,R87FD,R87FD,0,exp5_p0_seed44_e013,-0.6712162232368425,0.9771283268928528,0.25570961575332535,6.994505504211423
395,R87FD,R87FD,0,exp5_p05_seed42_e020,-0.6365833393810792,1.1079655885696411,0.2136618485932407,4.517344308859552
395,R87FD,R87FD,0,exp5_p05_seed43_e022,-0.6851720093095631,1.0559463500976562,0.24554953092955892,4.702318362021991
395,R87FD,R87FD,0,exp5_p05_seed44_e014,-0.9077995100458701,1.1109600067138672,0.2591498294629293,4.705000040444437
396,R87FD,R87FD,5,exp5_p0_seed42_e015,0.2971158368192865,0.4538493752479553,0.29337561883975266,9.533377735303775
396,R87FD,R87FD,5,exp5_p0_seed43_e008,0.7836715793395825,0.6569394469261169,0.407957296101016,3.918046294214342
396,R87FD,R87FD,5,exp5_p0_seed44_e013,0.11599040034090377,0.7122058868408203,0.32520905027549496,7.054192098704082
396,R87FD,R87FD,5,exp5_p05_seed42_e020,0.38626632664637456,0.809124231338501,0.35658793769338226,4.464082195083808
396,R87FD,R87FD,5,exp5_p05_seed43_e022,0.41907794133156306,0.7998039722442627,0.3727194635369681,4.657651560129159
396,R87FD,R87FD,5,exp5_p05_seed44_e014,0.20035481761024915,0.7930923700332642,0.3461928748851812,4.726763383680781
397,R87FD,R87FD,-5,exp5_p0_seed42_e015,0.16068337726721035,0.3751102089881897,0.4268092858366968,12.103103563395264
397,R87FD,R87FD,-5,exp5_p0_seed43_e008,-0.31540608519154384,0.5833537578582764,0.481298988131035,7.657567652718783
397,R87FD,R87FD,-5,exp5_p0_seed44_e013,0.053319591412280945,0.4140709936618805,0.4310167984873278,11.619143620987106
397,R87FD,R87FD,-5,exp5_p05_seed42_e020,-1.2227091982242717,1.0525944232940674,0.37687837502167,5.961068009431304
397,R87FD,R87FD,-5,exp5_p05_seed43_e022,-0.848935135570036,0.8254753351211548,0.4289261161611946,7.234203106202855
397,R87FD,R87FD,-5,exp5_p05_seed44_e014,-0.5231411220780721,0.649205207824707,0.4883332500531709,7.902183115939519
398,R87FD,R87FD,0,exp5_p0_seed42_e015,0.9898271421618536,0.31214210391044617,0.6057451802066259,12.165699587471819
398,R87FD,R87FD,0,exp5_p0_seed43_e008,1.150710199795155,0.44036218523979187,0.6256207243465076,7.631446328508749
398,R87FD,R87FD,0,exp5_p0_seed44_e013,0.8010532977175823,0.2569013833999634,0.5503667718094742,10.979273120340407
398,R87FD,R87FD,0,exp5_p05_seed42_e020,0.5204679026342557,0.6612922549247742,0.5419336159788305,5.833108211342783
398,R87FD,R87FD,0,exp5_p05_seed43_e022,0.7373223555690414,0.47660312056541443,0.6070007971157086,7.093538326459994
398,R87FD,R87FD,0,exp5_p05_seed44_e014,0.8410901903526367,0.4206671416759491,0.621895376477557,7.719931002131904
399,R87FD,R87FD,5,exp5_p0_seed42_e015,1.3510233208539202,0.3443651497364044,0.6453846223762656,11.477443653189315
399,R87FD,R87FD,5,exp5_p0_seed43_e008,1.917984265763781,0.4395192563533783,0.7034552789706815,7.585015085009599
399,R87FD,R87FD,5,exp5_p0_seed44_e013,1.1755284266518535,0.2740071713924408,0.5891248587333809,9.875865495746357
399,R87FD,R87FD,5,exp5_p05_seed42_e020,1.3315451796860132,0.4987064003944397,0.6392632602566154,5.6238865453818745
399,R87FD,R87FD,5,exp5_p05_seed43_e022,1.4704599872758184,0.3889600336551666,0.6806465915233896,6.923267857352453
399,R87FD,R87FD,5,exp5_p05_seed44_e014,1.5782213140996193,0.3674449026584625,0.6708027126559938,7.361825200075231
400,R87FD,R87FD,-5,exp5_p0_seed42_e015,-0.9225550015413415,0.8693975806236267,0.3690308527198356,11.041938963606759
400,R87FD,R87FD,-5,exp5_p0_seed43_e008,-1.4222516291410576,1.1554900407791138,0.3559280657329413,5.811752582294728
400,R87FD,R87FD,-5,exp5_p0_seed44_e013,-1.4396792351490741,0.9789146780967712,0.34746979014398216,10.343735661062583
400,R87FD,R87FD,-5,exp5_p05_seed42_e020,-1.4376282290796065,0.9378036260604858,0.3078894657681988,5.989963943923083
400,R87FD,R87FD,-5,exp5_p05_seed43_e022,-1.1757878505441384,0.9647617340087891,0.35293416169519787,6.598764720207672
400,R87FD,R87FD,-5,exp5_p05_seed44_e014,-1.223281303414034,0.8764740228652954,0.34350327074904813,6.6177648174340575
401,R87FD,R87FD,0,exp5_p0_seed42_e015,0.06867438378169105,0.7315573692321777,0.4965121848648619,11.230224960151014
401,R87FD,R87FD,0,exp5_p0_seed43_e008,0.5377713644187467,0.8849073648452759,0.5003572801898748,5.7984206855697895
401,R87FD,R87FD,0,exp5_p0_seed44_e013,-0.10362785474155622,0.8656402826309204,0.4780835359581793,10.143086070128192
401,R87FD,R87FD,0,exp5_p05_seed42_e020,0.4095587340624799,0.6301105618476868,0.44732360797098025,5.917069745035438
401,R87FD,R87FD,0,exp5_p05_seed43_e022,0.5353906830781795,0.73902827501297,0.4916379533369193,6.552561764613146
401,R87FD,R87FD,0,exp5_p05_seed44_e014,0.3882671144221176,0.6698242425918579,0.4729707345294769,6.532990897469335
402,R87FD,R87FD,5,exp5_p0_seed42_e015,0.4922635418658802,0.7719985842704773,0.5775073963368453,10.867545821210987
402,R87FD,R87FD,5,exp5_p0_seed43_e008,1.2996836135926373,0.7901086211204529,0.5895284875507589,5.780058237091774
402,R87FD,R87FD,5,exp5_p0_seed44_e013,0.32166596658083113,0.7738560438156128,0.5547325122210601,9.831142851411181
402,R87FD,R87FD,5,exp5_p05_seed42_e020,1.2057481999995763,0.5492218136787415,0.5562808555381709,5.805043964253837
402,R87FD,R87FD,5,exp5_p05_seed43_e022,1.211158471376521,0.6593912243843079,0.5834348211651449,6.512049415215867
402,R87FD,R87FD,5,exp5_p05_seed44_e014,1.086718793472499,0.6224746108055115,0.5710122054966676,6.387337317946015
403,R87FD,R87FD,-5,exp5_p0_seed42_e015,-0.8882986135469246,0.802283763885498,0.32526189045296383,13.053370545415268
403,R87FD,R87FD,-5,exp5_p0_seed43_e008,-1.2536578599008479,0.8091529011726379,0.36101821609225904,6.902826897259126
403,R87FD,R87FD,-5,exp5_p0_seed44_e013,-0.5492015885072317,0.5517594814300537,0.29644093176734687,13.709431598866358
403,R87FD,R87FD,-5,exp5_p05_seed42_e020,-2.001037536167691,0.828346312046051,0.3052739881642991,6.850734380253433
403,R87FD,R87FD,-5,exp5_p05_seed43_e022,-1.504089413677541,0.7948083877563477,0.3469251438225263,7.035173575434967
403,R87FD,R87FD,-5,exp5_p05_seed44_e014,-0.8304898423751392,0.7030841708183289,0.3723908400010835,8.85162422099944
404,R87FD,R87FD,0,exp5_p0_seed42_e015,0.009570475142891423,0.6822193264961243,0.48648452635486816,12.635750032720217
404,R87FD,R87FD,0,exp5_p0_seed43_e008,0.5291907435018258,0.6583738327026367,0.5231329916386838,6.971574125771031
404,R87FD,R87FD,0,exp5_p0_seed44_e013,0.1831911057579956,0.5137509703636169,0.46120651836207127,13.030568392518454
404,R87FD,R87FD,0,exp5_p05_seed42_e020,-0.06792635776947283,0.5732454657554626,0.46263181180404456,6.735091602563967
404,R87FD,R87FD,0,exp5_p05_seed43_e022,0.2144875309710925,0.5607265830039978,0.5043717365402032,6.9654446170899185
404,R87FD,R87FD,0,exp5_p05_seed44_e014,0.5137269892839541,0.5703839659690857,0.5200643478407009,8.57388627211315
405,R87FD,R87FD,5,exp5_p0_seed42_e015,0.3340710569086953,0.7113021016120911,0.5682116239281743,11.95416874995076
405,R87FD,R87FD,5,exp5_p0_seed43_e008,1.2977492783440132,0.5889603495597839,0.6063747350331913,7.014214801859585
405,R87FD,R87FD,5,exp5_p0_seed44_e013,0.36519369226101905,0.5438797473907471,0.5383005159025515,11.891813248092564
405,R87FD,R87FD,5,exp5_p05_seed42_e020,0.92111103871766,0.4863153100013733,0.5667259802884385,6.570083242526637
405,R87FD,R87FD,5,exp5_p05_seed43_e022,1.0427780911157274,0.49671852588653564,0.5884628995009229,6.880483232246637
405,R87FD,R87FD,5,exp5_p05_seed44_e014,1.1607761768609453,0.49394434690475464,0.6048826305381745,8.109002784925195
406,R87FD,R87FD,-5,exp5_p0_seed42_e015,0.31182748721785586,0.6705940961837769,0.29810887466527963,9.834291598294557
406,R87FD,R87FD,-5,exp5_p0_seed43_e008,-2.480887203878733,1.8141858577728271,0.3603049831673549,5.152540619753796
406,R87FD,R87FD,-5,exp5_p0_seed44_e013,-0.04892982814082348,0.637859046459198,0.2825331818942996,10.651401822030031
406,R87FD,R87FD,-5,exp5_p05_seed42_e020,-2.6103930688918293,1.4555236101150513,0.32872550149053764,4.297634896941689
406,R87FD,R87FD,-5,exp5_p05_seed43_e022,-2.313800628103648,1.4801934957504272,0.33888478392480126,5.093011423502767
406,R87FD,R87FD,-5,exp5_p05_seed44_e014,-2.733693423773451,1.595003366470337,0.33434963972896486,6.227053901531091
407,R87FD,R87FD,0,exp5_p0_seed42_e015,0.9664713539508542,0.5618201494216919,0.4510508487950471,10.014996569623765
407,R87FD,R87FD,0,exp5_p0_seed43_e008,0.7038202162315249,1.25593101978302,0.5432193199048548,5.147034711973074
407,R87FD,R87FD,0,exp5_p0_seed44_e013,0.6576442877830697,0.5706764459609985,0.4219097304540723,10.562048485261506
407,R87FD,R87FD,0,exp5_p05_seed42_e020,0.6033845698192745,1.029542326927185,0.5096491131697876,4.250749064489543
407,R87FD,R87FD,0,exp5_p05_seed43_e022,0.6655709229927698,1.0184720754623413,0.512160194601573,4.996962264462316
407,R87FD,R87FD,0,exp5_p05_seed44_e014,0.2377849768863283,1.1089720726013184,0.5158616584945763,6.175060859741503
408,R87FD,R87FD,5,exp5_p0_seed42_e015,1.5251693846050263,0.5309794545173645,0.5901927202815747,9.96727944690457
408,R87FD,R87FD,5,exp5_p0_seed43_e008,2.6468797450095334,1.0088777542114258,0.6983160504493369,5.13974084228613
408,R87FD,R87FD,5,exp5_p0_seed44_e013,1.4802679212561365,0.6085982918739319,0.5559497585728987,10.160297451839542
408,R87FD,R87FD,5,exp5_p05_seed42_e020,2.3947584960798998,0.7888742685317993,0.6637419040858088,4.162931848420156
408,R87FD,R87FD,5,exp5_p05_seed43_e022,2.314480914225023,0.8045649528503418,0.6604808754211553,4.848215298435985
408,R87FD,R87FD,5,exp5_p05_seed44_e014,2.094901845390785,0.8947029113769531,0.6641411727488028,6.072274748808086
409,R8A9B,R8A9B,-5,exp5_p0_seed42_e015,-0.9235765948648569,0.6558043360710144,0.14185373731627626,11.330065015597171
409,R8A9B,R8A9B,-5,exp5_p0_seed43_e008,-2.7066846987064865,1.2046064138412476,0.1538912575414805,6.5000478067811285
409,R8A9B,R8A9B,-5,exp5_p0_seed44_e013,-1.3861145149565446,0.8205215334892273,0.11223167976314698,9.80509829730985
409,R8A9B,R8A9B,-5,exp5_p05_seed42_e020,-2.316806643034262,1.1800904273986816,0.13624751491639925,8.326185395612988
409,R8A9B,R8A9B,-5,exp5_p05_seed43_e022,-1.6640382321911211,1.0421874523162842,0.12938285683720646,8.123710230218908
409,R8A9B,R8A9B,-5,exp5_p05_seed44_e014,-2.2123607155265193,1.124673843383789,0.1667512670832362,7.855343077919775
410,R8A9B,R8A9B,0,exp5_p0_seed42_e015,0.24456940431469248,0.43500033020973206,0.20667579834776667,11.310266937539375
410,R8A9B,R8A9B,0,exp5_p0_seed43_e008,-0.052529048091030844,0.7812924385070801,0.22984448567959712,6.449060155287581
410,R8A9B,R8A9B,0,exp5_p0_seed44_e013,-0.1638299751290972,0.5225098729133606,0.10276055295967727,9.453057962787508
410,R8A9B,R8A9B,0,exp5_p05_seed42_e020,-0.12885302491769265,0.7749989032745361,0.2136544299064322,8.050213793951318
410,R8A9B,R8A9B,0,exp5_p05_seed43_e022,0.20310628739949704,0.62275630235672,0.20255127024110292,7.808671261332195
410,R8A9B,R8A9B,0,exp5_p05_seed44_e014,0.0032695194943353745,0.7797939777374268,0.2570289200065913,7.684954063238434
411,R8A9B,R8A9B,5,exp5_p0_seed42_e015,0.6957776763394757,0.30663055181503296,0.250287696949035,11.029422191340966
411,R8A9B,R8A9B,5,exp5_p0_seed43_e008,1.1448966157642162,0.5717622637748718,0.33129682573492025,6.390485901334956
411,R8A9B,R8A9B,5,exp5_p0_seed44_e013,0.3707966178032638,0.41853564977645874,0.13123414920249887,8.992753913714116
411,R8A9B,R8A9B,5,exp5_p05_seed42_e020,0.9447834869770723,0.5322141647338867,0.3093745608888845,7.787410807145475
411,R8A9B,R8A9B,5,exp5_p05_seed43_e022,1.0476677464838071,0.4628720283508301,0.31027146884654816,7.479476571029337
411,R8A9B,R8A9B,5,exp5_p05_seed44_e014,1.069696485888643,0.579033374786377,0.3501961646971029,7.48692815019395
412,R8A9B,R8A9B,-5,exp5_p0_seed42_e015,-0.3289072142918506,0.5754122138023376,0.10125761904643286,14.434596748680681
412,R8A9B,R8A9B,-5,exp5_p0_seed43_e008,-2.2473698529311745,1.314137578010559,0.09278032926508636,6.906945791383054
412,R8A9B,R8A9B,-5,exp5_p0_seed44_e013,-1.33797411311274,1.2904802560806274,0.09473082931925161,10.927228675626257
412,R8A9B,R8A9B,-5,exp5_p05_seed42_e020,-2.5400693701526467,1.6048964262008667,0.09379427733436606,9.021056534786007
412,R8A9B,R8A9B,-5,exp5_p05_seed43_e022,-2.160910462128818,1.52591073513031,0.10415656574452789,9.070054829873088
412,R8A9B,R8A9B,-5,exp5_p05_seed44_e014,-2.4130319313210307,1.413346529006958,0.08154057301834851,8.666502515378923
413,R8A9B,R8A9B,0,exp5_p0_seed42_e015,0.4388647531638935,0.4084175229072571,0.18434412990768267,14.406975809332373
413,R8A9B,R8A9B,0,exp5_p0_seed43_e008,-0.18110825569407088,0.8651056289672852,0.1593094027295733,6.91288640749255
413,R8A9B,R8A9B,0,exp5_p0_seed44_e013,-0.18999624946772892,0.8002281785011292,0.10706344899324627,10.841454465183881
413,R8A9B,R8A9B,0,exp5_p05_seed42_e020,-0.6667441580748217,1.0150099992752075,0.14681942946999932,8.826928838170549
413,R8A9B,R8A9B,0,exp5_p05_seed43_e022,-0.5584791819130779,1.0982656478881836,0.16027353560370508,8.86444925854013
413,R8A9B,R8A9B,0,exp5_p05_seed44_e014,-0.6131421604359754,0.881933867931366,0.1527058116407204,8.550171188588227
414,R8A9B,R8A9B,5,exp5_p0_seed42_e015,0.6403775368368092,0.3074932396411896,0.24344646251479446,14.112323163890343
414,R8A9B,R8A9B,5,exp5_p0_seed43_e008,0.7190820044507272,0.589656412601471,0.249387243006443,6.860624821523217
414,R8A9B,R8A9B,5,exp5_p0_seed44_e013,0.3975687983491716,0.5531278848648071,0.17951235939990248,10.795193492969911
414,R8A9B,R8A9B,5,exp5_p05_seed42_e020,0.41436319551053735,0.6447159051895142,0.21969687642419908,8.486759343482984
414,R8A9B,R8A9B,5,exp5_p05_seed43_e022,0.3916498024883918,0.8108276128768921,0.23633906283447154,8.614139267795535
414,R8A9B,R8A9B,5,exp5_p05_seed44_e014,0.39337102494206627,0.5948557257652283,0.234171630389955,8.329376220550923
415,R8A9B,R8A9B,-5,exp5_p0_seed42_e015,-1.4732528921608568,0.37994033098220825,0.11867364110752189,14.538476730759049
415,R8A9B,R8A9B,-5,exp5_p0_seed43_e008,-2.6758392976849654,0.891883134841919,0.20831731384747232,5.727423441612539
415,R8A9B,R8A9B,-5,exp5_p0_seed44_e013,-0.5058779175182779,1.1293023824691772,0.3005530654219184,11.477312651027079
415,R8A9B,R8A9B,-5,exp5_p05_seed42_e020,-1.7053997700203762,0.8465722799301147,0.23823935144837716,8.320306307946879
415,R8A9B,R8A9B,-5,exp5_p05_seed43_e022,-1.9699382111181163,0.9027484059333801,0.2423214115522698,8.662857663547896
415,R8A9B,R8A9B,-5,exp5_p05_seed44_e014,-1.6943188500886117,0.8359381556510925,0.2642647513091288,8.072794369539837
416,R8A9B,R8A9B,0,exp5_p0_seed42_e015,-0.23704087924694556,0.2836723327636719,0.1828072776229133,14.637611320742828
416,R8A9B,R8A9B,0,exp5_p0_seed43_e008,-0.6233149438344351,0.6239975094795227,0.2912174960651389,5.660968573282711
416,R8A9B,R8A9B,0,exp5_p0_seed44_e013,0.2003581602119904,0.7095212936401367,0.3363200107147815,11.502663223033522
416,R8A9B,R8A9B,0,exp5_p05_seed42_e020,-0.009003034213304353,0.5971691012382507,0.3241966466902336,8.289367786207286
416,R8A9B,R8A9B,0,exp5_p05_seed43_e022,-0.18099112371850573,0.5666638016700745,0.32797004562547677,8.657990015433839
416,R8A9B,R8A9B,0,exp5_p05_seed44_e014,-0.12716748593471047,0.5755157470703125,0.3327895974732467,8.091310206772514
417,R8A9B,R8A9B,5,exp5_p0_seed42_e015,0.1745655128356717,0.2524643540382385,0.26807493017565126,14.81289427716508
417,R8A9B,R8A9B,5,exp5_p0_seed43_e008,0.17350424446746177,0.5155125260353088,0.3283860259029954,5.573196312916997
417,R8A9B,R8A9B,5,exp5_p0_seed44_e013,0.26981851664108686,0.5373314619064331,0.3155361070227129,10.986285447876956
417,R8A9B,R8A9B,5,exp5_p05_seed42_e020,0.5597062238307919,0.48262137174606323,0.3937328353962863,8.150658995909446
417,R8A9B,R8A9B,5,exp5_p05_seed43_e022,0.43183897190524556,0.4365410804748535,0.3784999298438274,8.51441614466816
417,R8A9B,R8A9B,5,exp5_p05_seed44_e014,0.39808791176750746,0.43686676025390625,0.3614433911829097,8.080254165143911
418,R8A9B,R8A9B,-5,exp5_p0_seed42_e015,-0.3229771770889083,0.48759356141090393,0.15133471125145248,10.89120656409966
418,R8A9B,R8A9B,-5,exp5_p0_seed43_e008,-1.3135209637828196,0.8200047016143799,0.08294239569714011,5.688293625038384
418,R8A9B,R8A9B,-5,exp5_p0_seed44_e013,-1.0356145872851257,0.6499338746070862,0.12424541102649311,9.11655264559455
418,R8A9B,R8A9B,-5,exp5_p05_seed42_e020,-0.7589361188734438,0.7455629706382751,0.12608550599863497,7.151772853052308
418,R8A9B,R8A9B,-5,exp5_p05_seed43_e022,-0.7363802995073894,0.7615965008735657,0.09863448479033864,6.770335303828546
418,R8A9B,R8A9B,-5,exp5_p05_seed44_e014,-0.7510213794551756,0.6598117351531982,0.11739121691727648,8.20417027470685
419,R8A9B,R8A9B,0,exp5_p0_seed42_e015,0.17433482821905671,0.3647395372390747,0.2042650089729867,11.125702228195513
419,R8A9B,R8A9B,0,exp5_p0_seed43_e008,0.3282014281699158,0.49537941813468933,0.15877536702922768,5.587665120146133
419,R8A9B,R8A9B,0,exp5_p0_seed44_e013,-0.13965766111093572,0.4490855634212494,0.16968129978891167,9.01081224208603
419,R8A9B,R8A9B,0,exp5_p05_seed42_e020,0.3651081628221609,0.5295737981796265,0.17577943219419329,7.074888494612686
419,R8A9B,R8A9B,0,exp5_p05_seed43_e022,0.4133118057567944,0.5295737981796265,0.1811636357384828,6.674436057474007
419,R8A9B,R8A9B,0,exp5_p05_seed44_e014,0.41244364751535006,0.46890074014663696,0.2203583900335634,8.169181217983914
420,R8A9B,R8A9B,5,exp5_p0_seed42_e015,0.4559202136349849,0.3124183118343353,0.23169869434251106,11.154045266470467
420,R8A9B,R8A9B,5,exp5_p0_seed43_e008,0.9703557186694846,0.47425127029418945,0.27070404248130997,5.459744208985645
420,R8A9B,R8A9B,5,exp5_p0_seed44_e013,0.16081425576949432,0.3124183118343353,0.21501602878298978,8.745808124154296
420,R8A9B,R8A9B,5,exp5_p05_seed42_e020,0.9222424009471507,0.42063456773757935,0.27825485544836137,6.905368783323763
420,R8A9B,R8A9B,5,exp5_p05_seed43_e022,0.9886852725310578,0.4674808979034424,0.3063720579339421,6.527681174435517
420,R8A9B,R8A9B,5,exp5_p05_seed44_e014,0.9626767902712356,0.4379971921443939,0.313550295591906,8.05625039899837
421,R8A9B,R8A9B,-5,exp5_p0_seed42_e015,-0.16861486913012602,0.19720788300037384,0.14613612139753804,13.058881721410511
421,R8A9B,R8A9B,-5,exp5_p0_seed43_e008,-1.7352956974719504,0.8871089220046997,0.1949963279095503,6.927919237953129
421,R8A9B,R8A9B,-5,exp5_p0_seed44_e013,-1.2744365091256822,0.6435257196426392,0.1299947241245995,8.832118144557482
421,R8A9B,R8A9B,-5,exp5_p05_seed42_e020,-1.5548059934087688,0.7000000476837158,0.1534094533942186,7.568895920886996
421,R8A9B,R8A9B,-5,exp5_p05_seed43_e022,-1.6924047699247649,0.7120586037635803,0.15539562640392343,8.11505676855531
421,R8A9B,R8A9B,-5,exp5_p05_seed44_e014,-1.777616736314379,0.7721505761146545,0.12527111865356633,8.985433238626277
422,R8A9B,R8A9B,0,exp5_p0_seed42_e015,0.12980165989766845,0.14459502696990967,0.1874489095210527,13.117730497769049
422,R8A9B,R8A9B,0,exp5_p0_seed43_e008,-0.17916247904489596,0.630569338798523,0.27165556100763055,6.904618896748874
422,R8A9B,R8A9B,0,exp5_p0_seed44_e013,-0.33941519955774885,0.4803314507007599,0.16424315922991609,8.718309063678735
422,R8A9B,R8A9B,0,exp5_p05_seed42_e020,-0.17447522372625263,0.4922740161418915,0.22515763848940112,7.5486322824601135
422,R8A9B,R8A9B,0,exp5_p05_seed43_e022,-0.2524568211803167,0.5069634318351746,0.22741868175524713,8.068328311269383
422,R8A9B,R8A9B,0,exp5_p05_seed44_e014,-0.38029209017690624,0.5524647235870361,0.18996934303996688,9.042294224783165
423,R8A9B,R8A9B,5,exp5_p0_seed42_e015,0.17938864630720533,0.1623717099428177,0.20959775716265644,13.447662853718478
423,R8A9B,R8A9B,5,exp5_p0_seed43_e008,0.39628613611047186,0.47685477137565613,0.3273031187980319,6.8881036317410596
423,R8A9B,R8A9B,5,exp5_p0_seed44_e013,-0.05723919779001271,0.41658422350883484,0.1834358579097541,8.74550077639422
423,R8A9B,R8A9B,5,exp5_p05_seed42_e020,0.34351782890716553,0.38214391469955444,0.29225239754731974,7.478193318854575
423,R8A9B,R8A9B,5,exp5_p05_seed43_e022,0.2781544897842164,0.404817134141922,0.28074454893644035,7.981082045505145
423,R8A9B,R8A9B,5,exp5_p05_seed44_e014,0.1250469380209241,0.42548131942749023,0.2443383663120088,9.069633577898374
424,R8A9B,R8A9B,-5,exp5_p0_seed42_e015,-0.2232238468841462,17.395923614501953,0.15325294293457015,13.622419302800477
424,R8A9B,R8A9B,-5,exp5_p0_seed43_e008,-1.848629434231679,32.63254165649414,0.17235659821202584,8.061868623205186
424,R8A9B,R8A9B,-5,exp5_p0_seed44_e013,-1.4405879698618103,33.06439971923828,0.09623022966744398,10.796965272843245
424,R8A9B,R8A9B,-5,exp5_p05_seed42_e020,-1.4965470601875825,32.153446197509766,0.1296618364691825,10.030873081201682
424,R8A9B,R8A9B,-5,exp5_p05_seed43_e022,-1.5954944979979304,28.49611473083496,0.14178856018922212,10.438167531037436
424,R8A9B,R8A9B,-5,exp5_p05_seed44_e014,-2.025646680279452,31.181753158569336,0.10135668260351843,9.70228844402217
425,R8A9B,R8A9B,0,exp5_p0_seed42_e015,0.08514670070835796,10.25649642944336,0.1755001997799208,13.551232388289682
425,R8A9B,R8A9B,0,exp5_p0_seed43_e008,-0.13533044355185686,18.570619583129883,0.25614731856618106,8.057096517050342
425,R8A9B,R8A9B,0,exp5_p0_seed44_e013,-0.4038618175088396,18.597278594970703,0.11178165261902152,10.803825591302544
425,R8A9B,R8A9B,0,exp5_p05_seed42_e020,-0.253251972741224,18.528724670410156,0.17728827936239333,10.012614858245305
425,R8A9B,R8A9B,0,exp5_p05_seed43_e022,-0.27803343603769376,16.53683853149414,0.1808151809715356,10.435023678930534
425,R8A9B,R8A9B,0,exp5_p05_seed44_e014,-0.5448039242091457,17.65656089782715,0.14577610173806452,9.692193995142105
426,R8A9B,R8A9B,5,exp5_p0_seed42_e015,0.1438041458498688,5.742810249328613,0.19728070819013546,13.652948129940203
426,R8A9B,R8A9B,5,exp5_p0_seed43_e008,0.5161720240217303,10.57795524597168,0.34485514101740883,8.040529479633713
426,R8A9B,R8A9B,5,exp5_p0_seed44_e013,-0.031551849256236705,11.206008911132812,0.13328052646315064,10.748007337621875
426,R8A9B,R8A9B,5,exp5_p05_seed42_e020,0.19072973094933576,10.758627891540527,0.23331202836867648,9.99353174017373
426,R8A9B,R8A9B,5,exp5_p05_seed43_e022,0.18833852927962946,9.685346603393555,0.22827469909134285,10.436271938194858
426,R8A9B,R8A9B,5,exp5_p05_seed44_e014,0.06683039227140754,10.205856323242188,0.22438901218500779,9.676521031422402
427,R8A9B,R8A9B,-5,exp5_p0_seed42_e015,-0.26142422331983806,0.7546618580818176,0.15582952220788968,11.49170437040822
427,R8A9B,R8A9B,-5,exp5_p0_seed43_e008,-0.9244027376616203,1.213087558746338,0.321993263831219,5.74124016413937
427,R8A9B,R8A9B,-5,exp5_p0_seed44_e013,-0.453153093117232,0.8977621793746948,0.1655952023774988,6.015757779068718
427,R8A9B,R8A9B,-5,exp5_p05_seed42_e020,-0.46627795930542704,1.0023062229156494,0.2344599761394658,7.0611745632590095
427,R8A9B,R8A9B,-5,exp5_p05_seed43_e022,-0.7328005243427269,1.0861103534698486,0.246936361021802,7.208124876908803
427,R8A9B,R8A9B,-5,exp5_p05_seed44_e014,-0.6028421940278996,0.9859707355499268,0.24267323394269327,8.088619194953047
428,R8A9B,R8A9B,0,exp5_p0_seed42_e015,-0.01767870830879979,0.5307469964027405,0.159329004888426,11.540618899531179
428,R8A9B,R8A9B,0,exp5_p0_seed43_e008,0.42122854802985,0.7600552439689636,0.3926114323005737,5.734882472856679
428,R8A9B,R8A9B,0,exp5_p0_seed44_e013,0.004964045006133022,0.5718928575515747,0.19568333125806012,5.727933455536157
428,R8A9B,R8A9B,0,exp5_p05_seed42_e020,0.31766711865495756,0.6117430329322815,0.29355075076484827,6.970318164667243
428,R8A9B,R8A9B,0,exp5_p05_seed43_e022,0.2910734757225894,0.6862171292304993,0.3229775533107684,7.135768840646648
428,R8A9B,R8A9B,0,exp5_p05_seed44_e014,0.10897482868894942,0.6578413844108582,0.2805718275410147,8.022865656667342
429,R8A9B,R8A9B,5,exp5_p0_seed42_e015,0.07363670808055027,0.3675994277000427,0.19771438418332063,11.59806563796563
429,R8A9B,R8A9B,5,exp5_p0_seed43_e008,0.6186302493638389,0.6362074017524719,0.3900511881617129,5.681134409629605
429,R8A9B,R8A9B,5,exp5_p0_seed44_e013,0.1330437160267675,0.40437012910842896,0.2036775584495833,5.309540095742084
429,R8A9B,R8A9B,5,exp5_p05_seed42_e020,0.45991274085466827,0.4586459696292877,0.32074511325525634,6.837420942015853
429,R8A9B,R8A9B,5,exp5_p05_seed43_e022,0.5049160862411254,0.5098501443862915,0.3490231943112455,7.008967024384757
429,R8A9B,R8A9B,5,exp5_p05_seed44_e014,0.3141111243713696,0.5840559005737305,0.29569135215527387,7.844815411260986
430,R8A9B,R8A9B,-5,exp5_p0_seed42_e015,-0.8633706613848751,1.367560625076294,0.13032012949597305,13.015108598828975
430,R8A9B,R8A9B,-5,exp5_p0_seed43_e008,-1.6085577565107743,2.5101425647735596,0.2624873531044829,7.226469753628933
430,R8A9B,R8A9B,-5,exp5_p0_seed44_e013,-2.024555924351082,2.0252597332000732,0.15998348712879737,9.344904056943598
430,R8A9B,R8A9B,-5,exp5_p05_seed42_e020,-1.1312736161488743,1.5743955373764038,0.1880056462088138,8.168807605284693
430,R8A9B,R8A9B,-5,exp5_p05_seed43_e022,-1.6750750419500675,1.9957767724990845,0.2128862045320656,8.867665749340812
430,R8A9B,R8A9B,-5,exp5_p05_seed44_e014,-1.6464947859909653,1.9232028722763062,0.20357060403964128,7.985519644869842
431,R8A9B,R8A9B,0,exp5_p0_seed42_e015,-0.3493872660594124,0.746941864490509,0.15708973756495964,13.147482300601512
431,R8A9B,R8A9B,0,exp5_p0_seed43_e008,0.1364119212691611,1.4886085987091064,0.36801641008291663,7.182163855559521
431,R8A9B,R8A9B,0,exp5_p0_seed44_e013,-0.4520068227583518,1.081641435623169,0.19064359689584592,9.423782136193795
431,R8A9B,R8A9B,0,exp5_p05_seed42_e020,0.03250538653625735,0.9618985652923584,0.262416322065012,8.053847645539971
431,R8A9B,R8A9B,0,exp5_p05_seed43_e022,-0.053184261460106616,1.1362377405166626,0.29550978772770625,8.806134594816038
431,R8A9B,R8A9B,0,exp5_p05_seed44_e014,-0.1959494346633804,1.1053789854049683,0.2719230889354431,7.891791304138702
432,R8A9B,R8A9B,5,exp5_p0_seed42_e015,-0.1800786810964047,0.3949551582336426,0.18182721278358066,13.35822233667502
432,R8A9B,R8A9B,5,exp5_p0_seed43_e008,0.8209147891161784,0.7742821574211121,0.4382523184659341,7.125163888155343
432,R8A9B,R8A9B,5,exp5_p0_seed44_e013,0.03524625430381133,0.5882936120033264,0.19547392521142318,9.492880123321811
432,R8A9B,R8A9B,5,exp5_p05_seed42_e020,0.4692094514800691,0.6597800850868225,0.3271333923760659,7.905246546320739
432,R8A9B,R8A9B,5,exp5_p05_seed43_e022,0.5752707914476981,0.7142459750175476,0.37417060541343333,8.696663559207156
432,R8A9B,R8A9B,5,exp5_p05_seed44_e014,0.3797092512634902,0.6761817336082458,0.327112759724581,7.781959517564498
433,R8D8E,R8D8E,-5,exp5_p0_seed42_e015,-1.0878232181056704,0.4346950352191925,0.24286655209374583,7.477862200561047
433,R8D8E,R8D8E,-5,exp5_p0_seed43_e008,-2.52046249263856,0.6773000359535217,0.30128280390462875,5.074607806640986
433,R8D8E,R8D8E,-5,exp5_p0_seed44_e013,-1.599016177581373,0.7557312846183777,0.2899619436560339,6.5973230469258235
433,R8D8E,R8D8E,-5,exp5_p05_seed42_e020,-1.5689958646090583,0.7763361930847168,0.3042119060427761,6.510919466567432
433,R8D8E,R8D8E,-5,exp5_p05_seed43_e022,-1.6658522178198076,0.7539588212966919,0.31266114429037856,6.575423517973549
433,R8D8E,R8D8E,-5,exp5_p05_seed44_e014,-1.7477674326779948,0.7632642984390259,0.31016984984339163,6.495543410453734
434,R8D8E,R8D8E,0,exp5_p0_seed42_e015,0.060072548104497525,0.4197954833507538,0.32490562735250783,7.574731372461265
434,R8D8E,R8D8E,0,exp5_p0_seed43_e008,-0.2575968192985475,0.5687892436981201,0.3895485939303679,5.115007564952947
434,R8D8E,R8D8E,0,exp5_p0_seed44_e013,0.08654775134730111,0.7659518718719482,0.3876987671550318,6.568425393576177
434,R8D8E,R8D8E,0,exp5_p05_seed42_e020,0.1876191481072701,0.5834378600120544,0.39763000336149645,6.49905344874142
434,R8D8E,R8D8E,0,exp5_p05_seed43_e022,0.19600336499634916,0.5994061827659607,0.41509814823929553,6.546301788942307
434,R8D8E,R8D8E,0,exp5_p05_seed44_e014,0.12110413708046544,0.5786868929862976,0.3977318572508929,6.450677861847134
435,R8D8E,R8D8E,5,exp5_p0_seed42_e015,0.4647192248027516,0.40238267183303833,0.37319341706314824,7.7318144497325605
435,R8D8E,R8D8E,5,exp5_p0_seed43_e008,0.7581024775685603,0.5468460917472839,0.4673780073693379,5.1642907923411805
435,R8D8E,R8D8E,5,exp5_p0_seed44_e013,0.7002376455717486,0.6699221730232239,0.4641896518848593,6.514722513109578
435,R8D8E,R8D8E,5,exp5_p05_seed42_e020,0.8769521175487233,0.4930996596813202,0.4653919408018051,6.479679348196749
435,R8D8E,R8D8E,5,exp5_p05_seed43_e022,0.936792566642281,0.5220400094985962,0.4823048375334056,6.504864883046021
435,R8D8E,R8D8E,5,exp5_p05_seed44_e014,0.8754087602100393,0.48451295495033264,0.4601421913394527,6.390437143203381
436,R8D8E,R8D8E,-5,exp5_p0_seed42_e015,-0.629113063610526,0.975804328918457,0.23058505170851043,8.016936083857427
436,R8D8E,R8D8E,-5,exp5_p0_seed43_e008,-1.8326543244205302,1.3399181365966797,0.2711709399144123,4.939437321549548
436,R8D8E,R8D8E,-5,exp5_p0_seed44_e013,-1.4764602075682123,1.4801851511001587,0.2649155362662035,6.398267695422391
436,R8D8E,R8D8E,-5,exp5_p05_seed42_e020,-1.306525538426915,1.1975420713424683,0.2854281974259034,6.189579956257063
436,R8D8E,R8D8E,-5,exp5_p05_seed43_e022,-1.4511104605267553,1.2397276163101196,0.2944486363425157,6.193401794390577
436,R8D8E,R8D8E,-5,exp5_p05_seed44_e014,-1.559354098749599,1.2658299207687378,0.27201648349208446,6.150421810803673
437,R8D8E,R8D8E,0,exp5_p0_seed42_e015,0.5643842913415975,0.49206122756004333,0.3797844748647259,7.9829048392696045
437,R8D8E,R8D8E,0,exp5_p0_seed43_e008,0.45838219061839847,0.7086920142173767,0.4438534253971219,4.96798913443507
437,R8D8E,R8D8E,0,exp5_p0_seed44_e013,0.5451268097515871,0.7984389662742615,0.4216567943904326,6.460429034286415
437,R8D8E,R8D8E,0,exp5_p05_seed42_e020,0.635455218710746,0.6780542135238647,0.4412834820732645,6.09917105062161
437,R8D8E,R8D8E,0,exp5_p05_seed43_e022,0.629600029645081,0.7091561555862427,0.44899818075928805,6.173706104634324
437,R8D8E,R8D8E,0,exp5_p05_seed44_e014,0.47716457863828954,0.7179760932922363,0.42298191302731325,6.061322458417736
438,R8D8E,R8D8E,5,exp5_p0_seed42_e015,0.9958719892846939,0.35202959179878235,0.4772049030209016,8.093270375989484
438,R8D8E,R8D8E,5,exp5_p0_seed43_e008,1.5181743055649015,0.5653256177902222,0.5615155384452173,5.005787087887463
438,R8D8E,R8D8E,5,exp5_p0_seed44_e013,1.0111723383294593,0.5250363945960999,0.48971267983340994,6.297978443760507
438,R8D8E,R8D8E,5,exp5_p05_seed42_e020,1.3896034969759739,0.5365215539932251,0.5408771228157656,5.957185071960442
438,R8D8E,R8D8E,5,exp5_p05_seed43_e022,1.4578193063123313,0.5407145023345947,0.5487348396150235,6.0954902547285625
438,R8D8E,R8D8E,5,exp5_p05_seed44_e014,1.270812839323554,0.49969610571861267,0.5245106848010471,5.938931059952996
439,R8D8E,R8D8E,-5,exp5_p0_seed42_e015,-0.07242495822124498,0.6244868040084839,0.22433386153106719,9.446860836702124
439,R8D8E,R8D8E,-5,exp5_p0_seed43_e008,-1.0011979495890648,0.8106225728988647,0.21379859918221367,5.381086230913729
439,R8D8E,R8D8E,-5,exp5_p0_seed44_e013,-0.6266635210494033,0.6774955987930298,0.17274544746967474,7.6606132238368385
439,R8D8E,R8D8E,-5,exp5_p05_seed42_e020,-1.1743005650053515,0.7968258261680603,0.16307267816908005,6.1430162755516795
439,R8D8E,R8D8E,-5,exp5_p05_seed43_e022,-0.9851029522749171,0.797793984413147,0.2147206094219109,5.805070770478738
439,R8D8E,R8D8E,-5,exp5_p05_seed44_e014,-1.0140758289595042,0.7556774616241455,0.1976444927611754,5.857981046500541
440,R8D8E,R8D8E,0,exp5_p0_seed42_e015,1.0265490759964129,0.3912821114063263,0.3231936178795239,9.397268803217669
440,R8D8E,R8D8E,0,exp5_p0_seed43_e008,1.1369175177372186,0.5687174797058105,0.36410292124886356,5.398360297727799
440,R8D8E,R8D8E,0,exp5_p0_seed44_e013,0.7522755614711979,0.4318947494029999,0.2575686441800072,7.496264559601577
440,R8D8E,R8D8E,0,exp5_p05_seed42_e020,1.010123565265479,0.5477108955383301,0.30855711224444954,5.958300372134131
440,R8D8E,R8D8E,0,exp5_p05_seed43_e022,1.1741745117596756,0.5423892140388489,0.3555912363224814,5.645797413228886
440,R8D8E,R8D8E,0,exp5_p05_seed44_e014,1.1383079124464486,0.5135402083396912,0.3351554368915361,5.737448139990953
441,R8D8E,R8D8E,5,exp5_p0_seed42_e015,1.588223744541738,0.4018707275390625,0.4287662734823174,9.320824127614637
441,R8D8E,R8D8E,5,exp5_p0_seed43_e008,2.2584490159698,0.6143888831138611,0.5084626942617345,5.432711733929716
441,R8D8E,R8D8E,5,exp5_p0_seed44_e013,1.301993080408344,0.39339354634284973,0.3773634821886682,7.007384411927324
441,R8D8E,R8D8E,5,exp5_p05_seed42_e020,2.2158515239130723,0.4436693489551544,0.45864802720239994,5.669005105004533
441,R8D8E,R8D8E,5,exp5_p05_seed43_e022,2.1953098951509094,0.4199163615703583,0.48938138279820614,5.4197587653307355
441,R8D8E,R8D8E,5,exp5_p05_seed44_e014,2.1075673469089606,0.41043195128440857,0.4643888639407794,5.532651322016856
442,R8D8E,R8D8E,-5,exp5_p0_seed42_e015,-0.10043068256766258,0.549795389175415,0.2639415686239149,9.7888434895575
442,R8D8E,R8D8E,-5,exp5_p0_seed43_e008,-1.1748641715797958,0.8266822695732117,0.3242589910892545,5.842854803344949
442,R8D8E,R8D8E,-5,exp5_p0_seed44_e013,-0.325648035717132,0.6741160154342651,0.31119130924363014,7.869881629420505
442,R8D8E,R8D8E,-5,exp5_p05_seed42_e020,-1.330689630086965,0.8199191689491272,0.31526829374799703,6.321336282576219
442,R8D8E,R8D8E,-5,exp5_p05_seed43_e022,-1.3968267640123098,0.7495040893554688,0.3331278860106462,5.808233365492809
442,R8D8E,R8D8E,-5,exp5_p05_seed44_e014,-1.5320965551131736,0.7321985363960266,0.29578158880793187,6.0455572807620825
443,R8D8E,R8D8E,0,exp5_p0_seed42_e015,0.5842948934814123,0.4716690182685852,0.3607574850400582,9.896919349645616
443,R8D8E,R8D8E,0,exp5_p0_seed43_e008,0.4960085272764626,0.5939622521400452,0.4337331233766765,5.875132246815175
443,R8D8E,R8D8E,0,exp5_p0_seed44_e013,0.6378267308972091,0.5605883598327637,0.42146796841079404,7.7834759056845755
443,R8D8E,R8D8E,0,exp5_p05_seed42_e020,0.5021168717845967,0.48392170667648315,0.4218433534879211,6.235995123260222
443,R8D8E,R8D8E,0,exp5_p05_seed43_e022,0.5554859666055317,0.5370165705680847,0.4392322514143487,5.747217332721429
443,R8D8E,R8D8E,0,exp5_p05_seed44_e014,0.34911564143658314,0.4978080093860626,0.4041374132389462,5.9586966771877945
444,R8D8E,R8D8E,5,exp5_p0_seed42_e015,0.9203125074245712,0.44584235548973083,0.4341837483610323,10.147490861793049
444,R8D8E,R8D8E,5,exp5_p0_seed43_e008,1.1878706213923749,0.5648840665817261,0.4952042684898227,5.934559514752632
444,R8D8E,R8D8E,5,exp5_p0_seed44_e013,1.0199524915873814,0.5166468024253845,0.4818468621252877,7.844214274523015
444,R8D8E,R8D8E,5,exp5_p05_seed42_e020,1.209772993870328,0.4266602694988251,0.49485229557552773,6.071286153179613
444,R8D8E,R8D8E,5,exp5_p05_seed43_e022,1.3009865089559258,0.3894244432449341,0.5099533452022372,5.630305441061677
444,R8D8E,R8D8E,5,exp5_p05_seed44_e014,1.0888344106707688,0.4174923896789551,0.47662425030159705,5.808081487791945
445,R8D8E,R8D8E,-5,exp5_p0_seed42_e015,-0.7739320214684825,0.5855571031570435,0.17198239803146342,9.112124280875143
445,R8D8E,R8D8E,-5,exp5_p0_seed43_e008,-2.5328065460567,0.9688308835029602,0.2549426401982157,5.015185968331383
445,R8D8E,R8D8E,-5,exp5_p0_seed44_e013,-1.466196431442963,0.894305408000946,0.25117599473714153,7.406471829417236
445,R8D8E,R8D8E,-5,exp5_p05_seed42_e020,-1.4745612091406135,0.7316887974739075,0.26667188843878875,5.971997893390792
445,R8D8E,R8D8E,-5,exp5_p05_seed43_e022,-1.7752982295557762,0.8299112915992737,0.27310395844945584,6.096869905596078
445,R8D8E,R8D8E,-5,exp5_p05_seed44_e014,-1.8364895766715756,0.7047291398048401,0.2414595212368111,5.929754480243616
446,R8D8E,R8D8E,0,exp5_p0_seed42_e015,0.35846862758804343,0.5051899552345276,0.2835604697058876,9.265590370353976
446,R8D8E,R8D8E,0,exp5_p0_seed43_e008,0.02732624722020531,0.7633308172225952,0.400527318369304,5.041298884696105
446,R8D8E,R8D8E,0,exp5_p0_seed44_e013,0.40942974698710916,0.6983923316001892,0.3882800075744375,7.453969027344187
446,R8D8E,R8D8E,0,exp5_p05_seed42_e020,0.42515382653699496,0.6251851916313171,0.3925849824495849,5.919538818582476
446,R8D8E,R8D8E,0,exp5_p05_seed43_e022,0.35244560875790676,0.7064592242240906,0.4109620572605384,6.07794850795233
446,R8D8E,R8D8E,0,exp5_p05_seed44_e014,0.15059522191660793,0.5812205076217651,0.3649832731293256,5.88478115017492
447,R8D8E,R8D8E,5,exp5_p0_seed42_e015,0.8065000661658006,0.4193110466003418,0.35060726687788935,9.273469045029344
447,R8D8E,R8D8E,5,exp5_p0_seed43_e008,1.3270008519582484,0.7674877643585205,0.5162519745632738,5.071377038280771
447,R8D8E,R8D8E,5,exp5_p0_seed44_e013,1.1112068757963138,0.5901281833648682,0.4814996839289282,7.569506990029291
447,R8D8E,R8D8E,5,exp5_p05_seed42_e020,1.393877325818769,0.5716903805732727,0.5018995057803385,5.844492148660271
447,R8D8E,R8D8E,5,exp5_p05_seed43_e022,1.448761826179465,0.615941047668457,0.5187685779599299,6.055645230317332
447,R8D8E,R8D8E,5,exp5_p05_seed44_e014,1.183800186259357,0.5380265712738037,0.47047429998600565,5.8219037191616145
448,R8D8E,R8D8E,-5,exp5_p0_seed42_e015,-1.3867728753193336,0.8179025053977966,0.10901806588671865,9.964835354117948
448,R8D8E,R8D8E,-5,exp5_p0_seed43_e008,-2.4231426042899162,0.9737449288368225,0.1200540552329315,5.314746640561006
448,R8D8E,R8D8E,-5,exp5_p0_seed44_e013,-2.251201052548053,1.0816025733947754,0.12312342220918819,8.384745490004091
448,R8D8E,R8D8E,-5,exp5_p05_seed42_e020,-1.7148529549532512,0.8479469418525696,0.11053325697132159,7.152224807559734
448,R8D8E,R8D8E,-5,exp5_p05_seed43_e022,-1.164549273101606,0.774024486541748,0.11984972584483719,7.108018823727855
448,R8D8E,R8D8E,-5,exp5_p05_seed44_e014,-1.4935428723596786,0.7145839929580688,0.10808810036564863,7.293636323880443
449,R8D8E,R8D8E,0,exp5_p0_seed42_e015,0.4185480049900999,0.5367184281349182,0.18139864507358142,10.116298295005377
449,R8D8E,R8D8E,0,exp5_p0_seed43_e008,0.15955578889938127,0.7184322476387024,0.14943416979297697,5.331998867092614
449,R8D8E,R8D8E,0,exp5_p0_seed44_e013,-0.3262023086653847,0.7295803427696228,0.10689668142716183,8.184332399495716
449,R8D8E,R8D8E,0,exp5_p05_seed42_e020,0.20843695403170157,0.6293714642524719,0.14360230845372657,6.756733825838889
449,R8D8E,R8D8E,0,exp5_p05_seed43_e022,0.6698089755443775,0.5699149966239929,0.17235251746258007,6.860860289534855
449,R8D8E,R8D8E,0,exp5_p05_seed44_e014,0.38128781767150643,0.5550508499145508,0.15555488491307207,6.955264225915048
450,R8D8E,R8D8E,5,exp5_p0_seed42_e015,1.2319328695692224,0.5890204906463623,0.28867394457745965,9.718071318143936
450,R8D8E,R8D8E,5,exp5_p0_seed43_e008,1.5466963586722544,0.5762996077537537,0.26307234743270097,5.3234507570493586
450,R8D8E,R8D8E,5,exp5_p0_seed44_e013,0.4417322338093593,0.6184643507003784,0.20872364334764923,7.7681444024124175
450,R8D8E,R8D8E,5,exp5_p05_seed42_e020,1.4037042599358218,0.5489997267723083,0.26377766732367275,6.300449755831233
450,R8D8E,R8D8E,5,exp5_p05_seed43_e022,1.6246017019052759,0.4865386188030243,0.27675979807426315,6.4953352128058475
450,R8D8E,R8D8E,5,exp5_p05_seed44_e014,1.558015928862074,0.5259877443313599,0.2876417614069506,6.4261469949657
451,R8D8E,R8D8E,-5,exp5_p0_seed42_e015,-0.8909068184934976,0.36422640085220337,0.1991131070499948,9.307325874668834
451,R8D8E,R8D8E,-5,exp5_p0_seed43_e008,-2.111939590981827,0.6825550198554993,0.31592643452227953,6.03924984628882
451,R8D8E,R8D8E,-5,exp5_p0_seed44_e013,-1.703118034761393,0.4782087206840515,0.2778993742571576,7.402826293642787
451,R8D8E,R8D8E,-5,exp5_p05_seed42_e020,-1.9879067182477534,0.6118997931480408,0.304037734811055,6.1244749040559014
451,R8D8E,R8D8E,-5,exp5_p05_seed43_e022,-2.131039804981116,0.6617582440376282,0.32783262570700566,5.930461156345518
451,R8D8E,R8D8E,-5,exp5_p05_seed44_e014,-2.188597170171131,0.6184600591659546,0.308659680330758,5.980650987160887
452,R8D8E,R8D8E,0,exp5_p0_seed42_e015,0.38025861937616956,0.34210479259490967,0.3315968745081547,9.441793128051936
452,R8D8E,R8D8E,0,exp5_p0_seed43_e008,0.21014981373957348,0.6727446913719177,0.4483836774440798,6.066077586833362
452,R8D8E,R8D8E,0,exp5_p0_seed44_e013,0.14501937550972782,0.4972805082798004,0.4101659283807448,7.405417715348283
452,R8D8E,R8D8E,0,exp5_p05_seed42_e020,0.24309826602431886,0.520037055015564,0.4142657363598356,6.122740242520091
452,R8D8E,R8D8E,0,exp5_p05_seed43_e022,0.19599815347287095,0.5187155604362488,0.43752754447110914,5.904975751930834
452,R8D8E,R8D8E,0,exp5_p05_seed44_e014,0.014506286474393573,0.5017725825309753,0.40297563449611534,5.962659061843142
453,R8D8E,R8D8E,5,exp5_p0_seed42_e015,0.9006506360640898,0.38236770033836365,0.42765851427998286,9.558003213223591
453,R8D8E,R8D8E,5,exp5_p0_seed43_e008,1.319714187652963,0.693901002407074,0.554480304045254,6.100599571441307
453,R8D8E,R8D8E,5,exp5_p0_seed44_e013,0.8054981215467747,0.4646626114845276,0.4988069416037132,7.480948247277544
453,R8D8E,R8D8E,5,exp5_p05_seed42_e020,1.2624348882908911,0.48543551564216614,0.5079559274574851,6.073007260071005
453,R8D8E,R8D8E,5,exp5_p05_seed43_e022,1.2996665937534222,0.47015902400016785,0.534616644157151,5.8458227891918515
453,R8D8E,R8D8E,5,exp5_p05_seed44_e014,1.0380349338146724,0.4419080317020416,0.4865108966997493,5.926617143531605
454,R8D8E,R8D8E,-5,exp5_p0_seed42_e015,-0.4945324237702267,0.6587173342704773,0.2201357396430326,8.950363045329558
454,R8D8E,R8D8E,-5,exp5_p0_seed43_e008,-1.6749002312772463,1.1622745990753174,0.24112344997420684,4.967002824558217
454,R8D8E,R8D8E,-5,exp5_p0_seed44_e013,-1.030773262955441,1.1824792623519897,0.20610197424982554,7.358441903296154
454,R8D8E,R8D8E,-5,exp5_p05_seed42_e020,-1.8994702488441049,1.2744354009628296,0.23725110319612103,5.701326129449816
454,R8D8E,R8D8E,-5,exp5_p05_seed43_e022,-1.58620102997567,1.0954445600509644,0.25308485134576486,5.792851887647038
454,R8D8E,R8D8E,-5,exp5_p05_seed44_e014,-1.8921053362049236,1.1096912622451782,0.2268532611243212,5.913908588207908
455,R8D8E,R8D8E,0,exp5_p0_seed42_e015,0.4317276816653569,0.5013779401779175,0.36852295726898443,8.997461219387395
455,R8D8E,R8D8E,0,exp5_p0_seed43_e008,0.35349965948297046,0.7115538716316223,0.38976547384171095,5.016498852202316
455,R8D8E,R8D8E,0,exp5_p0_seed44_e013,0.29177376277011574,0.7790500521659851,0.3563609050867713,7.101221076719577
455,R8D8E,R8D8E,0,exp5_p05_seed42_e020,0.19434182250343607,0.8185637593269348,0.38470199955465306,5.54090282174863
455,R8D8E,R8D8E,0,exp5_p05_seed43_e022,0.42965174735247663,0.7564488053321838,0.3970609016480538,5.680924117793369
455,R8D8E,R8D8E,0,exp5_p05_seed44_e014,0.10918677071514035,0.7210862636566162,0.36694837858354284,5.737911365438607
456,R8D8E,R8D8E,5,exp5_p0_seed42_e015,0.887955025845822,0.44404152035713196,0.4752581311900266,9.01741326955785
456,R8D8E,R8D8E,5,exp5_p0_seed43_e008,1.3400504545606484,0.5462408065795898,0.5075413839386285,5.07433947422704
456,R8D8E,R8D8E,5,exp5_p0_seed44_e013,0.8405177428437127,0.6552286148071289,0.466117512948423,6.545133855305467
456,R8D8E,R8D8E,5,exp5_p05_seed42_e020,1.2362939540126183,0.6658297181129456,0.5017008464856768,5.171445482054551
456,R8D8E,R8D8E,5,exp5_p05_seed43_e022,1.3876197655407636,0.5951551198959351,0.5155386918445238,5.472632890811471
456,R8D8E,R8D8E,5,exp5_p05_seed44_e014,1.0714769470811842,0.5691170692443848,0.48937600355445665,5.436203108683478
457,R92E0,R92E0,-5,exp5_p0_seed42_e015,-0.593352885638563,0.5423305630683899,0.22170130089230075,9.210292115107745
457,R92E0,R92E0,-5,exp5_p0_seed43_e008,-1.3378458549757812,0.8356448411941528,0.17166425788451298,6.541579480157218
457,R92E0,R92E0,-5,exp5_p0_seed44_e013,-0.9781797432961594,0.8533275127410889,0.08931040962880034,9.011066306049765
457,R92E0,R92E0,-5,exp5_p05_seed42_e020,-1.2863865885644008,0.9298918843269348,0.10699043112635445,7.137654062279496
457,R92E0,R92E0,-5,exp5_p05_seed43_e022,-1.0458214686971008,0.8389260768890381,0.125692680029443,7.595541089597123
457,R92E0,R92E0,-5,exp5_p05_seed44_e014,-0.5572991863566032,0.665744960308075,0.1934213398140014,7.759676104407794
458,R92E0,R92E0,0,exp5_p0_seed42_e015,0.5178103722326639,0.40310463309288025,0.3660168513990455,8.586911994963979
458,R92E0,R92E0,0,exp5_p0_seed43_e008,0.27374922818194225,0.6520810127258301,0.32639443739549573,6.567380054502747
458,R92E0,R92E0,0,exp5_p0_seed44_e013,0.0011083920712685515,0.5521516799926758,0.16876802272673871,7.992400637849891
458,R92E0,R92E0,0,exp5_p05_seed42_e020,0.20648600088157165,0.6273103952407837,0.2549236161352646,6.937688807856403
458,R92E0,R92E0,0,exp5_p05_seed43_e022,0.4296844739845528,0.5040925145149231,0.28385393941388914,7.513136774799824
458,R92E0,R92E0,0,exp5_p05_seed44_e014,0.5446775096193882,0.43295639753341675,0.3231644353762288,7.453501456351059
459,R92E0,R92E0,5,exp5_p0_seed42_e015,1.0779874045416897,0.41654640436172485,0.42282083663822173,7.471578440020016
459,R92E0,R92E0,5,exp5_p0_seed43_e008,1.1686239697123315,0.5655847787857056,0.44617703198038655,6.518518228340188
459,R92E0,R92E0,5,exp5_p0_seed44_e013,0.29307864452063676,0.4940119683742523,0.23337213115279645,6.3430810604592995
459,R92E0,R92E0,5,exp5_p05_seed42_e020,0.9694971557327665,0.46233826875686646,0.41058199071790547,6.641104056878104
459,R92E0,R92E0,5,exp5_p05_seed43_e022,1.1270505430320201,0.42734983563423157,0.43853776016532764,7.373354030728136
459,R92E0,R92E0,5,exp5_p05_seed44_e014,1.057853615310064,0.31372952461242676,0.4174457996108083,6.971811978679092
460,R92E0,R92E0,-5,exp5_p0_seed42_e015,-1.3554560202522832,0.47625285387039185,0.3565668996741514,12.951878203561812
460,R92E0,R92E0,-5,exp5_p0_seed43_e008,-2.877920589979548,0.8326606750488281,0.31065788254727683,7.070735524924455
460,R92E0,R92E0,-5,exp5_p0_seed44_e013,-1.8382859293396043,0.6462627649307251,0.1614690150598697,11.809751008079862
460,R92E0,R92E0,-5,exp5_p05_seed42_e020,-2.1488079408151313,0.8564295172691345,0.24091120213517841,7.416613665385095
460,R92E0,R92E0,-5,exp5_p05_seed43_e022,-1.7563052872826566,0.9570093154907227,0.2859384711451372,7.5801843828216615
460,R92E0,R92E0,-5,exp5_p05_seed44_e014,-1.7343260422060538,0.8058894276618958,0.3173614976255657,8.498521551894642
461,R92E0,R92E0,0,exp5_p0_seed42_e015,-0.2752743755522631,0.44535234570503235,0.431218575101091,13.084737886580173
461,R92E0,R92E0,0,exp5_p0_seed43_e008,-0.5354266184628547,0.7316710948944092,0.4291032109872476,7.134465411983487
461,R92E0,R92E0,0,exp5_p0_seed44_e013,-0.7973862215394552,0.6656875610351562,0.3379893188772091,11.748677647342882
461,R92E0,R92E0,0,exp5_p05_seed42_e020,-0.3755551320702002,0.6038005352020264,0.3262396530181968,7.417260392379992
461,R92E0,R92E0,0,exp5_p05_seed43_e022,-0.13605449920087503,0.6730028390884399,0.4015772004423865,7.627935527481346
461,R92E0,R92E0,0,exp5_p05_seed44_e014,-0.0650408313272992,0.638767421245575,0.4156548121533384,8.505601732568772
462,R92E0,R92E0,5,exp5_p0_seed42_e015,0.13608681618194146,0.5457704067230225,0.45028875351025993,13.134567659095866
462,R92E0,R92E0,5,exp5_p0_seed43_e008,0.5395554785711341,0.6761111617088318,0.5056226751137218,7.166635033862415
462,R92E0,R92E0,5,exp5_p0_seed44_e013,-0.5404019246323275,0.7935705780982971,0.443853126732644,11.366004284000276
462,R92E0,R92E0,5,exp5_p05_seed42_e020,0.3065333438743296,0.5017019510269165,0.39631256063523335,7.419211345609384
462,R92E0,R92E0,5,exp5_p05_seed43_e022,0.5354975526784101,0.5401771068572998,0.4770820840178414,7.631369351053378
462,R92E0,R92E0,5,exp5_p05_seed44_e014,0.6059471196744068,0.606788158416748,0.4635866383441279,8.479510473676315
463,R92E0,R92E0,-5,exp5_p0_seed42_e015,-0.007927159944121102,0.4264523386955261,0.24280879347471604,11.649816025458017
463,R92E0,R92E0,-5,exp5_p0_seed43_e008,-0.8292854396215381,1.1840990781784058,0.23645947511510795,7.3090536649905005
463,R92E0,R92E0,-5,exp5_p0_seed44_e013,-0.06785573353336981,0.3613174259662628,0.08722846208737735,11.23070988800639
463,R92E0,R92E0,-5,exp5_p05_seed42_e020,-1.1650004005845724,1.3519043922424316,0.22952387304293798,6.502874762782167
463,R92E0,R92E0,-5,exp5_p05_seed43_e022,-1.3809317043481957,1.394171118736267,0.2230497712500423,6.931206743349742
463,R92E0,R92E0,-5,exp5_p05_seed44_e014,-0.6585829603073846,1.379346251487732,0.29430992818455415,7.920007380418886
464,R92E0,R92E0,0,exp5_p0_seed42_e015,0.4170606791803221,0.23288662731647491,0.3954220849838473,11.723789560752058
464,R92E0,R92E0,0,exp5_p0_seed43_e008,0.4617041965438026,0.8252257108688354,0.39900290475631056,7.297771990330255
464,R92E0,R92E0,0,exp5_p0_seed44_e013,0.38656904258314617,0.21447788178920746,0.2754465649205294,11.355671517950547
464,R92E0,R92E0,0,exp5_p05_seed42_e020,0.2841117550495841,0.8050265312194824,0.35173441552542706,6.5419916101640645
464,R92E0,R92E0,0,exp5_p05_seed43_e022,0.20559444563353174,0.9412787556648254,0.3668241916760124,6.921037049086552
464,R92E0,R92E0,0,exp5_p05_seed44_e014,0.47783324798195737,0.8929845094680786,0.4005580425874949,7.965325829479388
465,R92E0,R92E0,5,exp5_p0_seed42_e015,0.6996165929192439,0.16602495312690735,0.4724865092162367,11.86012763475233
465,R92E0,R92E0,5,exp5_p0_seed43_e008,1.1686338695373677,0.4961462616920471,0.520987522036222,7.299903589649252
465,R92E0,R92E0,5,exp5_p0_seed44_e013,0.6893147976518604,0.15687787532806396,0.3794528284032623,11.232862289635914
465,R92E0,R92E0,5,exp5_p05_seed42_e020,0.9665051765491641,0.6021641492843628,0.45395109895999247,6.587543104074492
465,R92E0,R92E0,5,exp5_p05_seed43_e022,1.0411829365287875,0.6795285940170288,0.4854091454226558,6.912850164395845
465,R92E0,R92E0,5,exp5_p05_seed44_e014,1.0090550541882022,0.6264094114303589,0.4700586734977788,8.011206576404302
466,R92E0,R92E0,-5,exp5_p0_seed42_e015,-0.024928574060623238,0.325752317905426,0.43204456270735786,10.214928523152535
466,R92E0,R92E0,-5,exp5_p0_seed43_e008,-0.9974455934769642,0.6492053270339966,0.4556672068480617,8.088324152493339
466,R92E0,R92E0,-5,exp5_p0_seed44_e013,-0.3208984920768283,0.3159691095352173,0.4168758039398816,11.553988430038773
466,R92E0,R92E0,-5,exp5_p05_seed42_e020,-1.7205637504124893,0.8002544045448303,0.35716403402864455,8.348739727400504
466,R92E0,R92E0,-5,exp5_p05_seed43_e022,-1.544711432214332,0.7606338858604431,0.43521440016755064,8.41211385369802
466,R92E0,R92E0,-5,exp5_p05_seed44_e014,-1.6307605786622652,0.6821491122245789,0.4168433288402415,9.018016769949913
467,R92E0,R92E0,0,exp5_p0_seed42_e015,0.5194980661244896,0.3405574560165405,0.6044537421074102,10.204249848918083
467,R92E0,R92E0,0,exp5_p0_seed43_e008,0.6794580692609504,0.6401309370994568,0.6519950867746956,8.084337386738936
467,R92E0,R92E0,0,exp5_p0_seed44_e013,0.6824716126342014,0.4159986078739166,0.6253102980171944,11.419854859101612
467,R92E0,R92E0,0,exp5_p05_seed42_e020,0.20179169078860235,0.6142069697380066,0.5806235175587987,8.284262868554503
467,R92E0,R92E0,0,exp5_p05_seed43_e022,0.3843111109639327,0.5778458118438721,0.6269397807670544,8.323738475885587
467,R92E0,R92E0,0,exp5_p05_seed44_e014,0.16236404590861248,0.47191572189331055,0.624045014301442,8.961315300378276
468,R92E0,R92E0,5,exp5_p0_seed42_e015,0.9434705807875942,0.5091824531555176,0.7082232739038851,10.261374612987211
468,R92E0,R92E0,5,exp5_p0_seed43_e008,1.6026595703766375,0.6847076416015625,0.7496235290324625,8.080489083995827
468,R92E0,R92E0,5,exp5_p0_seed44_e013,1.1980423507857814,0.5259961485862732,0.7433225707472094,11.087074629071537
468,R92E0,R92E0,5,exp5_p05_seed42_e020,1.039063682001557,0.48413416743278503,0.7087596553028322,8.12685933573318
468,R92E0,R92E0,5,exp5_p05_seed43_e022,1.2836304655537552,0.46000608801841736,0.7358538739185848,8.177181958286434
468,R92E0,R92E0,5,exp5_p05_seed44_e014,1.0412564611453492,0.4104889929294586,0.7377959521985201,8.826580491095008
469,R92E0,R92E0,-5,exp5_p0_seed42_e015,-0.3137902550168823,0.4418466091156006,0.42696512397776865,9.384750064876785
469,R92E0,R92E0,-5,exp5_p0_seed43_e008,-1.248242264311707,1.161141037940979,0.46830803893005757,6.760388188092862
469,R92E0,R92E0,-5,exp5_p0_seed44_e013,-0.005453223702152723,0.7131791114807129,0.4730432778253531,10.27597384339322
469,R92E0,R92E0,-5,exp5_p05_seed42_e020,-1.1077381375536413,0.664802074432373,0.4316274770783353,8.690670645949595
469,R92E0,R92E0,-5,exp5_p05_seed43_e022,-1.1346472479176637,0.7356862425804138,0.44386163763522035,8.704721309664965
469,R92E0,R92E0,-5,exp5_p05_seed44_e014,-1.6608116273549824,0.6962822079658508,0.45253362231114314,7.6759383346609225
470,R92E0,R92E0,0,exp5_p0_seed42_e015,0.25394950278889655,0.3863988220691681,0.5423306614466342,8.982426139497496
470,R92E0,R92E0,0,exp5_p0_seed43_e008,0.5676704615742896,0.9450211524963379,0.5892671044231704,6.710964134297144
470,R92E0,R92E0,0,exp5_p0_seed44_e013,0.7726214271036964,0.5868529081344604,0.5877818711006215,9.959761981137591
470,R92E0,R92E0,0,exp5_p05_seed42_e020,0.6208171027963454,0.49429017305374146,0.5537301263496143,8.676176363271399
470,R92E0,R92E0,0,exp5_p05_seed43_e022,0.6430241022074251,0.5105931758880615,0.5698979705913398,8.666743701487604
470,R92E0,R92E0,0,exp5_p05_seed44_e014,0.02012127157649583,0.5289342999458313,0.5683607010895377,7.692071838436716
471,R92E0,R92E0,5,exp5_p0_seed42_e015,0.5226865115269526,0.42559871077537537,0.6548919922390856,8.62624708433848
471,R92E0,R92E0,5,exp5_p0_seed43_e008,1.4325907425957805,0.8263872265815735,0.6860101228276917,6.649658928093371
471,R92E0,R92E0,5,exp5_p0_seed44_e013,1.166884676485862,0.5231459736824036,0.6831852432226604,9.839829676218306
471,R92E0,R92E0,5,exp5_p05_seed42_e020,1.304241371287183,0.4149698317050934,0.6613987850562584,8.647699869954273
471,R92E0,R92E0,5,exp5_p05_seed43_e022,1.3559487110295807,0.43750205636024475,0.6718103795889641,8.589798691849257
471,R92E0,R92E0,5,exp5_p05_seed44_e014,0.8061003353234539,0.45564278960227966,0.6681615252768275,7.733487937629978
472,R92E0,R92E0,-5,exp5_p0_seed42_e015,-2.532966364433853,0.9674065709114075,0.74419661207447,7.1116513845322
472,R92E0,R92E0,-5,exp5_p0_seed43_e008,-1.682894390321406,0.9517431855201721,0.7783011039257836,5.889488937069213
472,R92E0,R92E0,-5,exp5_p0_seed44_e013,-1.972985615555987,0.686053991317749,0.7321453004510611,8.529767850059404
472,R92E0,R92E0,-5,exp5_p05_seed42_e020,-1.9244003027111423,0.5995140671730042,0.733415154474393,7.662456679352037
472,R92E0,R92E0,-5,exp5_p05_seed43_e022,-1.4206590238632848,0.6071499586105347,0.7571556989473618,7.168616834760243
472,R92E0,R92E0,-5,exp5_p05_seed44_e014,-2.2185002664440163,0.6641252636909485,0.7370743321587434,6.88585281476585
473,R92E0,R92E0,0,exp5_p0_seed42_e015,-0.9379155014539171,0.9795554876327515,0.791073438674977,6.867756752841519
473,R92E0,R92E0,0,exp5_p0_seed43_e008,0.5279841694530659,0.8375023007392883,0.8300425105106287,5.860336862507063
473,R92E0,R92E0,0,exp5_p0_seed44_e013,-0.7157602302302014,0.6587598919868469,0.7630152621972689,8.243742801335772
473,R92E0,R92E0,0,exp5_p05_seed42_e020,0.06016385814380253,0.5041241645812988,0.8044652826867513,7.50850038359816
473,R92E0,R92E0,0,exp5_p05_seed43_e022,0.25254723576673876,0.5339929461479187,0.8106018429049257,6.935803642460165
473,R92E0,R92E0,0,exp5_p05_seed44_e014,-0.13941765972803366,0.5762090682983398,0.7929226058243969,6.722483422746692
474,R92E0,R92E0,5,exp5_p0_seed42_e015,-0.2246561387313606,0.932003378868103,0.7891854979411976,7.02005515000662
474,R92E0,R92E0,5,exp5_p0_seed43_e008,1.5969858734144058,0.8343756794929504,0.8409964687683458,5.828319559840356
474,R92E0,R92E0,5,exp5_p0_seed44_e013,-0.5520970023570584,0.6186867356300354,0.7520945499006958,7.753312446500168
474,R92E0,R92E0,5,exp5_p05_seed42_e020,1.0531501439769078,0.48019173741340637,0.8244118776994112,7.327680238480859
474,R92E0,R92E0,5,exp5_p05_seed43_e022,1.0044254714144114,0.47423189878463745,0.8229806278973629,6.7548783705930235
474,R92E0,R92E0,5,exp5_p05_seed44_e014,0.8601592241348184,0.5422022938728333,0.8085958111726118,6.545778322769502
475,R92E0,R92E0,-5,exp5_p0_seed42_e015,0.11523219158943684,0.3150581419467926,0.5178760165050548,10.335309498713157
475,R92E0,R92E0,-5,exp5_p0_seed43_e008,-0.353720085219652,0.9346468448638916,0.6485533118811695,7.507069147057118
475,R92E0,R92E0,-5,exp5_p0_seed44_e013,0.1296943711499071,0.674567461013794,0.5891469340331966,11.22347288824069
475,R92E0,R92E0,-5,exp5_p05_seed42_e020,-0.7205957083876988,0.7623435258865356,0.5235236668100979,7.703132716583449
475,R92E0,R92E0,-5,exp5_p05_seed43_e022,-0.7387258559034598,0.9051399230957031,0.5766935191623352,7.650468224327214
475,R92E0,R92E0,-5,exp5_p05_seed44_e014,-0.8651195179534323,0.8017626404762268,0.6345692974181883,8.466317178682672
476,R92E0,R92E0,0,exp5_p0_seed42_e015,1.0626612338295676,0.4006732106208801,0.6673414188048434,10.45965068102949
476,R92E0,R92E0,0,exp5_p0_seed43_e008,1.4660931862035542,0.9573450684547424,0.7705903092921662,7.4999228784818515
476,R92E0,R92E0,0,exp5_p0_seed44_e013,1.2881288693513104,0.7230334877967834,0.7370439335648274,11.092243092715377
476,R92E0,R92E0,0,exp5_p05_seed42_e020,0.9748420451661438,0.5517337918281555,0.6925648663911824,7.5686270553423265
476,R92E0,R92E0,0,exp5_p05_seed43_e022,1.1065870331733227,0.7409535646438599,0.7292730339247214,7.570070933058278
476,R92E0,R92E0,0,exp5_p05_seed44_e014,0.9439491620435112,0.6814798712730408,0.7501597992018398,8.277390412506644
477,R92E0,R92E0,5,exp5_p0_seed42_e015,1.7178652652295021,0.5926249623298645,0.7695505134021452,10.113157789658887
477,R92E0,R92E0,5,exp5_p0_seed43_e008,2.4292285806953324,0.9630632400512695,0.8309620337484085,7.4950597456328785
477,R92E0,R92E0,5,exp5_p0_seed44_e013,1.9957141082894512,0.6333318948745728,0.7890366801421598,10.730224508263003
477,R92E0,R92E0,5,exp5_p05_seed42_e020,1.9175506840908465,0.5262429118156433,0.7821959759570647,7.326159514771562
477,R92E0,R92E0,5,exp5_p05_seed43_e022,2.0487235094374174,0.720054030418396,0.7954648437624898,7.415105754848649
477,R92E0,R92E0,5,exp5_p05_seed44_e014,1.9445974177657894,0.6964815258979797,0.808038258244974,7.996942345192023
478,R92E0,R92E0,-5,exp5_p0_seed42_e015,-1.1070314116394506,0.42090290784835815,0.15478172457948863,8.4456347914483
478,R92E0,R92E0,-5,exp5_p0_seed43_e008,-1.6754469252187711,1.0729471445083618,0.15371663002268618,5.75891221952565
478,R92E0,R92E0,-5,exp5_p0_seed44_e013,-0.5037809529128763,0.5523567199707031,0.13196259414667216,9.19522486680605
478,R92E0,R92E0,-5,exp5_p05_seed42_e020,-1.264928523013464,0.987470805644989,0.19046013967000616,8.227829933007252
478,R92E0,R92E0,-5,exp5_p05_seed43_e022,-1.4569393884382427,1.078798770904541,0.20145006774753976,7.912309101113277
478,R92E0,R92E0,-5,exp5_p05_seed44_e014,-1.6103817741831274,1.2551852464675903,0.1139178457248763,8.044619275292202
479,R92E0,R92E0,0,exp5_p0_seed42_e015,-0.26976303629741194,0.2693886160850525,0.20077133441737513,8.469045113155246
479,R92E0,R92E0,0,exp5_p0_seed43_e008,-0.11312957234796844,0.6642216444015503,0.2595487681713979,5.764403809867474
479,R92E0,R92E0,0,exp5_p0_seed44_e013,-0.050678325282509054,0.3123438358306885,0.2448123292733366,9.233978772279578
479,R92E0,R92E0,0,exp5_p05_seed42_e020,0.06512681604760187,0.5632326006889343,0.2968539177672742,8.194968627039355
479,R92E0,R92E0,0,exp5_p05_seed43_e022,-0.010523445670524212,0.6644750237464905,0.3048270582383162,7.822026513375856
479,R92E0,R92E0,0,exp5_p05_seed44_e014,-0.32597711351246705,0.6406533122062683,0.19576194836136604,7.992710200081169
480,R92E0,R92E0,5,exp5_p0_seed42_e015,0.030036709389664816,0.2821972072124481,0.2415033699177171,8.761882491102643
480,R92E0,R92E0,5,exp5_p0_seed43_e008,0.5654417103235467,0.4541918635368347,0.37029342191773357,5.79347388278907
480,R92E0,R92E0,5,exp5_p0_seed44_e013,0.3617630454916329,0.2740894556045532,0.29773966031475346,9.145171847575876
480,R92E0,R92E0,5,exp5_p05_seed42_e020,0.6657471947714679,0.44395875930786133,0.3661711596596735,8.155152048210198
480,R92E0,R92E0,5,exp5_p05_seed43_e022,0.6162970159976302,0.4491540491580963,0.38868006213711565,7.709696187873045
480,R92E0,R92E0,5,exp5_p05_seed44_e014,0.23480953155023276,0.4661566913127899,0.27614529592223136,7.928742190449714
481,R976A,R976A,-5,exp5_p0_seed42_e015,-0.6785048846451323,1.328827142715454,0.29831232472092395,8.289526413861335
481,R976A,R976A,-5,exp5_p0_seed43_e008,-1.6094882509126909,1.742277979850769,0.4439744980215053,5.2238043773386185
481,R976A,R976A,-5,exp5_p0_seed44_e013,-1.0470765932118329,1.5923389196395874,0.3713082638944542,7.5848430044861015
481,R976A,R976A,-5,exp5_p05_seed42_e020,-1.0216510888809396,1.113598346710205,0.38653623134169474,6.674708219225912
481,R976A,R976A,-5,exp5_p05_seed43_e022,-1.230424251611685,1.0666887760162354,0.41664101181882035,6.104576404435588
481,R976A,R976A,-5,exp5_p05_seed44_e014,-1.3006827274526453,1.0387660264968872,0.40539813734999813,6.4355265262325245
482,R976A,R976A,0,exp5_p0_seed42_e015,0.589209073525952,0.807405948638916,0.44041396278373135,8.277790112115738
482,R976A,R976A,0,exp5_p0_seed43_e008,1.0617400526431777,1.1078156232833862,0.5993744449905363,5.210962440066621
482,R976A,R976A,0,exp5_p0_seed44_e013,0.6352579305322834,1.0677722692489624,0.4960142794240718,7.222022441759485
482,R976A,R976A,0,exp5_p05_seed42_e020,0.9609461733845935,0.6906951069831848,0.5422740806074463,6.52124003915974
482,R976A,R976A,0,exp5_p05_seed43_e022,1.0422431402155685,0.6993896961212158,0.5697565184647291,6.017931655178099
482,R976A,R976A,0,exp5_p05_seed44_e014,0.9065134691644277,0.6820682883262634,0.5654037608312064,6.3100515023369175
483,R976A,R976A,5,exp5_p0_seed42_e015,1.406890735919877,0.6822059154510498,0.5867089481472114,8.084286532771136
483,R976A,R976A,5,exp5_p0_seed43_e008,2.4444590174178735,0.7470141053199768,0.7159294934363649,5.170712561041402
483,R976A,R976A,5,exp5_p0_seed44_e013,1.5204859730663545,0.7843872308731079,0.6038172277543604,6.442171897688537
483,R976A,R976A,5,exp5_p05_seed42_e020,1.914643068826574,0.5365516543388367,0.6763003516162721,6.154977102347053
483,R976A,R976A,5,exp5_p05_seed43_e022,2.075478188064592,0.5368400812149048,0.685786988508596,5.800129833018712
483,R976A,R976A,5,exp5_p05_seed44_e014,1.9676202529720803,0.5137360095977783,0.681635934997139,5.986467149854277
484,R976A,R976A,-5,exp5_p0_seed42_e015,-0.3205387302694088,1.0349395275115967,0.3949300189538435,7.044851772507376
484,R976A,R976A,-5,exp5_p0_seed43_e008,-2.2633938593467566,1.744431734085083,0.41604135191459396,2.930457412859707
484,R976A,R976A,-5,exp5_p0_seed44_e013,-1.4052211021224592,1.727005124092102,0.4106813273186324,5.367419920086938
484,R976A,R976A,-5,exp5_p05_seed42_e020,-1.5072224721386875,1.303095817565918,0.39512345797839227,5.800650918348115
484,R976A,R976A,-5,exp5_p05_seed43_e022,-1.3087895890509171,1.4294407367706299,0.41385183262855635,5.543841894315329
484,R976A,R976A,-5,exp5_p05_seed44_e014,-1.7938230051029813,1.490435004234314,0.3960133191785173,5.2182544204771
485,R976A,R976A,0,exp5_p0_seed42_e015,0.648506756100784,0.6717545390129089,0.4947910222097927,7.260850740006857
485,R976A,R976A,0,exp5_p0_seed43_e008,0.3174243338694072,1.0438627004623413,0.543665146773898,2.936717294076824
485,R976A,R976A,0,exp5_p0_seed44_e013,0.14669485196928858,1.1867233514785767,0.5063054273844946,5.440993780210071
485,R976A,R976A,0,exp5_p05_seed42_e020,0.5224383225152587,0.8357606530189514,0.4966916680132048,5.66673327498263
485,R976A,R976A,0,exp5_p05_seed43_e022,0.7945012791839476,0.852264404296875,0.5286342714857604,5.446266798031353
485,R976A,R976A,0,exp5_p05_seed44_e014,0.36659301921708753,0.877020001411438,0.5016451432366569,5.126953443634351
486,R976A,R976A,5,exp5_p0_seed42_e015,1.166118282256214,0.5490522980690002,0.5907470141052276,7.65778266598594
486,R976A,R976A,5,exp5_p0_seed43_e008,1.7110445776327268,0.7693865299224854,0.6574817607721025,2.9482379502953253
486,R976A,R976A,5,exp5_p0_seed44_e013,0.9082802657897276,1.0317407846450806,0.5913864270049168,5.26374456474998
486,R976A,R976A,5,exp5_p05_seed42_e020,1.449920473954454,0.6489081978797913,0.6026466457340969,5.396650301158017
486,R976A,R976A,5,exp5_p05_seed43_e022,1.7309315938238543,0.6487531661987305,0.6364225655360768,5.229460090113984
486,R976A,R976A,5,exp5_p05_seed44_e014,1.3855840730517759,0.636658787727356,0.6040537379050754,4.909299801786007
487,R976A,R976A,-5,exp5_p0_seed42_e015,-0.20603082189504784,0.47881022095680237,0.2599529913393053,6.354023093981852
487,R976A,R976A,-5,exp5_p0_seed43_e008,-1.0959769639498347,1.0632052421569824,0.42322882159522907,3.7457805845894407
487,R976A,R976A,-5,exp5_p0_seed44_e013,-0.5187893137024456,0.6590768694877625,0.27494041678925824,5.723835203830988
487,R976A,R976A,-5,exp5_p05_seed42_e020,-1.2820916778259352,0.9495267868041992,0.343218808583905,6.261512787385221
487,R976A,R976A,-5,exp5_p05_seed43_e022,-1.3603190271188728,0.8614169359207153,0.3758780598606427,5.879100163617067
487,R976A,R976A,-5,exp5_p05_seed44_e014,-1.2743173864427053,0.9657140374183655,0.4061889251518488,5.748017057907692
488,R976A,R976A,0,exp5_p0_seed42_e015,0.5108361877201052,0.39477890729904175,0.43651757434333527,6.510429720653442
488,R976A,R976A,0,exp5_p0_seed43_e008,0.9989795493406507,0.7549338340759277,0.595131140306972,3.7521608931484733
488,R976A,R976A,0,exp5_p0_seed44_e013,0.6128083838209712,0.5394107103347778,0.4701824855570496,5.771853662246558
488,R976A,R976A,0,exp5_p05_seed42_e020,0.7341978637728143,0.6707844734191895,0.5196974779838632,6.224842427000597
488,R976A,R976A,0,exp5_p05_seed43_e022,0.7772829927335222,0.6052618622779846,0.5418472503843437,5.883678416610421
488,R976A,R976A,0,exp5_p05_seed44_e014,0.8703845168235714,0.6447069048881531,0.5671864123213074,5.733713659706269
489,R976A,R976A,5,exp5_p0_seed42_e015,0.9986205358403389,0.4032492935657501,0.5598135373885778,6.786923159751417
489,R976A,R976A,5,exp5_p0_seed43_e008,2.2655211963163033,0.7634816765785217,0.7158541581405586,3.7659536773567783
489,R976A,R976A,5,exp5_p0_seed44_e013,1.3174339842300664,0.6342958211898804,0.5981767333232714,5.727882743300664
489,R976A,R976A,5,exp5_p05_seed42_e020,1.686169901517185,0.49252960085868835,0.6402749246674638,6.108447819197696
489,R976A,R976A,5,exp5_p05_seed43_e022,1.8952906328302055,0.4980757236480713,0.6695208073373191,5.836259965061334
489,R976A,R976A,5,exp5_p05_seed44_e014,1.801343003408463,0.4737266004085541,0.6625166502867625,5.665526887006505
490,R976A,R976A,-5,exp5_p0_seed42_e015,-0.16658171669207963,0.3735436201095581,0.3477697844854162,7.4662636709125705
490,R976A,R976A,-5,exp5_p0_seed43_e008,-0.6882389788573673,0.8473259210586548,0.6031911815532495,3.1658077036554926
490,R976A,R976A,-5,exp5_p0_seed44_e013,-0.23830393323932036,0.6345178484916687,0.4602934389537766,5.256295616538511
490,R976A,R976A,-5,exp5_p05_seed42_e020,-1.5738417834635476,0.8014151453971863,0.45712447567889586,5.450616317480011
490,R976A,R976A,-5,exp5_p05_seed43_e022,-1.775555007870281,0.7918726205825806,0.5190622325240518,5.120724574422864
490,R976A,R976A,-5,exp5_p05_seed44_e014,-1.5974597173793978,0.8833354711532593,0.537110081643378,4.909832671581652
491,R976A,R976A,0,exp5_p0_seed42_e015,0.5216622184260173,0.22718365490436554,0.517996364822959,7.699125071851287
491,R976A,R976A,0,exp5_p0_seed43_e008,1.5249792554263237,0.6222039461135864,0.7308871499939992,3.1731220881216933
491,R976A,R976A,0,exp5_p0_seed44_e013,1.0464135388738771,0.6697960495948792,0.6149084890152652,5.442479274922038
491,R976A,R976A,0,exp5_p05_seed42_e020,0.816624844950936,0.6513999104499817,0.6440129033151921,5.493798953830624
491,R976A,R976A,0,exp5_p05_seed43_e022,0.9025513008183371,0.679969072341919,0.6868233935317615,5.208892268048747
491,R976A,R976A,0,exp5_p05_seed44_e014,0.7625911086397941,0.6860793828964233,0.6702978962313494,4.990877812647989
492,R976A,R976A,5,exp5_p0_seed42_e015,0.903386455474994,0.2490559071302414,0.6301386104652916,8.002789378908686
492,R976A,R976A,5,exp5_p0_seed43_e008,2.772248997580062,0.6001522541046143,0.8020939218634673,3.181095969374546
492,R976A,R976A,5,exp5_p0_seed44_e013,1.9121033160582455,0.7000574469566345,0.7185566722985911,5.693193798650374
492,R976A,R976A,5,exp5_p05_seed42_e020,1.9304835831874,0.5349943041801453,0.7321893212095442,5.523331477251929
492,R976A,R976A,5,exp5_p05_seed43_e022,2.269575396666558,0.5899235606193542,0.7647816806709159,5.286145449570356
492,R976A,R976A,5,exp5_p05_seed44_e014,1.9421881180881682,0.5941479802131653,0.7352802376274482,5.081015884931231
493,R976A,R976A,-5,exp5_p0_seed42_e015,-0.4504458082043715,1.2181315422058105,0.44735098139560997,10.365617492075355
493,R976A,R976A,-5,exp5_p0_seed43_e008,-2.571385446737512,1.639174222946167,0.6104858454645707,5.266112541053099
493,R976A,R976A,-5,exp5_p0_seed44_e013,-0.6064008469997448,1.245986819267273,0.4369208492316383,9.366515560894554
493,R976A,R976A,-5,exp5_p05_seed42_e020,-1.7429561014781152,1.2797343730926514,0.5165538893570513,6.559554181348003
493,R976A,R976A,-5,exp5_p05_seed43_e022,-1.2797007401216973,1.293929934501648,0.5287900605384825,6.640481291295496
493,R976A,R976A,-5,exp5_p05_seed44_e014,-1.6978215117938265,1.4040117263793945,0.48835420287100445,6.720732268760478
494,R976A,R976A,0,exp5_p0_seed42_e015,0.40922109521536765,0.9165061712265015,0.5195418555166547,10.565158543103317
494,R976A,R976A,0,exp5_p0_seed43_e008,-0.02321123677905716,0.9948561787605286,0.6368291875485748,5.280159672576714
494,R976A,R976A,0,exp5_p0_seed44_e013,0.30328373846572776,0.8662737011909485,0.5146053557951688,9.387986065326825
494,R976A,R976A,0,exp5_p05_seed42_e020,0.308907118650285,0.853636622428894,0.552834196724292,6.575118103659409
494,R976A,R976A,0,exp5_p05_seed43_e022,0.6390722352636828,0.7740227580070496,0.5914548637294452,6.6501092465597775
494,R976A,R976A,0,exp5_p05_seed44_e014,0.2646112343744087,0.903869092464447,0.5428696773044256,6.751290006971634
495,R976A,R976A,5,exp5_p0_seed42_e015,0.8703687172983826,0.6927778124809265,0.5863988970440273,10.789746044952404
495,R976A,R976A,5,exp5_p0_seed43_e008,1.2595113601108738,0.7587657570838928,0.6839420738345025,5.287627490759361
495,R976A,R976A,5,exp5_p0_seed44_e013,0.7246884076173343,0.6861220002174377,0.5923312764361325,9.308585339049706
495,R976A,R976A,5,exp5_p05_seed42_e020,1.1770523428944517,0.6437147259712219,0.6133212264003645,6.492672610650768
495,R976A,R976A,5,exp5_p05_seed43_e022,1.4104178002680845,0.6431442499160767,0.6451604036054984,6.58482567802681
495,R976A,R976A,5,exp5_p05_seed44_e014,1.1175818817684002,0.6233669519424438,0.6060252194891821,6.688721796423419
496,R976A,R976A,-5,exp5_p0_seed42_e015,-0.3016754244774055,0.24463924765586853,0.2133118010419782,10.0917813369893
496,R976A,R976A,-5,exp5_p0_seed43_e008,-3.589237254585483,0.9678133726119995,0.14380715776046948,5.207075133161402
496,R976A,R976A,-5,exp5_p0_seed44_e013,-1.0804034365693302,0.614997923374176,0.2109130217597094,9.572619239035012
496,R976A,R976A,-5,exp5_p05_seed42_e020,-1.6594557584197962,0.48116204142570496,0.15452869337851746,7.044119455760422
496,R976A,R976A,-5,exp5_p05_seed43_e022,-1.9707511956178922,0.5843223333358765,0.1504615030899978,6.620377937906309
496,R976A,R976A,-5,exp5_p05_seed44_e014,-2.1008791573387358,0.6218006610870361,0.1331296177082869,7.042732978597227
497,R976A,R976A,0,exp5_p0_seed42_e015,0.4325172491649309,0.25420939922332764,0.36746063113316746,10.431935433485924
497,R976A,R976A,0,exp5_p0_seed43_e008,-0.636942400699567,0.5695062279701233,0.332017964681145,5.218938509163068
497,R976A,R976A,0,exp5_p0_seed44_e013,0.4286456706905465,0.4162028133869171,0.3884408478970348,9.663793057299195
497,R976A,R976A,0,exp5_p05_seed42_e020,0.06332710237459456,0.3539438247680664,0.3479747538839579,7.064691145436926
497,R976A,R976A,0,exp5_p05_seed43_e022,0.036725032160678815,0.4383780360221863,0.3486711106713126,6.674587033479206
497,R976A,R976A,0,exp5_p05_seed44_e014,-0.0985832666306786,0.45617160201072693,0.32231518416330024,7.083305914904798
498,R976A,R976A,5,exp5_p0_seed42_e015,0.9073568458294445,0.26510992646217346,0.4856310212996715,10.826549754541903
498,R976A,R976A,5,exp5_p0_seed43_e008,1.075751497029478,0.40338796377182007,0.5191471357048629,5.232452238040607
498,R976A,R976A,5,exp5_p0_seed44_e013,1.1185510351639945,0.39172208309173584,0.513076771704004,9.98759716408202
498,R976A,R976A,5,exp5_p05_seed42_e020,1.0681209982289572,0.3348143696784973,0.5243607733338441,7.118218174818107
498,R976A,R976A,5,exp5_p05_seed43_e022,1.2413851974723265,0.40312132239341736,0.5447965627350069,6.757476447710815
498,R976A,R976A,5,exp5_p05_seed44_e014,0.9673437862509254,0.40780872106552124,0.4969207230171971,7.1507482226851815
499,R976A,R976A,-5,exp5_p0_seed42_e015,-2.0096140845670516,0.6118677854537964,0.2708669904713966,8.390312240044778
499,R976A,R976A,-5,exp5_p0_seed43_e008,-3.3128803456139426,1.52892005443573,0.27338611955986986,4.10740634925933
499,R976A,R976A,-5,exp5_p0_seed44_e013,-2.3332526532093407,1.3409528732299805,0.23215967601711682,6.439984166035655
499,R976A,R976A,-5,exp5_p05_seed42_e020,-2.265017731922016,1.302879810333252,0.27290317005126646,6.295030443785428
499,R976A,R976A,-5,exp5_p05_seed43_e022,-2.5409580888777428,1.4272918701171875,0.2647812180614836,5.880886482528568
499,R976A,R976A,-5,exp5_p05_seed44_e014,-2.7866574582815504,1.3505460023880005,0.28365739016167224,5.684687890875689
500,R976A,R976A,0,exp5_p0_seed42_e015,-0.2550906691458503,0.39707890152931213,0.2974278604406388,8.52725640084577
500,R976A,R976A,0,exp5_p0_seed43_e008,-0.3070988442072854,1.0306204557418823,0.3360822756684569,4.1237865456598515
500,R976A,R976A,0,exp5_p0_seed44_e013,-0.2882683474780551,0.8717203140258789,0.29257532141808157,6.570325278913321
500,R976A,R976A,0,exp5_p05_seed42_e020,0.0378194769600125,0.8519864678382874,0.3136982564600374,6.338479777448018
500,R976A,R976A,0,exp5_p05_seed43_e022,-0.05671353464673763,0.8947145342826843,0.32636803931793695,5.94449437119751
500,R976A,R976A,0,exp5_p05_seed44_e014,-0.1980223525552817,0.9609514474868774,0.3295260134838822,5.765099883531666
501,R976A,R976A,5,exp5_p0_seed42_e015,0.511392641868537,0.427512526512146,0.5181518313851083,8.711777557760902
501,R976A,R976A,5,exp5_p0_seed43_e008,1.1575620544466971,0.7987893223762512,0.5685600909188323,4.14220434663911
501,R976A,R976A,5,exp5_p0_seed44_e013,0.6689660605148682,0.7256224155426025,0.5174515493093838,6.5805308818014785
501,R976A,R976A,5,exp5_p05_seed42_e020,1.0168874653358504,0.5885604023933411,0.5312821569518151,6.3287075901357595
501,R976A,R976A,5,exp5_p05_seed43_e022,1.1083216481487093,0.7340880036354065,0.5589202802475179,6.004726825353065
501,R976A,R976A,5,exp5_p05_seed44_e014,0.9806633910211984,0.7177615165710449,0.5633869536710369,5.820548090958731
502,R976A,R976A,-5,exp5_p0_seed42_e015,-1.9533674193085895,0.855481743812561,0.11026440742874556,8.856418685850091
502,R976A,R976A,-5,exp5_p0_seed43_e008,-3.114718967539653,1.1960902214050293,0.08876783467911392,4.667656266674096
502,R976A,R976A,-5,exp5_p0_seed44_e013,-3.0513303412216963,0.9673677086830139,0.10431038369067763,6.213393148949952
502,R976A,R976A,-5,exp5_p05_seed42_e020,-2.428027345566642,0.7845877408981323,0.09884936231773389,5.937228223950553
502,R976A,R976A,-5,exp5_p05_seed43_e022,-2.5826453636553954,0.8057767152786255,0.09622227782321116,5.618011328915533
502,R976A,R976A,-5,exp5_p05_seed44_e014,-3.041155729215794,0.7331003546714783,0.08807853013440518,5.512590555572946
503,R976A,R976A,0,exp5_p0_seed42_e015,-0.5012258940040296,0.5314583778381348,0.19891380807221495,9.081638247941743
503,R976A,R976A,0,exp5_p0_seed43_e008,-0.6819498022082033,0.6435925960540771,0.1977396566783404,4.673632827011974
503,R976A,R976A,0,exp5_p0_seed44_e013,-0.8346423361290723,0.5776922106742859,0.1886611868101215,6.5184761585577435
503,R976A,R976A,0,exp5_p05_seed42_e020,-0.34516342250418386,0.4319753050804138,0.21221819437105402,5.932463314689612
503,R976A,R976A,0,exp5_p05_seed43_e022,-0.4270521182078534,0.5060413479804993,0.21330140758090133,5.64345025064134
503,R976A,R976A,0,exp5_p05_seed44_e014,-0.8461723519692926,0.4165639877319336,0.15822410320351313,5.568515458404924
504,R976A,R976A,5,exp5_p0_seed42_e015,0.00524658513263385,0.37790849804878235,0.2812412605390877,9.420461477045944
504,R976A,R976A,5,exp5_p0_seed43_e008,0.4241125746038492,0.4813203513622284,0.31854846835706185,4.706821544363577
504,R976A,R976A,5,exp5_p0_seed44_e013,0.10645246349688597,0.3614659011363983,0.29390455533349896,6.961774557161161
504,R976A,R976A,5,exp5_p05_seed42_e020,0.47690106054734943,0.34699365496635437,0.31590854943107527,5.847959495886045
504,R976A,R976A,5,exp5_p05_seed43_e022,0.4473683041040002,0.37519070506095886,0.31347220449319263,5.6431549330357615
504,R976A,R976A,5,exp5_p05_seed44_e014,0.13469863225861342,0.34814873337745667,0.2640130357868763,5.572641064188559
505,R985F,R985F,-5,exp5_p0_seed42_e015,-0.7931468621789727,0.8816608786582947,0.1393290362836871,5.131529260204699
505,R985F,R985F,-5,exp5_p0_seed43_e008,-2.8219452537914758,1.2209372520446777,0.12068611852185696,2.4932405261151747
505,R985F,R985F,-5,exp5_p0_seed44_e013,-1.1302583096535166,1.187849760055542,0.09767684108540027,4.615259521869783
505,R985F,R985F,-5,exp5_p05_seed42_e020,-1.6815550641650208,1.2822872400283813,0.12085843763243785,3.9049329568331275
505,R985F,R985F,-5,exp5_p05_seed43_e022,-2.333578768010863,1.1157406568527222,0.1170897718170372,4.082661061616236
505,R985F,R985F,-5,exp5_p05_seed44_e014,-1.8371813487707078,1.1687965393066406,0.1421724168214978,3.617977080918365
506,R985F,R985F,0,exp5_p0_seed42_e015,0.5090177689206291,0.5954945683479309,0.21201057594987785,5.238816270700493
506,R985F,R985F,0,exp5_p0_seed43_e008,-0.14665627059636446,0.7018344402313232,0.1354799617359141,2.553480303426819
506,R985F,R985F,0,exp5_p0_seed44_e013,0.10221703995016763,0.7647632360458374,0.07831014104223928,4.47547054650085
506,R985F,R985F,0,exp5_p05_seed42_e020,0.21036961121056524,0.7653533220291138,0.11478347648589987,3.78499188985445
506,R985F,R985F,0,exp5_p05_seed43_e022,-0.011624141364533831,0.6964051127433777,0.12026820243329828,4.064610408960916
506,R985F,R985F,0,exp5_p05_seed44_e014,0.09143471952342494,0.7081041932106018,0.1593199365796988,3.6199290108214024
507,R985F,R985F,5,exp5_p0_seed42_e015,0.7597775361964997,0.4575900137424469,0.32864041052894527,5.134364977170737
507,R985F,R985F,5,exp5_p0_seed43_e008,1.20134194730414,0.5095261931419373,0.2176942075538603,2.6154967827980475
507,R985F,R985F,5,exp5_p0_seed44_e013,0.8323726455953679,0.5882605314254761,0.1924516046178483,4.166230848957337
507,R985F,R985F,5,exp5_p05_seed42_e020,1.2277793246161979,0.5307422876358032,0.21790942113537232,3.590526579976478
507,R985F,R985F,5,exp5_p05_seed43_e022,1.270569327636868,0.49536722898483276,0.20335331018674102,4.021205246154156
507,R985F,R985F,5,exp5_p05_seed44_e014,1.1153779744340395,0.4849984645843506,0.2856138143326072,3.537388284487652
508,R985F,R985F,-5,exp5_p0_seed42_e015,-0.20107928367310515,0.3459673225879669,0.1591153066882772,10.72805460310159
508,R985F,R985F,-5,exp5_p0_seed43_e008,-1.8516140415247215,1.4505470991134644,0.11841169262886392,5.112767379131963
508,R985F,R985F,-5,exp5_p0_seed44_e013,-0.5175095574111483,0.9013763070106506,0.11632811666204171,4.889973137639983
508,R985F,R985F,-5,exp5_p05_seed42_e020,-1.9706198668992245,1.7385293245315552,0.10520591950982545,6.093605726433063
508,R985F,R985F,-5,exp5_p05_seed43_e022,-1.9936437134739247,2.0375564098358154,0.09852884399268937,5.970077280720689
508,R985F,R985F,-5,exp5_p05_seed44_e014,-2.1459162517884054,2.071917772293091,0.1141226562642769,6.989139234329661
509,R985F,R985F,0,exp5_p0_seed42_e015,0.4694528356893992,0.2747025191783905,0.3489621083574853,10.93336525341712
509,R985F,R985F,0,exp5_p0_seed43_e008,0.34659690461059833,0.9070912599563599,0.30865946486279655,5.110585599700512
509,R985F,R985F,0,exp5_p0_seed44_e013,0.22631642905835275,0.5600013732910156,0.09134509457975543,5.050326677494495
509,R985F,R985F,0,exp5_p05_seed42_e020,-0.04173514350725517,1.1310919523239136,0.14591300951805428,6.104031691541168
509,R985F,R985F,0,exp5_p05_seed43_e022,0.05483824686560493,1.2518401145935059,0.2546851967027124,5.922984594233608
509,R985F,R985F,0,exp5_p05_seed44_e014,0.08024372975799805,1.259479284286499,0.27058200607762894,7.049549039112907
510,R985F,R985F,5,exp5_p0_seed42_e015,1.1019446010677956,0.3072003424167633,0.5313351380887008,11.435640373228395
510,R985F,R985F,5,exp5_p0_seed43_e008,1.6651921162415135,0.9640885591506958,0.5577979696958933,5.120721932972698
510,R985F,R985F,5,exp5_p0_seed44_e013,0.9934250632559666,0.39225322008132935,0.33759200210816415,5.134062842567665
510,R985F,R985F,5,exp5_p05_seed42_e020,1.2461624695327287,0.9202804565429688,0.39372669639541524,6.084720985520921
510,R985F,R985F,5,exp5_p05_seed43_e022,1.4390620420775504,1.0970664024353027,0.5382037682674561,5.800150794882571
510,R985F,R985F,5,exp5_p05_seed44_e014,1.5086034484317925,0.924008846282959,0.5306665992519769,7.113688114839314
511,R985F,R985F,-5,exp5_p0_seed42_e015,-0.1981331203242093,1.7388062477111816,0.11521069513073881,8.884609468047007
511,R985F,R985F,-5,exp5_p0_seed43_e008,-2.274841037125794,4.249323844909668,0.20945822033655398,4.6007817791752945
511,R985F,R985F,-5,exp5_p0_seed44_e013,-1.6306950236693045,2.72882342338562,0.09170218282485045,6.807419178271598
511,R985F,R985F,-5,exp5_p05_seed42_e020,-0.958902390142361,3.108675718307495,0.25489427676911997,5.728764987784829
511,R985F,R985F,-5,exp5_p05_seed43_e022,-1.2027889570242603,3.3859243392944336,0.2370131902252137,6.1974221880243485
511,R985F,R985F,-5,exp5_p05_seed44_e014,-1.187455093883876,3.2145540714263916,0.22105064526353776,6.837923228807194
512,R985F,R985F,0,exp5_p0_seed42_e015,0.5337149030622288,1.0003371238708496,0.2542160987865588,9.045780294730623
512,R985F,R985F,0,exp5_p0_seed43_e008,0.15118026245820615,2.481387138366699,0.3385846495342973,4.638800175643304
512,R985F,R985F,0,exp5_p0_seed44_e013,-0.04965707995544896,1.585732340812683,0.19013149868958987,6.5234302582998165
512,R985F,R985F,0,exp5_p05_seed42_e020,0.5978545741944886,1.7310482263565063,0.3833915988111068,5.7234743674810264
512,R985F,R985F,0,exp5_p05_seed43_e022,0.5268223321627202,1.9455783367156982,0.34850322273412415,6.151166739250648
512,R985F,R985F,0,exp5_p05_seed44_e014,0.4729645859520529,1.639451026916504,0.35434839517901257,6.841683290431448
513,R985F,R985F,5,exp5_p0_seed42_e015,0.8166987799137233,0.566106915473938,0.377238561378536,8.998208272841085
513,R985F,R985F,5,exp5_p0_seed43_e008,1.321984782510878,1.4517956972122192,0.46666592486984626,4.651224937810603
513,R985F,R985F,5,exp5_p0_seed44_e013,0.5968111343107405,0.9786178469657898,0.30775933148647494,6.189922150691293
513,R985F,R985F,5,exp5_p05_seed42_e020,1.2861369915659093,1.0408042669296265,0.4802250782837407,5.6448053934906
513,R985F,R985F,5,exp5_p05_seed43_e022,1.3393177086567216,1.2198824882507324,0.4510082975985884,5.9949686621945695
513,R985F,R985F,5,exp5_p05_seed44_e014,1.2433689502894079,1.0005934238433838,0.4666470736107392,6.768223968713832
514,R985F,R985F,-5,exp5_p0_seed42_e015,-0.9701556633992401,0.8647951483726501,0.16514820289961915,9.107789718665316
514,R985F,R985F,-5,exp5_p0_seed43_e008,-1.864227244807501,1.2237560749053955,0.21688036469391161,4.991757354626609
514,R985F,R985F,-5,exp5_p0_seed44_e013,-1.311398863287168,0.9920849204063416,0.15258856547732383,6.186684776784368
514,R985F,R985F,-5,exp5_p05_seed42_e020,-1.349180548807167,1.6139391660690308,0.21286027285746686,6.891490623766753
514,R985F,R985F,-5,exp5_p05_seed43_e022,-1.3950117293261841,1.7170275449752808,0.22101342951405759,7.266617795154935
514,R985F,R985F,-5,exp5_p05_seed44_e014,-1.3270098825144652,1.5969425439834595,0.22556115670335034,7.653028688725367
515,R985F,R985F,0,exp5_p0_seed42_e015,0.17944508906190218,0.6355955004692078,0.19378554210598656,9.021528465407702
515,R985F,R985F,0,exp5_p0_seed43_e008,0.28348870163571616,0.7753284573554993,0.29148660153197964,5.022223752813981
515,R985F,R985F,0,exp5_p0_seed44_e013,-0.7284535681833616,0.8698208332061768,0.16037570263400397,6.057364741736234
515,R985F,R985F,0,exp5_p05_seed42_e020,0.45192070139450846,1.1064977645874023,0.28576949600482443,6.78644489673734
515,R985F,R985F,0,exp5_p05_seed43_e022,0.5780939814337811,1.048108458518982,0.3067214686337637,7.192762139606837
515,R985F,R985F,0,exp5_p05_seed44_e014,0.4157512237129038,0.9814735054969788,0.3079067125975887,7.554986460199473
516,R985F,R985F,5,exp5_p0_seed42_e015,0.7039818685959076,0.5623916387557983,0.24591510851676276,9.118961023935947
516,R985F,R985F,5,exp5_p0_seed43_e008,1.3488187637451046,0.620114266872406,0.3704356525973457,5.048211734143071
516,R985F,R985F,5,exp5_p0_seed44_e013,-0.8175820911067844,0.9904565811157227,0.22228634994306948,6.1458359808131044
516,R985F,R985F,5,exp5_p05_seed42_e020,1.3829123365659703,0.8367092609405518,0.3612203479867308,6.689484643523906
516,R985F,R985F,5,exp5_p05_seed43_e022,1.5128105593417571,0.8272686004638672,0.38181289178810696,7.12598198080207
516,R985F,R985F,5,exp5_p05_seed44_e014,1.2997992781510272,0.7339412569999695,0.3851710245696169,7.441999007003533
517,R985F,R985F,-5,exp5_p0_seed42_e015,-1.1871551622786813,8.937810897827148,0.06292740242056655,8.081923747239244
517,R985F,R985F,-5,exp5_p0_seed43_e008,-2.307729190200575,15.409852981567383,0.08093858188525047,4.40424983323171
517,R985F,R985F,-5,exp5_p0_seed44_e013,-2.0969143357223476,13.176609992980957,0.11923063984740435,5.21328513508408
517,R985F,R985F,-5,exp5_p05_seed42_e020,-2.053809340602454,13.767621040344238,0.08909220527524517,5.093899574304941
517,R985F,R985F,-5,exp5_p05_seed43_e022,-2.3873896370489183,14.537871360778809,0.09266941288221625,5.6493898103883335
517,R985F,R985F,-5,exp5_p05_seed44_e014,-2.048164210997814,13.370384216308594,0.09159955573748245,5.872420064570312
518,R985F,R985F,0,exp5_p0_seed42_e015,0.5830929650141242,5.404117584228516,0.14109813689259348,8.258977804476316
518,R985F,R985F,0,exp5_p0_seed43_e008,0.5871636864216234,8.631400108337402,0.28018050677658574,4.397493043508956
518,R985F,R985F,0,exp5_p0_seed44_e013,0.3934666755273625,5.991918563842773,0.06425644315609153,5.322459364306898
518,R985F,R985F,0,exp5_p05_seed42_e020,0.5196450535413462,7.894538879394531,0.2882651931477744,4.999779091213207
518,R985F,R985F,0,exp5_p05_seed43_e022,0.563874099799516,8.836709022521973,0.32331717188433656,5.55352758409766
518,R985F,R985F,0,exp5_p05_seed44_e014,0.7033401737235702,8.279844284057617,0.3238618030827507,5.7754557038990075
519,R985F,R985F,5,exp5_p0_seed42_e015,1.8371789053740017,2.6680119037628174,0.4740441838729812,8.36245160777419
519,R985F,R985F,5,exp5_p0_seed43_e008,2.549376047375734,4.850182056427002,0.5943953893960903,4.3820825744152785
519,R985F,R985F,5,exp5_p0_seed44_e013,1.638830223575142,2.786590337753296,0.41525828141647436,5.24073498705757
519,R985F,R985F,5,exp5_p05_seed42_e020,2.3524416013507565,4.678902626037598,0.5909266248485231,4.861810392515385
519,R985F,R985F,5,exp5_p05_seed43_e022,2.425010275375489,5.1449809074401855,0.6051125427531188,5.38066962484142
519,R985F,R985F,5,exp5_p05_seed44_e014,2.445005981276466,4.90947151184082,0.5848714540355701,5.560050879581801
520,R985F,R985F,-5,exp5_p0_seed42_e015,-0.04365079800438925,0.5013293027877808,0.14318447922899236,8.559455081425504
520,R985F,R985F,-5,exp5_p0_seed43_e008,-1.2754497135178022,1.589416742324829,0.08964889943168532,4.929628195990696
520,R985F,R985F,-5,exp5_p0_seed44_e013,-0.08023833076406175,0.4621925950050354,0.24951934094225567,7.460750411532655
520,R985F,R985F,-5,exp5_p05_seed42_e020,-2.0104293157057707,1.9165292978286743,0.15707105965208965,6.054184487802848
520,R985F,R985F,-5,exp5_p05_seed43_e022,-1.5313930525829766,1.7997033596038818,0.12127973547598367,6.341623406972067
520,R985F,R985F,-5,exp5_p05_seed44_e014,-1.593252062874432,1.7354493141174316,0.1381807387333998,7.189101468406879
521,R985F,R985F,0,exp5_p0_seed42_e015,0.5122706307941672,0.25212445855140686,0.30692664590513513,8.612493479703447
521,R985F,R985F,0,exp5_p0_seed43_e008,0.5094622992889019,0.761726975440979,0.30805502692964676,4.945766556338976
521,R985F,R985F,0,exp5_p0_seed44_e013,0.257836887290434,0.2500850558280945,0.21707670116477482,7.640372852107667
521,R985F,R985F,0,exp5_p05_seed42_e020,-0.14115640633630971,1.095173716545105,0.1185489505679683,6.022262880086274
521,R985F,R985F,0,exp5_p05_seed43_e022,0.13447340790630685,1.16349458694458,0.09037784134243944,6.323066401788312
521,R985F,R985F,0,exp5_p05_seed44_e014,0.19979625713131766,0.9462953209877014,0.11482834347601546,7.169152286641686
522,R985F,R985F,5,exp5_p0_seed42_e015,0.9030512176763494,0.16056226193904877,0.48240689927962865,8.964787987407236
522,R985F,R985F,5,exp5_p0_seed43_e008,1.566569579028728,0.52586829662323,0.5871317732588127,4.977133591461919
522,R985F,R985F,5,exp5_p0_seed44_e013,0.7023544705189945,0.16317927837371826,0.3340315745795463,7.731106247658023
522,R985F,R985F,5,exp5_p05_seed42_e020,1.104773269433959,0.6779636740684509,0.27649582540802925,5.964711861197078
522,R985F,R985F,5,exp5_p05_seed43_e022,1.2097686155738265,0.6248021721839905,0.4419491289903636,6.271014899292985
522,R985F,R985F,5,exp5_p05_seed44_e014,1.32028867613206,0.6463541388511658,0.4562130135182968,7.1195077799012925
523,R985F,R985F,-5,exp5_p0_seed42_e015,-1.9012970158192672,1.409769058227539,0.17354283413423002,11.643334841157458
523,R985F,R985F,-5,exp5_p0_seed43_e008,-3.3113157692770927,2.08906888961792,0.17189346712578446,5.803720300200428
523,R985F,R985F,-5,exp5_p0_seed44_e013,-2.033494187893381,2.258763313293457,0.14696984056265538,8.233708846602614
523,R985F,R985F,-5,exp5_p05_seed42_e020,-2.3684165523918232,1.6087028980255127,0.17057915190754952,5.783112011907389
523,R985F,R985F,-5,exp5_p05_seed43_e022,-2.395194058145621,1.660916805267334,0.17191508562395902,5.8239175211611816
523,R985F,R985F,-5,exp5_p05_seed44_e014,-2.198859208032899,1.42073392868042,0.1567790348988303,6.451440631768161
524,R985F,R985F,0,exp5_p0_seed42_e015,-0.13518173405406658,0.937828779220581,0.21935931351847704,11.685437948810954
524,R985F,R985F,0,exp5_p0_seed43_e008,-0.5336559798487066,1.2863216400146484,0.25794366436593663,5.863608871571212
524,R985F,R985F,0,exp5_p0_seed44_e013,-0.12940018563582295,1.4070472717285156,0.20663713791108276,8.433255486364883
524,R985F,R985F,0,exp5_p05_seed42_e020,-0.1048559614187956,1.0038174390792847,0.2641501559932998,5.6846434187800305
524,R985F,R985F,0,exp5_p05_seed43_e022,-0.1201788359349987,1.0159811973571777,0.2619426035035366,5.773311917244145
524,R985F,R985F,0,exp5_p05_seed44_e014,-0.043602464626689146,0.8757933378219604,0.24628106035720695,6.461745600012474
525,R985F,R985F,5,exp5_p0_seed42_e015,0.592372726120367,0.6897583603858948,0.2876092286605743,11.6572485293662
525,R985F,R985F,5,exp5_p0_seed43_e008,0.7330559486938537,0.9183546900749207,0.37126889757310283,5.960648410373813
525,R985F,R985F,5,exp5_p0_seed44_e013,0.4899192001739314,0.9095140099525452,0.29703512676491145,8.552174051828592
525,R985F,R985F,5,exp5_p05_seed42_e020,0.8691115220044292,0.6727985739707947,0.3790428693298144,5.505632198021592
525,R985F,R985F,5,exp5_p05_seed43_e022,0.8718527009040367,0.7002229690551758,0.3850359474831537,5.625750520986283
525,R985F,R985F,5,exp5_p05_seed44_e014,0.8434606079764418,0.6424874663352966,0.36656096604647465,6.356707839835924
526,R985F,R985F,-5,exp5_p0_seed42_e015,-0.3340708698003242,0.9137508273124695,0.17523851615235472,6.215491754039869
526,R985F,R985F,-5,exp5_p0_seed43_e008,-2.4650859370951177,2.220336437225342,0.1289845620433376,3.3900062485967815
526,R985F,R985F,-5,exp5_p0_seed44_e013,-1.4160326932246725,2.1266183853149414,0.10461636421496212,5.881912353767137
526,R985F,R985F,-5,exp5_p05_seed42_e020,-2.522190768006609,2.1711344718933105,0.11822531996993671,4.303800703543525
526,R985F,R985F,-5,exp5_p05_seed43_e022,-2.459960836726001,2.5178911685943604,0.12541099641002498,4.510280504060383
526,R985F,R985F,-5,exp5_p05_seed44_e014,-2.1045641053673565,1.791185975074768,0.11857178089527465,4.410954236960966
527,R985F,R985F,0,exp5_p0_seed42_e015,0.3715232818678529,0.49561807513237,0.2753880978173718,6.312605275790011
527,R985F,R985F,0,exp5_p0_seed43_e008,-0.2361873127456568,1.241326928138733,0.23596748532141523,3.4064058241196267
527,R985F,R985F,0,exp5_p0_seed44_e013,-0.22267605229362938,1.316171646118164,0.1280268520772099,6.054874659488362
527,R985F,R985F,0,exp5_p05_seed42_e020,-0.60629172735733,1.2979168891906738,0.2168340590972496,4.28035620881528
527,R985F,R985F,0,exp5_p05_seed43_e022,-0.549797050773888,1.579953670501709,0.2179604050198398,4.4469255210911545
527,R985F,R985F,0,exp5_p05_seed44_e014,-0.21991955866306695,1.1418383121490479,0.22291302252772693,4.439503414053502
528,R985F,R985F,5,exp5_p0_seed42_e015,0.6550424072119858,0.30372974276542664,0.3259812986993474,6.446602837664725
528,R985F,R985F,5,exp5_p0_seed43_e008,0.7719568478970879,0.8835042119026184,0.37204651376221537,3.4250308336963453
528,R985F,R985F,5,exp5_p0_seed44_e013,0.203065054172029,0.9415621161460876,0.20172973282701714,6.145677673152866
528,R985F,R985F,5,exp5_p05_seed42_e020,0.5259084842398247,0.925434947013855,0.3409653230487775,4.329453200842005
528,R985F,R985F,5,exp5_p05_seed43_e022,0.5419107593770498,1.1028345823287964,0.33399985428087736,4.430054598388602
528,R985F,R985F,5,exp5_p05_seed44_e014,0.6756264437064774,0.8294779062271118,0.34434688613146924,4.492923045977545
529,R9F13,R9F13,-5,exp5_p0_seed42_e015,-0.33287382331895077,0.4236167371273041,0.14906441845691265,8.717843660596357
529,R9F13,R9F13,-5,exp5_p0_seed43_e008,-1.2810079640994434,0.9400064945220947,0.26051573276564416,5.682742492397184
529,R9F13,R9F13,-5,exp5_p0_seed44_e013,-0.7927045673232842,0.756783127784729,0.15807056069292238,8.234054915719973
529,R9F13,R9F13,-5,exp5_p05_seed42_e020,-1.312341828797404,0.9408249258995056,0.2335608673858132,6.382008926578758
529,R9F13,R9F13,-5,exp5_p05_seed43_e022,-1.37652533411105,1.0081408023834229,0.2506008910378628,6.327545853492429
529,R9F13,R9F13,-5,exp5_p05_seed44_e014,-1.12574791012902,0.8392849564552307,0.26125870251043093,6.848915271935757
530,R9F13,R9F13,0,exp5_p0_seed42_e015,0.48740020796707034,0.37316998839378357,0.2827224348146786,8.715675223528304
530,R9F13,R9F13,0,exp5_p0_seed43_e008,0.5339136585306831,0.7470992803573608,0.39504341644346136,5.696863250237628
530,R9F13,R9F13,0,exp5_p0_seed44_e013,0.41806847346975656,0.6568796038627625,0.2837538508902527,8.380831130577317
530,R9F13,R9F13,0,exp5_p05_seed42_e020,0.43665131084247144,0.7267807126045227,0.35512480348262565,6.359382900608398
530,R9F13,R9F13,0,exp5_p05_seed43_e022,0.4690683000692968,0.7574412226676941,0.3799561805870691,6.3023814863078185
530,R9F13,R9F13,0,exp5_p05_seed44_e014,0.4766538353106711,0.7075885534286499,0.38326876972282786,6.807071898250035
531,R9F13,R9F13,5,exp5_p0_seed42_e015,0.9947310486382965,0.38751235604286194,0.41443910441592813,8.780091782343982
531,R9F13,R9F13,5,exp5_p0_seed43_e008,1.426980879902092,0.769636332988739,0.49205291657653893,5.725538306226895
531,R9F13,R9F13,5,exp5_p0_seed44_e013,0.968893878281172,0.6504329442977905,0.4184654055642319,8.417902101796233
531,R9F13,R9F13,5,exp5_p05_seed42_e020,1.3133358036047051,0.6222334504127502,0.46089474866852626,6.3440997569284345
531,R9F13,R9F13,5,exp5_p05_seed43_e022,1.3444654604048003,0.6972721219062805,0.46897140633419493,6.279478462333454
531,R9F13,R9F13,5,exp5_p05_seed44_e014,1.2928094188393078,0.6080228090286255,0.4838873272714731,6.746226991211538
532,R9F13,R9F13,-5,exp5_p0_seed42_e015,-0.16716220003920565,0.4113306701183319,0.18478461670552568,6.838327119118675
532,R9F13,R9F13,-5,exp5_p0_seed43_e008,-1.6870671965798953,0.7393262982368469,0.18978257729198952,5.151198996374749
532,R9F13,R9F13,-5,exp5_p0_seed44_e013,-0.6523335218248939,0.5945770144462585,0.1634312744071545,6.199707851270228
532,R9F13,R9F13,-5,exp5_p05_seed42_e020,-2.456393373619121,1.1090799570083618,0.1374781082143438,5.131461201577076
532,R9F13,R9F13,-5,exp5_p05_seed43_e022,-2.1996834469317457,0.9724830985069275,0.15087229772928168,5.292414602166973
532,R9F13,R9F13,-5,exp5_p05_seed44_e014,-2.049466417438515,1.0014692544937134,0.15056177756515976,5.2252075333271755
533,R9F13,R9F13,0,exp5_p0_seed42_e015,0.7195678074798684,0.3669981360435486,0.31681592628935035,6.898585462593541
533,R9F13,R9F13,0,exp5_p0_seed43_e008,0.5024230523156483,0.678214430809021,0.35673075632778584,5.146505907373803
533,R9F13,R9F13,0,exp5_p0_seed44_e013,0.5323841346685776,0.5582507848739624,0.2961425749717933,6.2974452337733124
533,R9F13,R9F13,0,exp5_p05_seed42_e020,-0.05755808514703454,0.8261767029762268,0.23438808266683328,5.156151232092487
533,R9F13,R9F13,0,exp5_p05_seed43_e022,0.13667939094664022,0.8186385035514832,0.28618224376683804,5.257870919778326
533,R9F13,R9F13,0,exp5_p05_seed44_e014,0.13813031923359867,0.7165510654449463,0.28908538150653684,5.2214486923905055
534,R9F13,R9F13,5,exp5_p0_seed42_e015,1.2748967095435193,0.42754635214805603,0.4649982041470259,7.119665219948743
534,R9F13,R9F13,5,exp5_p0_seed43_e008,1.7367885291898801,0.8542975187301636,0.5206174185228688,5.158568933167057
534,R9F13,R9F13,5,exp5_p0_seed44_e013,1.2386687256517719,0.567499577999115,0.4458395767971573,6.584441496881456
534,R9F13,R9F13,5,exp5_p05_seed42_e020,1.328257639716062,0.6894283890724182,0.3840782170223163,5.173156930354742
534,R9F13,R9F13,5,exp5_p05_seed43_e022,1.486119423109657,0.715934693813324,0.44755302590759777,5.184150585481202
534,R9F13,R9F13,5,exp5_p05_seed44_e014,1.4054462621284887,0.6765729188919067,0.46585255553264643,5.192308595364198
535,R9F13,R9F13,-5,exp5_p0_seed42_e015,-0.6749684932543878,0.8024372458457947,0.14524236096467233,9.760003951841798
535,R9F13,R9F13,-5,exp5_p0_seed43_e008,-2.0150684414670565,1.0323712825775146,0.13683465327689875,6.223618064854417
535,R9F13,R9F13,-5,exp5_p0_seed44_e013,-1.16200001263767,0.9435226321220398,0.14049424839457472,8.333097964063924
535,R9F13,R9F13,-5,exp5_p05_seed42_e020,-1.8630538432308588,1.0751861333847046,0.11787287975322079,5.962149306808055
535,R9F13,R9F13,-5,exp5_p05_seed43_e022,-2.0681376259082915,1.0545252561569214,0.12661778398039483,6.120193212411923
535,R9F13,R9F13,-5,exp5_p05_seed44_e014,-1.7975203360826404,1.0920701026916504,0.13970007177231636,6.266254228382778
536,R9F13,R9F13,0,exp5_p0_seed42_e015,0.6064702049694262,0.4750736355781555,0.23110210156584876,9.740422284965236
536,R9F13,R9F13,0,exp5_p0_seed43_e008,0.3038634908048856,0.6600486636161804,0.25735051202057674,6.2701629661098774
536,R9F13,R9F13,0,exp5_p0_seed44_e013,0.39938116189388945,0.6426512002944946,0.23897266735909312,8.491006682855303
536,R9F13,R9F13,0,exp5_p05_seed42_e020,0.21150863701675948,0.7698411345481873,0.22306282157873789,5.850011205195241
536,R9F13,R9F13,0,exp5_p05_seed43_e022,0.21474328088071482,0.7343664169311523,0.2443945812167992,6.041504282713345
536,R9F13,R9F13,0,exp5_p05_seed44_e014,0.3125379192922098,0.7601388692855835,0.26713710971056925,6.219349637040694
537,R9F13,R9F13,5,exp5_p0_seed42_e015,1.3726843675280858,0.33256372809410095,0.36812093579379007,9.649750779766434
537,R9F13,R9F13,5,exp5_p0_seed43_e008,1.7413999034362018,0.4512990415096283,0.42684310620998084,6.335099429592886
537,R9F13,R9F13,5,exp5_p0_seed44_e013,1.1983204605526419,0.49421802163124084,0.38638764891961747,8.378828367344695
537,R9F13,R9F13,5,exp5_p05_seed42_e020,1.6304988239966587,0.5473091006278992,0.40199834207366136,5.616246017258767
537,R9F13,R9F13,5,exp5_p05_seed43_e022,1.719457976365319,0.5477787256240845,0.4311366897332542,5.863744731164941
537,R9F13,R9F13,5,exp5_p05_seed44_e014,1.656415830177824,0.54595547914505,0.4456851499818626,6.0284675030167865
538,R9F13,R9F13,-5,exp5_p0_seed42_e015,-0.29662458226693433,0.7577592730522156,0.1789470648770576,8.812579036976738
538,R9F13,R9F13,-5,exp5_p0_seed43_e008,-1.185454017361654,0.8728715777397156,0.191741349026252,5.557059608164304
538,R9F13,R9F13,-5,exp5_p0_seed44_e013,-1.1703040757026888,0.8194427490234375,0.17706917332574545,7.02631955422053
538,R9F13,R9F13,-5,exp5_p05_seed42_e020,-2.049067244979608,1.0385609865188599,0.16308015953420096,5.326312446981158
538,R9F13,R9F13,-5,exp5_p05_seed43_e022,-1.9043125599216375,1.0655757188796997,0.1663056991870915,5.276374978602794
538,R9F13,R9F13,-5,exp5_p05_seed44_e014,-1.944562754998678,0.9632203578948975,0.1549528709937562,5.2757510331155855
539,R9F13,R9F13,0,exp5_p0_seed42_e015,0.44075736192889786,0.6249983906745911,0.2843035476530374,8.949810521662634
539,R9F13,R9F13,0,exp5_p0_seed43_e008,0.40140739246825713,0.6653935313224792,0.31811982609365375,5.596264588579048
539,R9F13,R9F13,0,exp5_p0_seed44_e013,0.1902895703429278,0.6093950867652893,0.2809129724131165,6.96669915660403
539,R9F13,R9F13,0,exp5_p05_seed42_e020,0.00932088033910891,0.7343947887420654,0.2860303244304546,5.367176202519572
539,R9F13,R9F13,0,exp5_p05_seed43_e022,0.13758147079628225,0.7976747155189514,0.29809031751470966,5.295520660324157
539,R9F13,R9F13,0,exp5_p05_seed44_e014,0.02432032600125337,0.7694154381752014,0.28970680588058345,5.321453092560152
540,R9F13,R9F13,5,exp5_p0_seed42_e015,0.870972965206668,0.5031505227088928,0.39283775387088216,9.20855940258972
540,R9F13,R9F13,5,exp5_p0_seed43_e008,1.2401340400337049,0.6376175880432129,0.4523485197141502,5.659387752892451
540,R9F13,R9F13,5,exp5_p0_seed44_e013,0.9271602701569035,0.5415551066398621,0.4049340295237795,7.187217760530318
540,R9F13,R9F13,5,exp5_p05_seed42_e020,1.0758751651492586,0.6517504453659058,0.42828454771473057,5.399724923761497
540,R9F13,R9F13,5,exp5_p05_seed43_e022,1.2309935090482576,0.62737637758255,0.45866867498135355,5.307303299249635
540,R9F13,R9F13,5,exp5_p05_seed44_e014,1.0853631735672895,0.644376814365387,0.44514590572851925,5.335391634817032
541,R9F13,R9F13,-5,exp5_p0_seed42_e015,-0.030740619851263484,0.568120539188385,0.2701251396540354,8.092552045537765
541,R9F13,R9F13,-5,exp5_p0_seed43_e008,-1.0025792866663785,0.795833945274353,0.29648164770948404,5.351830326218944
541,R9F13,R9F13,-5,exp5_p0_seed44_e013,-0.17475099370610697,0.494319885969162,0.22917206703554235,7.156343964508291
541,R9F13,R9F13,-5,exp5_p05_seed42_e020,-0.7764279084533566,0.7449475526809692,0.30108148346720254,5.645695094135574
541,R9F13,R9F13,-5,exp5_p05_seed43_e022,-0.6850387013434895,0.8020008206367493,0.31074412423522435,5.679518980774231
541,R9F13,R9F13,-5,exp5_p05_seed44_e014,-0.657499547414732,0.7318848371505737,0.318019341340541,5.730144022402164
542,R9F13,R9F13,0,exp5_p0_seed42_e015,0.627438803745733,0.4634421169757843,0.40282267259081483,8.395968045136978
542,R9F13,R9F13,0,exp5_p0_seed43_e008,0.6985862810885844,0.7240957021713257,0.4412989994601579,5.400531617432927
542,R9F13,R9F13,0,exp5_p0_seed44_e013,0.5651486573022186,0.4296831488609314,0.35926982687239206,7.293901094309443
542,R9F13,R9F13,0,exp5_p05_seed42_e020,0.6626919508657672,0.581809401512146,0.4289146391980243,5.713454084836411
542,R9F13,R9F13,0,exp5_p05_seed43_e022,0.8160974666702066,0.6226232647895813,0.45026389268024086,5.692889781206735
542,R9F13,R9F13,0,exp5_p05_seed44_e014,0.7135084269468905,0.5740711092948914,0.44444867595753357,5.765472740562535
543,R9F13,R9F13,5,exp5_p0_seed42_e015,1.0160513784089047,0.4722723066806793,0.509686991061101,8.592049528392462
543,R9F13,R9F13,5,exp5_p0_seed43_e008,1.5808150372300076,0.6678205728530884,0.5643568646637107,5.46515798091029
543,R9F13,R9F13,5,exp5_p0_seed44_e013,1.1000314229365136,0.4671652019023895,0.4920822995477618,7.412500037120376
543,R9F13,R9F13,5,exp5_p05_seed42_e020,1.3930991755750821,0.5240557789802551,0.5359304442861014,5.772540088873926
543,R9F13,R9F13,5,exp5_p05_seed43_e022,1.5835104687723391,0.5751082301139832,0.5694647240225709,5.691458334798782
543,R9F13,R9F13,5,exp5_p05_seed44_e014,1.3848638575688967,0.5325019359588623,0.5434486842259818,5.789199332499515
544,R9F13,R9F13,-5,exp5_p0_seed42_e015,-0.9228586006724058,0.9827534556388855,0.39385670118654287,6.906380401496197
544,R9F13,R9F13,-5,exp5_p0_seed43_e008,-1.7000398914310735,1.3066116571426392,0.4502483187385736,5.206855505756749
544,R9F13,R9F13,-5,exp5_p0_seed44_e013,-1.2429872808862943,1.391302466392517,0.3456234948697035,6.387393127665328
544,R9F13,R9F13,-5,exp5_p05_seed42_e020,-1.75722726040653,1.345569372177124,0.39065001968785673,5.064328733507727
544,R9F13,R9F13,-5,exp5_p05_seed43_e022,-1.4875215603830627,1.2419075965881348,0.42068601730822736,5.29731854745961
544,R9F13,R9F13,-5,exp5_p05_seed44_e014,-1.6968598105169366,1.2137901782989502,0.3802095177588369,5.112439009631748
545,R9F13,R9F13,0,exp5_p0_seed42_e015,0.41168933927594764,0.6603073477745056,0.46828061493729833,6.957956231248456
545,R9F13,R9F13,0,exp5_p0_seed43_e008,0.5267477752729302,0.8875795006752014,0.5744518914183937,5.20943772871886
545,R9F13,R9F13,0,exp5_p0_seed44_e013,0.28246336539788297,0.9807144403457642,0.43194925667866985,6.5673965660492994
545,R9F13,R9F13,0,exp5_p05_seed42_e020,0.28589097054406076,0.9349464774131775,0.4949244141071998,5.027403220062588
545,R9F13,R9F13,0,exp5_p05_seed43_e022,0.4640410598777773,0.84720778465271,0.5251985674237691,5.248068440650961
545,R9F13,R9F13,0,exp5_p05_seed44_e014,0.28760417279853534,0.8236747980117798,0.4966940328016834,5.061666831101407
546,R9F13,R9F13,5,exp5_p0_seed42_e015,0.6288524383251541,0.5891929268836975,0.4052905415623187,6.88443837597739
546,R9F13,R9F13,5,exp5_p0_seed43_e008,1.4974997578644886,0.7120587229728699,0.6341661156001415,5.208086794941198
546,R9F13,R9F13,5,exp5_p0_seed44_e013,0.8668932089914881,0.71112459897995,0.4754502703664726,6.074799628087609
546,R9F13,R9F13,5,exp5_p05_seed42_e020,1.195536940161611,0.7530699968338013,0.5555053436806524,4.924456535387657
546,R9F13,R9F13,5,exp5_p05_seed43_e022,1.2994844305546578,0.7148612141609192,0.5786989392352007,5.121244159995935
546,R9F13,R9F13,5,exp5_p05_seed44_e014,1.1439337486574772,0.6326318383216858,0.5563370040717441,4.949025699749917
547,R9F13,R9F13,-5,exp5_p0_seed42_e015,-0.35599453479047855,0.5344581007957458,0.2670862559813005,8.553917146781338
547,R9F13,R9F13,-5,exp5_p0_seed43_e008,-1.0764512332243148,0.7157395482063293,0.26209860281388303,6.02548261389998
547,R9F13,R9F13,-5,exp5_p0_seed44_e013,-0.32865274452421067,0.6162867546081543,0.27114478934210484,7.858910479192993
547,R9F13,R9F13,-5,exp5_p05_seed42_e020,-0.6904860445648671,0.6311533451080322,0.27855018075240673,6.045418568739089
547,R9F13,R9F13,-5,exp5_p05_seed43_e022,-0.651288905811124,0.7194299101829529,0.29064971799066236,6.042851726927391
547,R9F13,R9F13,-5,exp5_p05_seed44_e014,-0.5894664526304104,0.5893609523773193,0.28848022866540923,6.28685625839048
548,R9F13,R9F13,0,exp5_p0_seed42_e015,0.6475607030539076,0.5060470700263977,0.38980636138718283,8.61091061576471
548,R9F13,R9F13,0,exp5_p0_seed43_e008,0.6421859317774776,0.6423042416572571,0.4040869765451045,6.100879573748631
548,R9F13,R9F13,0,exp5_p0_seed44_e013,0.7233005199019071,0.481863796710968,0.395954266951754,7.757497517429023
548,R9F13,R9F13,0,exp5_p05_seed42_e020,0.7197792233924742,0.4732462465763092,0.4134938355534524,5.980491012275914
548,R9F13,R9F13,0,exp5_p05_seed43_e022,0.8017372264789719,0.5613401532173157,0.4250502993862023,5.9640870717261505
548,R9F13,R9F13,0,exp5_p05_seed44_e014,0.7726319507332668,0.4669048488140106,0.43120228967251706,6.2307845662622565
549,R9F13,R9F13,5,exp5_p0_seed42_e015,1.0710370726014915,0.4011486768722534,0.5077832581782026,8.816285975196795
549,R9F13,R9F13,5,exp5_p0_seed43_e008,1.3767398486762135,0.5817760825157166,0.5153335587291652,6.166687331199361
549,R9F13,R9F13,5,exp5_p0_seed44_e013,1.066452830684982,0.3913118243217468,0.47818279323641066,7.667745105323638
549,R9F13,R9F13,5,exp5_p05_seed42_e020,1.2474685951423816,0.4311317801475525,0.5171434506901064,5.920838125790302
549,R9F13,R9F13,5,exp5_p05_seed43_e022,1.3497802572791358,0.506987452507019,0.5246485785760995,5.923807115844282
549,R9F13,R9F13,5,exp5_p05_seed44_e014,1.2787280099197713,0.4254123568534851,0.5342694146098463,6.196188563944805
550,R9F13,R9F13,-5,exp5_p0_seed42_e015,-0.899453437355878,0.5481647849082947,0.38949008575756744,8.797312473948223
550,R9F13,R9F13,-5,exp5_p0_seed43_e008,-1.8457049968680495,0.6874145269393921,0.3813163093448599,5.560806645711396
550,R9F13,R9F13,-5,exp5_p0_seed44_e013,-1.4962802017969716,0.9349196553230286,0.3835680136667977,6.833455108698736
550,R9F13,R9F13,-5,exp5_p05_seed42_e020,-2.1375924599127787,0.8387924432754517,0.3253159228801252,5.236694809657395
550,R9F13,R9F13,-5,exp5_p05_seed43_e022,-1.7378727388337267,0.86873859167099,0.35844484926026904,5.143075132766065
550,R9F13,R9F13,-5,exp5_p05_seed44_e014,-1.8023923064705671,0.8507708311080933,0.35288657448912475,5.328724733161998
551,R9F13,R9F13,0,exp5_p0_seed42_e015,0.7018859317562137,0.3934316039085388,0.49179154298476313,8.666054417357863
551,R9F13,R9F13,0,exp5_p0_seed43_e008,0.6674092187681877,0.4949001967906952,0.48811493738022005,5.588251334280128
551,R9F13,R9F13,0,exp5_p0_seed44_e013,0.3406177737953753,0.7009917497634888,0.4834196813938198,6.432112474884219
551,R9F13,R9F13,0,exp5_p05_seed42_e020,0.39703485815728223,0.6081103086471558,0.43278524056001316,5.0631920101685735
551,R9F13,R9F13,0,exp5_p05_seed43_e022,0.7332357279770934,0.5762152075767517,0.4684688560544843,5.014563910140093
551,R9F13,R9F13,0,exp5_p05_seed44_e014,0.6216965305433396,0.5937399864196777,0.45766603764042346,5.19957310783154
552,R9F13,R9F13,5,exp5_p0_seed42_e015,1.4703759374680605,0.43570682406425476,0.559480491861012,8.497079185910904
552,R9F13,R9F13,5,exp5_p0_seed43_e008,1.9193708246018741,0.4473256766796112,0.568763946382872,5.628461699493382
552,R9F13,R9F13,5,exp5_p0_seed44_e013,0.985576049249093,0.6479583382606506,0.5493481519567412,5.873204397888507
552,R9F13,R9F13,5,exp5_p05_seed42_e020,1.830350097825111,0.4866430461406708,0.5300142585646517,4.8646990861882315
552,R9F13,R9F13,5,exp5_p05_seed43_e022,1.9165507079705764,0.48083361983299255,0.5531740559544285,4.877214716632418
552,R9F13,R9F13,5,exp5_p05_seed44_e014,1.8793897501433872,0.47263818979263306,0.5467550078427473,5.066473925238717
553,RA825,RA825,-5,exp5_p0_seed42_e015,-1.2522889213843666,1.199804425239563,0.20714362540859488,11.551302950285336
553,RA825,RA825,-5,exp5_p0_seed43_e008,-2.0769910747614277,2.392282485961914,0.2937459391460476,6.340999351885225
553,RA825,RA825,-5,exp5_p0_seed44_e013,-1.3816574117593639,1.241075873374939,0.326207508084038,14.07199526655776
553,RA825,RA825,-5,exp5_p05_seed42_e020,-1.5264684129058304,1.2393664121627808,0.32656429406613735,9.35688895777342
553,RA825,RA825,-5,exp5_p05_seed43_e022,-1.614031666472713,1.4501198530197144,0.3139128031049822,8.838421101402334
553,RA825,RA825,-5,exp5_p05_seed44_e014,-1.4978792409668609,1.138507604598999,0.276009894918355,9.325913784574592
554,RA825,RA825,0,exp5_p0_seed42_e015,-0.20825156733208505,0.7462149262428284,0.3139092233215356,11.477397024189406
554,RA825,RA825,0,exp5_p0_seed43_e008,-0.07601463077588219,1.5833970308303833,0.432444501269945,6.236319328801879
554,RA825,RA825,0,exp5_p0_seed44_e013,0.19446473290358035,0.7256051301956177,0.4498523063696726,13.867128308217806
554,RA825,RA825,0,exp5_p05_seed42_e020,0.29317704115104193,0.7743578553199768,0.4457758935285458,9.29859641571552
554,RA825,RA825,0,exp5_p05_seed43_e022,0.28322250909483526,0.9361088871955872,0.4364815388994985,8.79713018610456
554,RA825,RA825,0,exp5_p05_seed44_e014,0.18358002915267044,0.696609377861023,0.39969161760965816,9.295149814151628
555,RA825,RA825,5,exp5_p0_seed42_e015,0.2790424535916585,0.5637347102165222,0.38514612787001246,11.076466714698505
555,RA825,RA825,5,exp5_p0_seed43_e008,0.843554703453141,1.073157548904419,0.5246467766757671,6.0887779274055065
555,RA825,RA825,5,exp5_p0_seed44_e013,0.7614030588041547,0.4929954409599304,0.5135085825601154,13.75479261336837
555,RA825,RA825,5,exp5_p05_seed42_e020,1.0212256962583384,0.533393919467926,0.523111186967477,9.228883486417548
555,RA825,RA825,5,exp5_p05_seed43_e022,1.0358928820543907,0.6346414685249329,0.5154773124374848,8.741976807734497
555,RA825,RA825,5,exp5_p05_seed44_e014,0.8022708854093712,0.4832729697227478,0.4843681187998461,9.251182100463426
556,RA825,RA825,-5,exp5_p0_seed42_e015,-0.7912147418836344,0.5016627311706543,0.2761102273919162,9.57660073140194
556,RA825,RA825,-5,exp5_p0_seed43_e008,-1.0366082472659264,0.8801960945129395,0.4550751134041735,4.3815303058726425
556,RA825,RA825,-5,exp5_p0_seed44_e013,-0.15597427438504755,0.5392483472824097,0.4077936363187471,10.421895907795271
556,RA825,RA825,-5,exp5_p05_seed42_e020,-1.288994356739941,0.6662812232971191,0.42602558021765535,5.7970566140078255
556,RA825,RA825,-5,exp5_p05_seed43_e022,-1.1773159876799477,0.7325301766395569,0.46788512982742386,5.6892683770684584
556,RA825,RA825,-5,exp5_p05_seed44_e014,-0.459425940051508,0.5376869440078735,0.3952871363375824,7.356690508367319
557,RA825,RA825,0,exp5_p0_seed42_e015,0.1948435335281852,0.4674356281757355,0.3557806628181492,9.614028327870152
557,RA825,RA825,0,exp5_p0_seed43_e008,0.70935404745362,0.8457117676734924,0.5533268952530641,4.371461873230782
557,RA825,RA825,0,exp5_p0_seed44_e013,0.7918632352387045,0.4152955412864685,0.5053859242114803,10.443614080946325
557,RA825,RA825,0,exp5_p05_seed42_e020,0.4453884669043487,0.5146223902702332,0.5163556919886849,5.745933219934241
557,RA825,RA825,0,exp5_p05_seed43_e022,0.6361120835127455,0.5824044942855835,0.5538928493824662,5.676111870693676
557,RA825,RA825,0,exp5_p05_seed44_e014,0.6225308202988444,0.4568772614002228,0.481235438896769,7.32880000422814
558,RA825,RA825,5,exp5_p0_seed42_e015,0.5675299648600316,0.4384044408798218,0.3880861416107856,9.77428333819929
558,RA825,RA825,5,exp5_p0_seed43_e008,1.4759493371044916,0.7855063080787659,0.5920351702305935,4.36926727810514
558,RA825,RA825,5,exp5_p0_seed44_e013,1.0552676299185682,0.3591994643211365,0.5428106851165705,10.417569963442775
558,RA825,RA825,5,exp5_p05_seed42_e020,1.1740021916820538,0.45757800340652466,0.5682214528733861,5.712368424657309
558,RA825,RA825,5,exp5_p05_seed43_e022,1.3664564541038124,0.5082509517669678,0.5955160022874482,5.69054687362491
558,RA825,RA825,5,exp5_p05_seed44_e014,1.044445324026384,0.39381837844848633,0.5292756006976317,7.333663556905683
559,RA825,RA825,-5,exp5_p0_seed42_e015,-0.7958663689172036,1.1878728866577148,0.17281482410271046,13.641488049342046
559,RA825,RA825,-5,exp5_p0_seed43_e008,-2.0168664451942435,1.7513703107833862,0.26436110568186527,7.377675584922121
559,RA825,RA825,-5,exp5_p0_seed44_e013,-1.0358583120719946,1.7433801889419556,0.2600556967349907,14.448237721478778
559,RA825,RA825,-5,exp5_p05_seed42_e020,-1.240181353494559,1.6162984371185303,0.246783225589024,9.20599277926855
559,RA825,RA825,-5,exp5_p05_seed43_e022,-1.1631745991851596,1.499489665031433,0.2607003140403389,9.103073702564698
559,RA825,RA825,-5,exp5_p05_seed44_e014,-0.8090438626672949,1.271579384803772,0.23985108736904698,10.532115833488472
560,RA825,RA825,0,exp5_p0_seed42_e015,0.04997715559759425,0.6875511407852173,0.20549256256328752,13.71924851391629
560,RA825,RA825,0,exp5_p0_seed43_e008,-0.12983705730618683,1.000232458114624,0.3536129255252866,7.380584464365243
560,RA825,RA825,0,exp5_p0_seed44_e013,0.03648645798652245,1.1154767274856567,0.33528318455985734,14.519692841883877
560,RA825,RA825,0,exp5_p05_seed42_e020,0.27225006142724506,0.9721824526786804,0.3407317882640634,9.138460134978486
560,RA825,RA825,0,exp5_p05_seed43_e022,0.32152359820201326,0.8967301845550537,0.36000375303287485,9.107284109947319
560,RA825,RA825,0,exp5_p05_seed44_e014,0.33996845793291314,0.748434841632843,0.3175795927338868,10.413104311797971
561,RA825,RA825,5,exp5_p0_seed42_e015,0.25958752465675256,0.511063814163208,0.1766168018513044,13.856605203416407
561,RA825,RA825,5,exp5_p0_seed43_e008,0.68808852843549,0.8600950837135315,0.40919354790036705,7.392036391133021
561,RA825,RA825,5,exp5_p0_seed44_e013,0.2181725202763904,0.8393729329109192,0.33378146485705373,14.344813002423818
561,RA825,RA825,5,exp5_p05_seed42_e020,0.7642704677871814,0.6658559441566467,0.41136898945989225,8.978790523932327
561,RA825,RA825,5,exp5_p05_seed43_e022,0.8652410858117943,0.7043043375015259,0.440393976994194,9.070001607626706
561,RA825,RA825,5,exp5_p05_seed44_e014,0.701760634108764,0.5056959986686707,0.37098107285856957,10.190219534009142
562,RA825,RA825,-5,exp5_p0_seed42_e015,-1.0107706219618913,1.3939487934112549,0.1137340912159302,10.980507109063229
562,RA825,RA825,-5,exp5_p0_seed43_e008,-2.26499354160457,2.503849744796753,0.2276852138998802,9.265040159220796
562,RA825,RA825,-5,exp5_p0_seed44_e013,-1.0290715155016121,1.5344486236572266,0.23120456713576268,10.253187945212193
562,RA825,RA825,-5,exp5_p05_seed42_e020,-1.9776244170576196,2.0088701248168945,0.2332279607432938,11.058051207889159
562,RA825,RA825,-5,exp5_p05_seed43_e022,-1.504214639567937,1.8834359645843506,0.24696477682817028,11.666116923440718
562,RA825,RA825,-5,exp5_p05_seed44_e014,-0.9214570306451859,1.3107655048370361,0.20550132410315775,11.285408575451015
563,RA825,RA825,0,exp5_p0_seed42_e015,0.06590390868940453,0.7873217463493347,0.20276011886580186,10.675505803622354
563,RA825,RA825,0,exp5_p0_seed43_e008,0.027343125606882002,1.4882887601852417,0.3772357286521167,9.061295624155868
563,RA825,RA825,0,exp5_p0_seed44_e013,0.5215665809480833,0.9745053052902222,0.37429168103858584,9.970979819617739
563,RA825,RA825,0,exp5_p05_seed42_e020,0.16396340884338406,1.255497694015503,0.3637599911516232,10.939458299510221
563,RA825,RA825,0,exp5_p05_seed43_e022,0.47195364262567346,1.0765600204467773,0.40006298598220835,11.624648534317707
563,RA825,RA825,0,exp5_p05_seed44_e014,0.4358638934047179,0.779901385307312,0.33296748504160006,11.162355646737133
564,RA825,RA825,5,exp5_p0_seed42_e015,0.5321192605352186,0.5583697557449341,0.30356756773167193,10.331312762160117
564,RA825,RA825,5,exp5_p0_seed43_e008,1.130252444144424,0.9554377794265747,0.4941882809197888,8.762446599370008
564,RA825,RA825,5,exp5_p0_seed44_e013,0.854521613848742,0.5713077187538147,0.4650612009822583,9.216161329277623
564,RA825,RA825,5,exp5_p05_seed42_e020,1.1158959818215972,0.8062524199485779,0.4668007372873925,10.759971552284394
564,RA825,RA825,5,exp5_p05_seed43_e022,1.3283394939018953,0.7341390252113342,0.5164851903354363,11.54161115129477
564,RA825,RA825,5,exp5_p05_seed44_e014,0.9551591662429338,0.5449289083480835,0.42623496588710513,10.997654116947462
565,RA825,RA825,-5,exp5_p0_seed42_e015,-0.6497948927326146,0.923112690448761,0.2511762785593377,12.702706928036498
565,RA825,RA825,-5,exp5_p0_seed43_e008,-1.9025831106076612,1.89118492603302,0.29457880893527416,7.097591426029727
565,RA825,RA825,-5,exp5_p0_seed44_e013,-0.7374767379741827,1.6162396669387817,0.25610984327498176,13.239507059417155
565,RA825,RA825,-5,exp5_p05_seed42_e020,-1.594868865121597,1.764952301979065,0.283806160541599,7.631253800452647
565,RA825,RA825,-5,exp5_p05_seed43_e022,-1.3796706725832533,1.684831976890564,0.29527614715777534,7.830227034298616
565,RA825,RA825,-5,exp5_p05_seed44_e014,-0.9411450609139336,1.3392770290374756,0.23979061869844007,9.715042247636966
566,RA825,RA825,0,exp5_p0_seed42_e015,0.16013491980596042,0.6147921681404114,0.2997513272056002,13.323347996008826
566,RA825,RA825,0,exp5_p0_seed43_e008,0.23573752298935102,1.1721395254135132,0.41652013552846767,7.109020028467682
566,RA825,RA825,0,exp5_p0_seed44_e013,0.281133129317526,1.0662152767181396,0.3430539412503264,13.178220896224413
566,RA825,RA825,0,exp5_p05_seed42_e020,0.1979267446660832,1.0907869338989258,0.39467362786068044,7.404849969634277
566,RA825,RA825,0,exp5_p05_seed43_e022,0.32575342941458424,1.0977600812911987,0.41076018086439486,7.73160003820448
566,RA825,RA825,0,exp5_p05_seed44_e014,0.30429372239346114,0.8346097469329834,0.3278369696628881,9.546687290159854
567,RA825,RA825,5,exp5_p0_seed42_e015,0.3373493170574696,0.41558343172073364,0.3112410732619606,12.732680563609923
567,RA825,RA825,5,exp5_p0_seed43_e008,1.1992341321019049,0.7625095844268799,0.5213626517536346,7.095315729491835
567,RA825,RA825,5,exp5_p0_seed44_e013,0.6240788086647497,0.7644767761230469,0.39976606699503364,12.508591054904755
567,RA825,RA825,5,exp5_p05_seed42_e020,0.9941979515423248,0.7713622450828552,0.4914374714257578,7.033835505406013
567,RA825,RA825,5,exp5_p05_seed43_e022,1.0443935054782905,0.7068361043930054,0.5104536738618836,7.591768532221081
567,RA825,RA825,5,exp5_p05_seed44_e014,0.7764248467169182,0.5297828316688538,0.412615074115944,9.25314504895075
568,RA825,RA825,-5,exp5_p0_seed42_e015,-0.7796068251493947,0.4188369810581207,0.09670182933542182,11.04286901898914
568,RA825,RA825,-5,exp5_p0_seed43_e008,-2.5249884955253767,0.8785578012466431,0.08271814145299816,6.260375000477003
568,RA825,RA825,-5,exp5_p0_seed44_e013,-1.1718033699306023,0.43335822224617004,0.11126318084542018,9.485228566526867
568,RA825,RA825,-5,exp5_p05_seed42_e020,-2.164295497895994,0.800666093826294,0.07641983870634478,5.22368334116853
568,RA825,RA825,-5,exp5_p05_seed43_e022,-2.017899805773121,0.8097224235534668,0.05603670155946254,6.076487434301816
568,RA825,RA825,-5,exp5_p05_seed44_e014,-1.1472414649912652,0.6071147918701172,0.10227610504457928,7.107518033186009
569,RA825,RA825,0,exp5_p0_seed42_e015,0.6347520352586361,0.28462350368499756,0.3650756042117362,11.513265374235605
569,RA825,RA825,0,exp5_p0_seed43_e008,-0.18850699744247168,0.5987361669540405,0.1765828292964796,6.303803957720397
569,RA825,RA825,0,exp5_p0_seed44_e013,0.055591291277199126,0.25851863622665405,0.08215396111482494,9.444144370015842
569,RA825,RA825,0,exp5_p05_seed42_e020,-0.11848140191060257,0.48463496565818787,0.19797344410975842,5.007216478478079
569,RA825,RA825,0,exp5_p05_seed43_e022,0.09665305309706806,0.5568573474884033,0.24310254106670406,5.825234329145163
569,RA825,RA825,0,exp5_p05_seed44_e014,0.46218492295327973,0.5236038565635681,0.3249125454800127,6.705313276700196
570,RA825,RA825,5,exp5_p0_seed42_e015,1.1449537015869842,0.30971282720565796,0.511407579293132,10.451392685254179
570,RA825,RA825,5,exp5_p0_seed43_e008,1.2279872335581685,0.463821142911911,0.4105804610777597,6.325115642238158
570,RA825,RA825,5,exp5_p0_seed44_e013,0.7869247944854376,0.341631680727005,0.3735187781002111,8.838198912006206
570,RA825,RA825,5,exp5_p05_seed42_e020,1.09200965877037,0.3842732906341553,0.4162037839470906,4.772897557679366
570,RA825,RA825,5,exp5_p05_seed43_e022,1.3959116876331072,0.4690578281879425,0.49031030317307517,5.544571615063216
570,RA825,RA825,5,exp5_p05_seed44_e014,1.4266872662389383,0.5053406357765198,0.5025609634458518,6.213280277730674
571,RA825,RA825,-5,exp5_p0_seed42_e015,-0.7045444795815143,0.5968496203422546,0.27050092805242876,14.153781029699172
571,RA825,RA825,-5,exp5_p0_seed43_e008,-2.061777153214165,0.931512713432312,0.2932826605015462,6.081794493672316
571,RA825,RA825,-5,exp5_p0_seed44_e013,-0.8911007048715729,0.53020179271698,0.250972434840778,10.296694240636167
571,RA825,RA825,-5,exp5_p05_seed42_e020,-1.5577736533734896,0.8488057255744934,0.3005341171239153,4.772034953645826
571,RA825,RA825,-5,exp5_p05_seed43_e022,-1.2869950386752613,0.7392304539680481,0.3043838846495834,5.356693328330669
571,RA825,RA825,-5,exp5_p05_seed44_e014,-0.7911691128620041,0.5285846590995789,0.2786742210905455,7.656863406890407
572,RA825,RA825,0,exp5_p0_seed42_e015,0.2814351056177202,0.458486407995224,0.3644799993237253,14.000996915740956
572,RA825,RA825,0,exp5_p0_seed43_e008,-0.252228777215162,0.7347335815429688,0.41185838892393334,6.101324093441157
572,RA825,RA825,0,exp5_p0_seed44_e013,0.16976417256923168,0.39922553300857544,0.3642885671122123,9.813505849836416
572,RA825,RA825,0,exp5_p05_seed42_e020,0.10451883049000374,0.6052603721618652,0.41259647485033657,4.755710735961973
572,RA825,RA825,0,exp5_p05_seed43_e022,0.3013300788991923,0.5346118807792664,0.4293459965860221,5.34786186035868
572,RA825,RA825,0,exp5_p05_seed44_e014,0.37891727887061183,0.41320350766181946,0.38805606612033694,7.653051010183971
573,RA825,RA825,5,exp5_p0_seed42_e015,0.6899730931618159,0.3963148295879364,0.4373411181030489,13.753917979583266
573,RA825,RA825,5,exp5_p0_seed43_e008,0.6653127838092019,0.7014745473861694,0.49592937430906414,6.119441343658885
573,RA825,RA825,5,exp5_p0_seed44_e013,0.5215420391453486,0.3198017477989197,0.4094913900100746,9.196103523639822
573,RA825,RA825,5,exp5_p05_seed42_e020,0.8234106463046538,0.5170295238494873,0.49587088797491663,4.725306355673171
573,RA825,RA825,5,exp5_p05_seed43_e022,1.0044426789710983,0.4643544554710388,0.5129231778146938,5.35259157939322
573,RA825,RA825,5,exp5_p05_seed44_e014,0.8731513403002122,0.3521263599395752,0.47564855886596147,7.629415320206705
574,RA825,RA825,-5,exp5_p0_seed42_e015,-0.40932430049532426,0.4769251048564911,0.2360539018606613,9.767673254384647
574,RA825,RA825,-5,exp5_p0_seed43_e008,-1.5389297191871476,1.2452865839004517,0.30938911417474774,5.461760615160271
574,RA825,RA825,-5,exp5_p0_seed44_e013,-0.39018372750795083,0.7968609929084778,0.3005785375665617,9.632307513682573
574,RA825,RA825,-5,exp5_p05_seed42_e020,-2.3526711686701227,1.4365718364715576,0.3087276433092298,6.916599939193197
574,RA825,RA825,-5,exp5_p05_seed43_e022,-1.9337463787430764,1.3531662225723267,0.30955261871896284,7.1751275188289725
574,RA825,RA825,-5,exp5_p05_seed44_e014,-1.411068947149071,1.3396410942077637,0.25018331302719177,7.911497716367685
575,RA825,RA825,0,exp5_p0_seed42_e015,0.24674747459482993,0.30129432678222656,0.33138993418256285,9.726039941168198
575,RA825,RA825,0,exp5_p0_seed43_e008,0.40495509956001696,0.9302688241004944,0.4439049398342712,5.434500020986199
575,RA825,RA825,0,exp5_p0_seed44_e013,0.540988901051399,0.5719162225723267,0.40985046899544775,9.550054470326742
575,RA825,RA825,0,exp5_p05_seed42_e020,-0.06416732242738257,0.9489390254020691,0.4255827135483505,6.889662929487774
575,RA825,RA825,0,exp5_p05_seed43_e022,0.13189297463222674,0.8717818260192871,0.4248114237655877,7.1377336455834515
575,RA825,RA825,0,exp5_p05_seed44_e014,0.15558271997213646,0.8395852446556091,0.3484515639632753,7.866532911591198
576,RA825,RA825,5,exp5_p0_seed42_e015,0.5671031122179813,0.22684752941131592,0.3970129869070587,9.700365260115149
576,RA825,RA825,5,exp5_p0_seed43_e008,1.2922303795949175,0.7223050594329834,0.5384698391438564,5.419411298849388
576,RA825,RA825,5,exp5_p0_seed44_e013,0.9085587600856987,0.5307950377464294,0.47199780667355296,9.593127792384724
576,RA825,RA825,5,exp5_p05_seed42_e020,0.9351109855926809,0.7401147484779358,0.49763972932222184,6.882743246487614
576,RA825,RA825,5,exp5_p05_seed43_e022,1.1075509072340646,0.7132874727249146,0.5129794534390197,7.117362182127281
576,RA825,RA825,5,exp5_p05_seed44_e014,0.7206217705788377,0.6271699666976929,0.4026156091091254,7.837700303430967
577,RAB7F,RAB7F,-5,exp5_p0_seed42_e015,-1.41865952404454,0.7329563498497009,0.11735227661437789,8.985166814020562
577,RAB7F,RAB7F,-5,exp5_p0_seed43_e008,-2.4966229128430935,0.9080321788787842,0.12602502642323857,5.5146140880775585
577,RAB7F,RAB7F,-5,exp5_p0_seed44_e013,-1.5422667849631078,0.8269785642623901,0.15133098751422364,7.359153864958616
577,RAB7F,RAB7F,-5,exp5_p05_seed42_e020,-2.1274938753437094,1.0143282413482666,0.1484670342667284,6.260368031253804
577,RAB7F,RAB7F,-5,exp5_p05_seed43_e022,-2.2122625749354836,0.9682435393333435,0.15246172170988337,5.778159752001411
577,RAB7F,RAB7F,-5,exp5_p05_seed44_e014,-2.1356543519230744,0.9640750288963318,0.1568885419640353,5.840197269786777
578,RAB7F,RAB7F,0,exp5_p0_seed42_e015,0.20044001368426992,0.4573734700679779,0.31902213883939684,9.179285152219395
578,RAB7F,RAB7F,0,exp5_p0_seed43_e008,0.06397777461053651,0.585912823677063,0.30399073369849894,5.551042777466259
578,RAB7F,RAB7F,0,exp5_p0_seed44_e013,0.22384043973449091,0.33982670307159424,0.18981183335425497,7.64381983095125
578,RAB7F,RAB7F,0,exp5_p05_seed42_e020,0.04561333725287054,0.6644122004508972,0.20455583618040837,6.184530102367014
578,RAB7F,RAB7F,0,exp5_p05_seed43_e022,0.07871105102561138,0.688015878200531,0.1986135068752042,5.695937249793099
578,RAB7F,RAB7F,0,exp5_p05_seed44_e014,0.0086071204516858,0.6242183446884155,0.23792731084787438,5.807072948913148
579,RAB7F,RAB7F,5,exp5_p0_seed42_e015,1.2479066867999977,0.5479140281677246,0.48577591864964703,9.429842252603963
579,RAB7F,RAB7F,5,exp5_p0_seed43_e008,1.6548528005639422,0.514186441898346,0.5170625535862776,5.610713366381303
579,RAB7F,RAB7F,5,exp5_p0_seed44_e013,1.4417310685398999,0.5700278282165527,0.457009204847099,7.900554364987844
579,RAB7F,RAB7F,5,exp5_p05_seed42_e020,1.535686822036241,0.47473153471946716,0.4570491010532935,6.054333190637414
579,RAB7F,RAB7F,5,exp5_p05_seed43_e022,1.6096720606873016,0.48777714371681213,0.47618211404266575,5.554936064133797
579,RAB7F,RAB7F,5,exp5_p05_seed44_e014,1.4424805621658434,0.4710724353790283,0.4773586732993549,5.724138703410828
580,RAB7F,RAB7F,-5,exp5_p0_seed42_e015,-1.4213087079482498,0.5311736464500427,0.18837067665087895,7.078668227272176
580,RAB7F,RAB7F,-5,exp5_p0_seed43_e008,-3.070508248336173,0.8818857073783875,0.20483013040170997,3.9172245567684234
580,RAB7F,RAB7F,-5,exp5_p0_seed44_e013,-2.397762217574933,0.8371416330337524,0.1848598511566576,5.576035281655733
580,RAB7F,RAB7F,-5,exp5_p05_seed42_e020,-2.1901552956024535,0.6693047881126404,0.1809112439374794,5.673747536427514
580,RAB7F,RAB7F,-5,exp5_p05_seed43_e022,-2.6302684901232176,0.8076216578483582,0.19961851973756278,5.158147583630867
580,RAB7F,RAB7F,-5,exp5_p05_seed44_e014,-2.5398276347967634,0.6694904565811157,0.16847243785687685,5.232915290452543
581,RAB7F,RAB7F,0,exp5_p0_seed42_e015,-0.06523849370622159,0.29426947236061096,0.19722346281191996,7.244699675869991
581,RAB7F,RAB7F,0,exp5_p0_seed43_e008,-0.6480251283556072,0.6489917039871216,0.3143525241052611,3.9233033839360614
581,RAB7F,RAB7F,0,exp5_p0_seed44_e013,-0.17473282886008037,0.6132895350456238,0.28460847835840886,5.75222819212979
581,RAB7F,RAB7F,0,exp5_p05_seed42_e020,-0.2491943491975666,0.48636049032211304,0.2969081080910293,5.674043904618337
581,RAB7F,RAB7F,0,exp5_p05_seed43_e022,-0.36453455958126135,0.5607218146324158,0.321970931457791,5.168518274141583
581,RAB7F,RAB7F,0,exp5_p05_seed44_e014,-0.44191476719711587,0.4974215626716614,0.22714195083230365,5.226769954705493
582,RAB7F,RAB7F,5,exp5_p0_seed42_e015,0.4933315719771413,0.19877123832702637,0.2343962155566728,7.562046073735606
582,RAB7F,RAB7F,5,exp5_p0_seed43_e008,0.5222560153044891,0.49326905608177185,0.3961671476778344,3.949983523645839
582,RAB7F,RAB7F,5,exp5_p0_seed44_e013,0.6064325599618569,0.48562154173851013,0.3640052863273513,5.998679950895695
582,RAB7F,RAB7F,5,exp5_p05_seed42_e020,0.6633448989615458,0.3906860053539276,0.37866263986126963,5.677715217386316
582,RAB7F,RAB7F,5,exp5_p05_seed43_e022,0.7084027660733634,0.44843846559524536,0.3962039068978035,5.167257998531153
582,RAB7F,RAB7F,5,exp5_p05_seed44_e014,0.5290374050260023,0.37235817313194275,0.3068496291099786,5.222002563577064
583,RAB7F,RAB7F,-5,exp5_p0_seed42_e015,-0.7399325582445736,0.558679461479187,0.15877307820479494,9.266888312267973
583,RAB7F,RAB7F,-5,exp5_p0_seed43_e008,-1.6198522997585205,1.2938562631607056,0.38358586162317454,5.652751254038496
583,RAB7F,RAB7F,-5,exp5_p0_seed44_e013,-1.0995408767930868,0.6054936051368713,0.11626921105308638,7.831493550627529
583,RAB7F,RAB7F,-5,exp5_p05_seed42_e020,-1.7323443392324778,1.5658133029937744,0.28066178365788647,6.59198412788077
583,RAB7F,RAB7F,-5,exp5_p05_seed43_e022,-1.830436367304566,1.5388007164001465,0.35513299494297695,6.070685594045393
583,RAB7F,RAB7F,-5,exp5_p05_seed44_e014,-1.955551169180014,1.3007237911224365,0.18719972393834594,6.431949750023376
584,RAB7F,RAB7F,0,exp5_p0_seed42_e015,0.3346224013769513,0.38137832283973694,0.4805638068606356,9.42273991306521
584,RAB7F,RAB7F,0,exp5_p0_seed43_e008,0.6522462651854628,0.9413492679595947,0.6647819653566374,5.668983021258072
584,RAB7F,RAB7F,0,exp5_p0_seed44_e013,0.30621482467138783,0.3325846791267395,0.5160041246029058,7.910922605032225
584,RAB7F,RAB7F,0,exp5_p05_seed42_e020,0.36361059720663835,1.0775363445281982,0.5560187714440386,6.532974318179202
584,RAB7F,RAB7F,0,exp5_p05_seed43_e022,0.5253254598165403,0.9633674621582031,0.6292074935927378,6.009730301752679
584,RAB7F,RAB7F,0,exp5_p05_seed44_e014,0.2959728545064167,0.8375099897384644,0.5557451191838643,6.4346252595746956
585,RAB7F,RAB7F,5,exp5_p0_seed42_e015,1.247341330168243,0.4390370845794678,0.6857167567795076,9.653810536309496
585,RAB7F,RAB7F,5,exp5_p0_seed43_e008,2.010195115261845,0.7575797438621521,0.7545020435351485,5.695656384474848
585,RAB7F,RAB7F,5,exp5_p0_seed44_e013,1.2654726345302316,0.43789416551589966,0.6961558090735256,8.089002817461905
585,RAB7F,RAB7F,5,exp5_p05_seed42_e020,1.6090502306781462,0.7549675107002258,0.6972699515164932,6.325513174406979
585,RAB7F,RAB7F,5,exp5_p05_seed43_e022,1.801214601109809,0.7608451843261719,0.7151345706653011,5.874888264491698
585,RAB7F,RAB7F,5,exp5_p05_seed44_e014,1.6280487827217596,0.6470449566841125,0.6807872860333194,6.321122904878102
586,RAB7F,RAB7F,-5,exp5_p0_seed42_e015,-0.8744119825664647,1.0909734964370728,0.0798796403373039,8.782659404572758
586,RAB7F,RAB7F,-5,exp5_p0_seed43_e008,-1.7842475248929068,2.394611358642578,0.0806560302496031,5.532891412117921
586,RAB7F,RAB7F,-5,exp5_p0_seed44_e013,-1.7972984758360555,1.635177493095398,0.08637637657857304,7.9152825815584364
586,RAB7F,RAB7F,-5,exp5_p05_seed42_e020,-1.5511629385023027,2.135195255279541,0.08428415003579483,6.319999097615765
586,RAB7F,RAB7F,-5,exp5_p05_seed43_e022,-2.017168017733914,2.417987585067749,0.05857255094320177,5.8515634750937195
586,RAB7F,RAB7F,-5,exp5_p05_seed44_e014,-1.9449406914901204,2.1562905311584473,0.0843466591073547,6.0139119944018296
587,RAB7F,RAB7F,0,exp5_p0_seed42_e015,1.0926337660656495,0.654210090637207,0.2388572786859482,8.821379488263622
587,RAB7F,RAB7F,0,exp5_p0_seed43_e008,1.489194356069892,1.3160563707351685,0.22990223019237552,5.545432054968568
587,RAB7F,RAB7F,0,exp5_p0_seed44_e013,0.6158426205547789,1.1224991083145142,0.11878967040802892,8.098416630328636
587,RAB7F,RAB7F,0,exp5_p05_seed42_e020,0.9340348128567316,1.3482604026794434,0.15372813899864893,6.353040437812522
587,RAB7F,RAB7F,0,exp5_p05_seed43_e022,0.5419497773545158,1.5869699716567993,0.15345144323369297,5.844834485980669
587,RAB7F,RAB7F,0,exp5_p05_seed44_e014,0.8184095776953354,1.28816819190979,0.21265607703941358,6.034211834065487
588,RAB7F,RAB7F,5,exp5_p0_seed42_e015,2.2844880878529885,0.39944398403167725,0.5087030612124869,8.950592204392244
588,RAB7F,RAB7F,5,exp5_p0_seed43_e008,3.4567601516868827,0.7834715247154236,0.4405582462446592,5.559253110430476
588,RAB7F,RAB7F,5,exp5_p0_seed44_e013,1.9712231391675297,0.6557917594909668,0.42788205199177803,8.526798117331724
588,RAB7F,RAB7F,5,exp5_p05_seed42_e020,2.7128463806969254,0.7945396900177002,0.3972542085705104,6.401949260473392
588,RAB7F,RAB7F,5,exp5_p05_seed43_e022,2.141789089363727,0.9848734736442566,0.38014256914660544,5.865065726179306
588,RAB7F,RAB7F,5,exp5_p05_seed44_e014,2.5212987062789374,0.7826809287071228,0.4365256830258885,6.05769858453162
589,RAB7F,RAB7F,-5,exp5_p0_seed42_e015,-0.5987625539930881,0.46468982100486755,0.17834953215455926,7.843851208282095
589,RAB7F,RAB7F,-5,exp5_p0_seed43_e008,-2.1255865402924283,1.1836895942687988,0.28393765757037,4.592018426307086
589,RAB7F,RAB7F,-5,exp5_p0_seed44_e013,-1.7293154807419342,0.9638174772262573,0.2808639635889813,5.909426094948219
589,RAB7F,RAB7F,-5,exp5_p05_seed42_e020,-1.3819549268245068,0.9759590029716492,0.2365215075164705,5.72016309382099
589,RAB7F,RAB7F,-5,exp5_p05_seed43_e022,-1.3819303570384358,0.9675703048706055,0.2741495126524584,5.298397951727015
589,RAB7F,RAB7F,-5,exp5_p05_seed44_e014,-1.5220468070705806,0.9552079439163208,0.19966282589343098,5.173611465262513
590,RAB7F,RAB7F,0,exp5_p0_seed42_e015,0.6298104185638584,0.367592453956604,0.2006515720058349,8.084628043482738
590,RAB7F,RAB7F,0,exp5_p0_seed43_e008,0.35294771503504896,0.7710539102554321,0.3956404049197359,4.610021388622655
590,RAB7F,RAB7F,0,exp5_p0_seed44_e013,0.4429490268746428,0.7700217366218567,0.3808851611481693,6.071152553565554
590,RAB7F,RAB7F,0,exp5_p05_seed42_e020,0.7478502721454848,0.6915744543075562,0.3473189135320028,5.677996855015827
590,RAB7F,RAB7F,0,exp5_p05_seed43_e022,0.8247289953723008,0.77931147813797,0.38520136308800834,5.23686308375166
590,RAB7F,RAB7F,0,exp5_p05_seed44_e014,0.5937772782841929,0.6766074895858765,0.2998005504173674,5.1169504131535675
591,RAB7F,RAB7F,5,exp5_p0_seed42_e015,1.1331559711621197,0.35707080364227295,0.25710283841496223,8.350563857525673
591,RAB7F,RAB7F,5,exp5_p0_seed43_e008,1.5493388472342409,0.659899115562439,0.4747775326559811,4.626130813587209
591,RAB7F,RAB7F,5,exp5_p0_seed44_e013,1.2938907765759566,0.678806483745575,0.4520639399711648,6.340083141083957
591,RAB7F,RAB7F,5,exp5_p05_seed42_e020,1.6785974752069353,0.5769854784011841,0.4278317936218437,5.5968925182562925
591,RAB7F,RAB7F,5,exp5_p05_seed43_e022,1.7992555300659503,0.626268744468689,0.457258804660144,5.1633629434376
591,RAB7F,RAB7F,5,exp5_p05_seed44_e014,1.515991140489056,0.5672218203544617,0.3800297175088267,5.026349865091849
592,RAB7F,RAB7F,-5,exp5_p0_seed42_e015,-0.3537643676178747,1.119692325592041,0.15856658118811096,7.39299133394722
592,RAB7F,RAB7F,-5,exp5_p0_seed43_e008,-1.657383421455028,1.9141258001327515,0.19037483947549422,4.3558295499000845
592,RAB7F,RAB7F,-5,exp5_p0_seed44_e013,-1.0084270368357116,1.4816770553588867,0.19085557112270632,5.571798549374134
592,RAB7F,RAB7F,-5,exp5_p05_seed42_e020,-0.9815897076055657,1.1678708791732788,0.17953139629739157,5.738852778278653
592,RAB7F,RAB7F,-5,exp5_p05_seed43_e022,-1.2770965411855384,1.4713330268859863,0.1889218568310881,5.172112615121995
592,RAB7F,RAB7F,-5,exp5_p05_seed44_e014,-1.3219261627683556,1.1695033311843872,0.17226666340654487,5.294542466414981
593,RAB7F,RAB7F,0,exp5_p0_seed42_e015,0.6748081911991659,0.6827253103256226,0.2197926949313428,7.581213027422827
593,RAB7F,RAB7F,0,exp5_p0_seed43_e008,0.43126126781043206,1.3465080261230469,0.2709694224442201,4.370419093362428
593,RAB7F,RAB7F,0,exp5_p0_seed44_e013,0.4932937581298346,1.0307968854904175,0.24873414621417655,5.669650806539575
593,RAB7F,RAB7F,0,exp5_p05_seed42_e020,0.67209713031278,0.8843069076538086,0.2616969608953861,5.740459109140677
593,RAB7F,RAB7F,0,exp5_p05_seed43_e022,0.6390568822618582,1.0256184339523315,0.2836100089103593,5.153868371124587
593,RAB7F,RAB7F,0,exp5_p05_seed44_e014,0.43684827858924313,0.82779461145401,0.23914093407080556,5.270976246773103
594,RAB7F,RAB7F,5,exp5_p0_seed42_e015,1.1935245359614917,0.38814571499824524,0.2956925985195267,7.787263018544861
594,RAB7F,RAB7F,5,exp5_p0_seed43_e008,1.4927387432347787,0.9940316677093506,0.3803016693730942,4.390350796676639
594,RAB7F,RAB7F,5,exp5_p0_seed44_e013,1.208032272408501,0.7392184138298035,0.3384842116411484,5.644126228064216
594,RAB7F,RAB7F,5,exp5_p05_seed42_e020,1.4963694206346354,0.671018660068512,0.36978394705047435,5.772060548945296
594,RAB7F,RAB7F,5,exp5_p05_seed43_e022,1.541776631125715,0.7814130783081055,0.3889077650190287,5.161384983902126
594,RAB7F,RAB7F,5,exp5_p05_seed44_e014,1.2359577583829158,0.598880410194397,0.33735119708912475,5.243890367256458
595,RAB7F,RAB7F,-5,exp5_p0_seed42_e015,0.013432140138888271,1.0024555921554565,0.3598768169646769,7.7357475203695305
595,RAB7F,RAB7F,-5,exp5_p0_seed43_e008,-1.0612298085921643,1.389827013015747,0.32858505708939784,4.83141118149887
595,RAB7F,RAB7F,-5,exp5_p0_seed44_e013,-0.5985584885357151,0.7102806568145752,0.13639956579220613,6.678590539101197
595,RAB7F,RAB7F,-5,exp5_p05_seed42_e020,-1.7268781247506149,2.187321186065674,0.11097756780464545,6.2841529807985985
595,RAB7F,RAB7F,-5,exp5_p05_seed43_e022,-1.790325291790527,2.3310136795043945,0.13396023177012711,6.043559582647587
595,RAB7F,RAB7F,-5,exp5_p05_seed44_e014,-1.2872226404411036,1.589000940322876,0.13659713342480123,6.020620818324538
596,RAB7F,RAB7F,0,exp5_p0_seed42_e015,1.4235133285550174,0.7506215572357178,0.7115514852804782,7.903307426337389
596,RAB7F,RAB7F,0,exp5_p0_seed43_e008,1.5743603765333307,0.9372019171714783,0.7068438280157964,4.834063352343256
596,RAB7F,RAB7F,0,exp5_p0_seed44_e013,0.955027424013457,0.27347996830940247,0.5873485944086386,6.792101712417229
596,RAB7F,RAB7F,0,exp5_p05_seed42_e020,0.6726346973674079,1.2427542209625244,0.5428421039144348,6.236158361890479
596,RAB7F,RAB7F,0,exp5_p05_seed43_e022,0.7773125360605684,1.3187240362167358,0.5761255172394634,5.878600788825535
596,RAB7F,RAB7F,0,exp5_p05_seed44_e014,1.3888943824547126,1.094397783279419,0.6611109073440354,5.9138518576597825
597,RAB7F,RAB7F,5,exp5_p0_seed42_e015,2.6548158741229306,0.8916070461273193,0.79073818683724,8.05488214236165
597,RAB7F,RAB7F,5,exp5_p0_seed43_e008,3.275252683767525,0.8754012584686279,0.7990849558042701,4.845112975754148
597,RAB7F,RAB7F,5,exp5_p0_seed44_e013,2.616570748381348,0.7642759680747986,0.772611676722908,6.977325407105226
597,RAB7F,RAB7F,5,exp5_p05_seed42_e020,2.4910714317500156,0.9219928979873657,0.7517008756819932,6.173553223254219
597,RAB7F,RAB7F,5,exp5_p05_seed43_e022,2.477870705953793,1.0244364738464355,0.7665734712643177,5.678152577207171
597,RAB7F,RAB7F,5,exp5_p05_seed44_e014,3.072704174343783,0.8632469773292542,0.7879119100194871,5.770596431954367
598,RAB7F,RAB7F,-5,exp5_p0_seed42_e015,-1.0370882338153138,0.5217236876487732,0.13146709029557999,8.836558722146808
598,RAB7F,RAB7F,-5,exp5_p0_seed43_e008,-2.220114837034094,0.7687389254570007,0.2621285981244713,5.226547085129973
598,RAB7F,RAB7F,-5,exp5_p0_seed44_e013,-1.5944837460766434,0.5594412684440613,0.2622180319378021,6.846588178963195
598,RAB7F,RAB7F,-5,exp5_p05_seed42_e020,-1.3603173017720143,0.7951350808143616,0.25756434278463847,5.934233629282451
598,RAB7F,RAB7F,-5,exp5_p05_seed43_e022,-1.8200007878224755,0.9434205889701843,0.2718259749789797,5.669476551020073
598,RAB7F,RAB7F,-5,exp5_p05_seed44_e014,-1.9001390545998509,0.7672882080078125,0.1947918062279692,5.835796986868153
599,RAB7F,RAB7F,0,exp5_p0_seed42_e015,0.27435023708274897,0.3469157814979553,0.183690243094384,8.942419316753824
599,RAB7F,RAB7F,0,exp5_p0_seed43_e008,0.02880477191792702,0.6403541564941406,0.3529860499707966,5.2477815947867645
599,RAB7F,RAB7F,0,exp5_p0_seed44_e013,0.07257880341167854,0.43783318996429443,0.34251627797085066,6.8985746101606535
599,RAB7F,RAB7F,0,exp5_p05_seed42_e020,0.4995833026846984,0.5482053756713867,0.3393020962506824,5.903438706876463
599,RAB7F,RAB7F,0,exp5_p05_seed43_e022,0.3796663314739175,0.6099561452865601,0.3665078919909825,5.6293170958362335
599,RAB7F,RAB7F,0,exp5_p05_seed44_e014,0.1451136376669812,0.5253942608833313,0.26525312714277344,5.796559447943862
600,RAB7F,RAB7F,5,exp5_p0_seed42_e015,0.8068518260206481,0.28410622477531433,0.23405291474520484,9.158010562203163
600,RAB7F,RAB7F,5,exp5_p0_seed43_e008,1.216588000938891,0.4621487855911255,0.42027263698562817,5.279286481217356
600,RAB7F,RAB7F,5,exp5_p0_seed44_e013,1.0395538381990723,0.4249724745750427,0.40007076365251354,7.054735301918267
600,RAB7F,RAB7F,5,exp5_p05_seed42_e020,1.377555243105317,0.41544273495674133,0.393543922322338,5.809018773111938
600,RAB7F,RAB7F,5,exp5_p05_seed43_e022,1.4395768545196275,0.4630376696586609,0.41951745293609355,5.563229090441571
600,RAB7F,RAB7F,5,exp5_p05_seed44_e014,1.1019853047464285,0.3917727470397949,0.3135486232676681,5.716062610761013
601,RAC20,RAC20,-5,exp5_p0_seed42_e015,0.325540490653416,0.37336206436157227,0.3471400113087978,10.312030511778262
601,RAC20,RAC20,-5,exp5_p0_seed43_e008,-1.6050166926143126,1.0077463388442993,0.504990305736542,5.5809208308743905
601,RAC20,RAC20,-5,exp5_p0_seed44_e013,-1.062529542386591,0.4463309347629547,0.09927236435476593,7.180392875324961
601,RAC20,RAC20,-5,exp5_p05_seed42_e020,-1.2248030717172256,1.228451132774353,0.3850580246954967,4.811544552437657
601,RAC20,RAC20,-5,exp5_p05_seed43_e022,-1.5468025508687107,1.416599154472351,0.455131680984836,4.881143276428764
601,RAC20,RAC20,-5,exp5_p05_seed44_e014,-1.278967945536035,1.214822769165039,0.3848013331142956,5.6670761555686155
602,RAC20,RAC20,0,exp5_p0_seed42_e015,1.294459412748635,0.31916067004203796,0.5129635030486314,10.62983221673657
602,RAC20,RAC20,0,exp5_p0_seed43_e008,1.090199358470244,0.7835190296173096,0.6203034385502071,5.660962220361201
602,RAC20,RAC20,0,exp5_p0_seed44_e013,0.8744513618402521,0.4006630778312683,0.40320372861731185,7.256213354954775
602,RAC20,RAC20,0,exp5_p05_seed42_e020,1.0033317543821978,0.9522312879562378,0.5508175214979075,4.80153025913439
602,RAC20,RAC20,0,exp5_p05_seed43_e022,0.9087588410677082,1.0449202060699463,0.5849093687190752,4.851574743510205
602,RAC20,RAC20,0,exp5_p05_seed44_e014,0.9743613940291604,0.9563406109809875,0.5365899728094748,5.689933329581571
603,RAC20,RAC20,5,exp5_p0_seed42_e015,2.0263126232138857,0.33429035544395447,0.5584484164443703,10.87294034524234
603,RAC20,RAC20,5,exp5_p0_seed43_e008,2.6577686799760487,0.7088302969932556,0.6586236081621626,5.735740016763545
603,RAC20,RAC20,5,exp5_p0_seed44_e013,1.9215825700558375,0.8041651844978333,0.5274555598973031,7.308108105798393
603,RAC20,RAC20,5,exp5_p05_seed42_e020,2.4171432752887605,0.8143305778503418,0.6268415067845682,4.770530176059089
603,RAC20,RAC20,5,exp5_p05_seed43_e022,2.331552919384772,0.8368592858314514,0.6405759051486016,4.80249007728561
603,RAC20,RAC20,5,exp5_p05_seed44_e014,2.249305374017831,0.7733942270278931,0.6065253040166805,5.659947760936365
604,RAC20,RAC20,-5,exp5_p0_seed42_e015,-1.5159557946078295,0.4470481276512146,0.1537384389399824,10.00718897712834
604,RAC20,RAC20,-5,exp5_p0_seed43_e008,-2.2909488624635257,0.6876169443130493,0.2218429806614181,6.160986020445295
604,RAC20,RAC20,-5,exp5_p0_seed44_e013,-1.3943144034226431,0.6138280630111694,0.23586120757513346,9.166712444291004
604,RAC20,RAC20,-5,exp5_p05_seed42_e020,-1.7446035821358405,0.6822230815887451,0.23757010206631055,6.683126369434465
604,RAC20,RAC20,-5,exp5_p05_seed43_e022,-1.4453191791553928,0.699052095413208,0.22649190619333462,6.412926564669352
604,RAC20,RAC20,-5,exp5_p05_seed44_e014,-1.608462434255264,0.5875058770179749,0.19465740106052776,6.83022158827797
605,RAC20,RAC20,0,exp5_p0_seed42_e015,-0.29417315290310303,0.41612645983695984,0.17274826158594317,10.111362020590564
605,RAC20,RAC20,0,exp5_p0_seed43_e008,-0.20805727717125272,0.6832448244094849,0.3225532256128627,6.214373794611294
605,RAC20,RAC20,0,exp5_p0_seed44_e013,-0.13401073451137357,0.5083221793174744,0.32846233960095145,9.217645273356762
605,RAC20,RAC20,0,exp5_p05_seed42_e020,-0.05677595998197979,0.5682493448257446,0.3335754548016074,6.7114135471190375
605,RAC20,RAC20,0,exp5_p05_seed43_e022,0.06329340191134004,0.5880589485168457,0.3357102990363299,6.426207336682403
605,RAC20,RAC20,0,exp5_p05_seed44_e014,-0.07294080739071593,0.4562440812587738,0.2761171761305244,6.879625428525852
606,RAC20,RAC20,5,exp5_p0_seed42_e015,0.08476076685706149,0.3487938344478607,0.18125685312813133,10.356911857363126
606,RAC20,RAC20,5,exp5_p0_seed43_e008,0.5940805273556934,0.6760367155075073,0.4066880762975905,6.280211711668207
606,RAC20,RAC20,5,exp5_p0_seed44_e013,0.2889893615720952,0.44852155447006226,0.4140100910655251,9.405280031055902
606,RAC20,RAC20,5,exp5_p05_seed42_e020,0.5268062081551093,0.4894540309906006,0.41046660694547227,6.763330971147957
606,RAC20,RAC20,5,exp5_p05_seed43_e022,0.5806792296689915,0.5558427572250366,0.42008531207598554,6.4577926599550395
606,RAC20,RAC20,5,exp5_p05_seed44_e014,0.512108918438737,0.387773722410202,0.33730191389705105,6.950296983395969
607,RAC20,RAC20,-5,exp5_p0_seed42_e015,0.40881516086709946,0.36744916439056396,0.40729917968651597,10.594134137142333
607,RAC20,RAC20,-5,exp5_p0_seed43_e008,-0.6947895988454313,1.7115418910980225,0.3878677700712634,5.829562923169355
607,RAC20,RAC20,-5,exp5_p0_seed44_e013,-0.8428906089045962,1.265008807182312,0.17017261672790343,8.914544890820185
607,RAC20,RAC20,-5,exp5_p05_seed42_e020,-2.251639295498383,1.6644492149353027,0.19737893659248823,6.784182947397942
607,RAC20,RAC20,-5,exp5_p05_seed43_e022,-2.173387272589637,1.9438902139663696,0.21115728516077328,6.981251887992899
607,RAC20,RAC20,-5,exp5_p05_seed44_e014,-0.6015546581302068,1.1209901571273804,0.3477362365233318,8.017895458575232
608,RAC20,RAC20,0,exp5_p0_seed42_e015,1.4949185940896532,0.25584444403648376,0.6683481438926435,10.116370257932703
608,RAC20,RAC20,0,exp5_p0_seed43_e008,1.76885560221283,0.9430257081985474,0.6534808799025991,5.920517783862113
608,RAC20,RAC20,0,exp5_p0_seed44_e013,1.1702559130622745,0.780286431312561,0.550197632619487,8.283541356788668
608,RAC20,RAC20,0,exp5_p05_seed42_e020,0.33157768137147603,1.0185003280639648,0.44636332882648544,6.44031885247089
608,RAC20,RAC20,0,exp5_p05_seed43_e022,0.5549813366352272,1.1255706548690796,0.4990257160098278,6.598423469780323
608,RAC20,RAC20,0,exp5_p05_seed44_e014,1.4154134316203604,0.7080053687095642,0.6104289150982463,7.390496755533292
609,RAC20,RAC20,5,exp5_p0_seed42_e015,2.3822966962512213,0.2965507507324219,0.750259184530359,9.452496609987872
609,RAC20,RAC20,5,exp5_p0_seed43_e008,3.167816568771058,0.5985747575759888,0.7792610539320856,5.962857641720821
609,RAC20,RAC20,5,exp5_p0_seed44_e013,2.0771497445586555,0.6598717570304871,0.6746019347149178,7.446806350488018
609,RAC20,RAC20,5,exp5_p05_seed42_e020,2.127781526234415,0.6421472430229187,0.6751940014313327,6.026898014220717
609,RAC20,RAC20,5,exp5_p05_seed43_e022,2.447724710669816,0.6432046294212341,0.7139714230756536,6.225950436309456
609,RAC20,RAC20,5,exp5_p05_seed44_e014,2.659316614683056,0.4416249692440033,0.7423139041084806,6.554616749018968
610,RAC20,RAC20,-5,exp5_p0_seed42_e015,-0.25405945842575534,0.251452773809433,0.1593679983717252,10.469187467670128
610,RAC20,RAC20,-5,exp5_p0_seed43_e008,-1.1047192301213307,0.5786452889442444,0.22807047952870477,6.384030301137135
610,RAC20,RAC20,-5,exp5_p0_seed44_e013,-0.36206946514090127,0.490604966878891,0.221590711402396,9.531572426299268
610,RAC20,RAC20,-5,exp5_p05_seed42_e020,-2.0197394633078654,0.7242947816848755,0.18725035391058023,6.464452279144199
610,RAC20,RAC20,-5,exp5_p05_seed43_e022,-1.8422162275256264,0.7473116517066956,0.1949515990415686,6.241595192756108
610,RAC20,RAC20,-5,exp5_p05_seed44_e014,-1.2729749524421452,0.5200049877166748,0.22575285973991915,6.823217790476899
611,RAC20,RAC20,0,exp5_p0_seed42_e015,0.3964054962480098,0.20413924753665924,0.29059674533959867,10.502082656701987
611,RAC20,RAC20,0,exp5_p0_seed43_e008,0.5862973354851507,0.4086182117462158,0.4009259912422326,6.401749962424265
611,RAC20,RAC20,0,exp5_p0_seed44_e013,0.7245952065164896,0.3226757347583771,0.3760979956454982,9.600131289619997
611,RAC20,RAC20,0,exp5_p05_seed42_e020,0.1274636762209209,0.45054933428764343,0.36017913520101597,6.46971596203044
611,RAC20,RAC20,0,exp5_p05_seed43_e022,0.16137473159519936,0.45968836545944214,0.36864048755128065,6.2211694693763775
611,RAC20,RAC20,0,exp5_p05_seed44_e014,0.3019730282167176,0.3350527584552765,0.3698105229289754,6.822237681532278
612,RAC20,RAC20,5,exp5_p0_seed42_e015,0.7684521449491735,0.21373777091503143,0.3976663781000151,10.653608065620903
612,RAC20,RAC20,5,exp5_p0_seed43_e008,1.4918999147984264,0.34318414330482483,0.5288014869546205,6.441066543154178
612,RAC20,RAC20,5,exp5_p0_seed44_e013,1.0151835275886338,0.228753924369812,0.4842415511138193,9.779255077775714
612,RAC20,RAC20,5,exp5_p05_seed42_e020,1.1468287963874293,0.3189356029033661,0.47750613861589025,6.475811135622369
612,RAC20,RAC20,5,exp5_p05_seed43_e022,1.2095732489581614,0.3596543073654175,0.5058809178896635,6.190173891420956
612,RAC20,RAC20,5,exp5_p05_seed44_e014,1.0198623955242356,0.23850859701633453,0.46582217737410114,6.835450191232026
613,RAC20,RAC20,-5,exp5_p0_seed42_e015,-0.15768622217657224,1.3219449520111084,0.054018558828549085,10.616083057942518
613,RAC20,RAC20,-5,exp5_p0_seed43_e008,-2.13481273312767,3.7191994190216064,0.026209402590972642,5.841564518866806
613,RAC20,RAC20,-5,exp5_p0_seed44_e013,-2.1112904333977762,3.5719242095947266,0.03251529374332498,10.204265841361925
613,RAC20,RAC20,-5,exp5_p05_seed42_e020,-2.203738132237796,3.0261995792388916,0.023008942715756472,7.311241492153252
613,RAC20,RAC20,-5,exp5_p05_seed43_e022,-2.118793720844209,2.8042781352996826,0.01842924527382629,6.986240546426615
613,RAC20,RAC20,-5,exp5_p05_seed44_e014,-0.949646763402034,2.393723964691162,0.048497136085382975,7.84891363039719
614,RAC20,RAC20,0,exp5_p0_seed42_e015,0.40998120118965004,0.9051691889762878,0.049410658170152555,10.710126454176013
614,RAC20,RAC20,0,exp5_p0_seed43_e008,-0.08852725311767234,2.06208872795105,0.03911700613377051,5.873287425968191
614,RAC20,RAC20,0,exp5_p0_seed44_e013,-0.7907652801999941,2.331376552581787,0.034028243501181596,9.932786194251136
614,RAC20,RAC20,0,exp5_p05_seed42_e020,-0.18685028684269755,1.7537652254104614,0.024269753860635342,7.270476526400008
614,RAC20,RAC20,0,exp5_p05_seed43_e022,-0.3502839255367386,1.6870090961456299,0.02493567146331815,6.8948491085137045
614,RAC20,RAC20,0,exp5_p05_seed44_e014,0.19256711314765015,1.5172898769378662,0.05319995313894887,7.751767241597135
615,RAC20,RAC20,5,exp5_p0_seed42_e015,0.7586808164209866,0.6508443355560303,0.18751952176963513,10.796166303377095
615,RAC20,RAC20,5,exp5_p0_seed43_e008,1.1845720344918163,1.130138635635376,0.08146003383658337,5.935080188109607
615,RAC20,RAC20,5,exp5_p0_seed44_e013,0.03736615881867014,1.3952327966690063,0.05516067420543951,9.640154986434622
615,RAC20,RAC20,5,exp5_p05_seed42_e020,1.0553469672388285,1.0673531293869019,0.0444894477030129,7.104532757893788
615,RAC20,RAC20,5,exp5_p05_seed43_e022,0.7691708651848574,1.1101614236831665,0.047584562852335345,6.673713772683589
615,RAC20,RAC20,5,exp5_p05_seed44_e014,0.9640821728369703,1.009324073791504,0.09306063078342362,7.550442363637754
616,RAC20,RAC20,-5,exp5_p0_seed42_e015,-0.4695614500949473,0.32345327734947205,0.06320501912627957,8.452389697628242
616,RAC20,RAC20,-5,exp5_p0_seed43_e008,-1.4442031654099508,1.020005702972412,0.18826675418962052,4.4188340114661715
616,RAC20,RAC20,-5,exp5_p0_seed44_e013,-0.7223162194442421,0.9738592505455017,0.21531461918080058,7.275870589542521
616,RAC20,RAC20,-5,exp5_p05_seed42_e020,-2.692938944425238,1.1787045001983643,0.14972776030557883,5.585002790602161
616,RAC20,RAC20,-5,exp5_p05_seed43_e022,-2.3364185152259633,1.0990736484527588,0.16780018809851788,6.678149485675965
616,RAC20,RAC20,-5,exp5_p05_seed44_e014,-1.5235507701619986,0.9628853797912598,0.1869869831002945,6.281901582743593
617,RAC20,RAC20,0,exp5_p0_seed42_e015,-0.021333300830587265,0.21618397533893585,0.18534676398751238,9.041568621069583
617,RAC20,RAC20,0,exp5_p0_seed43_e008,0.7056766789893851,0.716694176197052,0.4543689358728312,4.4935611561214515
617,RAC20,RAC20,0,exp5_p0_seed44_e013,0.5035380632009548,0.6507874131202698,0.38254246537288195,8.139906043183721
617,RAC20,RAC20,0,exp5_p05_seed42_e020,-0.1827535267271541,0.881203293800354,0.36249096438719886,5.5813462698089715
617,RAC20,RAC20,0,exp5_p05_seed43_e022,0.05346983917117258,0.8045872449874878,0.37138911006036246,6.665185811360871
617,RAC20,RAC20,0,exp5_p05_seed44_e014,0.37669820599629084,0.6426733136177063,0.3895299498827334,6.323214713542141
618,RAC20,RAC20,5,exp5_p0_seed42_e015,0.4015901938699281,0.2313900738954544,0.3954189688723547,9.103380103089949
618,RAC20,RAC20,5,exp5_p0_seed43_e008,1.9042036383413674,0.6433300971984863,0.6243462762849137,4.602313448410032
618,RAC20,RAC20,5,exp5_p0_seed44_e013,1.3441806456667629,0.6591648459434509,0.5677716674167509,9.105114247822693
618,RAC20,RAC20,5,exp5_p05_seed42_e020,1.5023914747632974,0.7130175828933716,0.5703803202726428,5.618725595585062
618,RAC20,RAC20,5,exp5_p05_seed43_e022,1.5947592282751255,0.6551917195320129,0.5739871886147981,6.678923999093077
618,RAC20,RAC20,5,exp5_p05_seed44_e014,1.3791344191811892,0.520294189453125,0.5538304685398696,6.386611200344818
619,RAC20,RAC20,-5,exp5_p0_seed42_e015,-0.29580691525779573,0.7961095571517944,0.15211875786031406,10.490187307378267
619,RAC20,RAC20,-5,exp5_p0_seed43_e008,-2.1901180748040376,1.4715734720230103,0.2479519547720428,6.279036874291386
619,RAC20,RAC20,-5,exp5_p0_seed44_e013,-1.179377513746901,1.2852823734283447,0.2776457483820067,9.8342856545566
619,RAC20,RAC20,-5,exp5_p05_seed42_e020,-1.6340836196976642,1.1512033939361572,0.24989247340165985,7.7601141691051705
619,RAC20,RAC20,-5,exp5_p05_seed43_e022,-1.594559221629326,1.0820094347000122,0.24477347922522028,7.809368588029618
619,RAC20,RAC20,-5,exp5_p05_seed44_e014,-0.6971048749888308,0.9583222270011902,0.19757080129295929,8.493944011960416
620,RAC20,RAC20,0,exp5_p0_seed42_e015,0.1948918429838064,0.5736448764801025,0.2039928039710993,10.49827974389909
620,RAC20,RAC20,0,exp5_p0_seed43_e008,0.11611042423274764,1.0047855377197266,0.3580578709217419,6.315952747493352
620,RAC20,RAC20,0,exp5_p0_seed44_e013,0.21862061793719917,0.9023334383964539,0.36151946678825836,10.00060652631716
620,RAC20,RAC20,0,exp5_p05_seed42_e020,0.34267810836570745,0.7342886924743652,0.3610604220984689,7.7073880142584255
620,RAC20,RAC20,0,exp5_p05_seed43_e022,0.4499801473800679,0.7142626643180847,0.36503730449338767,7.760193930133806
620,RAC20,RAC20,0,exp5_p05_seed44_e014,0.5621808918762299,0.6390923857688904,0.28860766902284596,8.48170350707936
621,RAC20,RAC20,5,exp5_p0_seed42_e015,0.5040213302638606,0.4432549476623535,0.2428237579078085,10.542718473795158
621,RAC20,RAC20,5,exp5_p0_seed43_e008,1.2191531641573137,0.7395059466362,0.483174957284768,6.34531742431996
621,RAC20,RAC20,5,exp5_p0_seed44_e013,0.9488225881032275,0.6258021593093872,0.45378566917788815,10.164614545964938
621,RAC20,RAC20,5,exp5_p05_seed42_e020,1.2248494325010395,0.5592017769813538,0.4819601466318167,7.627257752421127
621,RAC20,RAC20,5,exp5_p05_seed43_e022,1.348047257382785,0.5386694669723511,0.5005982752687671,7.7007671761828975
621,RAC20,RAC20,5,exp5_p05_seed44_e014,1.0825546631033802,0.48345670104026794,0.3857045574463943,8.390471011544788
622,RAC20,RAC20,-5,exp5_p0_seed42_e015,-1.0860275123252634,0.958592414855957,0.2931406690829926,9.3986401672971
622,RAC20,RAC20,-5,exp5_p0_seed43_e008,-3.2162691037810798,1.6782896518707275,0.4387860660112097,4.775500014940773
622,RAC20,RAC20,-5,exp5_p0_seed44_e013,-2.8334874142230966,1.2263457775115967,0.3857846875558782,8.730517949072325
622,RAC20,RAC20,-5,exp5_p05_seed42_e020,-3.470644627793372,1.3877005577087402,0.4047965147236655,5.236207796637354
622,RAC20,RAC20,-5,exp5_p05_seed43_e022,-3.4533361121325457,1.5262196063995361,0.4351658304508582,5.45822005753387
622,RAC20,RAC20,-5,exp5_p05_seed44_e014,-3.418911367952542,1.3957306146621704,0.3235549904063408,6.059784443015779
623,RAC20,RAC20,0,exp5_p0_seed42_e015,0.33222515384623963,0.5860645174980164,0.401707245091086,9.53435715097185
623,RAC20,RAC20,0,exp5_p0_seed43_e008,-0.24382067546652397,1.2231035232543945,0.5403228407954401,4.787903003452713
623,RAC20,RAC20,0,exp5_p0_seed44_e013,-0.559347993659693,0.8179125189781189,0.4770410217083976,8.7446722437401
623,RAC20,RAC20,0,exp5_p05_seed42_e020,-0.6531597261987858,0.9213101267814636,0.5131791364583255,5.276592377949973
623,RAC20,RAC20,0,exp5_p05_seed43_e022,-0.505076243924316,1.0142810344696045,0.5338154107611083,5.495104961154151
623,RAC20,RAC20,0,exp5_p05_seed44_e014,-0.6688867069007408,0.9039323329925537,0.3999027196990102,6.035317488884252
624,RAC20,RAC20,5,exp5_p0_seed42_e015,0.6277258579184879,0.316148042678833,0.43922997817429826,9.72559234009814
624,RAC20,RAC20,5,exp5_p0_seed43_e008,1.0806671780791612,1.0306177139282227,0.6012721422989988,4.817641530558154
624,RAC20,RAC20,5,exp5_p0_seed44_e013,0.37707269668742327,0.5851023197174072,0.5349371212503068,8.731724579698048
624,RAC20,RAC20,5,exp5_p05_seed42_e020,0.6450668897792788,0.6484150886535645,0.5704390846849979,5.282524299572357
624,RAC20,RAC20,5,exp5_p05_seed43_e022,0.9254435590856004,0.7511112093925476,0.6023644827398124,5.524004312689445
624,RAC20,RAC20,5,exp5_p05_seed44_e014,0.5058123525292157,0.6485812664031982,0.45408206457087474,6.013987272408902
625,RB0FB,RB0FB,-5,exp5_p0_seed42_e015,-0.705575538102378,0.7883221507072449,0.20417319495991182,8.66674113973932
625,RB0FB,RB0FB,-5,exp5_p0_seed43_e008,-1.9601222553898916,0.7559383511543274,0.24663398101711007,5.258250709334669
625,RB0FB,RB0FB,-5,exp5_p0_seed44_e013,-1.7107562946475152,1.1874041557312012,0.21384655047631962,6.947203282459551
625,RB0FB,RB0FB,-5,exp5_p05_seed42_e020,-2.826610853132898,0.9543682336807251,0.24324569587544656,5.068611367519759
625,RB0FB,RB0FB,-5,exp5_p05_seed43_e022,-2.6393549548129416,0.9337315559387207,0.25447841558813217,5.082248787947146
625,RB0FB,RB0FB,-5,exp5_p05_seed44_e014,-2.5991786163017534,1.0162783861160278,0.23245690504902278,5.698414142242548
626,RB0FB,RB0FB,0,exp5_p0_seed42_e015,0.3535454240385541,0.48970815539360046,0.3090009971168869,8.888220171324702
626,RB0FB,RB0FB,0,exp5_p0_seed43_e008,0.07937517835994537,0.5990436673164368,0.3678537431820449,5.296143179441762
626,RB0FB,RB0FB,0,exp5_p0_seed44_e013,-0.03344586421277943,0.7985331416130066,0.32216512002293174,6.879210426126634
626,RB0FB,RB0FB,0,exp5_p05_seed42_e020,-0.3253438009721518,0.7302463054656982,0.34351426910283983,5.091588061234194
626,RB0FB,RB0FB,0,exp5_p05_seed43_e022,-0.21462119326467297,0.7062692642211914,0.36143906072163157,5.089663434755513
626,RB0FB,RB0FB,0,exp5_p05_seed44_e014,-0.28639578289185963,0.6759622097015381,0.3343301165176654,5.70397049269665
627,RB0FB,RB0FB,5,exp5_p0_seed42_e015,0.8108076044053791,0.45163044333457947,0.4097649612937966,9.199616656929141
627,RB0FB,RB0FB,5,exp5_p0_seed43_e008,0.9850865115005609,0.5189664959907532,0.4673542018050899,5.356047218680347
627,RB0FB,RB0FB,5,exp5_p0_seed44_e013,0.588158884498985,0.6537554860115051,0.4090876998419389,6.902103580372037
627,RB0FB,RB0FB,5,exp5_p05_seed42_e020,0.8279137890247941,0.5812845230102539,0.4309491255000399,5.106443281972883
627,RB0FB,RB0FB,5,exp5_p05_seed43_e022,0.9724446622121502,0.5580611228942871,0.4602368760768571,5.063484385333651
627,RB0FB,RB0FB,5,exp5_p05_seed44_e014,0.7738646752287432,0.5584112405776978,0.4249499525145277,5.698656235833562
628,RB0FB,RB0FB,-5,exp5_p0_seed42_e015,-0.7750935099986247,0.7150116562843323,0.24261237712782216,7.329509016871631
628,RB0FB,RB0FB,-5,exp5_p0_seed43_e008,-2.0365590057067924,0.7651729583740234,0.2231070150916455,4.761211484360242
628,RB0FB,RB0FB,-5,exp5_p0_seed44_e013,-1.3022607214851587,0.9264629483222961,0.24574390699538046,5.081347203606764
628,RB0FB,RB0FB,-5,exp5_p05_seed42_e020,-1.584217178439383,0.8330339193344116,0.2419488656710044,4.282138278421797
628,RB0FB,RB0FB,-5,exp5_p05_seed43_e022,-1.3750938423988215,0.7212255597114563,0.23998941719542244,4.638852181921368
628,RB0FB,RB0FB,-5,exp5_p05_seed44_e014,-1.2236755504833352,0.7985602617263794,0.2260100698904481,4.731603088625585
629,RB0FB,RB0FB,0,exp5_p0_seed42_e015,0.6649355823594781,0.5211780071258545,0.31998130254972823,7.507198554213094
629,RB0FB,RB0FB,0,exp5_p0_seed43_e008,0.5146652552562179,0.545703113079071,0.33988444638558546,4.824863335455431
629,RB0FB,RB0FB,0,exp5_p0_seed44_e013,0.5246082378728487,0.6573365330696106,0.32331089009366715,5.1549186723472715
629,RB0FB,RB0FB,0,exp5_p05_seed42_e020,0.7381489046362034,0.6129357814788818,0.34701409449429255,4.271279260785967
629,RB0FB,RB0FB,0,exp5_p05_seed43_e022,0.7842184524330691,0.5292885899543762,0.3381653327734744,4.577881607415343
629,RB0FB,RB0FB,0,exp5_p05_seed44_e014,0.7959575752808394,0.5406008362770081,0.3230086289796535,4.75410628949096
630,RB0FB,RB0FB,5,exp5_p0_seed42_e015,1.2661355369928908,0.41879481077194214,0.39065193382535446,7.616644365328634
630,RB0FB,RB0FB,5,exp5_p0_seed43_e008,1.7317594766255962,0.4433923065662384,0.4496127493990508,4.884638071014802
630,RB0FB,RB0FB,5,exp5_p0_seed44_e013,1.2036926679220212,0.5578881502151489,0.38918639012338274,4.9529889142520975
630,RB0FB,RB0FB,5,exp5_p05_seed42_e020,1.8085471817901202,0.5371094942092896,0.4566053055394714,4.2669171457577235
630,RB0FB,RB0FB,5,exp5_p05_seed43_e022,1.7081506694016444,0.4638190269470215,0.4532036245016917,4.4954765561727665
630,RB0FB,RB0FB,5,exp5_p05_seed44_e014,1.6314168814680858,0.4399770200252533,0.43630074037022065,4.761625825128633
631,RB0FB,RB0FB,-5,exp5_p0_seed42_e015,-0.3702829528085316,0.8514785766601562,0.21338925839863926,7.2795541442183715
631,RB0FB,RB0FB,-5,exp5_p0_seed43_e008,-1.1564727077065908,1.0337262153625488,0.2399973713009346,4.517073984108412
631,RB0FB,RB0FB,-5,exp5_p0_seed44_e013,-2.705581130471172,1.5169978141784668,0.2493478590121869,5.669580571979193
631,RB0FB,RB0FB,-5,exp5_p05_seed42_e020,-3.307860341883327,1.7230006456375122,0.26525018855193955,4.613748183818787
631,RB0FB,RB0FB,-5,exp5_p05_seed43_e022,-2.2276078545305973,1.5893771648406982,0.2666166713350296,4.910777354411165
631,RB0FB,RB0FB,-5,exp5_p05_seed44_e014,-2.914074926882972,1.4553825855255127,0.2581193819631344,5.1902805181069755
632,RB0FB,RB0FB,0,exp5_p0_seed42_e015,0.3771105713615929,0.5655995607376099,0.339202633477822,7.341920106199015
632,RB0FB,RB0FB,0,exp5_p0_seed43_e008,0.37155905032842873,0.7605065703392029,0.3839283383075467,4.5343510936166105
632,RB0FB,RB0FB,0,exp5_p0_seed44_e013,-0.6293100921718626,1.0314642190933228,0.3773014142897011,5.690866872797552
632,RB0FB,RB0FB,0,exp5_p05_seed42_e020,-0.5960376952416558,1.1472785472869873,0.4026264897674829,4.635441097650555
632,RB0FB,RB0FB,0,exp5_p05_seed43_e022,-0.022277293350597086,1.0219035148620605,0.40067916479173343,4.902685561443636
632,RB0FB,RB0FB,0,exp5_p05_seed44_e014,-0.3833828046354088,0.9786632657051086,0.38773160773302895,5.1903346054119845
633,RB0FB,RB0FB,5,exp5_p0_seed42_e015,0.7646766795737272,0.5025622844696045,0.4637526469186728,7.7768181094166415
633,RB0FB,RB0FB,5,exp5_p0_seed43_e008,1.240316788082135,0.686799943447113,0.5134932384314076,4.581403663800457
633,RB0FB,RB0FB,5,exp5_p0_seed44_e013,0.5727593448565372,0.7820861339569092,0.49719911360849606,5.871138129745306
633,RB0FB,RB0FB,5,exp5_p05_seed42_e020,0.9989049552897871,0.7918523550033569,0.523216821036019,4.708923119412482
633,RB0FB,RB0FB,5,exp5_p05_seed43_e022,1.231422859351204,0.7498841285705566,0.5224244498140581,4.88059487601728
633,RB0FB,RB0FB,5,exp5_p05_seed44_e014,0.9526514986885133,0.7459248900413513,0.5074924820655987,5.203465792270219
634,RB0FB,RB0FB,-5,exp5_p0_seed42_e015,-0.22324425805478398,0.8336391448974609,0.448376519693517,8.149350670889376
634,RB0FB,RB0FB,-5,exp5_p0_seed43_e008,-1.7014520715111534,1.1846867799758911,0.49191839661407016,5.137808435960793
634,RB0FB,RB0FB,-5,exp5_p0_seed44_e013,-1.2022221664670427,0.9855701327323914,0.39672821609032005,5.4963194323681694
634,RB0FB,RB0FB,-5,exp5_p05_seed42_e020,-1.4442170388333155,0.7372438907623291,0.3937803444270146,4.863861595530707
634,RB0FB,RB0FB,-5,exp5_p05_seed43_e022,-1.576473155669379,0.708200216293335,0.3930894837083604,4.920209341829522
634,RB0FB,RB0FB,-5,exp5_p05_seed44_e014,-1.5636825079581027,0.8396374583244324,0.4216890406400942,5.32376711814331
635,RB0FB,RB0FB,0,exp5_p0_seed42_e015,0.773281452011537,0.5260290503501892,0.513667348454275,8.247520288933934
635,RB0FB,RB0FB,0,exp5_p0_seed43_e008,0.5974668133209724,0.7425174117088318,0.5801627510222671,5.17126703543198
635,RB0FB,RB0FB,0,exp5_p0_seed44_e013,0.39233323913396795,0.6718782186508179,0.45157286604680086,5.536332109136276
635,RB0FB,RB0FB,0,exp5_p05_seed42_e020,0.45600500624553164,0.5205792784690857,0.4725395148527326,4.8829353298543205
635,RB0FB,RB0FB,0,exp5_p05_seed43_e022,0.41881149530414835,0.511871337890625,0.46901888470108116,4.918659632093608
635,RB0FB,RB0FB,0,exp5_p05_seed44_e014,0.4270762214902174,0.661116361618042,0.4931090198077567,5.335076733675122
636,RB0FB,RB0FB,5,exp5_p0_seed42_e015,1.116347621638747,0.4130142033100128,0.5410869577123252,8.334190589887344
636,RB0FB,RB0FB,5,exp5_p0_seed43_e008,1.5619384568555914,0.5530454516410828,0.6207837358201245,5.228941680664782
636,RB0FB,RB0FB,5,exp5_p0_seed44_e013,0.8745178367521844,0.49520713090896606,0.4924088377282174,5.660033495698923
636,RB0FB,RB0FB,5,exp5_p05_seed42_e020,1.2293615017896162,0.4202613830566406,0.5389343490255443,4.903608094790498
636,RB0FB,RB0FB,5,exp5_p05_seed43_e022,1.2672437812537698,0.4143572747707367,0.5250070229397061,4.917573014582257
636,RB0FB,RB0FB,5,exp5_p05_seed44_e014,1.2054843144519802,0.46748629212379456,0.5419976704355884,5.362274147214899
637,RB0FB,RB0FB,-5,exp5_p0_seed42_e015,-1.0170208363887419,0.5124598741531372,0.28264100186112817,8.976949799110127
637,RB0FB,RB0FB,-5,exp5_p0_seed43_e008,-2.4275411594074123,0.7174991369247437,0.32247497203555736,5.1999535861048285
637,RB0FB,RB0FB,-5,exp5_p0_seed44_e013,-1.4155050899700998,0.7756074666976929,0.28252496598819465,6.5034705833216755
637,RB0FB,RB0FB,-5,exp5_p05_seed42_e020,-2.335385581952495,0.6422350406646729,0.32449008782068817,5.206067622138559
637,RB0FB,RB0FB,-5,exp5_p05_seed43_e022,-2.3442275211519394,0.6117974519729614,0.32823351915397225,4.879694238555892
637,RB0FB,RB0FB,-5,exp5_p05_seed44_e014,-2.389628117959327,0.6502595543861389,0.30911951164435136,5.32945452500195
638,RB0FB,RB0FB,0,exp5_p0_seed42_e015,0.2320859299309486,0.4719567894935608,0.3760393618378948,9.122394408267043
638,RB0FB,RB0FB,0,exp5_p0_seed43_e008,-0.08366043249734781,0.6811697483062744,0.438765403404948,5.223319005608662
638,RB0FB,RB0FB,0,exp5_p0_seed44_e013,0.10743367692589587,0.5567551851272583,0.39517239109296365,6.5598357388369415
638,RB0FB,RB0FB,0,exp5_p05_seed42_e020,-0.01834694402892535,0.5176301002502441,0.42922692609609964,5.206428368604879
638,RB0FB,RB0FB,0,exp5_p05_seed43_e022,-0.005147665560909242,0.4598427414894104,0.44169597731287635,4.866347903625364
638,RB0FB,RB0FB,0,exp5_p05_seed44_e014,-0.13378715682887748,0.48554423451423645,0.4125905238998854,5.34116727418231
639,RB0FB,RB0FB,5,exp5_p0_seed42_e015,0.7423939871299143,0.4206279516220093,0.41814739276800633,9.363202333105164
639,RB0FB,RB0FB,5,exp5_p0_seed43_e008,1.0074425270957057,0.6551114320755005,0.5030193181568018,5.259985470320341
639,RB0FB,RB0FB,5,exp5_p0_seed44_e013,0.7325375745974948,0.43865764141082764,0.44971004905445916,6.672747845782533
639,RB0FB,RB0FB,5,exp5_p05_seed42_e020,0.9654549591131744,0.462924599647522,0.4938147020811249,5.174196626688699
639,RB0FB,RB0FB,5,exp5_p05_seed43_e022,1.0208578955446033,0.42325928807258606,0.5032959637623673,4.832376876538234
639,RB0FB,RB0FB,5,exp5_p05_seed44_e014,0.8521808365842244,0.4195559024810791,0.4756245578953422,5.338923753520054
640,RB0FB,RB0FB,-5,exp5_p0_seed42_e015,-0.7791536736829867,1.1741795539855957,0.3497990236850018,7.426287061028171
640,RB0FB,RB0FB,-5,exp5_p0_seed43_e008,-1.3525271629796267,1.3711758852005005,0.3786159867428379,4.802749075988622
640,RB0FB,RB0FB,-5,exp5_p0_seed44_e013,-1.6994163167708933,1.5779656171798706,0.3692260077259749,4.900490781868917
640,RB0FB,RB0FB,-5,exp5_p05_seed42_e020,-1.7701603215786057,1.1573528051376343,0.38462356050138197,4.379845720409601
640,RB0FB,RB0FB,-5,exp5_p05_seed43_e022,-1.1930093627003455,1.038946509361267,0.3754647559213187,4.809817217333064
640,RB0FB,RB0FB,-5,exp5_p05_seed44_e014,-1.2553243957671525,1.0231491327285767,0.3551893436046473,4.86541544901553
641,RB0FB,RB0FB,0,exp5_p0_seed42_e015,0.7480213601763712,0.8603260517120361,0.4766662301128709,7.386225741626196
641,RB0FB,RB0FB,0,exp5_p0_seed43_e008,1.0076003757276126,1.0928093194961548,0.5388407243273954,4.85642146126437
641,RB0FB,RB0FB,0,exp5_p0_seed44_e013,0.021339330958381735,1.1827949285507202,0.49341819619312666,4.5235109832180695
641,RB0FB,RB0FB,0,exp5_p05_seed42_e020,0.8168693035925018,0.7975373268127441,0.5327939464206017,4.339680052608755
641,RB0FB,RB0FB,0,exp5_p05_seed43_e022,1.0638522520598694,0.7111252546310425,0.5193168497223574,4.7845151450484895
641,RB0FB,RB0FB,0,exp5_p05_seed44_e014,0.8455055172317192,0.7456350922584534,0.5047744285344817,4.776317474513673
642,RB0FB,RB0FB,5,exp5_p0_seed42_e015,1.3977911510009025,0.6689192652702332,0.542538308336213,7.217513127915782
642,RB0FB,RB0FB,5,exp5_p0_seed43_e008,2.075220226959549,0.9271083474159241,0.632086884778923,4.889113386141418
642,RB0FB,RB0FB,5,exp5_p0_seed44_e013,0.5988370415818155,0.9315627813339233,0.5594876504719022,3.847711769090212
642,RB0FB,RB0FB,5,exp5_p05_seed42_e020,1.9901383492637361,0.6707122325897217,0.6395885595402399,4.301511757913672
642,RB0FB,RB0FB,5,exp5_p05_seed43_e022,1.975375921727305,0.5737534165382385,0.6222110503249316,4.753742335217323
642,RB0FB,RB0FB,5,exp5_p05_seed44_e014,1.7442006510567745,0.6004943251609802,0.6176491152323532,4.6316759440010795
643,RB0FB,RB0FB,-5,exp5_p0_seed42_e015,-0.3964922674861185,0.3031308352947235,0.2699408074171375,6.945355794677036
643,RB0FB,RB0FB,-5,exp5_p0_seed43_e008,-1.0594620095630563,0.6801066398620605,0.48361926097171837,4.589475012617034
643,RB0FB,RB0FB,-5,exp5_p0_seed44_e013,-1.6437205498914942,0.5536864399909973,0.10732865738553019,5.40117700873055
643,RB0FB,RB0FB,-5,exp5_p05_seed42_e020,-1.24349966331402,0.8675987124443054,0.46265891311209895,5.092357815721069
643,RB0FB,RB0FB,-5,exp5_p05_seed43_e022,-1.0779288043217354,0.8098064661026001,0.47232013494723674,5.645274703120907
643,RB0FB,RB0FB,-5,exp5_p05_seed44_e014,-0.9075956890314063,0.7656832337379456,0.49753256672604385,5.498198858199884
644,RB0FB,RB0FB,0,exp5_p0_seed42_e015,0.7729307677191665,0.4020874500274658,0.4880657400683978,7.005828851452196
644,RB0FB,RB0FB,0,exp5_p0_seed43_e008,1.4581544055085809,0.7166569232940674,0.6835500800171428,4.600892722222609
644,RB0FB,RB0FB,0,exp5_p0_seed44_e013,0.5535812864336489,0.8396029472351074,0.49274204468857674,5.382677392722242
644,RB0FB,RB0FB,0,exp5_p05_seed42_e020,1.1411524431241769,0.6833099722862244,0.63429057255897,5.084849506851182
644,RB0FB,RB0FB,0,exp5_p05_seed43_e022,1.4317091060982843,0.7473061084747314,0.670215013724956,5.578545639503406
644,RB0FB,RB0FB,0,exp5_p05_seed44_e014,1.338359534022583,0.6946995258331299,0.6653253498284486,5.459463533977567
645,RB0FB,RB0FB,5,exp5_p0_seed42_e015,1.6586392383504922,0.44239142537117004,0.6608540871246719,7.033747060621069
645,RB0FB,RB0FB,5,exp5_p0_seed43_e008,2.9250065318135325,0.8865866661071777,0.7627041743346957,4.605585115039103
645,RB0FB,RB0FB,5,exp5_p0_seed44_e013,2.0998870599822776,0.8972164392471313,0.7221504288238711,5.527055265811768
645,RB0FB,RB0FB,5,exp5_p05_seed42_e020,2.46066337719833,0.6342792510986328,0.7234252644937301,5.100602246709769
645,RB0FB,RB0FB,5,exp5_p05_seed43_e022,2.7976974114174262,0.680160403251648,0.7589068619591568,5.47815865717163
645,RB0FB,RB0FB,5,exp5_p05_seed44_e014,2.6052882485761595,0.6556100845336914,0.7422700008472802,5.414671963724532
646,RB0FB,RB0FB,-5,exp5_p0_seed42_e015,-0.5414992512837092,0.4047100841999054,0.21928308867281776,7.283177048010509
646,RB0FB,RB0FB,-5,exp5_p0_seed43_e008,-0.9585427938882314,0.8155474662780762,0.3352537376057568,5.417837525447251
646,RB0FB,RB0FB,-5,exp5_p0_seed44_e013,-2.648046735928367,0.9328857660293579,0.2845098359079247,6.846861648537691
646,RB0FB,RB0FB,-5,exp5_p05_seed42_e020,-2.8478923906926545,1.4310375452041626,0.36138605033448473,6.278127810621435
646,RB0FB,RB0FB,-5,exp5_p05_seed43_e022,-1.7444879396459085,0.9721006751060486,0.35024271906380655,6.603442480274305
646,RB0FB,RB0FB,-5,exp5_p05_seed44_e014,-2.2969770937133704,1.3939673900604248,0.33617499575339493,6.670875043074962
647,RB0FB,RB0FB,0,exp5_p0_seed42_e015,0.2427102305090127,0.28952643275260925,0.3271128121287303,7.136489916529458
647,RB0FB,RB0FB,0,exp5_p0_seed43_e008,0.5525013833276985,0.6484081149101257,0.49534383445113706,5.3907556432537564
647,RB0FB,RB0FB,0,exp5_p0_seed44_e013,-0.522700585155925,0.7101179361343384,0.42115011938649155,6.839688472218382
647,RB0FB,RB0FB,0,exp5_p05_seed42_e020,-0.2447735333236446,1.0634474754333496,0.5092776868360692,6.263169809140175
647,RB0FB,RB0FB,0,exp5_p05_seed43_e022,0.2459248823784128,0.8395447134971619,0.49928641543152985,6.531072639150049
647,RB0FB,RB0FB,0,exp5_p05_seed44_e014,0.007854745236729485,0.9698815941810608,0.4954244417971322,6.6634895014055395
648,RB0FB,RB0FB,5,exp5_p0_seed42_e015,0.6404476081625687,0.3098134994506836,0.4330072580188427,7.217605659844766
648,RB0FB,RB0FB,5,exp5_p0_seed43_e008,1.4240796134745362,0.6976252794265747,0.6116936397048481,5.368727944775989
648,RB0FB,RB0FB,5,exp5_p0_seed44_e013,0.5821143193475513,0.6242151856422424,0.5326676830988586,7.069855518216878
648,RB0FB,RB0FB,5,exp5_p05_seed42_e020,1.2791966390329406,0.8352691531181335,0.6184002967779669,6.240574852243784
648,RB0FB,RB0FB,5,exp5_p05_seed43_e022,1.4493144864388665,0.7847997546195984,0.6185880293998827,6.365480513296382
648,RB0FB,RB0FB,5,exp5_p05_seed44_e014,1.2787588265949736,0.7861762046813965,0.6097017840197673,6.637930160842299
649,RB53D,RB53D,-5,exp5_p0_seed42_e015,0.05286790968804223,0.6109693050384521,0.19749276483204037,11.143249861488824
649,RB53D,RB53D,-5,exp5_p0_seed43_e008,-0.7257518286461186,1.2196286916732788,0.2920114326143207,7.824466930310074
649,RB53D,RB53D,-5,exp5_p0_seed44_e013,-0.2048945749271289,0.8412666320800781,0.13451627259755405,11.906992178573502
649,RB53D,RB53D,-5,exp5_p05_seed42_e020,-1.7165376966398362,1.401648998260498,0.21095211528813548,6.805156383205455
649,RB53D,RB53D,-5,exp5_p05_seed43_e022,-1.4720709753683496,1.4330638647079468,0.24999163986489184,7.02421464481988
649,RB53D,RB53D,-5,exp5_p05_seed44_e014,-0.8655662844699696,1.0727189779281616,0.2777605265264176,8.38515172998637
650,RB53D,RB53D,0,exp5_p0_seed42_e015,0.647722761505231,0.40127643942832947,0.3224250890325111,11.215053310155586
650,RB53D,RB53D,0,exp5_p0_seed43_e008,0.7887517693336972,0.7201977968215942,0.3970602496989693,7.8794900411957
650,RB53D,RB53D,0,exp5_p0_seed44_e013,0.42583806910108096,0.5336717367172241,0.2341267167149992,11.89907970225254
650,RB53D,RB53D,0,exp5_p05_seed42_e020,0.044215004071642486,0.9847156405448914,0.30692798874334254,6.793710430952809
650,RB53D,RB53D,0,exp5_p05_seed43_e022,0.23725548667266055,1.0747063159942627,0.3533407552086443,6.9316212013513345
650,RB53D,RB53D,0,exp5_p05_seed44_e014,0.5259023207841816,0.7804642915725708,0.3964113151782144,8.246827862738762
651,RB53D,RB53D,5,exp5_p0_seed42_e015,0.9850379553107813,0.33156904578208923,0.4197242499579717,11.37241717393361
651,RB53D,RB53D,5,exp5_p0_seed43_e008,1.4915861262513825,0.4918683171272278,0.4649597716037597,7.946402079119952
651,RB53D,RB53D,5,exp5_p0_seed44_e013,0.9209555793018854,0.4208061099052429,0.3631237443672047,12.160299508678419
651,RB53D,RB53D,5,exp5_p05_seed42_e020,0.9336931440197522,0.860605776309967,0.3988695502272332,6.767839010513558
651,RB53D,RB53D,5,exp5_p05_seed43_e022,1.085518749937411,0.8714125156402588,0.43034887262604166,6.822277659344244
651,RB53D,RB53D,5,exp5_p05_seed44_e014,1.2392954337544402,0.750246524810791,0.47727839229467833,8.07736551778117
652,RB53D,RB53D,-5,exp5_p0_seed42_e015,-1.2377316387195527,0.5599898099899292,0.22799708905617763,9.279695563785541
652,RB53D,RB53D,-5,exp5_p0_seed43_e008,-2.1009393981327324,0.8516287803649902,0.23087775968480753,6.879064125173211
652,RB53D,RB53D,-5,exp5_p0_seed44_e013,-1.2626993241831928,0.6583852767944336,0.22020367589670944,9.152615339851511
652,RB53D,RB53D,-5,exp5_p05_seed42_e020,-1.7965727314744382,0.8025853633880615,0.20144689964510623,7.015660289645429
652,RB53D,RB53D,-5,exp5_p05_seed43_e022,-1.8282051938292616,0.8269528746604919,0.2298203213320972,6.928198106779356
652,RB53D,RB53D,-5,exp5_p05_seed44_e014,-1.853022820541252,0.7371940016746521,0.19215642783892367,7.733917276384409
653,RB53D,RB53D,0,exp5_p0_seed42_e015,-0.13204463483766762,0.4958341717720032,0.3123682960724824,9.384975542086092
653,RB53D,RB53D,0,exp5_p0_seed43_e008,-0.19951669368579064,0.5895079374313354,0.33491697276206434,6.892399684742957
653,RB53D,RB53D,0,exp5_p0_seed44_e013,-0.0692473093919311,0.502382218837738,0.30758848497972147,9.211896444986325
653,RB53D,RB53D,0,exp5_p05_seed42_e020,-0.1662824882737356,0.5680447816848755,0.3122744652500697,6.999607168834405
653,RB53D,RB53D,0,exp5_p05_seed43_e022,-0.06117364143475472,0.5864157676696777,0.3307393588224106,6.9204056979854105
653,RB53D,RB53D,0,exp5_p05_seed44_e014,-0.23475188931497418,0.4878309965133667,0.30250423371021234,7.753135584913647
654,RB53D,RB53D,5,exp5_p0_seed42_e015,0.2510330212418722,0.4806891083717346,0.3627178275524693,9.474555996112032
654,RB53D,RB53D,5,exp5_p0_seed43_e008,0.5187303569101067,0.5113125443458557,0.39349931262793236,6.918501507650574
654,RB53D,RB53D,5,exp5_p0_seed44_e013,0.27332337647912863,0.4924078583717346,0.3579107951805982,9.350359075322897
654,RB53D,RB53D,5,exp5_p05_seed42_e020,0.47276289585576003,0.5002571940422058,0.37772170536536664,6.958307264911943
654,RB53D,RB53D,5,exp5_p05_seed43_e022,0.5078721836782157,0.4980461299419403,0.3756370145680477,6.8969298723574965
654,RB53D,RB53D,5,exp5_p05_seed44_e014,0.3711854915311328,0.4513923227787018,0.3663279630665728,7.7327101464346395
655,RB53D,RB53D,-5,exp5_p0_seed42_e015,-0.8195952874800851,0.5041277408599854,0.21141024066116448,10.019718974686349
655,RB53D,RB53D,-5,exp5_p0_seed43_e008,-1.7418722662887136,0.5603020191192627,0.29095501532464985,6.355888935402822
655,RB53D,RB53D,-5,exp5_p0_seed44_e013,-1.2217413966474748,0.418169766664505,0.2168815307722158,9.48394247139112
655,RB53D,RB53D,-5,exp5_p05_seed42_e020,-1.6699530144802752,0.7777366042137146,0.2516287222459013,6.479044824033614
655,RB53D,RB53D,-5,exp5_p05_seed43_e022,-1.7823555889827642,0.7177740931510925,0.2859296634605877,6.170616345749856
655,RB53D,RB53D,-5,exp5_p05_seed44_e014,-1.4523627068369098,0.7201226949691772,0.2656283797375221,6.566666953364907
656,RB53D,RB53D,0,exp5_p0_seed42_e015,0.21160247378780098,0.36217349767684937,0.30504754370474096,10.232433450463613
656,RB53D,RB53D,0,exp5_p0_seed43_e008,0.004594170661063028,0.42255762219429016,0.39569244720303676,6.375465621157401
656,RB53D,RB53D,0,exp5_p0_seed44_e013,0.008257761464524454,0.2863805294036865,0.30412904707483823,9.599483091229352
656,RB53D,RB53D,0,exp5_p05_seed42_e020,-0.050859316999642315,0.4919007122516632,0.3460297507469258,6.378415920162169
656,RB53D,RB53D,0,exp5_p05_seed43_e022,-0.0024908163201351227,0.4781903922557831,0.38511061545055525,6.114086983232618
656,RB53D,RB53D,0,exp5_p05_seed44_e014,0.09661068241908216,0.5070707201957703,0.37037591693588134,6.545756093197921
657,RB53D,RB53D,5,exp5_p0_seed42_e015,0.5026270792185951,0.2847808003425598,0.3649092029643027,10.454756760122034
657,RB53D,RB53D,5,exp5_p0_seed43_e008,0.7354614935294996,0.3920626938343048,0.45832528900411823,6.401767681239598
657,RB53D,RB53D,5,exp5_p0_seed44_e013,0.46135374547854546,0.2757538855075836,0.3535347849503501,9.613600751034646
657,RB53D,RB53D,5,exp5_p05_seed42_e020,0.5968370689000033,0.39023828506469727,0.4132093409214034,6.1563596838211865
657,RB53D,RB53D,5,exp5_p05_seed43_e022,0.6863558956941446,0.36533892154693604,0.4426079077971643,5.936070167228367
657,RB53D,RB53D,5,exp5_p05_seed44_e014,0.6551616365590491,0.38866308331489563,0.4378132183891307,6.453790716765935
658,RB53D,RB53D,-5,exp5_p0_seed42_e015,-0.38777913514890094,0.5779058337211609,0.2266342033718764,9.250954735742171
658,RB53D,RB53D,-5,exp5_p0_seed43_e008,-1.244575645880622,0.6728652715682983,0.2811904123812382,6.636202876807888
658,RB53D,RB53D,-5,exp5_p0_seed44_e013,-0.6878442480535012,0.5502675771713257,0.2211379226920451,8.739212058805755
658,RB53D,RB53D,-5,exp5_p05_seed42_e020,-0.9147898851296947,0.7861796021461487,0.2738313478216606,6.426189460632374
658,RB53D,RB53D,-5,exp5_p05_seed43_e022,-1.0500422837624461,0.728119432926178,0.28449943644049436,6.643849727455379
658,RB53D,RB53D,-5,exp5_p05_seed44_e014,-0.8578418326314072,0.7025359272956848,0.2794524046944833,6.899236225489132
659,RB53D,RB53D,0,exp5_p0_seed42_e015,0.2596071399816705,0.4480501711368561,0.30352403232984404,9.270353861991484
659,RB53D,RB53D,0,exp5_p0_seed43_e008,0.17346185042413823,0.4940233826637268,0.3526572138143171,6.660393602583533
659,RB53D,RB53D,0,exp5_p0_seed44_e013,0.0814494163612321,0.4232792854309082,0.2784841158925923,8.707087136708399
659,RB53D,RB53D,0,exp5_p05_seed42_e020,0.16302377357223782,0.5520663261413574,0.3318426789435068,6.437879940929269
659,RB53D,RB53D,0,exp5_p05_seed43_e022,0.13181991712380606,0.5011975765228271,0.34567922263581174,6.63745103211996
659,RB53D,RB53D,0,exp5_p05_seed44_e014,0.1744886726237494,0.4804716110229492,0.3371604325387546,6.899376853223771
660,RB53D,RB53D,5,exp5_p0_seed42_e015,0.48925967172400087,0.3454027771949768,0.34414269200674796,9.393474934148864
660,RB53D,RB53D,5,exp5_p0_seed43_e008,0.6552875904500111,0.45050111413002014,0.38684318592605477,6.677466565124265
660,RB53D,RB53D,5,exp5_p0_seed44_e013,0.31481712606586365,0.35312390327453613,0.28838374330686195,8.744234123349173
660,RB53D,RB53D,5,exp5_p05_seed42_e020,0.5539150589956197,0.431125283241272,0.362649864049117,6.4771665309894555
660,RB53D,RB53D,5,exp5_p05_seed43_e022,0.5686269761304454,0.48624247312545776,0.3866072032495813,6.610457565308629
660,RB53D,RB53D,5,exp5_p05_seed44_e014,0.5575291491030885,0.3866925537586212,0.3788696237618686,6.912021679240067
661,RB53D,RB53D,-5,exp5_p0_seed42_e015,-0.8810763633846703,0.8145278692245483,0.17044404414102296,9.643261850858929
661,RB53D,RB53D,-5,exp5_p0_seed43_e008,-1.8675241344321771,1.0270743370056152,0.173509503781465,6.11174013780042
661,RB53D,RB53D,-5,exp5_p0_seed44_e013,-0.5627712781437954,0.5245971083641052,0.1530991421352299,9.45168487653559
661,RB53D,RB53D,-5,exp5_p05_seed42_e020,-1.9534184691470569,1.028964638710022,0.172123796905174,6.300512868587756
661,RB53D,RB53D,-5,exp5_p05_seed43_e022,-2.042088200647258,0.9045646786689758,0.18548874328495316,6.029927529256923
661,RB53D,RB53D,-5,exp5_p05_seed44_e014,-1.5054123331691516,0.8871009349822998,0.15757239348207505,6.72686438872573
662,RB53D,RB53D,0,exp5_p0_seed42_e015,-0.04189845945322463,0.48939573764801025,0.18433753463619545,9.884590422574252
662,RB53D,RB53D,0,exp5_p0_seed43_e008,-0.0269410934115218,0.6075487732887268,0.294931429574694,6.096109742252398
662,RB53D,RB53D,0,exp5_p0_seed44_e013,0.2067454156454697,0.31799277663230896,0.21850841041015187,9.634647153612065
662,RB53D,RB53D,0,exp5_p05_seed42_e020,-0.3801155243906893,0.6570141911506653,0.20279740839150745,6.089627695890738
662,RB53D,RB53D,0,exp5_p05_seed43_e022,-0.35482297457143985,0.6155474185943604,0.23126187770010667,5.877048900912413
662,RB53D,RB53D,0,exp5_p05_seed44_e014,-0.18357142475862845,0.6028960347175598,0.2402060454490129,6.599141527935143
663,RB53D,RB53D,5,exp5_p0_seed42_e015,0.16155877475796526,0.3410176932811737,0.358943726098615,10.113628368843276
663,RB53D,RB53D,5,exp5_p0_seed43_e008,0.7821702884154563,0.5884342789649963,0.4169264775742239,6.064069593487947
663,RB53D,RB53D,5,exp5_p0_seed44_e013,0.5068161709876786,0.3827076554298401,0.33274101789937843,9.467634287504653
663,RB53D,RB53D,5,exp5_p05_seed42_e020,0.39970707851459314,0.4918985962867737,0.3138478825103454,5.853522398309984
663,RB53D,RB53D,5,exp5_p05_seed43_e022,0.45163288196443113,0.4748319685459137,0.3531505848825049,5.661955655543017
663,RB53D,RB53D,5,exp5_p05_seed44_e014,0.3768811903352405,0.45929092168807983,0.3509427726354297,6.375863890087004
664,RB53D,RB53D,-5,exp5_p0_seed42_e015,-0.36111853236748315,0.3949820399284363,0.14508648243020758,8.899114700980903
664,RB53D,RB53D,-5,exp5_p0_seed43_e008,-0.6948363219315048,1.0996354818344116,0.36160740728868446,5.574427507372489
664,RB53D,RB53D,-5,exp5_p0_seed44_e013,-0.6327953524448671,0.5834777355194092,0.07361606450025406,8.98282349378348
664,RB53D,RB53D,-5,exp5_p05_seed42_e020,-1.536877529170598,0.9297107458114624,0.20860152004549462,5.853867350250383
664,RB53D,RB53D,-5,exp5_p05_seed43_e022,-1.0286595726053624,0.8835154175758362,0.2626273989021103,6.014890151714683
664,RB53D,RB53D,-5,exp5_p05_seed44_e014,-1.0291505297141255,0.7755715250968933,0.22376546394411434,6.746225182130843
665,RB53D,RB53D,0,exp5_p0_seed42_e015,1.5680199557723264,0.4259934723377228,0.6034184237795955,9.099414230325776
665,RB53D,RB53D,0,exp5_p0_seed43_e008,2.129016224729498,0.8885852098464966,0.6571426598766044,5.559048391337348
665,RB53D,RB53D,0,exp5_p0_seed44_e013,0.6040912940102562,0.4281463027000427,0.416871493130603,9.104366620983303
665,RB53D,RB53D,0,exp5_p05_seed42_e020,1.00888895144421,0.6411430835723877,0.5100130990157102,5.69994864560405
665,RB53D,RB53D,0,exp5_p05_seed43_e022,1.4826363859175582,0.6675153374671936,0.5864534387182577,5.858643605084773
665,RB53D,RB53D,0,exp5_p05_seed44_e014,1.4129184313017955,0.6392593383789062,0.5759511360776325,6.573940153383266
666,RB53D,RB53D,5,exp5_p0_seed42_e015,3.3578634040114212,0.6540356874465942,0.7845450755557789,9.177020125347532
666,RB53D,RB53D,5,exp5_p0_seed43_e008,4.066179400425291,0.8316593766212463,0.793469882574728,5.5508969778092165
666,RB53D,RB53D,5,exp5_p0_seed44_e013,2.216464130767827,0.6600621938705444,0.7138834316491777,9.08873272073252
666,RB53D,RB53D,5,exp5_p05_seed42_e020,2.954986889423103,0.6099469661712646,0.7456126131591763,5.470691749155398
666,RB53D,RB53D,5,exp5_p05_seed43_e022,3.0982927549531554,0.6511809825897217,0.7609498889496374,5.61325769254233
666,RB53D,RB53D,5,exp5_p05_seed44_e014,3.2287778717109834,0.6159734725952148,0.7696690358642873,6.265086213837211
667,RB53D,RB53D,-5,exp5_p0_seed42_e015,-0.2540954486120634,0.49088427424430847,0.15466558972181332,10.236343153794538
667,RB53D,RB53D,-5,exp5_p0_seed43_e008,-0.852692324125154,0.751545786857605,0.2577181710786962,7.276134080884265
667,RB53D,RB53D,-5,exp5_p0_seed44_e013,-0.23284739542878674,0.387203186750412,0.12964874539210147,8.656211383107605
667,RB53D,RB53D,-5,exp5_p05_seed42_e020,-1.4287914170208906,1.0223546028137207,0.13035266249639096,6.672852226399146
667,RB53D,RB53D,-5,exp5_p05_seed43_e022,-1.052577896232704,0.8050855994224548,0.14955001548627658,6.977489113244799
667,RB53D,RB53D,-5,exp5_p05_seed44_e014,-1.0407620097950347,0.9106557965278625,0.16960670025530783,7.124294310315321
668,RB53D,RB53D,0,exp5_p0_seed42_e015,0.41398907634609744,0.2939435839653015,0.1924965140790955,10.210207215808314
668,RB53D,RB53D,0,exp5_p0_seed43_e008,0.7288125581268602,0.47032302618026733,0.41602250265480883,7.273636840371614
668,RB53D,RB53D,0,exp5_p0_seed44_e013,0.373485403151676,0.25251904129981995,0.23471607450894938,8.668705341018015
668,RB53D,RB53D,0,exp5_p05_seed42_e020,0.053568901628596455,0.6541748642921448,0.23526265424053877,6.633092326713783
668,RB53D,RB53D,0,exp5_p05_seed43_e022,0.36219026229613377,0.5633963942527771,0.3106126327390732,6.9090153912035435
668,RB53D,RB53D,0,exp5_p05_seed44_e014,0.44821584006091425,0.554900050163269,0.3422675351665034,7.096180886986062
669,RB53D,RB53D,5,exp5_p0_seed42_e015,0.8649263377069206,0.2334585040807724,0.4180031952144878,10.566808561422214
669,RB53D,RB53D,5,exp5_p0_seed43_e008,1.4269039695423542,0.5096696615219116,0.5400681943621746,7.279156868846799
669,RB53D,RB53D,5,exp5_p0_seed44_e013,0.7888651267955026,0.2988103926181793,0.4183951811641148,8.807076971122774
669,RB53D,RB53D,5,exp5_p05_seed42_e020,0.8654507383172503,0.505184531211853,0.40575293238401555,6.552936591145361
669,RB53D,RB53D,5,exp5_p05_seed43_e022,1.0988419387467023,0.41626930236816406,0.46652239296122344,6.764291999878205
669,RB53D,RB53D,5,exp5_p05_seed44_e014,1.1675151412284,0.4256659746170044,0.4976141641442212,7.024219305873505
670,RB53D,RB53D,-5,exp5_p0_seed42_e015,-0.8459497760995115,0.6055527925491333,0.10073192134837804,8.673191060656071
670,RB53D,RB53D,-5,exp5_p0_seed43_e008,-1.999323182446675,0.9680734276771545,0.1092789584163342,7.09497974646236
670,RB53D,RB53D,-5,exp5_p0_seed44_e013,-0.9983946550385671,0.6698593497276306,0.09710583410241241,8.236944146063852
670,RB53D,RB53D,-5,exp5_p05_seed42_e020,-2.95538564553254,1.0039924383163452,0.13838594583211378,7.026621680425929
670,RB53D,RB53D,-5,exp5_p05_seed43_e022,-2.587036167861049,1.0022543668746948,0.13141057215710497,7.172378889039761
670,RB53D,RB53D,-5,exp5_p05_seed44_e014,-2.5902049753358565,0.9640181064605713,0.12742839824201843,7.286396890988545
671,RB53D,RB53D,0,exp5_p0_seed42_e015,-0.08528133800729087,0.3864949643611908,0.13468196785501296,8.808323393362008
671,RB53D,RB53D,0,exp5_p0_seed43_e008,-0.2746680297513967,0.6028764843940735,0.24407034970697908,7.097385861333247
671,RB53D,RB53D,0,exp5_p0_seed44_e013,-0.10750292603351114,0.3140489161014557,0.12059492059650505,8.239520935833276
671,RB53D,RB53D,0,exp5_p05_seed42_e020,-0.9367604769006974,0.6585373282432556,0.142059237403957,6.989141052823448
671,RB53D,RB53D,0,exp5_p05_seed43_e022,-0.6849230461112417,0.6578415632247925,0.16357677379704047,7.14589049194699
671,RB53D,RB53D,0,exp5_p05_seed44_e014,-0.6701563433617093,0.5990498065948486,0.15484568975431412,7.2743744365080865
672,RB53D,RB53D,5,exp5_p0_seed42_e015,0.25305645343473093,0.3222998380661011,0.27564338828243934,8.949672328654705
672,RB53D,RB53D,5,exp5_p0_seed43_e008,0.561124303789501,0.5589089393615723,0.3842559640202711,7.103248957162005
672,RB53D,RB53D,5,exp5_p0_seed44_e013,0.2561476570586766,0.3390330374240875,0.23878108586858032,8.544471199585173
672,RB53D,RB53D,5,exp5_p05_seed42_e020,0.056709072564966635,0.57574862241745,0.26451345425761785,6.931913443931611
672,RB53D,RB53D,5,exp5_p05_seed43_e022,0.2656420600844956,0.5893909335136414,0.30764862171788493,7.065590497792138
672,RB53D,RB53D,5,exp5_p05_seed44_e014,0.2853263389129722,0.546119213104248,0.3127941132387211,7.226825916040259
673,RC131,RC131,-5,exp5_p0_seed42_e015,-1.9312333823897576,0.3732604384422302,0.14875508395361214,8.726645500558337
673,RC131,RC131,-5,exp5_p0_seed43_e008,-3.6510272528255863,0.5743119716644287,0.15978563617445593,3.582463240334226
673,RC131,RC131,-5,exp5_p0_seed44_e013,-2.227413762969928,0.6663130521774292,0.1538551693061668,6.7563126662958615
673,RC131,RC131,-5,exp5_p05_seed42_e020,-3.4933345103876228,0.7396796345710754,0.19149204282491616,4.009780310933375
673,RC131,RC131,-5,exp5_p05_seed43_e022,-3.318424619902109,0.7590749859809875,0.19742651941201486,4.208131263368569
673,RC131,RC131,-5,exp5_p05_seed44_e014,-3.858583042334857,0.7792565226554871,0.16165567194038058,3.8278817959149585
674,RC131,RC131,0,exp5_p0_seed42_e015,-0.31576412215131133,0.33935919404029846,0.21132635251688422,8.840544100099963
674,RC131,RC131,0,exp5_p0_seed43_e008,-0.8982744553479765,0.516034722328186,0.26113093884634403,3.616289312563264
674,RC131,RC131,0,exp5_p0_seed44_e013,-0.3348861621141266,0.6079911589622498,0.2355855226098459,6.733467266213279
674,RC131,RC131,0,exp5_p05_seed42_e020,-0.7701111052515364,0.7129694223403931,0.28271475884565944,3.993682036747388
674,RC131,RC131,0,exp5_p05_seed43_e022,-0.629779097056652,0.6151047348976135,0.29686304761208,4.198147349177822
674,RC131,RC131,0,exp5_p05_seed44_e014,-0.8177108540952348,0.5316969156265259,0.2556871065220498,3.834494563698183
675,RC131,RC131,5,exp5_p0_seed42_e015,0.339384224430737,0.32526856660842896,0.2728131931862011,9.007170818507856
675,RC131,RC131,5,exp5_p0_seed43_e008,0.491664055710965,0.5279722213745117,0.349752731092988,3.6519038915279802
675,RC131,RC131,5,exp5_p0_seed44_e013,0.4978624401461787,0.5145508050918579,0.2975420926063457,6.773636429206741
675,RC131,RC131,5,exp5_p05_seed42_e020,0.5122372448924335,0.5878998637199402,0.34835151442950557,3.988319071239616
675,RC131,RC131,5,exp5_p05_seed43_e022,0.6370013002923918,0.5695338249206543,0.37270998627603447,4.180300002400489
675,RC131,RC131,5,exp5_p05_seed44_e014,0.5911322295236778,0.42179158329963684,0.3364079003534106,3.875602845625724
676,RC131,RC131,-5,exp5_p0_seed42_e015,-0.011960205854786661,0.19820183515548706,0.13925522295870332,10.484013799336356
676,RC131,RC131,-5,exp5_p0_seed43_e008,-0.7336525656841586,0.6585798263549805,0.12513445663905312,5.483912635264639
676,RC131,RC131,-5,exp5_p0_seed44_e013,-0.1343646713833935,0.2642087936401367,0.13180642949343366,11.499516266289529
676,RC131,RC131,-5,exp5_p05_seed42_e020,-2.309816257897807,1.100721001625061,0.1111857443911507,5.515854647218255
676,RC131,RC131,-5,exp5_p05_seed43_e022,-1.8452326272976411,1.0036205053329468,0.12161563973279962,5.909583077464915
676,RC131,RC131,-5,exp5_p05_seed44_e014,-0.7133664274980893,0.6935670375823975,0.1291839255758624,7.282111792585987
677,RC131,RC131,0,exp5_p0_seed42_e015,0.21243174012835464,0.14698126912117004,0.20757398613071995,10.33256432987196
677,RC131,RC131,0,exp5_p0_seed43_e008,0.33076515995762973,0.4046468734741211,0.2646969986531396,5.482230408060431
677,RC131,RC131,0,exp5_p0_seed44_e013,0.12638082631352504,0.17384374141693115,0.17365549889006776,11.38039152959302
677,RC131,RC131,0,exp5_p05_seed42_e020,-0.4360671378451114,0.6695401072502136,0.2037183142924039,5.525701885646235
677,RC131,RC131,0,exp5_p05_seed43_e022,-0.08397464787819857,0.5841265320777893,0.2606921260056434,5.89060975332676
677,RC131,RC131,0,exp5_p05_seed44_e014,0.28373103554345125,0.43732789158821106,0.24852217754673595,7.295577986416108
678,RC131,RC131,5,exp5_p0_seed42_e015,0.38265241658567883,0.1276051253080368,0.2888868932830093,10.56425015109961
678,RC131,RC131,5,exp5_p0_seed43_e008,0.8692428457682038,0.4277507960796356,0.39334710843863907,5.482299640015478
678,RC131,RC131,5,exp5_p0_seed44_e013,0.33459559193808375,0.1897328794002533,0.2428865651403392,11.513982644419215
678,RC131,RC131,5,exp5_p05_seed42_e020,0.47430123626681137,0.4557257890701294,0.3079142377765051,5.535710724642624
678,RC131,RC131,5,exp5_p05_seed43_e022,0.7778415652569503,0.48673272132873535,0.391186363919518,5.860040857519973
678,RC131,RC131,5,exp5_p05_seed44_e014,0.7143166403625174,0.3257555067539215,0.35701063693387897,7.3151543916101005
679,RC131,RC131,-5,exp5_p0_seed42_e015,-1.1107906546786674,0.3508908152580261,0.1969170266406484,11.841307525814521
679,RC131,RC131,-5,exp5_p0_seed43_e008,-2.1712701068470652,0.6274191737174988,0.3350510575110413,6.723102269619888
679,RC131,RC131,-5,exp5_p0_seed44_e013,-0.5354717483845444,0.5670422911643982,0.31819223796844026,11.103547900852043
679,RC131,RC131,-5,exp5_p05_seed42_e020,-2.070808363761213,0.8507339954376221,0.34285060475745305,4.676302318756793
679,RC131,RC131,-5,exp5_p05_seed43_e022,-1.6137697516703242,0.8004767894744873,0.3610370711697511,5.539256697186213
679,RC131,RC131,-5,exp5_p05_seed44_e014,-1.555611157580945,0.641291081905365,0.2986139812583104,7.716102924975603
680,RC131,RC131,0,exp5_p0_seed42_e015,0.018913737502196246,0.28483784198760986,0.237438886676529,12.459493204712576
680,RC131,RC131,0,exp5_p0_seed43_e008,0.10738265668220465,0.5092822313308716,0.4444162774788089,6.799926743152563
680,RC131,RC131,0,exp5_p0_seed44_e013,0.5336791077193443,0.46364858746528625,0.42950771775482544,10.792076738647422
680,RC131,RC131,0,exp5_p05_seed42_e020,0.21274176524249533,0.6096221208572388,0.44047374403555556,4.5726004065451935
680,RC131,RC131,0,exp5_p05_seed43_e022,0.4080270047256761,0.5689986944198608,0.46822845303348287,5.521380519742856
680,RC131,RC131,0,exp5_p05_seed44_e014,0.18399044552835397,0.45525312423706055,0.3638330159841428,7.782662709972566
681,RC131,RC131,5,exp5_p0_seed42_e015,0.4171376868934454,0.25379225611686707,0.27237261513832167,12.607270054890993
681,RC131,RC131,5,exp5_p0_seed43_e008,1.0218484198634994,0.4823649227619171,0.49692168152187877,6.836360689840184
681,RC131,RC131,5,exp5_p0_seed44_e013,0.8685663441878004,0.44708940386772156,0.4914572100644034,9.98255625999682
681,RC131,RC131,5,exp5_p05_seed42_e020,1.0997330123503748,0.4889092445373535,0.4964291860460351,4.4050606086650905
681,RC131,RC131,5,exp5_p05_seed43_e022,1.1514699621781055,0.47358593344688416,0.5231000678440387,5.482520431266119
681,RC131,RC131,5,exp5_p05_seed44_e014,0.827186155658411,0.4247429072856903,0.4010117714237115,7.805537208704623
682,RC131,RC131,-5,exp5_p0_seed42_e015,-0.3355290261663092,0.7686818838119507,0.1922148252671842,13.354272485065387
682,RC131,RC131,-5,exp5_p0_seed43_e008,-2.6865255580001075,3.050100326538086,0.1764471165036448,5.10471732604894
682,RC131,RC131,-5,exp5_p0_seed44_e013,-1.4943254456108355,1.9791715145111084,0.1302711721121104,8.622003789027996
682,RC131,RC131,-5,exp5_p05_seed42_e020,-3.051085973508152,5.10217809677124,0.13737610367214986,4.255587720609773
682,RC131,RC131,-5,exp5_p05_seed43_e022,-2.954935793296027,4.359484672546387,0.1425034838404618,4.636215540323242
682,RC131,RC131,-5,exp5_p05_seed44_e014,-1.9356743839748038,3.634657144546509,0.17205798901363226,6.453821050726213
683,RC131,RC131,0,exp5_p0_seed42_e015,0.590471168135893,0.39413562417030334,0.3319370828415176,13.255835768139725
683,RC131,RC131,0,exp5_p0_seed43_e008,-0.24252178922310214,1.693368673324585,0.3329736457664769,5.174415774141037
683,RC131,RC131,0,exp5_p0_seed44_e013,-0.00023170806498524276,1.040358543395996,0.20425977732179737,8.668037533885931
683,RC131,RC131,0,exp5_p05_seed42_e020,-0.4874969876837152,2.8074560165405273,0.2823981054441032,4.279318397953155
683,RC131,RC131,0,exp5_p05_seed43_e022,-0.4308880289615455,2.4583775997161865,0.27575738097001,4.623188447568635
683,RC131,RC131,0,exp5_p05_seed44_e014,0.08551774783620751,1.9403952360153198,0.31195021151912855,6.562837305626532
684,RC131,RC131,5,exp5_p0_seed42_e015,1.0252291964460738,0.307428240776062,0.393776984289777,13.011945981409836
684,RC131,RC131,5,exp5_p0_seed43_e008,0.9840428973003769,1.06368887424469,0.4227289548223529,5.276601358654781
684,RC131,RC131,5,exp5_p0_seed44_e013,0.5417145562877214,0.5869263410568237,0.317821230859933,8.623336302524251
684,RC131,RC131,5,exp5_p05_seed42_e020,0.782816893436845,1.598848819732666,0.40208068246699474,4.277034148467106
684,RC131,RC131,5,exp5_p05_seed43_e022,0.9244890992388779,1.4514882564544678,0.4091488762606586,4.570044859970299
684,RC131,RC131,5,exp5_p05_seed44_e014,0.9707373652325704,1.151315689086914,0.4005287671623451,6.668756745165979
685,RC131,RC131,-5,exp5_p0_seed42_e015,-0.53557069089088,0.6023285388946533,0.25484049572222706,10.995971572150873
685,RC131,RC131,-5,exp5_p0_seed43_e008,-2.276587023192997,0.9429248571395874,0.25270198755731715,6.85254273000133
685,RC131,RC131,-5,exp5_p0_seed44_e013,-0.8642170667173552,0.7090908885002136,0.15502904670306514,11.580750920316532
685,RC131,RC131,-5,exp5_p05_seed42_e020,-1.65284972114565,1.0763636827468872,0.21519951738146717,5.726568836398927
685,RC131,RC131,-5,exp5_p05_seed43_e022,-1.501182478469588,1.0880632400512695,0.22420131633975043,6.440720159714274
685,RC131,RC131,-5,exp5_p05_seed44_e014,-1.069398420922752,0.8360474109649658,0.19622165793375998,7.8424786031151985
686,RC131,RC131,0,exp5_p0_seed42_e015,0.9483009600405439,0.39396241307258606,0.3618424514237952,11.060533291910255
686,RC131,RC131,0,exp5_p0_seed43_e008,0.25211934917004186,0.5888060927391052,0.37882977668328083,6.878932772760971
686,RC131,RC131,0,exp5_p0_seed44_e013,0.3569155935067405,0.47620341181755066,0.17887524960415965,11.675951771514423
686,RC131,RC131,0,exp5_p05_seed42_e020,0.44223435197901706,0.6425572037696838,0.3348433780964173,5.6506598413077755
686,RC131,RC131,0,exp5_p05_seed43_e022,0.5978541189245733,0.700868546962738,0.3481008820370211,6.316868259904433
686,RC131,RC131,0,exp5_p05_seed44_e014,0.622448467448772,0.5322593450546265,0.3082556457070253,7.7658972398708634
687,RC131,RC131,5,exp5_p0_seed42_e015,1.36289504860289,0.32308951020240784,0.4340270701942283,11.101508418952823
687,RC131,RC131,5,exp5_p0_seed43_e008,1.6009247341148989,0.5336182713508606,0.4656693922485818,6.917088234642147
687,RC131,RC131,5,exp5_p0_seed44_e013,0.711762411448603,0.4167623221874237,0.22192345822889406,11.719767727544815
687,RC131,RC131,5,exp5_p05_seed42_e020,1.373462478906713,0.5061488151550293,0.4240342771611943,5.529720375757973
687,RC131,RC131,5,exp5_p05_seed43_e022,1.521611389446798,0.59071946144104,0.4483035435673975,6.189755518009971
687,RC131,RC131,5,exp5_p05_seed44_e014,1.3717373784139468,0.4250842332839966,0.4193883897272249,7.6086613504494105
688,RC131,RC131,-5,exp5_p0_seed42_e015,-0.8990645744216064,0.1144166886806488,0.32602768138517313,10.792080581345822
688,RC131,RC131,-5,exp5_p0_seed43_e008,-2.4374811687905398,0.5089054107666016,0.503908115135312,5.940203394047666
688,RC131,RC131,-5,exp5_p0_seed44_e013,-1.135932309874852,0.12802986800670624,0.07681749207770165,11.615023465422038
688,RC131,RC131,-5,exp5_p05_seed42_e020,-2.3794306609991374,0.41973361372947693,0.3543873280751802,5.449257707387774
688,RC131,RC131,-5,exp5_p05_seed43_e022,-2.485022256133698,0.3889197111129761,0.3801871863974686,5.802777360263139
688,RC131,RC131,-5,exp5_p05_seed44_e014,-1.4586756627665292,0.3673732280731201,0.3469639268310149,7.818932300559204
689,RC131,RC131,0,exp5_p0_seed42_e015,0.4909837543906772,0.1942397952079773,0.6148132313647399,11.05211695280829
689,RC131,RC131,0,exp5_p0_seed43_e008,0.5019878005250702,0.5912064909934998,0.669851397972144,5.963287195955738
689,RC131,RC131,0,exp5_p0_seed44_e013,0.05844658327915058,0.1999182552099228,0.41066003336384926,11.659087014854084
689,RC131,RC131,0,exp5_p05_seed42_e020,-0.10503233163683386,0.3849111497402191,0.5501510445669432,5.481117334099634
689,RC131,RC131,0,exp5_p05_seed43_e022,0.10996156441590153,0.43448376655578613,0.619032778315417,5.793838956516924
689,RC131,RC131,0,exp5_p05_seed44_e014,0.41919132622555755,0.3858756124973297,0.5720867815683185,7.856733622997542
690,RC131,RC131,5,exp5_p0_seed42_e015,1.2167345918915404,0.286272794008255,0.7107046743671155,11.130985626610332
690,RC131,RC131,5,exp5_p0_seed43_e008,2.0167752516368465,0.6358548402786255,0.7383731654239613,5.987912984361683
690,RC131,RC131,5,exp5_p0_seed44_e013,0.6439242502666114,0.19579815864562988,0.5479532762494926,11.702492053372296
690,RC131,RC131,5,exp5_p05_seed42_e020,1.1067572174376026,0.3988480865955353,0.6551331638559232,5.509540831881926
690,RC131,RC131,5,exp5_p05_seed43_e022,1.4790571951274065,0.4424739181995392,0.7177084610385067,5.758382266553211
690,RC131,RC131,5,exp5_p05_seed44_e014,1.3689393874338869,0.4032221734523773,0.6731785839975059,7.8848671084336805
691,RC131,RC131,-5,exp5_p0_seed42_e015,-0.23821070687764734,0.27789226174354553,0.09099989421187897,10.610371695287245
691,RC131,RC131,-5,exp5_p0_seed43_e008,-1.0669805007588509,0.9761707186698914,0.12014171188722703,5.124003300300826
691,RC131,RC131,-5,exp5_p0_seed44_e013,-0.22125893537760868,0.2525341808795929,0.09977971313161203,9.69596204636795
691,RC131,RC131,-5,exp5_p05_seed42_e020,-2.2281965080380988,1.1597262620925903,0.11199926452884683,5.017480719857659
691,RC131,RC131,-5,exp5_p05_seed43_e022,-1.8118937683588545,1.2283560037612915,0.12764442979944285,5.417707464445387
691,RC131,RC131,-5,exp5_p05_seed44_e014,-1.1882606425567261,0.7267772555351257,0.1293911480645473,6.645660870838027
692,RC131,RC131,0,exp5_p0_seed42_e015,0.11571686751844625,0.1583457738161087,0.10516097105698892,11.091808885358553
692,RC131,RC131,0,exp5_p0_seed43_e008,0.6352221117530055,0.6413670778274536,0.2678015400234984,5.12630312231625
692,RC131,RC131,0,exp5_p0_seed44_e013,0.4004571658991674,0.1698789894580841,0.10849678426293627,9.70543180179234
692,RC131,RC131,0,exp5_p05_seed42_e020,0.044915315362351195,0.7522826194763184,0.2760875217794424,4.960879473211951
692,RC131,RC131,0,exp5_p05_seed43_e022,0.3277763727850677,0.768513023853302,0.2591451157377538,5.384180812366034
692,RC131,RC131,0,exp5_p05_seed44_e014,0.20668089024360697,0.4655441641807556,0.17870509210169414,6.636777462826727
693,RC131,RC131,5,exp5_p0_seed42_e015,0.3586330559547317,0.11440756171941757,0.3127705453699137,10.72899163045162
693,RC131,RC131,5,exp5_p0_seed43_e008,1.467165847447363,0.4289979934692383,0.4625788954906558,5.122105456295351
693,RC131,RC131,5,exp5_p0_seed44_e013,0.7816571164269612,0.17474552989006042,0.2581828213217353,9.750345213926185
693,RC131,RC131,5,exp5_p05_seed42_e020,1.202319659166872,0.5241152048110962,0.4284002836343341,4.866107113380679
693,RC131,RC131,5,exp5_p05_seed43_e022,1.2988500826194225,0.5307475328445435,0.4450492911079768,5.318964193351517
693,RC131,RC131,5,exp5_p05_seed44_e014,0.8599078178167827,0.31390294432640076,0.3742834366859702,6.626591068798454
694,RC131,RC131,-5,exp5_p0_seed42_e015,-0.20690314352502415,0.39512014389038086,0.24788433115254715,14.055308256183636
694,RC131,RC131,-5,exp5_p0_seed43_e008,-2.532822110657374,0.7344822287559509,0.2617082304852785,5.548673366046821
694,RC131,RC131,-5,exp5_p0_seed44_e013,-1.7466854473208213,0.586262047290802,0.08636730337816372,9.375853869495145
694,RC131,RC131,-5,exp5_p05_seed42_e020,-3.572571735953175,0.7784067392349243,0.17040807190437263,4.7548680639152545
694,RC131,RC131,-5,exp5_p05_seed43_e022,-3.220410169007198,0.7380924820899963,0.1010788336228121,5.042962631556427
694,RC131,RC131,-5,exp5_p05_seed44_e014,-2.4982410465466427,0.6428223848342896,0.12654626220008466,6.962512281636666
695,RC131,RC131,0,exp5_p0_seed42_e015,1.004476614438771,0.537897527217865,0.6182178317938442,14.195196954658364
695,RC131,RC131,0,exp5_p0_seed43_e008,0.24124521588290126,0.5296115875244141,0.532898129533032,5.58432127880384
695,RC131,RC131,0,exp5_p0_seed44_e013,-0.18051384171066215,0.3368476927280426,0.2318192496877488,9.486039926161084
695,RC131,RC131,0,exp5_p05_seed42_e020,-0.8900066664712146,0.4933604598045349,0.3719119498646122,4.691645557309735
695,RC131,RC131,0,exp5_p05_seed43_e022,-0.6342230488854929,0.4398469030857086,0.321333206204562,5.015151135357597
695,RC131,RC131,0,exp5_p05_seed44_e014,-0.18751165187067,0.39151206612586975,0.3659241639782644,7.015685611359494
696,RC131,RC131,5,exp5_p0_seed42_e015,1.4979096454334353,0.6200770735740662,0.7213219792483895,14.334846259127698
696,RC131,RC131,5,exp5_p0_seed43_e008,1.7602981391399855,0.5555912256240845,0.7002406436529199,5.653922298630918
696,RC131,RC131,5,exp5_p0_seed44_e013,0.5620316598443249,0.26393914222717285,0.44454852743687057,9.587605070584509
696,RC131,RC131,5,exp5_p05_seed42_e020,0.711630743214797,0.36666354537010193,0.5651769039661092,4.62630519108817
696,RC131,RC131,5,exp5_p05_seed43_e022,0.8069199972442407,0.32136356830596924,0.5484803639846291,4.973601461614872
696,RC131,RC131,5,exp5_p05_seed44_e014,0.931198468979158,0.30917251110076904,0.5748330021144261,7.091235679294773
697,RC2BF,RC2BF,-5,exp5_p0_seed42_e015,-0.5977123059223368,1.0106185674667358,0.1591957065434018,9.795931005480508
697,RC2BF,RC2BF,-5,exp5_p0_seed43_e008,-1.6619554414724642,1.493172287940979,0.19890888545307675,4.50126364402061
697,RC2BF,RC2BF,-5,exp5_p0_seed44_e013,-1.2423297519771137,1.3991378545761108,0.20795012681960984,6.752321279935564
697,RC2BF,RC2BF,-5,exp5_p05_seed42_e020,-2.1873610980897684,1.1056569814682007,0.19437193742336345,4.167437427580145
697,RC2BF,RC2BF,-5,exp5_p05_seed43_e022,-2.074641482693866,1.0919365882873535,0.19788515260147022,3.990683054852026
697,RC2BF,RC2BF,-5,exp5_p05_seed44_e014,-1.5717282530757544,1.017646074295044,0.17358507690522637,5.259218995649566
698,RC2BF,RC2BF,0,exp5_p0_seed42_e015,0.11199688147432865,0.6751652956008911,0.3038707627442574,9.953678960102561
698,RC2BF,RC2BF,0,exp5_p0_seed43_e008,0.19741632655399488,1.0100502967834473,0.3504339252036834,4.466521246210683
698,RC2BF,RC2BF,0,exp5_p0_seed44_e013,0.09213464681144642,0.9599524736404419,0.35405224750265857,6.937513875994419
698,RC2BF,RC2BF,0,exp5_p05_seed42_e020,-0.04375623092025048,0.7291167974472046,0.34269122699332355,4.056298070061429
698,RC2BF,RC2BF,0,exp5_p05_seed43_e022,-0.03850913781084938,0.7863439917564392,0.3339153189706817,3.9329096111177138
698,RC2BF,RC2BF,0,exp5_p05_seed44_e014,0.06304974296394793,0.6672651767730713,0.30701500592548714,5.155302946417578
699,RC2BF,RC2BF,5,exp5_p0_seed42_e015,0.3839089609974867,0.5537688732147217,0.4660349669719103,10.194409850625334
699,RC2BF,RC2BF,5,exp5_p0_seed43_e008,0.9468238283118108,0.776546835899353,0.4872017005364111,4.422495168186317
699,RC2BF,RC2BF,5,exp5_p0_seed44_e013,0.6069205699921796,0.7493234872817993,0.5042383964643381,6.902572461376083
699,RC2BF,RC2BF,5,exp5_p05_seed42_e020,0.8475050485409044,0.5807653665542603,0.4729989734532673,3.840666494855602
699,RC2BF,RC2BF,5,exp5_p05_seed43_e022,0.8239979262001147,0.6265914440155029,0.44990151115856064,3.813034799906597
699,RC2BF,RC2BF,5,exp5_p05_seed44_e014,0.6752394042668193,0.5131606459617615,0.45489910628688884,4.950915862375856
700,RC2BF,RC2BF,-5,exp5_p0_seed42_e015,0.08837390575155213,0.2819593548774719,0.4013090877178714,11.400091052371637
700,RC2BF,RC2BF,-5,exp5_p0_seed43_e008,-0.482064506659236,0.6163475513458252,0.46171980397510015,5.177350973746373
700,RC2BF,RC2BF,-5,exp5_p0_seed44_e013,0.29168463288751,0.39149391651153564,0.4443133924515736,8.45276466247961
700,RC2BF,RC2BF,-5,exp5_p05_seed42_e020,-1.060791402084599,0.7039752006530762,0.4110439458404531,4.872036116737523
700,RC2BF,RC2BF,-5,exp5_p05_seed43_e022,-0.907022435385582,0.6039171814918518,0.4048438848710353,4.7432472620726065
700,RC2BF,RC2BF,-5,exp5_p05_seed44_e014,-0.633846648828587,0.6798530220985413,0.42562625469703086,5.877899158722353
701,RC2BF,RC2BF,0,exp5_p0_seed42_e015,0.709485657690144,0.23804588615894318,0.5430897031392798,11.21663560029274
701,RC2BF,RC2BF,0,exp5_p0_seed43_e008,1.30601776557866,0.49686089158058167,0.6041869186184041,5.146630638616586
701,RC2BF,RC2BF,0,exp5_p0_seed44_e013,1.278525914761537,0.3496616780757904,0.5891439052084072,7.986241597271225
701,RC2BF,RC2BF,0,exp5_p05_seed42_e020,1.2091003531501192,0.5474039316177368,0.5557654426521892,4.602186096174484
701,RC2BF,RC2BF,0,exp5_p05_seed43_e022,1.2023234794096502,0.4772537052631378,0.5402143674261958,4.511645804690327
701,RC2BF,RC2BF,0,exp5_p05_seed44_e014,0.827274573321899,0.47057273983955383,0.5678867200421087,5.744648885279686
702,RC2BF,RC2BF,5,exp5_p0_seed42_e015,1.12560247705579,0.3276112973690033,0.6420839147977934,11.017852901254173
702,RC2BF,RC2BF,5,exp5_p0_seed43_e008,2.178233549427042,0.5727566480636597,0.6681777240205705,5.052814159407842
702,RC2BF,RC2BF,5,exp5_p0_seed44_e013,1.8628659504242622,0.531004011631012,0.6857498665766031,6.85910963494462
702,RC2BF,RC2BF,5,exp5_p05_seed42_e020,2.2084116819076134,0.5247671008110046,0.647405013654073,4.1014045069387866
702,RC2BF,RC2BF,5,exp5_p05_seed43_e022,2.209239000889539,0.531004011631012,0.6399036697491242,4.161968880742009
702,RC2BF,RC2BF,5,exp5_p05_seed44_e014,1.5621380362340087,0.419259250164032,0.6533325847429595,5.378128664145621
703,RC2BF,RC2BF,-5,exp5_p0_seed42_e015,-1.3733074211723535,1.4522936344146729,0.3260277576813455,7.651234445248003
703,RC2BF,RC2BF,-5,exp5_p0_seed43_e008,-2.936836872151416,1.932286262512207,0.3260202919286821,3.5205732344999765
703,RC2BF,RC2BF,-5,exp5_p0_seed44_e013,-1.889292725010522,1.2199137210845947,0.32642192188115643,4.835174600679637
703,RC2BF,RC2BF,-5,exp5_p05_seed42_e020,-2.9472251521168658,1.1615756750106812,0.2950144264076602,3.5815845613746373
703,RC2BF,RC2BF,-5,exp5_p05_seed43_e022,-3.3935612496197454,1.3939554691314697,0.3182631821568381,3.3582337633712154
703,RC2BF,RC2BF,-5,exp5_p05_seed44_e014,-2.6874410040441576,1.2059773206710815,0.31124885123029333,3.937411800686129
704,RC2BF,RC2BF,0,exp5_p0_seed42_e015,-0.13486290488982647,1.103263258934021,0.4403045607655378,7.887423211891861
704,RC2BF,RC2BF,0,exp5_p0_seed43_e008,-0.44562973526107547,1.4512723684310913,0.45770539197792953,3.4196376369505286
704,RC2BF,RC2BF,0,exp5_p0_seed44_e013,-0.14337799619482022,0.8196727633476257,0.4650156855857671,4.986171770662641
704,RC2BF,RC2BF,0,exp5_p05_seed42_e020,-0.4839120332156509,0.7441473603248596,0.40251835568641237,3.5112885004735284
704,RC2BF,RC2BF,0,exp5_p05_seed43_e022,-0.6947330564202974,0.9559145569801331,0.4283430815600117,3.3712057111433054
704,RC2BF,RC2BF,0,exp5_p05_seed44_e014,-0.46900824389920653,0.7998658418655396,0.42044728207691673,3.929147868450209
705,RC2BF,RC2BF,5,exp5_p0_seed42_e015,0.2793804432469428,0.9223580360412598,0.5638035830027835,8.269897459003195
705,RC2BF,RC2BF,5,exp5_p0_seed43_e008,0.632782547253774,1.1831567287445068,0.5593957677010142,3.284542077607746
705,RC2BF,RC2BF,5,exp5_p0_seed44_e013,0.4715136324543112,0.6393914818763733,0.6187172359574634,5.04255693905245
705,RC2BF,RC2BF,5,exp5_p05_seed42_e020,0.4733748893171169,0.5652811527252197,0.5127509489401401,3.372211502691208
705,RC2BF,RC2BF,5,exp5_p05_seed43_e022,0.4040361714444558,0.7171963453292847,0.5340417676204517,3.442586070619295
705,RC2BF,RC2BF,5,exp5_p05_seed44_e014,0.4303099368493351,0.5828850865364075,0.5451603104807595,3.835303131196926
706,RC2BF,RC2BF,-5,exp5_p0_seed42_e015,0.24219867480332416,0.48188549280166626,0.529458285740001,10.546274210390045
706,RC2BF,RC2BF,-5,exp5_p0_seed43_e008,-2.320959542640076,0.8501167893409729,0.4988052450587516,2.3901951794110055
706,RC2BF,RC2BF,-5,exp5_p0_seed44_e013,-1.520091195693136,0.41951364278793335,0.5185182436336374,4.538775648125268
706,RC2BF,RC2BF,-5,exp5_p05_seed42_e020,-3.1466567409648376,0.7228010296821594,0.4469148040414951,2.127990124859696
706,RC2BF,RC2BF,-5,exp5_p05_seed43_e022,-3.392207587693274,0.6673899292945862,0.4253442624102869,2.5257179992519663
706,RC2BF,RC2BF,-5,exp5_p05_seed44_e014,-1.682883188979304,0.5410743355751038,0.4517417249339401,2.697992852752012
707,RC2BF,RC2BF,0,exp5_p0_seed42_e015,0.6958470639772706,0.5205664038658142,0.6449860037261484,10.661423552015803
707,RC2BF,RC2BF,0,exp5_p0_seed43_e008,-0.0691913230691349,0.7280798554420471,0.6346936975123323,2.3486678804836827
707,RC2BF,RC2BF,0,exp5_p0_seed44_e013,0.03028250295581975,0.39053580164909363,0.6524375525550945,4.359397091864729
707,RC2BF,RC2BF,0,exp5_p05_seed42_e020,-0.8130594950201073,0.5499332547187805,0.5780700356201736,2.061579639733859
707,RC2BF,RC2BF,0,exp5_p05_seed43_e022,-0.9292399086365195,0.5206445455551147,0.5954383922802784,2.485739908831351
707,RC2BF,RC2BF,0,exp5_p05_seed44_e014,-0.09861088984058705,0.4248449206352234,0.5995053622589268,2.6745979200997123
708,RC2BF,RC2BF,5,exp5_p0_seed42_e015,1.0206051519304502,0.6010211110115051,0.7073075384995876,10.85243827235648
708,RC2BF,RC2BF,5,exp5_p0_seed43_e008,1.2378012299632308,0.6619763970375061,0.7062902909756072,2.2922540871868082
708,RC2BF,RC2BF,5,exp5_p0_seed44_e013,0.9643272220158856,0.3814980983734131,0.7136907053257828,3.9747380732545934
708,RC2BF,RC2BF,5,exp5_p05_seed42_e020,0.6308829204967941,0.485019713640213,0.6677377871141081,1.936371284109011
708,RC2BF,RC2BF,5,exp5_p05_seed43_e022,0.6853331414351973,0.44996803998947144,0.6901959928682202,2.3844898246145556
708,RC2BF,RC2BF,5,exp5_p05_seed44_e014,0.9835445904148298,0.3879458010196686,0.6875500635532024,2.6157381277602907
709,RC2BF,RC2BF,-5,exp5_p0_seed42_e015,-0.19520184667288804,2.2985293865203857,0.35324284503069187,11.824884586948716
709,RC2BF,RC2BF,-5,exp5_p0_seed43_e008,-3.0758371795562685,2.9283266067504883,0.3591462813325835,5.855552936975906
709,RC2BF,RC2BF,-5,exp5_p0_seed44_e013,-1.2302324228093118,2.182070732116699,0.35895509147339927,8.164823765233
709,RC2BF,RC2BF,-5,exp5_p05_seed42_e020,-4.162194603763225,2.774325132369995,0.32501514856648706,5.02368446301289
709,RC2BF,RC2BF,-5,exp5_p05_seed43_e022,-3.5443848976442323,2.283205986022949,0.33128943441989106,4.607636669231527
709,RC2BF,RC2BF,-5,exp5_p05_seed44_e014,-2.9475802026907187,2.2694149017333984,0.3333225947020566,7.182643055419774
710,RC2BF,RC2BF,0,exp5_p0_seed42_e015,0.5540406856707738,1.2691075801849365,0.34163813521824493,11.79919373035055
710,RC2BF,RC2BF,0,exp5_p0_seed43_e008,-0.1462320542066165,1.6015864610671997,0.3427431807720223,5.819962352919838
710,RC2BF,RC2BF,0,exp5_p0_seed44_e013,0.6595002463645889,1.0980558395385742,0.3330017315724128,8.244567291398836
710,RC2BF,RC2BF,0,exp5_p05_seed42_e020,-0.8962815832028228,1.6273975372314453,0.30424795767989443,4.922442227683766
710,RC2BF,RC2BF,0,exp5_p05_seed43_e022,-0.457993685911248,1.3386656045913696,0.2998869397509772,4.52508819727881
710,RC2BF,RC2BF,0,exp5_p05_seed44_e014,-0.21691770086208123,1.2782944440841675,0.30632879695255605,7.15721172804037
711,RC2BF,RC2BF,5,exp5_p0_seed42_e015,0.7920197444192684,0.7124897241592407,0.39458969580225745,11.979352538188497
711,RC2BF,RC2BF,5,exp5_p0_seed43_e008,1.3203481627585294,0.9001466035842896,0.423473900670828,5.753400911306525
711,RC2BF,RC2BF,5,exp5_p0_seed44_e013,1.2646194215026214,0.5811552405357361,0.4638410463179494,8.086999813031488
711,RC2BF,RC2BF,5,exp5_p05_seed42_e020,0.8498485561087694,1.041331171989441,0.40460490179666475,4.742182030049941
711,RC2BF,RC2BF,5,exp5_p05_seed43_e022,1.1567403116021018,0.7791672348976135,0.4032106081473304,4.38110145237188
711,RC2BF,RC2BF,5,exp5_p05_seed44_e014,1.1273745419398356,0.758456826210022,0.4213703267740943,7.0483998468910425
712,RC2BF,RC2BF,-5,exp5_p0_seed42_e015,-0.23966291256332134,0.42281073331832886,0.3583735979902513,10.7518141635334
712,RC2BF,RC2BF,-5,exp5_p0_seed43_e008,-0.983353312691962,1.1206271648406982,0.31994282772032656,3.9482269878220277
712,RC2BF,RC2BF,-5,exp5_p0_seed44_e013,-0.17216683619740425,0.4646502733230591,0.3473986680426524,6.643653969676537
712,RC2BF,RC2BF,-5,exp5_p05_seed42_e020,-1.3285840364256474,0.9171060919761658,0.2613727449918263,3.773283427455664
712,RC2BF,RC2BF,-5,exp5_p05_seed43_e022,-1.4360504837417285,0.732717752456665,0.25724597038756297,3.7225402338415092
712,RC2BF,RC2BF,-5,exp5_p05_seed44_e014,-0.8684652435141416,0.731876790523529,0.2696855200543229,4.619384368265436
713,RC2BF,RC2BF,0,exp5_p0_seed42_e015,0.5169806054484167,0.2773510217666626,0.3660502646395628,10.910228052803175
713,RC2BF,RC2BF,0,exp5_p0_seed43_e008,0.8760047167218488,0.6637898087501526,0.31174426583726894,3.854600704442653
713,RC2BF,RC2BF,0,exp5_p0_seed44_e013,0.8437625652556725,0.2901490330696106,0.3744392452793188,6.479655668024458
713,RC2BF,RC2BF,0,exp5_p05_seed42_e020,0.9315416940553617,0.6097944378852844,0.2636396703444,3.5510939881065466
713,RC2BF,RC2BF,0,exp5_p05_seed43_e022,0.8030523236842824,0.5338596105575562,0.255103310452607,3.5833207156572056
713,RC2BF,RC2BF,0,exp5_p05_seed44_e014,0.5687252844962252,0.4779140055179596,0.2691540870726721,4.495818985051772
714,RC2BF,RC2BF,5,exp5_p0_seed42_e015,1.0143246290508086,0.34455856680870056,0.6008527988877324,11.090302285183329
714,RC2BF,RC2BF,5,exp5_p0_seed43_e008,2.0747672051893433,0.5725597143173218,0.5797307305127603,3.690471223736478
714,RC2BF,RC2BF,5,exp5_p0_seed44_e013,1.586267055231814,0.31763756275177,0.6146497890813278,5.9730447618406926
714,RC2BF,RC2BF,5,exp5_p05_seed42_e020,2.1319280217091614,0.5151082277297974,0.5393038864038928,2.9816799652984405
714,RC2BF,RC2BF,5,exp5_p05_seed43_e022,2.0715801303868475,0.4814194142818451,0.5232407062224644,3.182892966649212
714,RC2BF,RC2BF,5,exp5_p05_seed44_e014,1.4795556011692725,0.4092290699481964,0.5299848534289439,4.142917131840612
715,RC2BF,RC2BF,-5,exp5_p0_seed42_e015,-0.35263626754192023,2.3174827098846436,0.55671042294719,12.04551213790899
715,RC2BF,RC2BF,-5,exp5_p0_seed43_e008,-1.9453753988076463,3.0105786323547363,0.5493456538018432,4.847783626733408
715,RC2BF,RC2BF,-5,exp5_p0_seed44_e013,-1.0980772817867166,2.297588348388672,0.548821842343811,7.33182287916641
715,RC2BF,RC2BF,-5,exp5_p05_seed42_e020,-1.9027918302511002,2.319653272628784,0.5104654503262069,4.34507836360889
715,RC2BF,RC2BF,-5,exp5_p05_seed43_e022,-2.199837431028597,2.2740540504455566,0.4956029560453324,4.249620254669695
715,RC2BF,RC2BF,-5,exp5_p05_seed44_e014,-1.621865341064502,1.8568540811538696,0.5027942098631475,5.765026885436397
716,RC2BF,RC2BF,0,exp5_p0_seed42_e015,0.5195705462874183,1.571263074874878,0.5889384970629222,12.111873597777063
716,RC2BF,RC2BF,0,exp5_p0_seed43_e008,1.0055492038585752,1.9906481504440308,0.6051617076587062,4.813482568045876
716,RC2BF,RC2BF,0,exp5_p0_seed44_e013,1.297853931579276,1.4763134717941284,0.5929754645682787,7.020559202065506
716,RC2BF,RC2BF,0,exp5_p05_seed42_e020,1.2339511453915137,1.4752863645553589,0.5698322133823667,4.218070123751417
716,RC2BF,RC2BF,0,exp5_p05_seed43_e022,1.035624251505649,1.436379075050354,0.5512588883067041,4.116710664180835
716,RC2BF,RC2BF,0,exp5_p05_seed44_e014,0.936244749935986,1.188584566116333,0.5510109053292964,5.682215747710822
717,RC2BF,RC2BF,5,exp5_p0_seed42_e015,1.0590697507474143,1.1950289011001587,0.6522701648962016,12.29988900505532
717,RC2BF,RC2BF,5,exp5_p0_seed43_e008,2.6520314930549,1.466807246208191,0.6788442529037729,4.784482951801395
717,RC2BF,RC2BF,5,exp5_p0_seed44_e013,2.5316716780997894,1.0007843971252441,0.6691739495420708,7.123670497677617
717,RC2BF,RC2BF,5,exp5_p05_seed42_e020,2.81724269886934,1.0763282775878906,0.6549376711110405,3.9680581898769347
717,RC2BF,RC2BF,5,exp5_p05_seed43_e022,2.8343381929560874,1.0012184381484985,0.639884836367717,3.986125760323212
717,RC2BF,RC2BF,5,exp5_p05_seed44_e014,2.1400494091245106,0.753911554813385,0.6455878878547304,5.548334610679747
718,RC2BF,RC2BF,-5,exp5_p0_seed42_e015,-0.21628897798287364,0.8160356879234314,0.5513584877853773,12.979085779173442
718,RC2BF,RC2BF,-5,exp5_p0_seed43_e008,-2.407963861780566,0.9703162312507629,0.5917594687495481,5.949596905324074
718,RC2BF,RC2BF,-5,exp5_p0_seed44_e013,-1.0598271412373812,0.9445168375968933,0.5588150276925383,9.930517971685116
718,RC2BF,RC2BF,-5,exp5_p05_seed42_e020,-2.626391402228674,0.7742406725883484,0.5297007029185161,4.937766726006779
718,RC2BF,RC2BF,-5,exp5_p05_seed43_e022,-2.8534906425662316,0.8162936568260193,0.5244173353578357,5.319648867458282
718,RC2BF,RC2BF,-5,exp5_p05_seed44_e014,-1.8515637123870317,0.7334775328636169,0.5668102878952307,7.05673518322077
719,RC2BF,RC2BF,0,exp5_p0_seed42_e015,0.24401996531723197,0.617432177066803,0.6150349505350879,13.244535001485328
719,RC2BF,RC2BF,0,exp5_p0_seed43_e008,-0.2056758882880546,0.7171853184700012,0.64230034272854,6.015310270864016
719,RC2BF,RC2BF,0,exp5_p0_seed44_e013,0.026412616531206114,0.7202358841896057,0.6293307663907676,10.139190073396339
719,RC2BF,RC2BF,0,exp5_p05_seed42_e020,-0.5409056200383979,0.5036464929580688,0.5778346811518225,4.969133743408242
719,RC2BF,RC2BF,0,exp5_p05_seed43_e022,-0.6150189128251067,0.5526078939437866,0.5997391503274186,5.376991202280593
719,RC2BF,RC2BF,0,exp5_p05_seed44_e014,-0.07588981175889392,0.48244521021842957,0.6107232906503415,7.133626856494507
720,RC2BF,RC2BF,5,exp5_p0_seed42_e015,0.3357673882226523,0.5895867943763733,0.6550065181446908,13.343879057075313
720,RC2BF,RC2BF,5,exp5_p0_seed43_e008,0.7246113640631447,0.6221219301223755,0.6824778811262978,6.070925153621586
720,RC2BF,RC2BF,5,exp5_p0_seed44_e013,0.35404818383517855,0.6652624607086182,0.6795650837709267,10.183579583383576
720,RC2BF,RC2BF,5,exp5_p05_seed42_e020,0.36447465575179294,0.4430888295173645,0.6163772491903455,4.897313776940998
720,RC2BF,RC2BF,5,exp5_p05_seed43_e022,0.40925520899330264,0.4966549277305603,0.659660733714398,5.366702125312335
720,RC2BF,RC2BF,5,exp5_p05_seed44_e014,0.5240841751386928,0.4350000023841858,0.6499816311262961,7.082575394915774
721,RCBF0,RCBF0,-5,exp5_p0_seed42_e015,-0.8406545754059986,0.2919202148914337,0.20296741504871668,7.334823476238822
721,RCBF0,RCBF0,-5,exp5_p0_seed43_e008,-2.1119851967794996,0.39450475573539734,0.19685515137106577,6.977327426869266
721,RCBF0,RCBF0,-5,exp5_p0_seed44_e013,-1.4501104654618953,0.18340227007865906,0.1575480625385331,7.864640921857014
721,RCBF0,RCBF0,-5,exp5_p05_seed42_e020,-2.074758942219978,0.7059911489486694,0.17996738345209054,7.306153029664248
721,RCBF0,RCBF0,-5,exp5_p05_seed43_e022,-2.457782937444438,0.7393850088119507,0.21407709692420857,7.2989038820595376
721,RCBF0,RCBF0,-5,exp5_p05_seed44_e014,-2.6158711335923917,0.7739072442054749,0.18266653780018205,7.3822174472687685
722,RCBF0,RCBF0,0,exp5_p0_seed42_e015,-0.015478077985765962,0.2460394948720932,0.2535100859088641,7.29578835999202
722,RCBF0,RCBF0,0,exp5_p0_seed43_e008,-0.2466587640023296,0.3700394034385681,0.29580210990293726,7.02010575097518
722,RCBF0,RCBF0,0,exp5_p0_seed44_e013,-0.23744228462480416,0.17786280810832977,0.2456184884149826,7.803366624408489
722,RCBF0,RCBF0,0,exp5_p05_seed42_e020,-0.20300248904411378,0.5503338575363159,0.2798678406388085,7.281711975201915
722,RCBF0,RCBF0,0,exp5_p05_seed43_e022,-0.2522304748680793,0.5385811924934387,0.3105201562849229,7.25799479597717
722,RCBF0,RCBF0,0,exp5_p05_seed44_e014,-0.5208370580491803,0.5392540693283081,0.26429654078870873,7.367639795098798
723,RCBF0,RCBF0,5,exp5_p0_seed42_e015,0.33757869501748833,0.22001630067825317,0.3039232625851719,7.242425661323406
723,RCBF0,RCBF0,5,exp5_p0_seed43_e008,0.5739931962705541,0.3208845257759094,0.3673696361181487,7.087433485154148
723,RCBF0,RCBF0,5,exp5_p0_seed44_e013,0.32586737035095653,0.2029799520969391,0.2998646576736156,7.6615218393619555
723,RCBF0,RCBF0,5,exp5_p05_seed42_e020,0.5354573285753078,0.42840948700904846,0.34910571964170856,7.2634030443720015
723,RCBF0,RCBF0,5,exp5_p05_seed43_e022,0.6448398597345426,0.42436763644218445,0.37984306884293906,7.212578088011522
723,RCBF0,RCBF0,5,exp5_p05_seed44_e014,0.365845560633538,0.4223943054676056,0.32744818120165886,7.376360931350844
724,RCBF0,RCBF0,-5,exp5_p0_seed42_e015,-0.4036021602775469,0.37539371848106384,0.22236686010126427,6.40374698596291
724,RCBF0,RCBF0,-5,exp5_p0_seed43_e008,-1.3814774565310084,0.796351969242096,0.3794105275942865,5.035085772352193
724,RCBF0,RCBF0,-5,exp5_p0_seed44_e013,-0.7399344019342526,0.2768988609313965,0.1860903575079705,4.981597110830819
724,RCBF0,RCBF0,-5,exp5_p05_seed42_e020,-2.1504836064109987,1.124382495880127,0.3023588497221314,4.757837179629637
724,RCBF0,RCBF0,-5,exp5_p05_seed43_e022,-2.2376983498549086,1.1720024347305298,0.30174902030092293,5.154525866222311
724,RCBF0,RCBF0,-5,exp5_p05_seed44_e014,-1.9962939659513004,1.001734972000122,0.3437584742314085,5.394010290314445
725,RCBF0,RCBF0,0,exp5_p0_seed42_e015,1.0989256733709216,0.28815412521362305,0.44303721061394,6.5458563158855565
725,RCBF0,RCBF0,0,exp5_p0_seed43_e008,1.5054349968439742,0.648797333240509,0.6165419930463341,5.055263412731686
725,RCBF0,RCBF0,0,exp5_p0_seed44_e013,0.9215418350039171,0.31098219752311707,0.39247856747869375,5.1286888005508775
725,RCBF0,RCBF0,0,exp5_p05_seed42_e020,1.0358568790094795,0.7218872308731079,0.5343707612297256,4.75182105611979
725,RCBF0,RCBF0,0,exp5_p05_seed43_e022,1.0315376048826361,0.7651402950286865,0.5542937381786334,5.071141611333918
725,RCBF0,RCBF0,0,exp5_p05_seed44_e014,1.1310056266260617,0.6654177308082581,0.553800119639589,5.366415955588951
726,RCBF0,RCBF0,5,exp5_p0_seed42_e015,2.2502038739220036,0.33270564675331116,0.6705437466690091,6.6799594835046
726,RCBF0,RCBF0,5,exp5_p0_seed43_e008,3.6384646214719245,0.7213826775550842,0.7533853905912541,5.062333128211691
726,RCBF0,RCBF0,5,exp5_p0_seed44_e013,2.4760469060876438,0.5870993733406067,0.654150594189116,5.4983318336684786
726,RCBF0,RCBF0,5,exp5_p05_seed42_e020,3.2047512527368243,0.6035544276237488,0.6965658739905423,4.6909224819769
726,RCBF0,RCBF0,5,exp5_p05_seed43_e022,3.230943150485592,0.5747280120849609,0.7024054411709835,4.89414453570364
726,RCBF0,RCBF0,5,exp5_p05_seed44_e014,3.146481523649535,0.5198375582695007,0.6890260680684748,5.199620157506361
727,RCBF0,RCBF0,-5,exp5_p0_seed42_e015,-1.590639723317894,1.4694064855575562,0.23293772516260708,5.87453811715856
727,RCBF0,RCBF0,-5,exp5_p0_seed43_e008,-1.567548518636761,1.954982042312622,0.2246711258061377,5.015540398157406
727,RCBF0,RCBF0,-5,exp5_p0_seed44_e013,-0.8789427747428087,1.2214529514312744,0.1975890520489566,3.756775488435154
727,RCBF0,RCBF0,-5,exp5_p05_seed42_e020,-1.5046887032544,1.7690167427062988,0.2426948790764886,5.354855635940265
727,RCBF0,RCBF0,-5,exp5_p05_seed43_e022,-1.634394415751478,1.9098995923995972,0.2335802297954993,5.007710391812937
727,RCBF0,RCBF0,-5,exp5_p05_seed44_e014,-1.9537748255666703,2.0329372882843018,0.2389804310985452,4.907930813550184
728,RCBF0,RCBF0,0,exp5_p0_seed42_e015,0.29867523799629736,0.8688468933105469,0.3903839223819704,5.897710281995437
728,RCBF0,RCBF0,0,exp5_p0_seed43_e008,0.6951788404148793,1.1218371391296387,0.4052518838282032,5.029162406530595
728,RCBF0,RCBF0,0,exp5_p0_seed44_e013,0.48338052416128674,0.8518160581588745,0.36028233313647956,3.6799929648894274
728,RCBF0,RCBF0,0,exp5_p05_seed42_e020,0.5712716525784824,1.1212878227233887,0.4065850021540586,5.321742129890982
728,RCBF0,RCBF0,0,exp5_p05_seed43_e022,0.6645858207600319,1.1855653524398804,0.4225980062551876,4.9899508893881945
728,RCBF0,RCBF0,0,exp5_p05_seed44_e014,0.33892655235690233,1.2391300201416016,0.4091233572931511,4.8888400179896605
729,RCBF0,RCBF0,5,exp5_p0_seed42_e015,1.1168338706687662,0.6282572150230408,0.4986453879070921,5.906816427655979
729,RCBF0,RCBF0,5,exp5_p0_seed43_e008,1.832995019413901,0.7406127452850342,0.5232171794705086,5.051454163338355
729,RCBF0,RCBF0,5,exp5_p0_seed44_e013,1.1348975096080305,0.6862056255340576,0.47204822409927255,3.7464430001267965
729,RCBF0,RCBF0,5,exp5_p05_seed42_e020,1.6524637665255846,0.7319204807281494,0.5192003120647197,5.31620982219615
729,RCBF0,RCBF0,5,exp5_p05_seed43_e022,1.7795791967179704,0.8511977195739746,0.53912701719056,4.995938010738841
729,RCBF0,RCBF0,5,exp5_p05_seed44_e014,1.5114745552764977,0.9365105032920837,0.514177844095779,4.911740660687302
730,RCBF0,RCBF0,-5,exp5_p0_seed42_e015,-0.2979593178557257,0.44750526547431946,0.26638517199114214,10.276188028974627
730,RCBF0,RCBF0,-5,exp5_p0_seed43_e008,-1.2404271440515509,0.860234260559082,0.2868757676274437,5.969493359937504
730,RCBF0,RCBF0,-5,exp5_p0_seed44_e013,-0.5939364905542535,0.39111706614494324,0.22871173208030934,8.97455421339215
730,RCBF0,RCBF0,-5,exp5_p05_seed42_e020,-1.4450944018988428,0.8156686425209045,0.27467875867676095,6.304065246943336
730,RCBF0,RCBF0,-5,exp5_p05_seed43_e022,-1.6080940415123735,0.7603093981742859,0.2753885350867616,5.69929619432939
730,RCBF0,RCBF0,-5,exp5_p05_seed44_e014,-1.684767863798295,0.7836090922355652,0.26399691536470743,6.01079468674294
731,RCBF0,RCBF0,0,exp5_p0_seed42_e015,0.29808404332046956,0.4272291958332062,0.34085045060093033,10.326680963699221
731,RCBF0,RCBF0,0,exp5_p0_seed43_e008,0.30657321944782895,0.5719060301780701,0.4077763048541021,5.994917561659908
731,RCBF0,RCBF0,0,exp5_p0_seed44_e013,0.24588847930090832,0.35924550890922546,0.32234439949020344,9.157367248001208
731,RCBF0,RCBF0,0,exp5_p05_seed42_e020,0.17195324143560814,0.556505024433136,0.369962939181668,6.283569983102151
731,RCBF0,RCBF0,0,exp5_p05_seed43_e022,0.13552658618360477,0.5263799428939819,0.3759523438679464,5.699316453272361
731,RCBF0,RCBF0,0,exp5_p05_seed44_e014,0.08617735446578617,0.5078684091567993,0.3685554420668579,6.022301600830097
732,RCBF0,RCBF0,5,exp5_p0_seed42_e015,0.5891687817298846,0.4043736457824707,0.39068703270083693,10.422265270840864
732,RCBF0,RCBF0,5,exp5_p0_seed43_e008,1.0358079618483016,0.5612207651138306,0.48806853556235674,6.028848761803518
732,RCBF0,RCBF0,5,exp5_p0_seed44_e013,0.5934449422766694,0.383893221616745,0.39806533102802527,9.224157094087508
732,RCBF0,RCBF0,5,exp5_p05_seed42_e020,0.8544772680994451,0.4071767330169678,0.44350260441051575,6.174695001786409
732,RCBF0,RCBF0,5,exp5_p05_seed43_e022,0.898998245050683,0.39454033970832825,0.4546889433507108,5.6383788843393905
732,RCBF0,RCBF0,5,exp5_p05_seed44_e014,0.8778974830523539,0.37931743264198303,0.45603006355809944,5.967266600059866
733,RCBF0,RCBF0,-5,exp5_p0_seed42_e015,-0.10340238685120154,3.759974956512451,0.24427138464125223,7.719742702519343
733,RCBF0,RCBF0,-5,exp5_p0_seed43_e008,-0.4344451578511128,7.521706581115723,0.34732475706058324,6.722075482959702
733,RCBF0,RCBF0,-5,exp5_p0_seed44_e013,-0.5452000898155862,6.699094772338867,0.20459246674278933,7.339767193370016
733,RCBF0,RCBF0,-5,exp5_p05_seed42_e020,-1.5783308002867378,10.709115028381348,0.26670970045077974,6.72110239796565
733,RCBF0,RCBF0,-5,exp5_p05_seed43_e022,-1.8242148748959157,10.677801132202148,0.27819837089732297,6.672757681129511
733,RCBF0,RCBF0,-5,exp5_p05_seed44_e014,-1.5714481176066666,11.099047660827637,0.30800633945988654,6.542817070139
734,RCBF0,RCBF0,0,exp5_p0_seed42_e015,0.5754469731939093,2.4163777828216553,0.39133924200711,7.881466489454202
734,RCBF0,RCBF0,0,exp5_p0_seed43_e008,1.2443157896206438,4.2051568031311035,0.5542238727143243,6.7326318192155545
734,RCBF0,RCBF0,0,exp5_p0_seed44_e013,0.6541655690803959,4.007137298583984,0.44891371729309865,7.569812073901911
734,RCBF0,RCBF0,0,exp5_p05_seed42_e020,0.5508762729018147,6.214249134063721,0.47095051643776487,6.6618502325161675
734,RCBF0,RCBF0,0,exp5_p05_seed43_e022,0.5132625004556025,6.438722133636475,0.4975246595510047,6.627656971383353
734,RCBF0,RCBF0,0,exp5_p05_seed44_e014,0.6856291756752203,6.60240364074707,0.524331817090677,6.482300372328515
735,RCBF0,RCBF0,5,exp5_p0_seed42_e015,1.2387643834258142,1.5452313423156738,0.5984269827840843,7.828744653859269
735,RCBF0,RCBF0,5,exp5_p0_seed43_e008,2.4417166149815372,2.443959951400757,0.6948780873431964,6.727613007062545
735,RCBF0,RCBF0,5,exp5_p0_seed44_e013,1.4622619192995814,2.8893978595733643,0.5824640937221599,7.735919301748384
735,RCBF0,RCBF0,5,exp5_p05_seed42_e020,1.94342992182376,3.737558603286743,0.6424250169700021,6.507007691761418
735,RCBF0,RCBF0,5,exp5_p05_seed43_e022,2.1096376193063953,3.8368585109710693,0.6578333179046033,6.5090204239860805
735,RCBF0,RCBF0,5,exp5_p05_seed44_e014,2.077316705214049,3.9575717449188232,0.6772921570944954,6.276119823831072
736,RCBF0,RCBF0,-5,exp5_p0_seed42_e015,-1.1657964131203842,1.4419877529144287,0.14888438977405782,8.526728065615277
736,RCBF0,RCBF0,-5,exp5_p0_seed43_e008,-2.331024329428078,1.6311848163604736,0.17044863208365807,5.00603186526067
736,RCBF0,RCBF0,-5,exp5_p0_seed44_e013,-1.4164497603341708,1.344739556312561,0.15171611959214776,7.338445608863331
736,RCBF0,RCBF0,-5,exp5_p05_seed42_e020,-2.1369774971802435,1.516872763633728,0.15553101751071044,5.191995804852852
736,RCBF0,RCBF0,-5,exp5_p05_seed43_e022,-2.4295562757203877,1.6006672382354736,0.16149040330551023,4.968372684743835
736,RCBF0,RCBF0,-5,exp5_p05_seed44_e014,-1.9973911831334088,1.2892192602157593,0.15937349909528178,5.16947531401896
737,RCBF0,RCBF0,0,exp5_p0_seed42_e015,0.10664077457860695,0.8575348258018494,0.24498840804832234,8.703637317030488
737,RCBF0,RCBF0,0,exp5_p0_seed43_e008,-0.1999870805147808,0.9323763251304626,0.2918755178227342,5.043108646667294
737,RCBF0,RCBF0,0,exp5_p0_seed44_e013,0.012491902970473413,0.8977945446968079,0.2501969693422086,7.303425556145888
737,RCBF0,RCBF0,0,exp5_p05_seed42_e020,-0.17588654030082487,0.9467223286628723,0.2643539000916511,5.1866159398132075
737,RCBF0,RCBF0,0,exp5_p05_seed43_e022,-0.2731779917830967,0.9604530930519104,0.2717007653591168,4.956000222039682
737,RCBF0,RCBF0,0,exp5_p05_seed44_e014,-0.15013947092069319,0.8694605231285095,0.2586031995623347,5.175582665479751
738,RCBF0,RCBF0,5,exp5_p0_seed42_e015,0.5359103986966619,0.5468712449073792,0.30669473685459125,8.757117814040784
738,RCBF0,RCBF0,5,exp5_p0_seed43_e008,0.7642717882590253,0.6709861755371094,0.39537323408406244,5.093472663922362
738,RCBF0,RCBF0,5,exp5_p0_seed44_e013,0.43958684902125955,0.674029529094696,0.3128272815172434,6.914079182247904
738,RCBF0,RCBF0,5,exp5_p05_seed42_e020,0.6930596534669535,0.6764453649520874,0.3702173258909466,5.146771724173055
738,RCBF0,RCBF0,5,exp5_p05_seed43_e022,0.7520896523095398,0.6844400763511658,0.39202255912731426,4.94459070627829
738,RCBF0,RCBF0,5,exp5_p05_seed44_e014,0.6792628760829106,0.6279589533805847,0.3669507915975232,5.1879423400649705
739,RCBF0,RCBF0,-5,exp5_p0_seed42_e015,-0.14560055579226083,0.3785211741924286,0.273320538290157,7.7245608731265145
739,RCBF0,RCBF0,-5,exp5_p0_seed43_e008,-1.1952329957247627,0.6426290273666382,0.2608207806024993,7.009318626782904
739,RCBF0,RCBF0,-5,exp5_p0_seed44_e013,-0.7479517846621465,0.3665795624256134,0.295951166171374,7.332478654867547
739,RCBF0,RCBF0,-5,exp5_p05_seed42_e020,-1.0840359608721017,0.6748574376106262,0.22849828713182935,7.079717311083181
739,RCBF0,RCBF0,-5,exp5_p05_seed43_e022,-1.1236223582801679,0.6666403412818909,0.26399332068141007,6.975619606968309
739,RCBF0,RCBF0,-5,exp5_p05_seed44_e014,-1.3722745079225007,0.679078996181488,0.27374080932378475,7.01039048667336
740,RCBF0,RCBF0,0,exp5_p0_seed42_e015,0.7585623269697412,0.2971610426902771,0.41414482035173045,7.963751974805317
740,RCBF0,RCBF0,0,exp5_p0_seed43_e008,0.7207408781427037,0.4351016879081726,0.42805250821696933,7.071350503368574
740,RCBF0,RCBF0,0,exp5_p0_seed44_e013,0.5595755154284002,0.35032108426094055,0.4117307630434333,7.373910622800082
740,RCBF0,RCBF0,0,exp5_p05_seed42_e020,0.6069783813651697,0.45450547337532043,0.37693729767757256,7.065085693232297
740,RCBF0,RCBF0,0,exp5_p05_seed43_e022,0.6913229981005926,0.4261864423751831,0.428242046416713,6.950899558961359
740,RCBF0,RCBF0,0,exp5_p05_seed44_e014,0.46076597053037877,0.5113134980201721,0.41513891058785807,6.9907279812366365
741,RCBF0,RCBF0,5,exp5_p0_seed42_e015,1.188059023646866,0.32698363065719604,0.505680574263141,8.151795774310164
741,RCBF0,RCBF0,5,exp5_p0_seed43_e008,1.7133452967403997,0.3745562434196472,0.5493171706268402,7.1465472936046055
741,RCBF0,RCBF0,5,exp5_p0_seed44_e013,1.066432044578796,0.34647390246391296,0.4689809826912413,8.006671758684742
741,RCBF0,RCBF0,5,exp5_p05_seed42_e020,1.4958967878380192,0.39181384444236755,0.5008136364633015,7.020407148013166
741,RCBF0,RCBF0,5,exp5_p05_seed43_e022,1.6253755711793874,0.37443771958351135,0.53966729019623,6.916017977969818
741,RCBF0,RCBF0,5,exp5_p05_seed44_e014,1.3848842129614938,0.39878347516059875,0.5095711989529108,6.971431992857323
742,RCBF0,RCBF0,-5,exp5_p0_seed42_e015,-0.4941398108583075,0.2657948136329651,0.19696475670280664,10.064511440123361
742,RCBF0,RCBF0,-5,exp5_p0_seed43_e008,-1.2637394237926407,0.46499741077423096,0.228409876269723,6.712784780953257
742,RCBF0,RCBF0,-5,exp5_p0_seed44_e013,-0.7355027302748032,0.31313270330429077,0.19386841067538568,9.87680262841849
742,RCBF0,RCBF0,-5,exp5_p05_seed42_e020,-1.2839365997753065,0.4767831265926361,0.2171536484635202,6.747594722683416
742,RCBF0,RCBF0,-5,exp5_p05_seed43_e022,-1.5608952767571902,0.529500424861908,0.23268672422098627,6.69432891120544
742,RCBF0,RCBF0,-5,exp5_p05_seed44_e014,-1.3564748666623418,0.41881152987480164,0.2048486220772071,7.3138075455863705
743,RCBF0,RCBF0,0,exp5_p0_seed42_e015,0.1578713635398972,0.19311772286891937,0.27632287248480925,10.092084674342889
743,RCBF0,RCBF0,0,exp5_p0_seed43_e008,0.2829416651943907,0.34216049313545227,0.3584296997203889,6.737555248281817
743,RCBF0,RCBF0,0,exp5_p0_seed44_e013,0.1332540314471685,0.24964630603790283,0.26441531061301954,10.038738077783162
743,RCBF0,RCBF0,0,exp5_p05_seed42_e020,0.06811140093807273,0.3601612448692322,0.3237663264141372,6.751045583599518
743,RCBF0,RCBF0,0,exp5_p05_seed43_e022,0.04295787961503709,0.3805968761444092,0.33400586293022305,6.671192826337242
743,RCBF0,RCBF0,0,exp5_p05_seed44_e014,0.10423662002257571,0.31126055121421814,0.3285185634763223,7.308125502144593
744,RCBF0,RCBF0,5,exp5_p0_seed42_e015,0.37797179540685477,0.18152861297130585,0.3163807657922655,10.275373727882775
744,RCBF0,RCBF0,5,exp5_p0_seed43_e008,0.9276747016599802,0.31347814202308655,0.45341866592630903,6.773944528852555
744,RCBF0,RCBF0,5,exp5_p0_seed44_e013,0.3300229119993734,0.22207801043987274,0.3126700855975636,10.235599522950427
744,RCBF0,RCBF0,5,exp5_p05_seed42_e020,0.6720978975647753,0.31419962644577026,0.4090837562410431,6.674984172362341
744,RCBF0,RCBF0,5,exp5_p05_seed43_e022,0.7547801746300073,0.3057522475719452,0.420834353354646,6.575647095731848
744,RCBF0,RCBF0,5,exp5_p05_seed44_e014,0.6501106965953911,0.24520857632160187,0.4036063734866383,7.2178597063210574
745,RCCE6,RCCE6,-5,exp5_p0_seed42_e015,-1.5131383657708626,0.44698020815849304,0.15961293418686373,9.70681119236819
745,RCCE6,RCCE6,-5,exp5_p0_seed43_e008,-2.606090028560399,0.9382548332214355,0.10548050546630516,6.104909686517477
745,RCCE6,RCCE6,-5,exp5_p0_seed44_e013,-1.6267639105209155,0.41548192501068115,0.1583929278027952,8.023521651100577
745,RCCE6,RCCE6,-5,exp5_p05_seed42_e020,-2.3896395032888593,0.6459115147590637,0.09375126612885415,6.811266656757042
745,RCCE6,RCCE6,-5,exp5_p05_seed43_e022,-2.342963098620058,0.7994655966758728,0.10220958889433544,7.117436279736826
745,RCCE6,RCCE6,-5,exp5_p05_seed44_e014,-1.7960836206394795,0.58665531873703,0.13450949411918348,7.275195167016956
746,RCCE6,RCCE6,0,exp5_p0_seed42_e015,0.19985608209532474,0.20655162632465363,0.22535534423258924,9.68604870213966
746,RCCE6,RCCE6,0,exp5_p0_seed43_e008,0.27419798303192017,0.5655648708343506,0.1616025286174393,6.064814613542514
746,RCCE6,RCCE6,0,exp5_p0_seed44_e013,-0.19072341946646756,0.2593224048614502,0.14262113821491362,7.945323339692242
746,RCCE6,RCCE6,0,exp5_p05_seed42_e020,0.09209914136526912,0.4279020130634308,0.2599704480528832,6.738982924142575
746,RCCE6,RCCE6,0,exp5_p05_seed43_e022,0.15152450270656587,0.49134165048599243,0.2219996996552447,7.056034562057134
746,RCCE6,RCCE6,0,exp5_p05_seed44_e014,0.510395024330591,0.3659537136554718,0.2617412868961625,7.219352858969332
747,RCCE6,RCCE6,5,exp5_p0_seed42_e015,1.3541127976982072,0.2271035611629486,0.4530246204274575,9.514431117873505
747,RCCE6,RCCE6,5,exp5_p0_seed43_e008,1.8822716456857436,0.4998950660228729,0.4183040298976232,6.020242502966864
747,RCCE6,RCCE6,5,exp5_p0_seed44_e013,0.836352474443709,0.1600412130355835,0.2488646854984346,8.006341215545843
747,RCCE6,RCCE6,5,exp5_p05_seed42_e020,1.671018954355819,0.4305616617202759,0.47092839292065186,6.6536836386069425
747,RCCE6,RCCE6,5,exp5_p05_seed43_e022,1.5938378567636289,0.48426494002342224,0.5044864259413306,6.995363150410819
747,RCCE6,RCCE6,5,exp5_p05_seed44_e014,1.8648743276468462,0.3208172023296356,0.4891650990482024,7.1514688750453
748,RCCE6,RCCE6,-5,exp5_p0_seed42_e015,-1.5590259544829204,0.32388371229171753,0.27240470233951786,8.192547417997991
748,RCCE6,RCCE6,-5,exp5_p0_seed43_e008,-2.316157553856776,0.5052049160003662,0.2614332833620053,4.276541046086616
748,RCCE6,RCCE6,-5,exp5_p0_seed44_e013,-1.3236459971488121,0.2784152328968048,0.22170001243925636,6.044688613773955
748,RCCE6,RCCE6,-5,exp5_p05_seed42_e020,-1.3095925157309667,0.3694310486316681,0.24573604414482053,5.682714266850168
748,RCCE6,RCCE6,-5,exp5_p05_seed43_e022,-1.5226978635662807,0.4195464849472046,0.2793646484580572,5.419491884235711
748,RCCE6,RCCE6,-5,exp5_p05_seed44_e014,-1.1944948948634972,0.3309953212738037,0.2899484660719057,5.378037452058958
749,RCCE6,RCCE6,0,exp5_p0_seed42_e015,-0.08747261528643449,0.25351059436798096,0.34244316744061354,8.3815955134364
749,RCCE6,RCCE6,0,exp5_p0_seed43_e008,-0.20436337610716682,0.5093680024147034,0.3744469772789181,4.291754919768652
749,RCCE6,RCCE6,0,exp5_p0_seed44_e013,-0.12771527249302234,0.22733333706855774,0.3058509673467006,6.198337987325911
749,RCCE6,RCCE6,0,exp5_p05_seed42_e020,0.14475207517208002,0.3149339258670807,0.35606636924025364,5.737458016792068
749,RCCE6,RCCE6,0,exp5_p05_seed43_e022,0.1307561457704515,0.370212197303772,0.3964977441366428,5.4203917724333825
749,RCCE6,RCCE6,0,exp5_p05_seed44_e014,0.14972745256731818,0.3035012483596802,0.392675621084308,5.338746096770218
750,RCCE6,RCCE6,5,exp5_p0_seed42_e015,0.5715979061973935,0.18707962334156036,0.38161926193798823,8.561501594728554
750,RCCE6,RCCE6,5,exp5_p0_seed43_e008,0.6859357417583714,0.47540736198425293,0.43122267248083473,4.297962729122813
750,RCCE6,RCCE6,5,exp5_p0_seed44_e013,0.14825163260121466,0.20041941106319427,0.3274535626155226,6.193143556256119
750,RCCE6,RCCE6,5,exp5_p05_seed42_e020,0.7845229855006024,0.27210670709609985,0.4400917442980349,5.812563442376582
750,RCCE6,RCCE6,5,exp5_p05_seed43_e022,0.8339547784362505,0.35762909054756165,0.47988980223030825,5.4582134051255995
750,RCCE6,RCCE6,5,exp5_p05_seed44_e014,0.7806913179576898,0.2655389904975891,0.46027053600787643,5.340353923604056
751,RCCE6,RCCE6,-5,exp5_p0_seed42_e015,-1.571276011025582,0.4750775098800659,0.15940222793990996,10.051244895133355
751,RCCE6,RCCE6,-5,exp5_p0_seed43_e008,-2.4403354910223523,0.7721471190452576,0.15856835846938305,6.371719707419653
751,RCCE6,RCCE6,-5,exp5_p0_seed44_e013,-1.4278333877160565,0.39389684796333313,0.15373091268822633,10.301602685907152
751,RCCE6,RCCE6,-5,exp5_p05_seed42_e020,-1.886013775972382,0.5241206288337708,0.1358570120778331,7.953299366683831
751,RCCE6,RCCE6,-5,exp5_p05_seed43_e022,-2.0528437136138034,0.5729362964630127,0.14724204659513154,7.681412204089334
751,RCCE6,RCCE6,-5,exp5_p05_seed44_e014,-1.5368588193640023,0.41429227590560913,0.15073386619407894,8.411802919095338
752,RCCE6,RCCE6,0,exp5_p0_seed42_e015,-0.28005326489471705,0.2745532691478729,0.1838940516020917,10.069094269698422
752,RCCE6,RCCE6,0,exp5_p0_seed43_e008,-0.523792138127697,0.4831487834453583,0.2166349236290235,6.321014673873431
752,RCCE6,RCCE6,0,exp5_p0_seed44_e013,-0.22320429557208862,0.23924683034420013,0.1655290722171613,10.411229630762067
752,RCCE6,RCCE6,0,exp5_p05_seed42_e020,-0.42124305420273506,0.35731756687164307,0.20677153628520342,7.991083399636145
752,RCCE6,RCCE6,0,exp5_p05_seed43_e022,-0.4049042355450393,0.42579057812690735,0.23261218814528747,7.688002058879729
752,RCCE6,RCCE6,0,exp5_p05_seed44_e014,-0.26460936640619737,0.30804020166397095,0.23406118126889316,8.456529782904063
753,RCCE6,RCCE6,5,exp5_p0_seed42_e015,0.1969497929607193,0.18817909061908722,0.26690422691238525,9.676662588224296
753,RCCE6,RCCE6,5,exp5_p0_seed43_e008,0.21425001068407598,0.3639567792415619,0.302367447891346,6.261831673904706
753,RCCE6,RCCE6,5,exp5_p0_seed44_e013,0.018903430315260487,0.16681960225105286,0.13859939826435339,10.283068615424416
753,RCCE6,RCCE6,5,exp5_p05_seed42_e020,0.19104347380207273,0.25913798809051514,0.29125656609313616,7.9722982841123935
753,RCCE6,RCCE6,5,exp5_p05_seed43_e022,0.3044188834294954,0.3149263262748718,0.3420998081179421,7.674496622293824
753,RCCE6,RCCE6,5,exp5_p05_seed44_e014,0.2610981770284717,0.28507277369499207,0.327788736864543,8.506468720969414
754,RCCE6,RCCE6,-5,exp5_p0_seed42_e015,-0.668053162893738,0.6589380502700806,0.18898343628516837,7.3376768310441465
754,RCCE6,RCCE6,-5,exp5_p0_seed43_e008,-2.328209035509647,1.2899014949798584,0.14868126425228848,5.308477964057053
754,RCCE6,RCCE6,-5,exp5_p0_seed44_e013,-1.6595584524361764,1.1800501346588135,0.1166340169669085,6.8251264717199405
754,RCCE6,RCCE6,-5,exp5_p05_seed42_e020,-3.5412568170575893,1.5099455118179321,0.10827208057100465,6.5710580058529136
754,RCCE6,RCCE6,-5,exp5_p05_seed43_e022,-3.08851253067778,1.3922475576400757,0.14606796703825506,6.98946521000166
754,RCCE6,RCCE6,-5,exp5_p05_seed44_e014,-3.2151098929797213,1.3100296258926392,0.13661913529617323,7.654640016758078
755,RCCE6,RCCE6,0,exp5_p0_seed42_e015,0.5354666181120816,0.4416613280773163,0.38285695385422785,7.120656967332259
755,RCCE6,RCCE6,0,exp5_p0_seed43_e008,0.33204736088170617,0.7137981653213501,0.3627580149199528,5.175194652194301
755,RCCE6,RCCE6,0,exp5_p0_seed44_e013,-0.1452692553033456,0.5683456659317017,0.10142553374621055,7.139029728670435
755,RCCE6,RCCE6,0,exp5_p05_seed42_e020,-0.5733317234703966,0.911678671836853,0.25961090718648405,6.47291657515595
755,RCCE6,RCCE6,0,exp5_p05_seed43_e022,-0.09563688355843827,0.8415024876594543,0.3333874105159082,6.899495919071425
755,RCCE6,RCCE6,0,exp5_p05_seed44_e014,-0.34958371067878574,0.7692863345146179,0.31747312324435273,7.448087235900317
756,RCCE6,RCCE6,5,exp5_p0_seed42_e015,1.2378970955053628,0.4436909258365631,0.4702145829122731,7.675188677606814
756,RCCE6,RCCE6,5,exp5_p0_seed43_e008,1.7591825048538072,0.5413686633110046,0.5019769954261093,5.033248399532392
756,RCCE6,RCCE6,5,exp5_p0_seed44_e013,0.7896432072353601,0.4159221649169922,0.3185214481736091,6.700654104288205
756,RCCE6,RCCE6,5,exp5_p05_seed42_e020,1.319208647788889,0.5390546321868896,0.41928689107261563,6.30995891696402
756,RCCE6,RCCE6,5,exp5_p05_seed43_e022,1.6756400333495758,0.5338175296783447,0.4838494303682195,6.686615444890032
756,RCCE6,RCCE6,5,exp5_p05_seed44_e014,1.5039835752071657,0.5468493700027466,0.4880996888405201,7.122802267094431
757,RCCE6,RCCE6,-5,exp5_p0_seed42_e015,-0.7317767896540628,0.5206192135810852,0.12140549792872346,8.583636688500828
757,RCCE6,RCCE6,-5,exp5_p0_seed43_e008,-2.438110395870226,1.201727032661438,0.13112390942336677,4.1224387410826315
757,RCCE6,RCCE6,-5,exp5_p0_seed44_e013,-1.3224926695214836,0.7685537338256836,0.11397417286166249,9.512731599091964
757,RCCE6,RCCE6,-5,exp5_p05_seed42_e020,-2.667436460383918,1.207515835762024,0.11375754491929675,5.119911510636016
757,RCCE6,RCCE6,-5,exp5_p05_seed43_e022,-3.1429301671613583,1.1942577362060547,0.13110734515930308,5.03193004409603
757,RCCE6,RCCE6,-5,exp5_p05_seed44_e014,-2.408535585962638,0.9225518703460693,0.1348553512610148,5.463669272972268
758,RCCE6,RCCE6,0,exp5_p0_seed42_e015,0.1430505237304829,0.3055992126464844,0.22578749143841287,8.667370614529839
758,RCCE6,RCCE6,0,exp5_p0_seed43_e008,0.3308395723735338,0.6467449069023132,0.33554242954665114,4.131640810789282
758,RCCE6,RCCE6,0,exp5_p0_seed44_e013,0.22808445409758613,0.4057255685329437,0.20574291371769818,9.534064008549775
758,RCCE6,RCCE6,0,exp5_p05_seed42_e020,-0.17965235086783726,0.7241289615631104,0.24674093631756622,5.098256292126
758,RCCE6,RCCE6,0,exp5_p05_seed43_e022,-0.12550296278640846,0.7103133201599121,0.2661350171758428,5.00958876909857
758,RCCE6,RCCE6,0,exp5_p05_seed44_e014,0.0928962707524219,0.5535245537757874,0.25110430625500435,5.462755412878987
759,RCCE6,RCCE6,5,exp5_p0_seed42_e015,0.9099740903006341,0.18889544904232025,0.35233913493169633,8.70194464527368
759,RCCE6,RCCE6,5,exp5_p0_seed43_e008,1.6385054374196297,0.4479897916316986,0.4748412510114753,4.138868389070767
759,RCCE6,RCCE6,5,exp5_p0_seed44_e013,0.97005724610956,0.2831573486328125,0.3598304521910671,9.41555991490375
759,RCCE6,RCCE6,5,exp5_p05_seed42_e020,1.1722610265254156,0.44848883152008057,0.4055721535387301,5.10333635141925
759,RCCE6,RCCE6,5,exp5_p05_seed43_e022,1.4483501099708154,0.4876483678817749,0.4461947967148326,4.960172080575503
759,RCCE6,RCCE6,5,exp5_p05_seed44_e014,1.4050117047576796,0.36059772968292236,0.43090777710622935,5.478121974104072
760,RCCE6,RCCE6,-5,exp5_p0_seed42_e015,-0.5638667177991029,0.4685458242893219,0.11485800421579428,12.978989011281978
760,RCCE6,RCCE6,-5,exp5_p0_seed43_e008,-3.0877168204712375,1.0850533246994019,0.14737243503878225,6.761904967786486
760,RCCE6,RCCE6,-5,exp5_p0_seed44_e013,-0.6706590354008984,0.3841760754585266,0.12106568222207291,11.84085310018871
760,RCCE6,RCCE6,-5,exp5_p05_seed42_e020,-2.656694346087798,0.7584880590438843,0.11554072264900599,6.715085649744505
760,RCCE6,RCCE6,-5,exp5_p05_seed43_e022,-2.7816845904927816,0.8365615606307983,0.13292898189905342,6.937852504861997
760,RCCE6,RCCE6,-5,exp5_p05_seed44_e014,-1.8553812665081026,0.600452184677124,0.1432647313376516,8.547001883269452
761,RCCE6,RCCE6,0,exp5_p0_seed42_e015,0.44773495869136015,0.2721567153930664,0.31404404194450497,13.286661182862696
761,RCCE6,RCCE6,0,exp5_p0_seed43_e008,-0.25923183312637,0.6515285968780518,0.3059707463792828,6.73972423208718
761,RCCE6,RCCE6,0,exp5_p0_seed44_e013,0.24181971041023112,0.1945447325706482,0.18290012197159666,11.809574704454924
761,RCCE6,RCCE6,0,exp5_p05_seed42_e020,-0.4206122848363181,0.5023540258407593,0.2682913500722727,6.601100828127087
761,RCCE6,RCCE6,0,exp5_p05_seed43_e022,-0.3420554431832753,0.5073736906051636,0.28797490634629935,6.807382610431391
761,RCCE6,RCCE6,0,exp5_p05_seed44_e014,0.14875563296029126,0.38612914085388184,0.2967676345494149,8.516120948549023
762,RCCE6,RCCE6,5,exp5_p0_seed42_e015,1.0615199788876903,0.29330193996429443,0.480982812186773,13.043663838821848
762,RCCE6,RCCE6,5,exp5_p0_seed43_e008,1.1906354245832464,0.6002832651138306,0.4920283235360987,6.69861863050632
762,RCCE6,RCCE6,5,exp5_p0_seed44_e013,0.861605500940194,0.355824738740921,0.38038017482140557,11.551686471144622
762,RCCE6,RCCE6,5,exp5_p05_seed42_e020,0.895276603797688,0.38310304284095764,0.43241766568189505,6.496172161276
762,RCCE6,RCCE6,5,exp5_p05_seed43_e022,1.0050664557359286,0.3534107506275177,0.46120103111635236,6.650701663276423
762,RCCE6,RCCE6,5,exp5_p05_seed44_e014,1.1973277145709273,0.3239598572254181,0.4924077943694602,8.413663401507414
763,RCCE6,RCCE6,-5,exp5_p0_seed42_e015,-0.19918646825618824,0.47988903522491455,0.13601945971123144,12.054043437940269
763,RCCE6,RCCE6,-5,exp5_p0_seed43_e008,-2.2420484018377,0.7947447896003723,0.19880414957442105,5.340152184593387
763,RCCE6,RCCE6,-5,exp5_p0_seed44_e013,-0.20834600065374295,0.16048341989517212,0.11051053882556047,11.120542689485264
763,RCCE6,RCCE6,-5,exp5_p05_seed42_e020,-2.4855526516029625,0.6791701316833496,0.20732061027347223,6.646231384619191
763,RCCE6,RCCE6,-5,exp5_p05_seed43_e022,-2.021934271531031,0.6651232242584229,0.21518403989842433,6.508634931065659
763,RCCE6,RCCE6,-5,exp5_p05_seed44_e014,-2.2683032124809106,0.6804575324058533,0.15442340970058638,8.065880842566695
764,RCCE6,RCCE6,0,exp5_p0_seed42_e015,0.29750598437080494,0.2893773317337036,0.24434184873418405,12.165381912383442
764,RCCE6,RCCE6,0,exp5_p0_seed43_e008,-0.2942091371192202,0.4956929385662079,0.35879794989986663,5.274071099084011
764,RCCE6,RCCE6,0,exp5_p0_seed44_e013,0.16026802448303512,0.13402239978313446,0.17381687189554385,11.23088679513964
764,RCCE6,RCCE6,0,exp5_p05_seed42_e020,-0.608135183277114,0.45141610503196716,0.3129793063533204,6.61500818761796
764,RCCE6,RCCE6,0,exp5_p05_seed43_e022,-0.42655018493541635,0.4177498519420624,0.3391740347647483,6.447437385263763
764,RCCE6,RCCE6,0,exp5_p05_seed44_e014,-0.47902786048128726,0.4084250330924988,0.2711790826726742,8.042516322979857
765,RCCE6,RCCE6,5,exp5_p0_seed42_e015,0.6145720720898424,0.23509620130062103,0.3573396644576503,11.744448825278669
765,RCCE6,RCCE6,5,exp5_p0_seed43_e008,0.8190115415798506,0.4254305958747864,0.5051689290154848,5.177403191688815
765,RCCE6,RCCE6,5,exp5_p0_seed44_e013,0.41474311852807744,0.11861121654510498,0.26376753375231476,11.412337214214954
765,RCCE6,RCCE6,5,exp5_p05_seed42_e020,0.4738815582165117,0.33090388774871826,0.4127797073909788,6.563461986278606
765,RCCE6,RCCE6,5,exp5_p05_seed43_e022,0.636678342229102,0.3149349093437195,0.46267164145341494,6.3186576928666005
765,RCCE6,RCCE6,5,exp5_p05_seed44_e014,0.6180150161746253,0.30001917481422424,0.41140259677440405,7.9629543512732495
766,RCCE6,RCCE6,-5,exp5_p0_seed42_e015,-0.8546079212505453,0.263824462890625,0.14920807283754842,12.808575107163385
766,RCCE6,RCCE6,-5,exp5_p0_seed43_e008,-3.255976222331771,0.5974940061569214,0.1404450118519976,5.213926545537446
766,RCCE6,RCCE6,-5,exp5_p0_seed44_e013,-0.6828405362836867,0.29924675822257996,0.10879981111017904,11.501963866101164
766,RCCE6,RCCE6,-5,exp5_p05_seed42_e020,-2.766756934106894,0.5605098009109497,0.1100750452530749,6.459442813117031
766,RCCE6,RCCE6,-5,exp5_p05_seed43_e022,-3.040218764188281,0.5973690152168274,0.13332074063712956,6.168661850046391
766,RCCE6,RCCE6,-5,exp5_p05_seed44_e014,-1.9993477288562076,0.42831647396087646,0.13914417697062023,8.12014851733066
767,RCCE6,RCCE6,0,exp5_p0_seed42_e015,-0.07988112315305312,0.19127972424030304,0.25633340166263113,13.021042755145068
767,RCCE6,RCCE6,0,exp5_p0_seed43_e008,-0.757077493386037,0.37256142497062683,0.2651946443868474,5.252536319515414
767,RCCE6,RCCE6,0,exp5_p0_seed44_e013,-0.022009551902645155,0.19023340940475464,0.147697128467196,11.665599338214719
767,RCCE6,RCCE6,0,exp5_p05_seed42_e020,-0.7674483731105248,0.3618658781051636,0.19889380976789517,6.43408568030814
767,RCCE6,RCCE6,0,exp5_p05_seed43_e022,-0.8847861496445217,0.35667312145233154,0.22928837941806302,6.146208872254881
767,RCCE6,RCCE6,0,exp5_p05_seed44_e014,-0.3468079913876085,0.2561505138874054,0.2043112398087131,8.177427724349386
768,RCCE6,RCCE6,5,exp5_p0_seed42_e015,0.22848095177242514,0.17075848579406738,0.35797832037271676,13.563697249295863
768,RCCE6,RCCE6,5,exp5_p0_seed43_e008,0.27212071950642297,0.2909579873085022,0.3657472547988025,5.321363342687912
768,RCCE6,RCCE6,5,exp5_p0_seed44_e013,0.22386575379433427,0.14938315749168396,0.23681211021934293,11.852439861311321
768,RCCE6,RCCE6,5,exp5_p05_seed42_e020,0.15793733748315153,0.24757294356822968,0.2995509432040842,6.347625428685308
768,RCCE6,RCCE6,5,exp5_p05_seed43_e022,0.12217415867998675,0.2637264132499695,0.3176401909935146,6.083387786533492
768,RCCE6,RCCE6,5,exp5_p05_seed44_e014,0.2906178353519352,0.17188091576099396,0.31597052025681854,8.192089378513339
769,RD349,RD349,-5,exp5_p0_seed42_e015,-1.7546872252811698,0.9905620217323303,0.20384937148679624,5.777756452100913
769,RD349,RD349,-5,exp5_p0_seed43_e008,-2.735903403532778,1.4778680801391602,0.23945033100741125,3.640429451015121
769,RD349,RD349,-5,exp5_p0_seed44_e013,-2.2569048517981543,2.0659093856811523,0.2147971739238244,5.8373338109794135
769,RD349,RD349,-5,exp5_p05_seed42_e020,-2.0119435170933326,1.939990520477295,0.2337262342729709,4.442129283280353
769,RD349,RD349,-5,exp5_p05_seed43_e022,-2.0312227345665286,1.8728336095809937,0.21031808510606492,4.7227806457915635
769,RD349,RD349,-5,exp5_p05_seed44_e014,-2.2739499049319116,1.9815436601638794,0.2122662206847747,4.486535219305196
770,RD349,RD349,0,exp5_p0_seed42_e015,0.6053136040603617,0.6449388861656189,0.32402128312176615,5.839082148354777
770,RD349,RD349,0,exp5_p0_seed43_e008,0.35691617943412046,0.9220273494720459,0.3955167329431286,3.6198387441025117
770,RD349,RD349,0,exp5_p0_seed44_e013,0.5543340240093465,1.3460639715194702,0.3669481396369762,5.7477518600364705
770,RD349,RD349,0,exp5_p05_seed42_e020,0.688809342287825,1.207039475440979,0.36067915845002946,4.390255440912928
770,RD349,RD349,0,exp5_p05_seed43_e022,0.7254940735842798,1.1191586256027222,0.3537360767024907,4.686199594471898
770,RD349,RD349,0,exp5_p05_seed44_e014,0.5361433246651669,1.2586634159088135,0.325783337288317,4.441959675434054
771,RD349,RD349,5,exp5_p0_seed42_e015,1.7609700961476502,0.536428689956665,0.41350671383517756,5.8161461595216455
771,RD349,RD349,5,exp5_p0_seed43_e008,2.043386893694855,0.6867398023605347,0.5190704382698318,3.609514942227452
771,RD349,RD349,5,exp5_p0_seed44_e013,1.6942502373943618,1.0273338556289673,0.47252445876615845,5.749232307992587
771,RD349,RD349,5,exp5_p05_seed42_e020,1.9741558938068002,0.8782719373703003,0.4742686753695911,4.31748013713867
771,RD349,RD349,5,exp5_p05_seed43_e022,2.0402527231111915,0.8285845518112183,0.47638458075882456,4.621599993671745
771,RD349,RD349,5,exp5_p05_seed44_e014,1.900908563263695,0.8946492075920105,0.41992872137207515,4.396889827218096
772,RD349,RD349,-5,exp5_p0_seed42_e015,-1.3371156586805144,0.9798981547355652,0.13742203895144467,5.318547077817573
772,RD349,RD349,-5,exp5_p0_seed43_e008,-2.7836901842168977,1.2983063459396362,0.1297662701217483,3.6176454414278263
772,RD349,RD349,-5,exp5_p0_seed44_e013,-2.256321957452529,1.4041131734848022,0.1327894032317175,5.649251067746691
772,RD349,RD349,-5,exp5_p05_seed42_e020,-2.220095895337694,1.2988688945770264,0.11220397828319278,4.711474702587367
772,RD349,RD349,-5,exp5_p05_seed43_e022,-2.573173224029369,1.3275779485702515,0.11311881058597249,4.50673224220776
772,RD349,RD349,-5,exp5_p05_seed44_e014,-2.5344424627672,1.1813184022903442,0.12061391942360154,4.537064177487414
773,RD349,RD349,0,exp5_p0_seed42_e015,0.5380139969867924,0.5548049211502075,0.20090875947557602,5.418602451408567
773,RD349,RD349,0,exp5_p0_seed43_e008,0.012895699985511311,0.8428211212158203,0.225106396362065,3.620097218829495
773,RD349,RD349,0,exp5_p0_seed44_e013,-0.04018075058584151,0.8682658076286316,0.18949247173411177,5.63895410813029
773,RD349,RD349,0,exp5_p05_seed42_e020,0.35620848483207895,0.7714270949363708,0.19560091287628423,4.570686353677437
773,RD349,RD349,0,exp5_p05_seed43_e022,0.23334094433838784,0.751889169216156,0.1962037876663437,4.433969618203714
773,RD349,RD349,0,exp5_p05_seed44_e014,0.1944574160657345,0.7514308094978333,0.18774485961082538,4.49716821685396
774,RD349,RD349,5,exp5_p0_seed42_e015,1.359990062535274,0.4214298725128174,0.29764848579625114,5.456045958314737
774,RD349,RD349,5,exp5_p0_seed43_e008,1.4649833750364003,0.555778443813324,0.34140806127082546,3.6212387002968436
774,RD349,RD349,5,exp5_p0_seed44_e013,1.2137722844108692,0.6187224388122559,0.2870583612162529,5.386515047963232
774,RD349,RD349,5,exp5_p05_seed42_e020,1.6302124671452622,0.5144329071044922,0.3065242937458287,4.347749244075074
774,RD349,RD349,5,exp5_p05_seed43_e022,1.6546718189169685,0.5513609647750854,0.31388618558726666,4.245911496900397
774,RD349,RD349,5,exp5_p05_seed44_e014,1.4990678244304454,0.4818916320800781,0.29925995282597334,4.40706421100472
775,RD349,RD349,-5,exp5_p0_seed42_e015,-2.6353196830425043,1.7597050666809082,0.09604941098889047,5.022021512688408
775,RD349,RD349,-5,exp5_p0_seed43_e008,-3.7425594320446636,2.1054863929748535,0.1668573500938012,3.1364021225374934
775,RD349,RD349,-5,exp5_p0_seed44_e013,-3.428794412769329,2.194148302078247,0.1838960486898886,5.629322288095663
775,RD349,RD349,-5,exp5_p05_seed42_e020,-3.513473655611824,1.9808930158615112,0.14704018315596099,3.9518914207534053
775,RD349,RD349,-5,exp5_p05_seed43_e022,-4.048306359706792,2.1479506492614746,0.1569864076025879,4.238854561901938
775,RD349,RD349,-5,exp5_p05_seed44_e014,-4.076751448382235,1.941695213317871,0.1850919228384429,4.157623976335748
776,RD349,RD349,0,exp5_p0_seed42_e015,-0.7396772633153479,0.9657360911369324,0.1044436683597422,5.0694550884260785
776,RD349,RD349,0,exp5_p0_seed43_e008,-0.9382320792561806,1.2152934074401855,0.13246265385324646,3.0861031937702377
776,RD349,RD349,0,exp5_p0_seed44_e013,-1.0120727137190528,1.1519052982330322,0.15979487978104068,5.68136228298402
776,RD349,RD349,0,exp5_p05_seed42_e020,-0.9780398083343046,1.1351261138916016,0.112569759240991,3.9425878259475655
776,RD349,RD349,0,exp5_p05_seed43_e022,-1.1945092562585302,1.3476626873016357,0.11849485627293642,4.213663553770574
776,RD349,RD349,0,exp5_p05_seed44_e014,-1.3047645142020847,1.1617597341537476,0.15360380900870513,4.150781560787566
777,RD349,RD349,5,exp5_p0_seed42_e015,0.20613776450102786,0.6080678701400757,0.30607368878609126,5.045489609838299
777,RD349,RD349,5,exp5_p0_seed43_e008,0.6103325219807686,0.7370185256004333,0.43126716627448797,3.0275173283429098
777,RD349,RD349,5,exp5_p0_seed44_e013,0.045343533059890036,0.6612856388092041,0.1538326681506994,5.610709749075252
777,RD349,RD349,5,exp5_p05_seed42_e020,0.4476561854856537,0.7464655637741089,0.3333893532149143,3.893496841321184
777,RD349,RD349,5,exp5_p05_seed43_e022,0.5250578147282727,0.8580968379974365,0.39102598322949667,4.178739080559243
777,RD349,RD349,5,exp5_p05_seed44_e014,0.36781732434392445,0.7851979732513428,0.40367808846037506,4.122140646250309
778,RD349,RD349,-5,exp5_p0_seed42_e015,-1.2073028774062653,2.131969690322876,0.09310234099566433,4.944997604638885
778,RD349,RD349,-5,exp5_p0_seed43_e008,-2.8994000066424226,3.2043209075927734,0.10714696736894702,3.0893433693837413
778,RD349,RD349,-5,exp5_p0_seed44_e013,-1.358339499551059,2.815275192260742,0.10595420286223692,5.293103841722719
778,RD349,RD349,-5,exp5_p05_seed42_e020,-2.975723479163148,3.0444588661193848,0.09986332926963362,3.8328109008166806
778,RD349,RD349,-5,exp5_p05_seed43_e022,-2.8020258164531286,3.170368194580078,0.09828090406843569,4.1575071961445005
778,RD349,RD349,-5,exp5_p05_seed44_e014,-3.197937958284818,2.9284520149230957,0.09110068357604682,3.9941657051606265
779,RD349,RD349,0,exp5_p0_seed42_e015,0.37993468887840726,1.2688467502593994,0.13042532177248906,4.917521342900371
779,RD349,RD349,0,exp5_p0_seed43_e008,-0.19908524506899508,1.9595398902893066,0.18362063567744885,3.0393399338681455
779,RD349,RD349,0,exp5_p0_seed44_e013,0.3994710937473339,1.6413376331329346,0.1802614059536304,5.314507198403371
779,RD349,RD349,0,exp5_p05_seed42_e020,-0.1479951832823434,1.7522923946380615,0.15182632427124723,3.806490925812885
779,RD349,RD349,0,exp5_p05_seed43_e022,0.0021173200140433587,1.8628509044647217,0.1736118586184414,4.1120945562871904
779,RD349,RD349,0,exp5_p05_seed44_e014,-0.3456060129534959,1.6722464561462402,0.13789567342198744,3.9716934509860344
780,RD349,RD349,5,exp5_p0_seed42_e015,1.090189498281168,0.7476571202278137,0.16786115369214757,4.907601860536181
780,RD349,RD349,5,exp5_p0_seed43_e008,1.2066913172636573,1.1603747606277466,0.30309573642865345,2.9744623129889347
780,RD349,RD349,5,exp5_p0_seed44_e013,1.2362853662121807,1.115416407585144,0.2827429080284265,5.322116801850786
780,RD349,RD349,5,exp5_p05_seed42_e020,1.2607533155059478,1.074729084968567,0.26616833362094505,3.7311448585939617
780,RD349,RD349,5,exp5_p05_seed43_e022,1.4003720283295953,1.125307321548462,0.29753655265244033,4.039269719229599
780,RD349,RD349,5,exp5_p05_seed44_e014,1.0926900825060486,1.0387624502182007,0.22232238181701636,3.9110626740896155
781,RD349,RD349,-5,exp5_p0_seed42_e015,-1.5020263724563763,1.4806740283966064,0.16182708529673365,6.695735419650464
781,RD349,RD349,-5,exp5_p0_seed43_e008,-2.9904682633219086,1.898300051689148,0.15104873709090083,4.262390375973729
781,RD349,RD349,-5,exp5_p0_seed44_e013,-1.8763357796152915,2.062990427017212,0.1525144313628158,5.530693673108086
781,RD349,RD349,-5,exp5_p05_seed42_e020,-2.8382136176275816,1.9814149141311646,0.12127589304839345,4.689651286417949
781,RD349,RD349,-5,exp5_p05_seed43_e022,-3.0352274399640873,2.1358439922332764,0.11598698356451854,4.959240864746099
781,RD349,RD349,-5,exp5_p05_seed44_e014,-3.1889444217176854,2.073251485824585,0.12337458604788071,4.527501025759815
782,RD349,RD349,0,exp5_p0_seed42_e015,0.3135106130805664,0.8833837509155273,0.17536780483480954,6.765414023664187
782,RD349,RD349,0,exp5_p0_seed43_e008,-0.06115943753636922,1.0629092454910278,0.19241893447331207,4.265133513473441
782,RD349,RD349,0,exp5_p0_seed44_e013,0.2835832351128644,1.086944818496704,0.16361911209876387,5.508151809079049
782,RD349,RD349,0,exp5_p05_seed42_e020,-0.16891405299444298,1.28872549533844,0.15025517458351634,4.754597525907675
782,RD349,RD349,0,exp5_p05_seed43_e022,-0.24106373082908522,1.4074198007583618,0.1510296999946055,4.956191319855495
782,RD349,RD349,0,exp5_p05_seed44_e014,-0.37131606865016703,1.3198827505111694,0.15024697892921943,4.557101054047067
783,RD349,RD349,5,exp5_p0_seed42_e015,1.1878246400248995,0.5849899053573608,0.21394368934334038,6.969804688481325
783,RD349,RD349,5,exp5_p0_seed43_e008,1.4534421777847628,0.6739950180053711,0.30990524304456,4.25479417840732
783,RD349,RD349,5,exp5_p0_seed44_e013,1.211920704547137,0.6574155688285828,0.2019073834678672,5.756348209040761
783,RD349,RD349,5,exp5_p05_seed42_e020,1.3943997061992635,0.8204168677330017,0.2683807973792594,4.850849742516978
783,RD349,RD349,5,exp5_p05_seed43_e022,1.426105910168947,0.8448495864868164,0.3031527303457507,4.9247273646562135
783,RD349,RD349,5,exp5_p05_seed44_e014,1.2234938083178466,0.8027904033660889,0.24872281679566108,4.612304800913606
784,RD349,RD349,-5,exp5_p0_seed42_e015,0.15607447211356906,0.49614089727401733,0.10944417677666936,5.3772094409603985
784,RD349,RD349,-5,exp5_p0_seed43_e008,-0.663283488798456,1.0300768613815308,0.07991436664506621,3.522528648902719
784,RD349,RD349,-5,exp5_p0_seed44_e013,-0.10919826295614414,0.7683037519454956,0.07743597156987309,5.016033459686179
784,RD349,RD349,-5,exp5_p05_seed42_e020,-0.7189225285971922,1.3318167924880981,0.10271873731445356,4.954866243300823
784,RD349,RD349,-5,exp5_p05_seed43_e022,-0.7805406274450217,1.4537602663040161,0.10016678733072053,4.7467032671754525
784,RD349,RD349,-5,exp5_p05_seed44_e014,-0.7178702328825916,1.1140042543411255,0.10939296688029777,5.156696088246245
785,RD349,RD349,0,exp5_p0_seed42_e015,1.0374759804972835,0.34570151567459106,0.1919756321989091,5.476319332202947
785,RD349,RD349,0,exp5_p0_seed43_e008,1.2545465228077035,0.6623764038085938,0.1609687377044657,3.536126844486487
785,RD349,RD349,0,exp5_p0_seed44_e013,1.0741519024573558,0.568463921546936,0.09796990483506868,5.134196610134763
785,RD349,RD349,0,exp5_p05_seed42_e020,1.11877084306952,0.8774241805076599,0.1748535334114227,4.951839490460628
785,RD349,RD349,0,exp5_p05_seed43_e022,1.2105974580855001,0.9759725332260132,0.17965450569335192,4.737692485261681
785,RD349,RD349,0,exp5_p05_seed44_e014,1.18769135589353,0.8147293329238892,0.20716593056862173,5.138048529819733
786,RD349,RD349,5,exp5_p0_seed42_e015,1.6607511715615368,0.3943375051021576,0.3213577949768247,5.4954812413933904
786,RD349,RD349,5,exp5_p0_seed43_e008,2.229333180242743,0.5305367112159729,0.3279254839931953,3.551903567828052
786,RD349,RD349,5,exp5_p0_seed44_e013,1.844779564692758,0.45483916997909546,0.24246544900147443,5.081580310058543
786,RD349,RD349,5,exp5_p05_seed42_e020,2.012993477007953,0.7315738201141357,0.30794926052045335,4.910935536939935
786,RD349,RD349,5,exp5_p05_seed43_e022,2.1410930593531385,0.7629328966140747,0.3200404514474346,4.693565148194744
786,RD349,RD349,5,exp5_p05_seed44_e014,2.032790943063913,0.6697843670845032,0.34890694457414245,5.093871338533359
787,RD349,RD349,-5,exp5_p0_seed42_e015,-0.7721425207106627,1.7840644121170044,0.21633447689080196,5.673515363808716
787,RD349,RD349,-5,exp5_p0_seed43_e008,-2.265393251885566,2.3331551551818848,0.19365610431562444,3.4756491379877463
787,RD349,RD349,-5,exp5_p0_seed44_e013,-2.6204846767586454,2.3580617904663086,0.21670719195203716,5.656288215595172
787,RD349,RD349,-5,exp5_p05_seed42_e020,-2.3658919116229624,2.404581069946289,0.19629269623249776,5.000105841920963
787,RD349,RD349,-5,exp5_p05_seed43_e022,-2.5578072769095854,2.209012269973755,0.20004964042615808,4.740559913040821
787,RD349,RD349,-5,exp5_p05_seed44_e014,-2.755883745452223,2.3088393211364746,0.1973048933642902,4.585759331884963
788,RD349,RD349,0,exp5_p0_seed42_e015,1.6024643192753782,1.0918550491333008,0.31777008625467396,5.609065921569028
788,RD349,RD349,0,exp5_p0_seed43_e008,1.142808409751286,1.5182867050170898,0.3071689425459364,3.476986937755931
788,RD349,RD349,0,exp5_p0_seed44_e013,0.8656343893993153,1.500095009803772,0.32193283846354537,5.586261032357501
788,RD349,RD349,0,exp5_p05_seed42_e020,1.1953803204683313,1.4779826402664185,0.30544041205233585,4.937966766630298
788,RD349,RD349,0,exp5_p05_seed43_e022,1.0174318864941025,1.3401660919189453,0.3119180999878781,4.689497875680425
788,RD349,RD349,0,exp5_p05_seed44_e014,0.9129376555077612,1.43522310256958,0.3109521517216152,4.515023222714573
789,RD349,RD349,5,exp5_p0_seed42_e015,3.1663517615511987,0.7143310308456421,0.4558566139611296,5.616943192081917
789,RD349,RD349,5,exp5_p0_seed43_e008,3.4251674107312513,1.0593823194503784,0.45454362878155585,3.4747749333432
789,RD349,RD349,5,exp5_p0_seed44_e013,2.80986942949849,1.0757451057434082,0.45519585005643914,5.50749869671323
789,RD349,RD349,5,exp5_p05_seed42_e020,3.3604736710266367,0.9906096458435059,0.4540832564115379,4.807450809394053
789,RD349,RD349,5,exp5_p05_seed43_e022,3.2402276195072783,0.9064069986343384,0.4598109175412825,4.587173719622783
789,RD349,RD349,5,exp5_p05_seed44_e014,3.2460377973305916,0.9872224926948547,0.4606795712170019,4.3491211687733555
790,RD349,RD349,-5,exp5_p0_seed42_e015,-1.2398140428147308,0.5428043007850647,0.15810283390190585,7.887662793019324
790,RD349,RD349,-5,exp5_p0_seed43_e008,-2.9124509427896257,0.581444501876831,0.19266187321119616,4.514059275860367
790,RD349,RD349,-5,exp5_p0_seed44_e013,-2.15659036962606,0.40833306312561035,0.11439561631889103,6.374775956898696
790,RD349,RD349,-5,exp5_p05_seed42_e020,-1.7672249668664675,1.0356602668762207,0.17018247166043668,5.624711569739657
790,RD349,RD349,-5,exp5_p05_seed43_e022,-1.97304657900389,1.033500075340271,0.16841113798346935,5.276511403806872
790,RD349,RD349,-5,exp5_p05_seed44_e014,-2.065786036230344,0.9839761853218079,0.15830993262144927,5.414131225504467
791,RD349,RD349,0,exp5_p0_seed42_e015,0.45447465909428764,0.3986237943172455,0.26440285696555604,8.036689660423944
791,RD349,RD349,0,exp5_p0_seed43_e008,0.045377270878945795,0.4356358051300049,0.3119594137130345,4.549743445164338
791,RD349,RD349,0,exp5_p0_seed44_e013,0.30520967716955094,0.355236679315567,0.19773699105694992,6.565929580969802
791,RD349,RD349,0,exp5_p05_seed42_e020,0.5421507284154485,0.6547840237617493,0.28140082930326993,5.554977603538994
791,RD349,RD349,0,exp5_p05_seed43_e022,0.5167387574434119,0.636064887046814,0.2922309056766906,5.213002758871824
791,RD349,RD349,0,exp5_p05_seed44_e014,0.3984878289123224,0.597274661064148,0.2685591984437577,5.357971969718571
792,RD349,RD349,5,exp5_p0_seed42_e015,1.211339727422772,0.39996594190597534,0.35046962949259464,8.236168732642188
792,RD349,RD349,5,exp5_p0_seed43_e008,1.5413619500511622,0.4123237431049347,0.4236734132198484,4.598785484495008
792,RD349,RD349,5,exp5_p0_seed44_e013,1.3456866021243499,0.3565763831138611,0.31736944069647155,6.633571906474832
792,RD349,RD349,5,exp5_p05_seed42_e020,1.6853747352915907,0.5398691892623901,0.4019823342184355,5.428357268186464
792,RD349,RD349,5,exp5_p05_seed43_e022,1.7248374872480832,0.4616764485836029,0.4130916976617601,5.113152118836207
792,RD349,RD349,5,exp5_p05_seed44_e014,1.601642446018154,0.4832422435283661,0.3910990736362057,5.266470045360712
793,RE8DB,RE8DB,-5,exp5_p0_seed42_e015,-0.6436016120015875,0.34896615147590637,0.3516427603327229,7.889906675792009
793,RE8DB,RE8DB,-5,exp5_p0_seed43_e008,-1.4909419071373735,0.6105065941810608,0.38428911283396355,4.270826774855227
793,RE8DB,RE8DB,-5,exp5_p0_seed44_e013,-1.2897705618681632,0.5733424425125122,0.13038379708552025,6.867368753211451
793,RE8DB,RE8DB,-5,exp5_p05_seed42_e020,-1.9772855856029372,0.8388939499855042,0.2607535798852465,5.18638237375967
793,RE8DB,RE8DB,-5,exp5_p05_seed43_e022,-2.2038496000831262,0.8392214179039001,0.2331223566856923,4.837312106776615
793,RE8DB,RE8DB,-5,exp5_p05_seed44_e014,-1.9215585446217756,0.8094245791435242,0.32554119971282036,4.9104995515321495
794,RE8DB,RE8DB,0,exp5_p0_seed42_e015,0.829240501638209,0.26263004541397095,0.543800671331856,7.910956156125366
794,RE8DB,RE8DB,0,exp5_p0_seed43_e008,0.921949244382289,0.4776238799095154,0.604722425235889,4.315699424211009
794,RE8DB,RE8DB,0,exp5_p0_seed44_e013,0.509719994556884,0.5939494371414185,0.5102840186215428,6.850363717445502
794,RE8DB,RE8DB,0,exp5_p05_seed42_e020,0.5126177181191418,0.5440817475318909,0.5204904023155879,5.192862457812901
794,RE8DB,RE8DB,0,exp5_p05_seed43_e022,0.3803496113926751,0.6143234372138977,0.5164337985498872,4.77761049510272
794,RE8DB,RE8DB,0,exp5_p05_seed44_e014,0.47424074937736926,0.5710530281066895,0.5880871065478015,4.889673000307991
795,RE8DB,RE8DB,5,exp5_p0_seed42_e015,1.915678134814439,0.42545750737190247,0.644025032108658,8.019671659574794
795,RE8DB,RE8DB,5,exp5_p0_seed43_e008,2.4697803839346975,0.5405412316322327,0.7058067971198406,4.398266206800466
795,RE8DB,RE8DB,5,exp5_p0_seed44_e013,1.4690887979372125,0.752271831035614,0.6226305663964377,6.646580269888155
795,RE8DB,RE8DB,5,exp5_p05_seed42_e020,2.1491896956329417,0.533730149269104,0.6740915937820271,5.2481316725717795
795,RE8DB,RE8DB,5,exp5_p05_seed43_e022,2.0741564753404145,0.5990225672721863,0.6790307624936015,4.737770071209076
795,RE8DB,RE8DB,5,exp5_p05_seed44_e014,2.028913094705901,0.5945601463317871,0.6815588406614121,4.913067113673286
796,RE8DB,RE8DB,-5,exp5_p0_seed42_e015,-2.228637923787013,0.5318525433540344,0.6775932465098822,5.749051143561746
796,RE8DB,RE8DB,-5,exp5_p0_seed43_e008,-3.910210877489961,0.619934618473053,0.733883988530015,2.5983083961339917
796,RE8DB,RE8DB,-5,exp5_p0_seed44_e013,-3.0500023537210414,0.701816201210022,0.6983977475286902,4.986532359750074
796,RE8DB,RE8DB,-5,exp5_p05_seed42_e020,-2.977962280484504,0.6837153434753418,0.7097155122957995,4.008229114170648
796,RE8DB,RE8DB,-5,exp5_p05_seed43_e022,-3.7849552823065657,0.6879678964614868,0.727210078389178,3.747254842916688
796,RE8DB,RE8DB,-5,exp5_p05_seed44_e014,-4.081622203223224,0.7356837391853333,0.7171032293563395,3.0230335919761515
797,RE8DB,RE8DB,0,exp5_p0_seed42_e015,-0.0193823277866051,0.632678747177124,0.6982828208782093,5.6627021167167735
797,RE8DB,RE8DB,0,exp5_p0_seed43_e008,-0.461632635968158,0.6050733327865601,0.7570092949730209,2.6222686693213673
797,RE8DB,RE8DB,0,exp5_p0_seed44_e013,-0.15126376975118438,0.6951460838317871,0.7174830842238715,4.827942672052716
797,RE8DB,RE8DB,0,exp5_p05_seed42_e020,0.10286575126583242,0.6143372654914856,0.7370033874617944,4.023703084771956
797,RE8DB,RE8DB,0,exp5_p05_seed43_e022,-0.44534343430530343,0.609017014503479,0.7469655797924429,3.6886475690058567
797,RE8DB,RE8DB,0,exp5_p05_seed44_e014,-0.7295437325206722,0.6885657906532288,0.7341942740972474,3.0557921330638753
798,RE8DB,RE8DB,5,exp5_p0_seed42_e015,1.3608887324438173,0.6620694994926453,0.7175750263806452,5.48573271261581
798,RE8DB,RE8DB,5,exp5_p0_seed43_e008,1.7185021004516134,0.6209584474563599,0.7656568063644031,2.6382501590652776
798,RE8DB,RE8DB,5,exp5_p0_seed44_e013,1.3997767393978644,0.6014430522918701,0.7076900773068721,4.494124283752196
798,RE8DB,RE8DB,5,exp5_p05_seed42_e020,1.9041790029659675,0.5748415589332581,0.7484286106183898,4.009305763971325
798,RE8DB,RE8DB,5,exp5_p05_seed43_e022,1.6499029209501854,0.6069050431251526,0.7512686575146443,3.626021250702748
798,RE8DB,RE8DB,5,exp5_p05_seed44_e014,1.4093391483792925,0.6588215231895447,0.7386521416108774,3.08167208448439
799,RE8DB,RE8DB,-5,exp5_p0_seed42_e015,-0.8314822032853348,0.42791420221328735,0.39372233103002513,8.383192539370304
799,RE8DB,RE8DB,-5,exp5_p0_seed43_e008,-3.1697306039034605,0.42127108573913574,0.3275489911611769,3.524014031559259
799,RE8DB,RE8DB,-5,exp5_p0_seed44_e013,-2.045264937641039,0.371285617351532,0.17602075794451072,6.514966440376687
799,RE8DB,RE8DB,-5,exp5_p05_seed42_e020,-2.3946073969499317,0.5607766509056091,0.24066853379544503,5.469985105255956
799,RE8DB,RE8DB,-5,exp5_p05_seed43_e022,-2.452495268753643,0.460481733083725,0.2597317543111328,4.949444655281821
799,RE8DB,RE8DB,-5,exp5_p05_seed44_e014,-2.9053109027830732,0.46987926959991455,0.2444875735185864,4.886846957378749
800,RE8DB,RE8DB,0,exp5_p0_seed42_e015,0.7189217306622065,0.6531310677528381,0.6056067540397158,8.196874764684187
800,RE8DB,RE8DB,0,exp5_p0_seed43_e008,0.06983145088870832,0.6027268171310425,0.621992518103175,3.564350230191917
800,RE8DB,RE8DB,0,exp5_p0_seed44_e013,0.2777772054966126,0.4522865116596222,0.557609447271738,6.449162297762774
800,RE8DB,RE8DB,0,exp5_p05_seed42_e020,0.2400155816540206,0.5221958756446838,0.5360695801569941,5.485929673472302
800,RE8DB,RE8DB,0,exp5_p05_seed43_e022,0.2661707963945032,0.5330105423927307,0.5830271360234849,4.9167539322408675
800,RE8DB,RE8DB,0,exp5_p05_seed44_e014,-0.038511069487322414,0.47903355956077576,0.576544615112485,4.859374661108024
801,RE8DB,RE8DB,5,exp5_p0_seed42_e015,1.9345131793942505,0.6731775999069214,0.687823327379118,8.069796382614978
801,RE8DB,RE8DB,5,exp5_p0_seed43_e008,2.3341189041965045,0.7339985966682434,0.7427241241841055,3.6152677337672956
801,RE8DB,RE8DB,5,exp5_p0_seed44_e013,1.6010217873496626,0.4608801305294037,0.6595270976764319,6.2730266361724185
801,RE8DB,RE8DB,5,exp5_p05_seed42_e020,1.931479501890012,0.5531483292579651,0.6948039970838599,5.502655626848761
801,RE8DB,RE8DB,5,exp5_p05_seed43_e022,2.086792128775202,0.5030401349067688,0.7194993391990777,4.908997328099366
801,RE8DB,RE8DB,5,exp5_p05_seed44_e014,1.943783245101831,0.5279214382171631,0.718717098608263,4.792171063019338
802,RE8DB,RE8DB,-5,exp5_p0_seed42_e015,-0.7255089195276558,0.3854902684688568,0.6573385565393103,10.015814997731642
802,RE8DB,RE8DB,-5,exp5_p0_seed43_e008,-2.1610297330087875,0.7060166597366333,0.7146666468547873,4.969550977494769
802,RE8DB,RE8DB,-5,exp5_p0_seed44_e013,-1.2376637112356759,0.6074681282043457,0.5810464611379978,7.596239544259936
802,RE8DB,RE8DB,-5,exp5_p05_seed42_e020,-1.9319120810317623,0.6095976233482361,0.6612970411175936,5.3119971473470065
802,RE8DB,RE8DB,-5,exp5_p05_seed43_e022,-1.4653376294630447,0.516059935092926,0.6566366194375202,5.407491395330238
802,RE8DB,RE8DB,-5,exp5_p05_seed44_e014,-1.5268865161473597,0.4662947654724121,0.6106257966891528,5.908941401641141
803,RE8DB,RE8DB,0,exp5_p0_seed42_e015,0.9972303069894762,0.4506472051143646,0.7548845831160076,9.839321230904558
803,RE8DB,RE8DB,0,exp5_p0_seed43_e008,0.996132637565291,0.6622280478477478,0.7974843209451246,4.978430959900989
803,RE8DB,RE8DB,0,exp5_p0_seed44_e013,0.8767256883294987,0.5326623916625977,0.7091331667852272,7.101957994148634
803,RE8DB,RE8DB,0,exp5_p05_seed42_e020,0.8915053538920349,0.5814872980117798,0.7803453862808037,5.200857579559682
803,RE8DB,RE8DB,0,exp5_p05_seed43_e022,1.0423168593573415,0.46935126185417175,0.752123237862539,5.203913064493411
803,RE8DB,RE8DB,0,exp5_p05_seed44_e014,1.0391208689523994,0.43316251039505005,0.7362820773301142,5.726254142023185
804,RE8DB,RE8DB,5,exp5_p0_seed42_e015,2.171019392826906,0.47126880288124084,0.775689600340895,9.17483804041494
804,RE8DB,RE8DB,5,exp5_p0_seed43_e008,3.0102170304873157,0.6423591375350952,0.8240574305059422,4.996576421375326
804,RE8DB,RE8DB,5,exp5_p0_seed44_e013,2.0452343883812447,0.5041506886482239,0.7349350811468522,6.179887649654889
804,RE8DB,RE8DB,5,exp5_p05_seed42_e020,2.7836135102949973,0.6194603443145752,0.8130761705474752,5.062592477806084
804,RE8DB,RE8DB,5,exp5_p05_seed43_e022,2.5439128264833046,0.42903590202331543,0.7760837661266838,4.942852811574713
804,RE8DB,RE8DB,5,exp5_p05_seed44_e014,2.5595455332886767,0.42336565256118774,0.7795073746422367,5.457012143314226
805,RE8DB,RE8DB,-5,exp5_p0_seed42_e015,-0.4931037474043582,0.15623845160007477,0.24152058637068974,8.263761451440331
805,RE8DB,RE8DB,-5,exp5_p0_seed43_e008,-1.813418811747096,0.49141061305999756,0.13206967245368278,3.787226784529061
805,RE8DB,RE8DB,-5,exp5_p0_seed44_e013,-1.1641647844453404,0.157621830701828,0.11816837981596923,5.946716632841749
805,RE8DB,RE8DB,-5,exp5_p05_seed42_e020,-1.470825967202999,0.5565304160118103,0.11345470789546781,5.883827279575846
805,RE8DB,RE8DB,-5,exp5_p05_seed43_e022,-1.4169473233619305,0.512184739112854,0.1308275146059062,5.663021879145788
805,RE8DB,RE8DB,-5,exp5_p05_seed44_e014,-1.3496509703166695,0.4281955361366272,0.185863758221963,5.196162989456752
806,RE8DB,RE8DB,0,exp5_p0_seed42_e015,0.5907515198797965,0.2501773536205292,0.40675924761387794,8.401566656937817
806,RE8DB,RE8DB,0,exp5_p0_seed43_e008,0.3980085799030283,0.4980776011943817,0.3497909165492642,3.8278838569909968
806,RE8DB,RE8DB,0,exp5_p0_seed44_e013,0.4298893228928452,0.27702856063842773,0.3427963297588168,6.117586104742979
806,RE8DB,RE8DB,0,exp5_p05_seed42_e020,0.4864966962018571,0.5006709098815918,0.2903628234986461,5.905936317386274
806,RE8DB,RE8DB,0,exp5_p05_seed43_e022,0.5491185720353449,0.49622642993927,0.3191909464707216,5.588353107307807
806,RE8DB,RE8DB,0,exp5_p05_seed44_e014,0.6323932875868148,0.42470869421958923,0.42588342643890176,5.186724291101237
807,RE8DB,RE8DB,5,exp5_p0_seed42_e015,1.28225534517272,0.37978190183639526,0.5208089438176037,8.247375955870538
807,RE8DB,RE8DB,5,exp5_p0_seed43_e008,1.730111637165507,0.5391079187393188,0.542976264340768,3.867093469298821
807,RE8DB,RE8DB,5,exp5_p0_seed44_e013,1.3325170227430236,0.3537387251853943,0.48561097241882545,6.117623645428534
807,RE8DB,RE8DB,5,exp5_p05_seed42_e020,1.6667551074299383,0.4745056927204132,0.5066521017529855,5.8303856120491915
807,RE8DB,RE8DB,5,exp5_p05_seed43_e022,1.7843546104164782,0.42551055550575256,0.5326499891579356,5.446418271103286
807,RE8DB,RE8DB,5,exp5_p05_seed44_e014,1.7088819596405913,0.4471782445907593,0.564379220382216,5.109525213404459
808,RE8DB,RE8DB,-5,exp5_p0_seed42_e015,-1.0649120091932693,0.41142377257347107,0.12889841180838357,7.252003473065843
808,RE8DB,RE8DB,-5,exp5_p0_seed43_e008,-1.9096825126589203,1.0126452445983887,0.11506290325058417,3.0147616928944925
808,RE8DB,RE8DB,-5,exp5_p0_seed44_e013,-2.5172842982565813,1.3506511449813843,0.12127204244700752,4.301713640944965
808,RE8DB,RE8DB,-5,exp5_p05_seed42_e020,-2.505996511500311,1.5260992050170898,0.11768727934421278,4.02190706007482
808,RE8DB,RE8DB,-5,exp5_p05_seed43_e022,-2.514445868080781,1.5607439279556274,0.15014148208871728,5.198164771194088
808,RE8DB,RE8DB,-5,exp5_p05_seed44_e014,-2.8797371130288902,1.3562941551208496,0.1446164984663042,4.693111937004444
809,RE8DB,RE8DB,0,exp5_p0_seed42_e015,-0.24135561100959285,0.2673870623111725,0.17841706201437174,7.279955046870896
809,RE8DB,RE8DB,0,exp5_p0_seed43_e008,-0.348922879274562,0.584169328212738,0.23763134904527797,3.0196483070635756
809,RE8DB,RE8DB,0,exp5_p0_seed44_e013,-0.897926770042037,0.7233129739761353,0.1121835591510633,4.556539533212525
809,RE8DB,RE8DB,0,exp5_p05_seed42_e020,-0.6663035067384164,0.9555343985557556,0.22615172959441118,4.009905656329647
809,RE8DB,RE8DB,0,exp5_p05_seed43_e022,-0.691355405228528,0.9524311423301697,0.2408051731637391,5.192721295227577
809,RE8DB,RE8DB,0,exp5_p05_seed44_e014,-0.8599812148441556,0.8528345823287964,0.2375362262868823,4.670964679101452
810,RE8DB,RE8DB,5,exp5_p0_seed42_e015,0.15942699705463337,0.23784251511096954,0.2623136146544761,7.42412097286798
810,RE8DB,RE8DB,5,exp5_p0_seed43_e008,0.4276523185800926,0.428218811750412,0.3127079554221489,3.027131763832571
810,RE8DB,RE8DB,5,exp5_p0_seed44_e013,-0.2759211207013947,0.4904172122478485,0.15508992417882372,4.598526415153561
810,RE8DB,RE8DB,5,exp5_p05_seed42_e020,0.25597079599757255,0.6316744685173035,0.3048981169351,4.021565237950408
810,RE8DB,RE8DB,5,exp5_p05_seed43_e022,0.2476935883720818,0.6187740564346313,0.31444744858622015,5.208265221364368
810,RE8DB,RE8DB,5,exp5_p05_seed44_e014,0.19605802285386023,0.6291279196739197,0.30375835700155157,4.64980423390351
811,RE8DB,RE8DB,-5,exp5_p0_seed42_e015,-0.19542183787201606,0.14393161237239838,0.399685223896675,5.812847631140875
811,RE8DB,RE8DB,-5,exp5_p0_seed43_e008,-2.3147121150572207,0.45277270674705505,0.35544215177851,2.169441710981588
811,RE8DB,RE8DB,-5,exp5_p0_seed44_e013,-0.43574551407488554,0.14830200374126434,0.0986614916620262,4.362134902965428
811,RE8DB,RE8DB,-5,exp5_p05_seed42_e020,-1.7606967782974314,0.4634558856487274,0.32515462269289996,3.9712007144353105
811,RE8DB,RE8DB,-5,exp5_p05_seed43_e022,-2.0178578075479416,0.5172603130340576,0.2954869641334799,4.16727347627842
811,RE8DB,RE8DB,-5,exp5_p05_seed44_e014,-2.1612616827527082,0.5207566618919373,0.2945794968710915,2.8643943451044427
812,RE8DB,RE8DB,0,exp5_p0_seed42_e015,0.8339136005123955,0.1600739061832428,0.49812152882738386,5.717116399565539
812,RE8DB,RE8DB,0,exp5_p0_seed43_e008,0.3331706051226081,0.36744892597198486,0.49570448074250634,2.212767601787926
812,RE8DB,RE8DB,0,exp5_p0_seed44_e013,0.5640514081178117,0.12777069211006165,0.24764746911883007,4.473844319700989
812,RE8DB,RE8DB,0,exp5_p05_seed42_e020,0.6598171658715567,0.3859078884124756,0.47117132045637966,4.018035450080844
812,RE8DB,RE8DB,0,exp5_p05_seed43_e022,0.5133500352046331,0.39721402525901794,0.46031138319653253,4.2123410071835385
812,RE8DB,RE8DB,0,exp5_p05_seed44_e014,0.3273529029257,0.38313907384872437,0.4406645856260508,2.883353358142557
813,RE8DB,RE8DB,5,exp5_p0_seed42_e015,1.5117072411871877,0.21490490436553955,0.5546990274609157,5.695155036082125
813,RE8DB,RE8DB,5,exp5_p0_seed43_e008,2.0100576362200764,0.343618780374527,0.5802221531291902,2.2989396841803695
813,RE8DB,RE8DB,5,exp5_p0_seed44_e013,1.3373913060511007,0.23344601690769196,0.4765825189174606,4.699376042510765
813,RE8DB,RE8DB,5,exp5_p05_seed42_e020,2.0129197885973635,0.33517149090766907,0.5674758340790634,4.094714037308922
813,RE8DB,RE8DB,5,exp5_p05_seed43_e022,1.9024641964692055,0.3367464244365692,0.5508151119421892,4.2284869239304035
813,RE8DB,RE8DB,5,exp5_p05_seed44_e014,1.774143205902417,0.34225863218307495,0.5202236482898918,2.9401121543451794
814,RE8DB,RE8DB,-5,exp5_p0_seed42_e015,-1.0938600047217195,0.2776983380317688,0.3989333418191808,7.353401123539488
814,RE8DB,RE8DB,-5,exp5_p0_seed43_e008,-3.8291204588541268,0.4750560522079468,0.42810751111138695,2.6917097355866204
814,RE8DB,RE8DB,-5,exp5_p0_seed44_e013,-2.389167366918076,0.23566104471683502,0.0443267657403864,5.284947355162581
814,RE8DB,RE8DB,-5,exp5_p05_seed42_e020,-2.72381148872445,0.5054190158843994,0.3396650421362587,4.929628287118107
814,RE8DB,RE8DB,-5,exp5_p05_seed43_e022,-2.8815237876033284,0.5071638226509094,0.3625086256017963,4.594420533600033
814,RE8DB,RE8DB,-5,exp5_p05_seed44_e014,-3.2727756820683522,0.4676543176174164,0.30528170585660763,4.0024778326162815
815,RE8DB,RE8DB,0,exp5_p0_seed42_e015,0.6129203908460077,0.3790549635887146,0.5943870580660802,7.330254957253509
815,RE8DB,RE8DB,0,exp5_p0_seed43_e008,-0.5105984794242604,0.5355640649795532,0.6335546403610081,2.7053850106335537
815,RE8DB,RE8DB,0,exp5_p0_seed44_e013,-0.028262105317858607,0.25735968351364136,0.33953094362838615,5.324788290100175
815,RE8DB,RE8DB,0,exp5_p05_seed42_e020,0.03983601432008585,0.46800732612609863,0.5611790121346577,4.863350313319827
815,RE8DB,RE8DB,0,exp5_p05_seed43_e022,0.0448905092172048,0.4646838307380676,0.5821393253787286,4.497691976258155
815,RE8DB,RE8DB,0,exp5_p05_seed44_e014,-0.18292579021226602,0.42727944254875183,0.5867599742147834,4.013980566706085
816,RE8DB,RE8DB,5,exp5_p0_seed42_e015,2.053610624265266,0.5677593350410461,0.7009018906807026,7.126775879297408
816,RE8DB,RE8DB,5,exp5_p0_seed43_e008,1.7041489997522306,0.557045042514801,0.7204319279936072,2.6994477223719504
816,RE8DB,RE8DB,5,exp5_p0_seed44_e013,1.5868463840129872,0.3336013853549957,0.6168086813314093,5.161565955962838
816,RE8DB,RE8DB,5,exp5_p05_seed42_e020,1.8733307601274918,0.4658794701099396,0.6995961116525642,4.7420068002788724
816,RE8DB,RE8DB,5,exp5_p05_seed43_e022,1.9589660353661964,0.4528743326663971,0.7119944479559152,4.332427494706325
816,RE8DB,RE8DB,5,exp5_p05_seed44_e014,1.681584221495132,0.41010379791259766,0.6890936710758226,3.91783547130352
