case_id,station,event_source_id,method,method_role,apparent_snr_raw_db,apparent_snr_output_db,apparent_snr_gain_db,amplitude_ratio_raw,trigger_delay_s,psd_1_5,psd_5_10,psd_10_20
AM.R0BD5.event.20260411T225413,R0BD5,AM.R0BD5.event.20260411T225413,Band-pass,signal_processing_baseline,17.315177900071948,23.661758402274792,6.346580502202844,1.046968480661336,0.65,0.8283996810152002,0.0004328818969813147,0.7657043390719737
AM.R0BD5.event.20260411T225413,R0BD5,AM.R0BD5.event.20260411T225413,CovNorm-lambda0,self_supervised_case_study,17.315177900071948,19.970093214667827,2.654915314595879,0.5556781824076961,0.32,9.254980807862568,12.112050280515064,14.508834411387165
AM.R0BD5.event.20260411T225413,R0BD5,AM.R0BD5.event.20260411T225413,CovNorm-lambda0.1,self_supervised_case_study,17.315177900071948,17.493527366496867,0.178349466424919,0.5694592938143743,-0.07,7.362202936307284,9.433977603981175,12.127538362425605
AM.R0BD5.event.20260411T225413,R0BD5,AM.R0BD5.event.20260411T225413,CovNorm-lambda0.5,self_supervised_case_study,17.315177900071948,17.932599492655278,0.6174215925833302,0.6749589475707236,-0.27,4.055272998723212,7.723289609268401,9.319943925303622
AM.R0BD5.event.20260411T225413,R0BD5,AM.R0BD5.event.20260411T225413,Identity,identity_baseline,17.315177900071948,17.315177900071948,0.0,1.0,0.07,,,
AM.R0BD5.event.20260411T225413,R0BD5,AM.R0BD5.event.20260411T225413,Wiener-blind,deployable_signal_processing_baseline,17.315177900071948,18.881766909521545,1.5665890094495971,1.0032983491990262,-0.03,0.06845710867489023,0.19311814900649857,1.823913600302659
AM.R0BD5.event.20260412T035354,R0BD5,AM.R0BD5.event.20260412T035354,Band-pass,signal_processing_baseline,3.8734286562962783,4.947329005218286,1.0739003489220078,0.6147663832019885,,0.021189384231537673,0.00030228702990271327,1.0631441019679022
AM.R0BD5.event.20260412T035354,R0BD5,AM.R0BD5.event.20260412T035354,CovNorm-lambda0,self_supervised_case_study,3.8734286562962783,4.6825466009420404,0.8091179446457621,0.22058331479391513,1.52,12.686596509579283,14.298480265391035,11.287022135346797
AM.R0BD5.event.20260412T035354,R0BD5,AM.R0BD5.event.20260412T035354,CovNorm-lambda0.1,self_supervised_case_study,3.8734286562962783,2.1885107174800655,-1.6849179388162128,0.23776390264182645,,10.40645699855545,11.13908489396423,9.849678767754659
AM.R0BD5.event.20260412T035354,R0BD5,AM.R0BD5.event.20260412T035354,CovNorm-lambda0.5,self_supervised_case_study,3.8734286562962783,1.5233068081069816,-2.3501218481892967,0.22816107528223584,,12.314140683710633,13.784563197118771,11.33163470806864
AM.R0BD5.event.20260412T035354,R0BD5,AM.R0BD5.event.20260412T035354,Identity,identity_baseline,3.8734286562962783,3.8734286562962783,0.0,1.0,,,,
AM.R0BD5.event.20260412T035354,R0BD5,AM.R0BD5.event.20260412T035354,Wiener-blind,deployable_signal_processing_baseline,3.8734286562962783,7.469384144482714,3.5959554881864353,0.37235883832902283,1.63,15.659655015411927,13.292926105545263,7.653126512675592
AM.R0BD5.event.20260414T210629,R0BD5,AM.R0BD5.event.20260414T210629,Band-pass,signal_processing_baseline,7.247081805083171,13.384028829090353,6.136947024007181,0.9066436572234227,-0.11,1.4749887508361308,0.0007256356736509333,0.9898334049900944
AM.R0BD5.event.20260414T210629,R0BD5,AM.R0BD5.event.20260414T210629,CovNorm-lambda0,self_supervised_case_study,7.247081805083171,3.36829580396321,-3.8787860011199613,0.3129835065234223,0.99,6.025079238734761,0.7234295616222091,12.193102268428852
AM.R0BD5.event.20260414T210629,R0BD5,AM.R0BD5.event.20260414T210629,CovNorm-lambda0.1,self_supervised_case_study,7.247081805083171,4.007141698841708,-3.2399401062414634,0.4234244926500331,1.0,3.40584331333658,-0.9098199977198398,9.400331308433637
AM.R0BD5.event.20260414T210629,R0BD5,AM.R0BD5.event.20260414T210629,CovNorm-lambda0.5,self_supervised_case_study,7.247081805083171,4.235349433221091,-3.01173237186208,0.3814272293111036,1.01,2.900935830197558,-1.0056228940990048,8.372061054626116
AM.R0BD5.event.20260414T210629,R0BD5,AM.R0BD5.event.20260414T210629,Identity,identity_baseline,7.247081805083171,7.247081805083171,0.0,1.0,0.4,,,
AM.R0BD5.event.20260414T210629,R0BD5,AM.R0BD5.event.20260414T210629,Wiener-blind,deployable_signal_processing_baseline,7.247081805083171,14.870434976207056,7.623353171123885,0.8729084796985636,-0.41,2.6102117529395272,0.6256985737216516,5.867580108263482
AM.R0BD5.event.20260418T212920,R0BD5,AM.R0BD5.event.20260418T212920,Band-pass,signal_processing_baseline,2.0147147262059364,4.305551092059593,2.290836365853657,0.6723182404694268,0.05,0.7139364825462305,0.0004136568077431379,1.4632630183459643
AM.R0BD5.event.20260418T212920,R0BD5,AM.R0BD5.event.20260418T212920,CovNorm-lambda0,self_supervised_case_study,2.0147147262059364,2.1585692298798773,0.14385450367394093,0.6083712994564053,-1.03,6.189721199840432,8.361094063310142,12.304363875967377
AM.R0BD5.event.20260418T212920,R0BD5,AM.R0BD5.event.20260418T212920,CovNorm-lambda0.1,self_supervised_case_study,2.0147147262059364,1.6278294835062768,-0.3868852426996596,0.45369996956163056,-1.27,4.970369861324928,7.112951808077746,10.278915921545924
AM.R0BD5.event.20260418T212920,R0BD5,AM.R0BD5.event.20260418T212920,CovNorm-lambda0.5,self_supervised_case_study,2.0147147262059364,1.9485474202088084,-0.06616730599712795,0.43892818429306096,1.98,4.208977857709425,6.286241506261777,7.581287530781432
AM.R0BD5.event.20260418T212920,R0BD5,AM.R0BD5.event.20260418T212920,Identity,identity_baseline,2.0147147262059364,2.0147147262059364,0.0,1.0,-0.77,,,
AM.R0BD5.event.20260418T212920,R0BD5,AM.R0BD5.event.20260418T212920,Wiener-blind,deployable_signal_processing_baseline,2.0147147262059364,4.825454877296491,2.8107401510905548,0.5553554651952481,-0.9,2.88147226625072,18.05241016589436,18.701364454749186
AM.R0BD5.event.20260429T063054,R0BD5,AM.R0BD5.event.20260429T063054,Band-pass,signal_processing_baseline,7.951778841904471,10.550260262275925,2.5984814203714546,0.7850159595526001,0.42,0.5189501422348289,0.00042482041980738283,0.7623454717071129
AM.R0BD5.event.20260429T063054,R0BD5,AM.R0BD5.event.20260429T063054,CovNorm-lambda0,self_supervised_case_study,7.951778841904471,16.171351096524287,8.219572254619816,0.22435205200737668,,5.284552877222352,13.502220448779427,14.271875653857089
AM.R0BD5.event.20260429T063054,R0BD5,AM.R0BD5.event.20260429T063054,CovNorm-lambda0.1,self_supervised_case_study,7.951778841904471,15.452562122959574,7.500783281055103,0.27327220258222457,-1.97,3.2910833546036913,11.257608553449565,11.99155310013613
AM.R0BD5.event.20260429T063054,R0BD5,AM.R0BD5.event.20260429T063054,CovNorm-lambda0.5,self_supervised_case_study,7.951778841904471,11.950310196907918,3.998531355003447,0.3853375017702236,,0.845350621396319,7.999957726423722,7.7720289779881275
AM.R0BD5.event.20260429T063054,R0BD5,AM.R0BD5.event.20260429T063054,Identity,identity_baseline,7.951778841904471,7.951778841904471,0.0,1.0,,,,
AM.R0BD5.event.20260429T063054,R0BD5,AM.R0BD5.event.20260429T063054,Wiener-blind,deployable_signal_processing_baseline,7.951778841904471,14.486368686908573,6.534589845004103,0.40869852797112693,-0.8,0.12793860881682154,6.5263113303540194,11.354334000638474
AM.R0BD5.event.20260509T091124,R0BD5,AM.R0BD5.event.20260509T091124,Band-pass,signal_processing_baseline,7.439822747686897,10.441509650967774,3.001686903280877,0.7306668021199686,-0.26,0.268638367071189,0.0006426079003456817,1.0731380746629469
AM.R0BD5.event.20260509T091124,R0BD5,AM.R0BD5.event.20260509T091124,CovNorm-lambda0,self_supervised_case_study,7.439822747686897,8.70430004478597,1.2644772970990736,0.17197096075620766,,9.92324825789782,13.914536369855112,14.531844662267895
AM.R0BD5.event.20260509T091124,R0BD5,AM.R0BD5.event.20260509T091124,CovNorm-lambda0.1,self_supervised_case_study,7.439822747686897,8.84676953120657,1.4069467835196736,0.2639052963472411,,8.628952441732354,11.477831112965426,12.869044955526624
AM.R0BD5.event.20260509T091124,R0BD5,AM.R0BD5.event.20260509T091124,CovNorm-lambda0.5,self_supervised_case_study,7.439822747686897,6.63365272195364,-0.8061700257332571,0.3478683037849585,,6.190746231887851,10.833020084365634,10.21272380779158
AM.R0BD5.event.20260509T091124,R0BD5,AM.R0BD5.event.20260509T091124,Identity,identity_baseline,7.439822747686897,7.439822747686897,0.0,1.0,,,,
AM.R0BD5.event.20260509T091124,R0BD5,AM.R0BD5.event.20260509T091124,Wiener-blind,deployable_signal_processing_baseline,7.439822747686897,9.855166948225582,2.4153442005386854,0.7109829225542327,,0.4529337363850156,1.457271611193493,4.1989792391516705
AM.R0BD5.event.20260522T171811,R0BD5,AM.R0BD5.event.20260522T171811,Band-pass,signal_processing_baseline,14.330643084731875,17.074928956906696,2.744285872174821,0.46558237000400293,,1.1355713070767062,0.00030215036610965035,0.8617523783610778
AM.R0BD5.event.20260522T171811,R0BD5,AM.R0BD5.event.20260522T171811,CovNorm-lambda0,self_supervised_case_study,14.330643084731875,22.975592796377846,8.644949711645971,0.353897440457336,1.63,6.681281168087708,8.84098699375369,15.064011247250434
AM.R0BD5.event.20260522T171811,R0BD5,AM.R0BD5.event.20260522T171811,CovNorm-lambda0.1,self_supervised_case_study,14.330643084731875,20.539634604357847,6.208991519625972,0.46803189331166034,0.07,5.554490988891068,7.153440161200231,13.669495501946315
AM.R0BD5.event.20260522T171811,R0BD5,AM.R0BD5.event.20260522T171811,CovNorm-lambda0.5,self_supervised_case_study,14.330643084731875,21.0170081599978,6.686365075265925,0.509723640005017,0.2,3.7306785422811024,7.253693266940579,10.90056670024016
AM.R0BD5.event.20260522T171811,R0BD5,AM.R0BD5.event.20260522T171811,Identity,identity_baseline,14.330643084731875,14.330643084731875,0.0,1.0,,,,
AM.R0BD5.event.20260522T171811,R0BD5,AM.R0BD5.event.20260522T171811,Wiener-blind,deployable_signal_processing_baseline,14.330643084731875,20.855347355605367,6.524704270873492,0.5036959067416888,1.01,0.25626314208189765,12.139446184381805,35.41213485220149
AM.R0BD5.event.20260526T140804,R0BD5,AM.R0BD5.event.20260526T140804,Band-pass,signal_processing_baseline,4.194716252291001,6.270014559780885,2.0752983074898843,0.8178089272816845,1.14,-0.10606948469357276,0.00036757433578852634,1.045948648705657
AM.R0BD5.event.20260526T140804,R0BD5,AM.R0BD5.event.20260526T140804,CovNorm-lambda0,self_supervised_case_study,4.194716252291001,6.256829939684576,2.062113687393575,0.5695242224772287,,8.302961820355447,12.641697522016786,15.941402588361285
AM.R0BD5.event.20260526T140804,R0BD5,AM.R0BD5.event.20260526T140804,CovNorm-lambda0.1,self_supervised_case_study,4.194716252291001,5.230719853651037,1.0360036013600356,0.5598626763736785,,7.377915311438655,10.010276043517136,12.9219007365056
AM.R0BD5.event.20260526T140804,R0BD5,AM.R0BD5.event.20260526T140804,CovNorm-lambda0.5,self_supervised_case_study,4.194716252291001,4.690093252374158,0.495377000083157,0.43722810394076894,,4.422450271327858,9.213436513937632,12.402693711779838
AM.R0BD5.event.20260526T140804,R0BD5,AM.R0BD5.event.20260526T140804,Identity,identity_baseline,4.194716252291001,4.194716252291001,0.0,1.0,-0.27,,,
AM.R0BD5.event.20260526T140804,R0BD5,AM.R0BD5.event.20260526T140804,Wiener-blind,deployable_signal_processing_baseline,4.194716252291001,5.7982323548663235,1.6035161025753224,0.6755321089778497,0.92,1.0532122133812092,2.449001241293835,8.156190838126877
AM.R0ECF.event.20260120T072950,R0ECF,AM.R0ECF.event.20260120T072950,Band-pass,signal_processing_baseline,0.7227395804353675,2.1112928239804853,1.3885532435451178,0.34520771322146276,0.12,-0.14015061128430015,0.00030068379575869645,3.9192345983266783
AM.R0ECF.event.20260120T072950,R0ECF,AM.R0ECF.event.20260120T072950,CovNorm-lambda0,self_supervised_case_study,0.7227395804353675,-2.989299021957592,-3.7120386023929597,0.20815241434694823,,-5.701950742823429,-4.072026547599767,8.449424757348579
AM.R0ECF.event.20260120T072950,R0ECF,AM.R0ECF.event.20260120T072950,CovNorm-lambda0.1,self_supervised_case_study,0.7227395804353675,-1.9719859073901427,-2.6947254878255102,0.3331895852582815,,-7.503040831678053,-5.7944664902201675,6.31742763579584
AM.R0ECF.event.20260120T072950,R0ECF,AM.R0ECF.event.20260120T072950,CovNorm-lambda0.5,self_supervised_case_study,0.7227395804353675,-0.9717277071698267,-1.6944672876051943,0.27574128134907744,,-6.287584763079468,-3.2431155527161972,8.155671035374068
AM.R0ECF.event.20260120T072950,R0ECF,AM.R0ECF.event.20260120T072950,Identity,identity_baseline,0.7227395804353675,0.7227395804353675,0.0,1.0,,,,
AM.R0ECF.event.20260120T072950,R0ECF,AM.R0ECF.event.20260120T072950,Wiener-blind,deployable_signal_processing_baseline,0.7227395804353675,3.301453377964074,2.578713797528706,0.23589157491717436,0.15,11.152764321853846,12.163706935499775,7.173312797402304
AM.R0ECF.event.20260208T120425,R0ECF,AM.R0ECF.event.20260208T120425,Band-pass,signal_processing_baseline,0.3446286608452076,-1.352696046976032,-1.6973247078212397,0.18620564007565507,0.83,-0.22893238647602057,0.0005052649235602496,3.5737163111989383
AM.R0ECF.event.20260208T120425,R0ECF,AM.R0ECF.event.20260208T120425,CovNorm-lambda0,self_supervised_case_study,0.3446286608452076,-0.8796670968448768,-1.2242957576900844,0.47500149343101966,-0.74,-3.09149808835898,0.9046419996781262,9.15235617271525
AM.R0ECF.event.20260208T120425,R0ECF,AM.R0ECF.event.20260208T120425,CovNorm-lambda0.1,self_supervised_case_study,0.3446286608452076,0.012652922534452857,-0.3319757383107547,0.46341101308442306,-0.8,-4.433231418810776,0.12215494505731361,9.695196251966982
AM.R0ECF.event.20260208T120425,R0ECF,AM.R0ECF.event.20260208T120425,CovNorm-lambda0.5,self_supervised_case_study,0.3446286608452076,-0.429819493049129,-0.7744481538943366,0.37916203938162857,-0.66,-2.6445183598713604,1.8157527384705856,11.289023482943358
AM.R0ECF.event.20260208T120425,R0ECF,AM.R0ECF.event.20260208T120425,Identity,identity_baseline,0.3446286608452076,0.3446286608452076,0.0,1.0,-1.05,,,
AM.R0ECF.event.20260208T120425,R0ECF,AM.R0ECF.event.20260208T120425,Wiener-blind,deployable_signal_processing_baseline,0.3446286608452076,4.547787687121944,4.203159026276737,0.10548344468276705,0.88,10.987313363890754,26.0551983098735,37.24852714044837
AM.R0ECF.event.20260223T052156,R0ECF,AM.R0ECF.event.20260223T052156,Band-pass,signal_processing_baseline,5.384092148762937,2.434379498047364,-2.949712650715573,0.8035620460489076,0.86,0.085747789845176,0.0003059498490275555,2.8603450738994276
AM.R0ECF.event.20260223T052156,R0ECF,AM.R0ECF.event.20260223T052156,CovNorm-lambda0,self_supervised_case_study,5.384092148762937,12.230136440758246,6.846044291995309,0.446066237959136,0.88,8.356248252276954,8.72850799053366,9.361677481124607
AM.R0ECF.event.20260223T052156,R0ECF,AM.R0ECF.event.20260223T052156,CovNorm-lambda0.1,self_supervised_case_study,5.384092148762937,9.798512291405368,4.414420142642431,0.4660565754319823,-0.16,7.68094750422451,7.555434906842606,9.079152374702884
AM.R0ECF.event.20260223T052156,R0ECF,AM.R0ECF.event.20260223T052156,CovNorm-lambda0.5,self_supervised_case_study,5.384092148762937,7.40185194750776,2.017759798744823,0.4325416854667042,-0.04,8.131117025449333,7.29501506871197,7.570065595193992
AM.R0ECF.event.20260223T052156,R0ECF,AM.R0ECF.event.20260223T052156,Identity,identity_baseline,5.384092148762937,5.384092148762937,0.0,1.0,,,,
AM.R0ECF.event.20260223T052156,R0ECF,AM.R0ECF.event.20260223T052156,Wiener-blind,deployable_signal_processing_baseline,5.384092148762937,12.410550477268437,7.0264583285055,0.3425988596986884,1.97,6.182081266517248,14.275479252919043,20.325640636633068
AM.R0ECF.event.20260317T043241,R0ECF,AM.R0ECF.event.20260317T043241,Band-pass,signal_processing_baseline,2.2013559478852405,1.2005514401280573,-1.0008045077571832,0.6491307996214325,,0.03820014586578307,0.0001376989529892467,2.0713180753417566
AM.R0ECF.event.20260317T043241,R0ECF,AM.R0ECF.event.20260317T043241,CovNorm-lambda0,self_supervised_case_study,2.2013559478852405,6.873252974197329,4.671897026312088,0.25315997796789164,,11.267726595306854,12.21505485054722,10.144737999699359
AM.R0ECF.event.20260317T043241,R0ECF,AM.R0ECF.event.20260317T043241,CovNorm-lambda0.1,self_supervised_case_study,2.2013559478852405,3.2316766824409355,1.030320734555695,0.33262578293774786,,11.918232383501689,11.778958041660117,9.406632083514728
AM.R0ECF.event.20260317T043241,R0ECF,AM.R0ECF.event.20260317T043241,CovNorm-lambda0.5,self_supervised_case_study,2.2013559478852405,2.527376630613487,0.3260206827282466,0.35015713507370594,,11.745401654017206,11.868485377324163,9.527260295231443
AM.R0ECF.event.20260317T043241,R0ECF,AM.R0ECF.event.20260317T043241,Identity,identity_baseline,2.2013559478852405,2.2013559478852405,0.0,1.0,,,,
AM.R0ECF.event.20260317T043241,R0ECF,AM.R0ECF.event.20260317T043241,Wiener-blind,deployable_signal_processing_baseline,2.2013559478852405,12.116147904821702,9.914791956936462,0.24850513220476694,0.99,9.303050097783917,17.639660239124186,14.767643336342507
AM.R0ECF.event.20260326T143155,R0ECF,AM.R0ECF.event.20260326T143155,Band-pass,signal_processing_baseline,-3.0373934253597823,-3.3968812919397813,-0.359487866579999,0.8571891885029865,-1.7,0.00037106127628741764,0.0003408026456980221,2.2000698858351413
AM.R0ECF.event.20260326T143155,R0ECF,AM.R0ECF.event.20260326T143155,CovNorm-lambda0,self_supervised_case_study,-3.0373934253597823,-8.028271306537084,-4.990877881177301,0.34724527705758296,,11.821735610157498,10.180429477599665,6.701288970180983
AM.R0ECF.event.20260326T143155,R0ECF,AM.R0ECF.event.20260326T143155,CovNorm-lambda0.1,self_supervised_case_study,-3.0373934253597823,-5.47249950884712,-2.4351060834873377,0.38731924699599546,,12.715136399130115,10.654776068471241,7.8366215395144465
AM.R0ECF.event.20260326T143155,R0ECF,AM.R0ECF.event.20260326T143155,CovNorm-lambda0.5,self_supervised_case_study,-3.0373934253597823,-3.8092404048828836,-0.7718469795231013,0.4314553937262329,-1.62,12.566113059534876,11.351631529867229,6.558682800028424
AM.R0ECF.event.20260326T143155,R0ECF,AM.R0ECF.event.20260326T143155,Identity,identity_baseline,-3.0373934253597823,-3.0373934253597823,0.0,1.0,-1.7,,,
AM.R0ECF.event.20260326T143155,R0ECF,AM.R0ECF.event.20260326T143155,Wiener-blind,deployable_signal_processing_baseline,-3.0373934253597823,0.6315279801609209,3.6689214055207033,0.2516471324514511,-0.04,23.85792311214387,12.844444953442638,21.46625161651058
AM.R0ECF.event.20260401T112829,R0ECF,AM.R0ECF.event.20260401T112829,Band-pass,signal_processing_baseline,-1.5456736306807457,-2.011241054214464,-0.4655674235337184,0.765281226271449,,-0.004832020167185495,0.0004569291040871462,1.7283236930954715
AM.R0ECF.event.20260401T112829,R0ECF,AM.R0ECF.event.20260401T112829,CovNorm-lambda0,self_supervised_case_study,-1.5456736306807457,-5.12248420231129,-3.5768105716305447,0.19734351007214185,,9.084092796596607,7.954884462396456,12.608083567590912
AM.R0ECF.event.20260401T112829,R0ECF,AM.R0ECF.event.20260401T112829,CovNorm-lambda0.1,self_supervised_case_study,-1.5456736306807457,-3.2957221772186047,-1.750048546537859,0.2555178529721042,,8.539194061614767,7.246194867341582,12.483598119687583
AM.R0ECF.event.20260401T112829,R0ECF,AM.R0ECF.event.20260401T112829,CovNorm-lambda0.5,self_supervised_case_study,-1.5456736306807457,-2.072992072597594,-0.5273184419168482,0.21385746207211798,,9.594287189886535,7.931408070595574,14.00596694159519
AM.R0ECF.event.20260401T112829,R0ECF,AM.R0ECF.event.20260401T112829,Identity,identity_baseline,-1.5456736306807457,-1.5456736306807457,0.0,1.0,,,,
AM.R0ECF.event.20260401T112829,R0ECF,AM.R0ECF.event.20260401T112829,Wiener-blind,deployable_signal_processing_baseline,-1.5456736306807457,5.062508050541654,6.6081816812223995,0.393046107661316,-0.64,12.064250913173524,12.671561646283322,35.652505090010486
AM.R0ECF.event.20260420T080559,R0ECF,AM.R0ECF.event.20260420T080559,Band-pass,signal_processing_baseline,-0.1898620633963009,-0.23318885538194345,-0.04332679198564254,0.7652500921526671,,-0.005696194806362025,0.00036945634839704076,1.7539608348318534
AM.R0ECF.event.20260420T080559,R0ECF,AM.R0ECF.event.20260420T080559,CovNorm-lambda0,self_supervised_case_study,-0.1898620633963009,-4.901954765686169,-4.712092702289867,0.1826723927941605,,9.737408614676577,13.613100337368095,8.376521570629547
AM.R0ECF.event.20260420T080559,R0ECF,AM.R0ECF.event.20260420T080559,CovNorm-lambda0.1,self_supervised_case_study,-0.1898620633963009,-3.5764360538659643,-3.3865739904696635,0.29032371340590785,,8.85492057443084,12.808656207298155,9.10383749647233
AM.R0ECF.event.20260420T080559,R0ECF,AM.R0ECF.event.20260420T080559,CovNorm-lambda0.5,self_supervised_case_study,-0.1898620633963009,-3.5302443785492423,-3.3403823151529415,0.3023495058513084,,10.188226521878777,14.081752493549061,7.930737754462393
AM.R0ECF.event.20260420T080559,R0ECF,AM.R0ECF.event.20260420T080559,Identity,identity_baseline,-0.1898620633963009,-0.1898620633963009,0.0,1.0,,,,
AM.R0ECF.event.20260420T080559,R0ECF,AM.R0ECF.event.20260420T080559,Wiener-blind,deployable_signal_processing_baseline,-0.1898620633963009,6.009170076370141,6.199032139766442,0.2214210018540694,,10.676687007590111,18.02144506775656,17.246215601569364
AM.R0ECF.event.20260525T220218,R0ECF,AM.R0ECF.event.20260525T220218,Band-pass,signal_processing_baseline,3.313233626955107,2.7534428863422638,-0.5597907406128431,0.899735512187268,1.38,-0.011120652256215844,0.0005104312193346223,1.9638814737780217
AM.R0ECF.event.20260525T220218,R0ECF,AM.R0ECF.event.20260525T220218,CovNorm-lambda0,self_supervised_case_study,3.313233626955107,5.012848088598327,1.69961446164322,0.28152814227000084,1.39,12.023224702186814,12.662510895613115,9.104258711501325
AM.R0ECF.event.20260525T220218,R0ECF,AM.R0ECF.event.20260525T220218,CovNorm-lambda0.1,self_supervised_case_study,3.313233626955107,4.524869394171262,1.2116357672161548,0.29063637687241306,1.27,10.258364071386906,10.516433434037006,8.736945922973577
AM.R0ECF.event.20260525T220218,R0ECF,AM.R0ECF.event.20260525T220218,CovNorm-lambda0.5,self_supervised_case_study,3.313233626955107,2.690861858027776,-0.6223717689273309,0.26611352495472274,1.52,10.629615420829197,11.207003874979415,7.0455766669578255
AM.R0ECF.event.20260525T220218,R0ECF,AM.R0ECF.event.20260525T220218,Identity,identity_baseline,3.313233626955107,3.313233626955107,0.0,1.0,1.39,,,
AM.R0ECF.event.20260525T220218,R0ECF,AM.R0ECF.event.20260525T220218,Wiener-blind,deployable_signal_processing_baseline,3.313233626955107,7.433397588165459,4.120163961210352,0.7598362111351405,1.02,12.467800708455878,16.22345318339889,7.422349085898756
AM.R2004.event.20250923T174858,R2004,AM.R2004.event.20250923T174858,Band-pass,signal_processing_baseline,6.783300629976839,7.658009579851958,0.874708949875119,0.9584933559545455,0.32,0.011749699616935734,0.00029282320421679603,0.4211769701603499
AM.R2004.event.20250923T174858,R2004,AM.R2004.event.20250923T174858,CovNorm-lambda0,self_supervised_case_study,6.783300629976839,8.651996685392781,1.868696055415942,0.6176665083819902,0.28,7.244692859195983,10.006874778523471,7.848796251557559
AM.R2004.event.20250923T174858,R2004,AM.R2004.event.20250923T174858,CovNorm-lambda0.1,self_supervised_case_study,6.783300629976839,7.584037830158275,0.8007372001814357,0.5003867733212238,-0.76,6.271203299891504,8.972583858546523,6.6854570269863105
AM.R2004.event.20250923T174858,R2004,AM.R2004.event.20250923T174858,CovNorm-lambda0.5,self_supervised_case_study,6.783300629976839,5.303817921109034,-1.4794827088678053,0.3905155708525973,0.51,7.553929377908278,10.332665075540687,7.784777439375872
AM.R2004.event.20250923T174858,R2004,AM.R2004.event.20250923T174858,Identity,identity_baseline,6.783300629976839,6.783300629976839,0.0,1.0,0.56,,,
AM.R2004.event.20250923T174858,R2004,AM.R2004.event.20250923T174858,Wiener-blind,deployable_signal_processing_baseline,6.783300629976839,9.390647308054044,2.6073466780772048,0.6300860123066361,-0.77,19.93856995315223,12.457110576428567,12.266327481396408
AM.R2004.event.20251022T001347,R2004,AM.R2004.event.20251022T001347,Band-pass,signal_processing_baseline,2.4327518927122753,1.9741023397793631,-0.4586495529329122,0.8911232781734814,,-0.04900124006991798,0.0003828147892867325,0.46668474841463475
AM.R2004.event.20251022T001347,R2004,AM.R2004.event.20251022T001347,CovNorm-lambda0,self_supervised_case_study,2.4327518927122753,-0.9784028925405087,-3.411154785252784,0.3503135363540642,,7.634015015804576,10.632554721205379,8.075379707770033
AM.R2004.event.20251022T001347,R2004,AM.R2004.event.20251022T001347,CovNorm-lambda0.1,self_supervised_case_study,2.4327518927122753,-1.4460418685338305,-3.878793761246106,0.4069386969287075,,5.627067665969492,8.322792619968622,6.161970011879299
AM.R2004.event.20251022T001347,R2004,AM.R2004.event.20251022T001347,CovNorm-lambda0.5,self_supervised_case_study,2.4327518927122753,-1.7428434414784524,-4.175595334190728,0.2756880746512988,,8.31463942490641,10.887601317038323,8.879406521444794
AM.R2004.event.20251022T001347,R2004,AM.R2004.event.20251022T001347,Identity,identity_baseline,2.4327518927122753,2.4327518927122753,0.0,1.0,,,,
AM.R2004.event.20251022T001347,R2004,AM.R2004.event.20251022T001347,Wiener-blind,deployable_signal_processing_baseline,2.4327518927122753,6.737578064617612,4.3048261719053365,0.23061651528824462,,16.8630139323066,21.645019094507223,26.48669606898598
AM.R2004.event.20251027T195942,R2004,AM.R2004.event.20251027T195942,Band-pass,signal_processing_baseline,-5.404726095072075,-6.048989062961571,-0.644262967889496,0.9119694936869444,,-0.040576924676969696,0.0008195749573773136,0.28503975193914827
AM.R2004.event.20251027T195942,R2004,AM.R2004.event.20251027T195942,CovNorm-lambda0,self_supervised_case_study,-5.404726095072075,-10.035527368334161,-4.630801273262087,0.4485038942024614,,6.347107752185063,9.012926313249773,5.964545770257613
AM.R2004.event.20251027T195942,R2004,AM.R2004.event.20251027T195942,CovNorm-lambda0.1,self_supervised_case_study,-5.404726095072075,-8.087093575043884,-2.682367479971809,0.40467279835230774,,5.682586491136797,7.985977503129301,5.056818234740871
AM.R2004.event.20251027T195942,R2004,AM.R2004.event.20251027T195942,CovNorm-lambda0.5,self_supervised_case_study,-5.404726095072075,-5.522270704770183,-0.11754460969810854,0.33808364703741556,,7.889909943565141,10.120904159568365,7.157228830993567
AM.R2004.event.20251027T195942,R2004,AM.R2004.event.20251027T195942,Identity,identity_baseline,-5.404726095072075,-5.404726095072075,0.0,1.0,,,,
AM.R2004.event.20251027T195942,R2004,AM.R2004.event.20251027T195942,Wiener-blind,deployable_signal_processing_baseline,-5.404726095072075,1.7281900416052527,7.132916136677327,0.09296726127528822,-0.58,24.81554238531339,67.53544431033792,24.384122058835317
AM.R2004.event.20251205T194039,R2004,AM.R2004.event.20251205T194039,Band-pass,signal_processing_baseline,3.340093832559842,2.982374719806125,-0.35771911275371693,0.9968326809907275,0.47,0.020396017468658514,0.00023980179294594284,0.8983992459494733
AM.R2004.event.20251205T194039,R2004,AM.R2004.event.20251205T194039,CovNorm-lambda0,self_supervised_case_study,3.340093832559842,1.636083635708887,-1.704010196850955,0.274672344367218,0.56,10.180403856607654,11.851538534448693,8.481513940284303
AM.R2004.event.20251205T194039,R2004,AM.R2004.event.20251205T194039,CovNorm-lambda0.1,self_supervised_case_study,3.340093832559842,2.0807400515599195,-1.2593537809999225,0.31229034511653275,0.43,8.344380356375027,10.019412311366773,7.1000728708268435
AM.R2004.event.20251205T194039,R2004,AM.R2004.event.20251205T194039,CovNorm-lambda0.5,self_supervised_case_study,3.340093832559842,0.9078664676627022,-2.4322273648971398,0.20016916484298666,,10.212115107392579,11.714311588759777,8.935201389054955
AM.R2004.event.20251205T194039,R2004,AM.R2004.event.20251205T194039,Identity,identity_baseline,3.340093832559842,3.340093832559842,0.0,1.0,0.48,,,
AM.R2004.event.20251205T194039,R2004,AM.R2004.event.20251205T194039,Wiener-blind,deployable_signal_processing_baseline,3.340093832559842,6.51417988066647,3.174086048106628,0.25001503413943454,-0.71,15.646180546539279,19.52422408325815,16.77525029676234
AM.R2004.event.20251217T231437,R2004,AM.R2004.event.20251217T231437,Band-pass,signal_processing_baseline,0.8442635349798739,0.17358905522966203,-0.6706744797502119,0.8783686947438349,1.05,-0.0031857304060605267,0.0004094510129371762,0.4375444268556478
AM.R2004.event.20251217T231437,R2004,AM.R2004.event.20251217T231437,CovNorm-lambda0,self_supervised_case_study,0.8442635349798739,-2.6054032364845807,-3.4496667714644547,0.406618670023554,,5.326554882065726,8.797460240067736,7.231888344607806
AM.R2004.event.20251217T231437,R2004,AM.R2004.event.20251217T231437,CovNorm-lambda0.1,self_supervised_case_study,0.8442635349798739,-2.4058896980382722,-3.250153233018146,0.3836180843430617,,3.610968329997874,7.109231641914842,5.727931145211021
AM.R2004.event.20251217T231437,R2004,AM.R2004.event.20251217T231437,CovNorm-lambda0.5,self_supervised_case_study,0.8442635349798739,-1.8318844030931845,-2.6761479380730586,0.2645031718021466,,5.556786988603938,9.13732817145403,7.703593147124323
AM.R2004.event.20251217T231437,R2004,AM.R2004.event.20251217T231437,Identity,identity_baseline,0.8442635349798739,0.8442635349798739,0.0,1.0,0.73,,,
AM.R2004.event.20251217T231437,R2004,AM.R2004.event.20251217T231437,Wiener-blind,deployable_signal_processing_baseline,0.8442635349798739,4.8108453641393565,3.9665818291594825,0.3681179347536721,0.71,19.78928283516871,18.944474957715578,13.08437036768045
AM.R2004.event.20251231T143954,R2004,AM.R2004.event.20251231T143954,Band-pass,signal_processing_baseline,2.761457383732852,2.9394546631140988,0.17799727938124654,0.9189047030214458,-0.96,-0.018522395819122937,0.0004112411317976322,0.2819434197629932
AM.R2004.event.20251231T143954,R2004,AM.R2004.event.20251231T143954,CovNorm-lambda0,self_supervised_case_study,2.761457383732852,3.314186863996041,0.5527294802631886,0.564454056498643,,5.216357006130164,8.182811938584104,7.150870753622737
AM.R2004.event.20251231T143954,R2004,AM.R2004.event.20251231T143954,CovNorm-lambda0.1,self_supervised_case_study,2.761457383732852,2.7409701393012487,-0.020487244431603546,0.5247914662742637,-0.93,4.311145913828502,7.007808801158492,6.62466125910457
AM.R2004.event.20251231T143954,R2004,AM.R2004.event.20251231T143954,CovNorm-lambda0.5,self_supervised_case_study,2.761457383732852,2.371618642912117,-0.3898387408207351,0.41937320044914805,,5.7978277278758314,7.878768091207804,7.018951044998061
AM.R2004.event.20251231T143954,R2004,AM.R2004.event.20251231T143954,Identity,identity_baseline,2.761457383732852,2.761457383732852,0.0,1.0,,,,
AM.R2004.event.20251231T143954,R2004,AM.R2004.event.20251231T143954,Wiener-blind,deployable_signal_processing_baseline,2.761457383732852,11.779592590966285,9.018135207233433,0.5540091621693273,-1.9,31.29875605871454,17.512972185604756,12.450252506387235
AM.R2004.event.20260101T065451,R2004,AM.R2004.event.20260101T065451,Band-pass,signal_processing_baseline,-0.5039501559483467,-0.5485379148357604,-0.04458775888741373,0.8363518177931648,,-0.0007544025736270698,0.0002732084261647519,0.2042313429134245
AM.R2004.event.20260101T065451,R2004,AM.R2004.event.20260101T065451,CovNorm-lambda0,self_supervised_case_study,-0.5039501559483467,-1.5799242040645587,-1.075974048116212,0.5755851430805091,,0.8106602333346918,8.377967282433083,5.246862065601276
AM.R2004.event.20260101T065451,R2004,AM.R2004.event.20260101T065451,CovNorm-lambda0.1,self_supervised_case_study,-0.5039501559483467,-1.1837026765384588,-0.6797525205901122,0.5040502531334322,,-0.11964561242786094,7.490988702873341,4.921515215161723
AM.R2004.event.20260101T065451,R2004,AM.R2004.event.20260101T065451,CovNorm-lambda0.5,self_supervised_case_study,-0.5039501559483467,-1.2905346855304713,-0.7865845295821247,0.42380053774529736,,1.1605071629626174,8.244415843730062,5.76333502283743
AM.R2004.event.20260101T065451,R2004,AM.R2004.event.20260101T065451,Identity,identity_baseline,-0.5039501559483467,-0.5039501559483467,0.0,1.0,,,,
AM.R2004.event.20260101T065451,R2004,AM.R2004.event.20260101T065451,Wiener-blind,deployable_signal_processing_baseline,-0.5039501559483467,3.3136875235592407,3.8176376795075875,0.19418843043011214,,20.68446947080665,16.408082454664388,19.7500440958139
AM.R2004.event.20260102T140446,R2004,AM.R2004.event.20260102T140446,Band-pass,signal_processing_baseline,2.729816255006333,3.1223921203247635,0.3925758653184306,0.9921268044481104,0.99,-0.005052586132528024,0.0003775143656655426,0.279556639894799
AM.R2004.event.20260102T140446,R2004,AM.R2004.event.20260102T140446,CovNorm-lambda0,self_supervised_case_study,2.729816255006333,3.4858275539772055,0.7560112989708725,0.7443047913041329,0.99,2.4494923364089805,6.721588867538113,5.235738790312432
AM.R2004.event.20260102T140446,R2004,AM.R2004.event.20260102T140446,CovNorm-lambda0.1,self_supervised_case_study,2.729816255006333,2.8509768104905464,0.12116055548421345,0.5260214475396968,1.03,2.147238786300961,6.6346209633817494,4.633693861259302
AM.R2004.event.20260102T140446,R2004,AM.R2004.event.20260102T140446,CovNorm-lambda0.5,self_supervised_case_study,2.729816255006333,1.7299097845832268,-0.9999064704231062,0.4186979702455881,1.08,2.971520310422773,7.12914801093897,5.570329092400841
AM.R2004.event.20260102T140446,R2004,AM.R2004.event.20260102T140446,Identity,identity_baseline,2.729816255006333,2.729816255006333,0.0,1.0,1.03,,,
AM.R2004.event.20260102T140446,R2004,AM.R2004.event.20260102T140446,Wiener-blind,deployable_signal_processing_baseline,2.729816255006333,10.572020791118607,7.842204536112274,0.5620667519910378,-0.36,23.899097469851625,19.842012604671876,15.697890228411273
AM.R24AE.event.20260510T031455,R24AE,AM.R24AE.event.20260510T031455,Band-pass,signal_processing_baseline,0.20911341157255958,0.36615815707462884,0.15704474550206926,0.8269626700993519,-0.33,0.9620197763065659,0.0003855786631553992,0.24080618315630356
AM.R24AE.event.20260510T031455,R24AE,AM.R24AE.event.20260510T031455,CovNorm-lambda0,self_supervised_case_study,0.20911341157255958,0.0547711546730363,-0.15434225689952327,0.5126571101116059,-0.28,3.352312105879557,-1.950172908126684,3.135317960596915
AM.R24AE.event.20260510T031455,R24AE,AM.R24AE.event.20260510T031455,CovNorm-lambda0.1,self_supervised_case_study,0.20911341157255958,0.14505053207141058,-0.064062879501149,0.5081764013174854,,3.2026196285663033,-2.013765995138795,2.8032495062533296
AM.R24AE.event.20260510T031455,R24AE,AM.R24AE.event.20260510T031455,CovNorm-lambda0.5,self_supervised_case_study,0.20911341157255958,-0.1974488348680596,-0.40656224644061917,0.6303596406468417,,2.7278370157019993,-2.7454485567395426,2.3160110350673198
AM.R24AE.event.20260510T031455,R24AE,AM.R24AE.event.20260510T031455,Identity,identity_baseline,0.20911341157255958,0.20911341157255958,0.0,1.0,-0.36,,,
AM.R24AE.event.20260510T031455,R24AE,AM.R24AE.event.20260510T031455,Wiener-blind,deployable_signal_processing_baseline,0.20911341157255958,2.7431407247940376,2.534027313221478,0.2459095040505644,0.84,12.578017979036892,13.872159207583977,14.370066695625924
AM.R24AE.event.20260510T071152,R24AE,AM.R24AE.event.20260510T071152,Band-pass,signal_processing_baseline,2.0131652736183283,0.5973598189891383,-1.41580545462919,0.7338566860643563,1.68,0.6057598546031701,0.0008425335609263512,0.4349894365771267
AM.R24AE.event.20260510T071152,R24AE,AM.R24AE.event.20260510T071152,CovNorm-lambda0,self_supervised_case_study,2.0131652736183283,2.08681343699643,0.07364816337810165,0.594940827069115,1.5,3.491332519084247,-5.447040620344906,1.861805481379909
AM.R24AE.event.20260510T071152,R24AE,AM.R24AE.event.20260510T071152,CovNorm-lambda0.1,self_supervised_case_study,2.0131652736183283,1.8492457712292356,-0.1639195023890927,0.6848228794599243,1.55,3.0640191181756524,-5.67876315815833,1.578251527745459
AM.R24AE.event.20260510T071152,R24AE,AM.R24AE.event.20260510T071152,CovNorm-lambda0.5,self_supervised_case_study,2.0131652736183283,2.058728372741276,0.04556309912294765,0.7798294306649447,1.52,2.106305558291021,-6.437939367449768,0.6663933595867183
AM.R24AE.event.20260510T071152,R24AE,AM.R24AE.event.20260510T071152,Identity,identity_baseline,2.0131652736183283,2.0131652736183283,0.0,1.0,1.53,,,
AM.R24AE.event.20260510T071152,R24AE,AM.R24AE.event.20260510T071152,Wiener-blind,deployable_signal_processing_baseline,2.0131652736183283,4.480627243292631,2.4674619696743023,0.21696448532566057,1.68,27.351403396999558,16.854573907351085,19.448063446110073
AM.R24AE.event.20260510T182251,R24AE,AM.R24AE.event.20260510T182251,Band-pass,signal_processing_baseline,5.571135991516158,5.8326820660574,0.2615460745412417,0.9472644160942986,1.38,0.2648950240580213,0.0002773569535713424,0.2686816174693589
AM.R24AE.event.20260510T182251,R24AE,AM.R24AE.event.20260510T182251,CovNorm-lambda0,self_supervised_case_study,5.571135991516158,1.5243825334232683,-4.04675345809289,0.3236509548140534,-1.81,4.918521204557155,-0.27986823886488965,7.6793704479735885
AM.R24AE.event.20260510T182251,R24AE,AM.R24AE.event.20260510T182251,CovNorm-lambda0.1,self_supervised_case_study,5.571135991516158,0.7750649569030048,-4.796071034613153,0.4613694214145999,-1.47,4.092288435254453,-0.6825720844624733,6.079159963522705
AM.R24AE.event.20260510T182251,R24AE,AM.R24AE.event.20260510T182251,CovNorm-lambda0.5,self_supervised_case_study,5.571135991516158,1.9874066952860783,-3.5837292962300795,0.49455960548007233,1.72,4.074783904609461,-0.3065355892172165,6.861042026906468
AM.R24AE.event.20260510T182251,R24AE,AM.R24AE.event.20260510T182251,Identity,identity_baseline,5.571135991516158,5.571135991516158,0.0,1.0,1.55,,,
AM.R24AE.event.20260510T182251,R24AE,AM.R24AE.event.20260510T182251,Wiener-blind,deployable_signal_processing_baseline,5.571135991516158,12.120525920522834,6.549389929006676,0.7110580246503656,1.25,12.559063784310029,10.398280110494769,5.752356770745782
AM.R24AE.event.20260513T104537,R24AE,AM.R24AE.event.20260513T104537,Band-pass,signal_processing_baseline,-2.8221660916282874,-2.9348558735394996,-0.11268978191121226,1.019417971801013,-0.61,0.11817093872649587,0.00022931382810674244,0.15379224236985958
AM.R24AE.event.20260513T104537,R24AE,AM.R24AE.event.20260513T104537,CovNorm-lambda0,self_supervised_case_study,-2.8221660916282874,-5.393919641213235,-2.5717535495849475,0.54525666108988,0.91,4.297118274419611,-1.1823059614166815,6.678306156412383
AM.R24AE.event.20260513T104537,R24AE,AM.R24AE.event.20260513T104537,CovNorm-lambda0.1,self_supervised_case_study,-2.8221660916282874,-4.749815001215371,-1.9276489095870835,0.5265077959797532,,4.062253206291963,-1.8002669794925812,6.726028226913249
AM.R24AE.event.20260513T104537,R24AE,AM.R24AE.event.20260513T104537,CovNorm-lambda0.5,self_supervised_case_study,-2.8221660916282874,-4.542804790288565,-1.7206386986602773,0.5658072083962264,,3.4125842898648258,-1.9612783554595288,6.111208403967745
AM.R24AE.event.20260513T104537,R24AE,AM.R24AE.event.20260513T104537,Identity,identity_baseline,-2.8221660916282874,-2.8221660916282874,0.0,1.0,-0.6,,,
AM.R24AE.event.20260513T104537,R24AE,AM.R24AE.event.20260513T104537,Wiener-blind,deployable_signal_processing_baseline,-2.8221660916282874,3.0136628343498573,5.835828925978145,0.21013660047940005,-0.48,24.653129511967563,6.20929295418899,12.921834298587589
AM.R24AE.event.20260515T110754,R24AE,AM.R24AE.event.20260515T110754,Band-pass,signal_processing_baseline,2.2082236358569416,2.1266625397530348,-0.08156109610390683,0.9234629291589794,0.8,0.5048738973850885,0.00014129698628130913,0.3920319353310578
AM.R24AE.event.20260515T110754,R24AE,AM.R24AE.event.20260515T110754,CovNorm-lambda0,self_supervised_case_study,2.2082236358569416,1.649294816513809,-0.5589288193431325,0.6597334573710507,0.8,4.241360835410728,-7.648948142679141,-0.570245366530369
AM.R24AE.event.20260515T110754,R24AE,AM.R24AE.event.20260515T110754,CovNorm-lambda0.1,self_supervised_case_study,2.2082236358569416,1.3308278561880216,-0.87739577966892,0.6770833834802042,0.82,3.5817733721241907,-8.301342880668058,-1.2087029174234745
AM.R24AE.event.20260515T110754,R24AE,AM.R24AE.event.20260515T110754,CovNorm-lambda0.5,self_supervised_case_study,2.2082236358569416,1.2192527330197371,-0.9889709028372045,0.806922666491645,0.85,2.420703492467115,-8.61358106166267,-2.2235006634914054
AM.R24AE.event.20260515T110754,R24AE,AM.R24AE.event.20260515T110754,Identity,identity_baseline,2.2082236358569416,2.2082236358569416,0.0,1.0,0.82,,,
AM.R24AE.event.20260515T110754,R24AE,AM.R24AE.event.20260515T110754,Wiener-blind,deployable_signal_processing_baseline,2.2082236358569416,2.9424114610152112,0.7341878251582696,0.2956742697348569,0.82,12.020109174313667,30.43280697636646,20.169067506375757
AM.R24AE.event.20260517T062821,R24AE,AM.R24AE.event.20260517T062821,Band-pass,signal_processing_baseline,12.601040671450928,16.04489221995654,3.443851548505613,0.9523079683506523,0.24,1.2852169763407613,0.00010248374894861443,0.31000264218680423
AM.R24AE.event.20260517T062821,R24AE,AM.R24AE.event.20260517T062821,CovNorm-lambda0,self_supervised_case_study,12.601040671450928,13.98646904089649,1.3854283694455614,0.430331039321643,0.4,6.652080022594817,-2.970908957996384,5.091956087810253
AM.R24AE.event.20260517T062821,R24AE,AM.R24AE.event.20260517T062821,CovNorm-lambda0.1,self_supervised_case_study,12.601040671450928,10.867164300661374,-1.7338763707895541,0.49810924627920455,0.4,5.559522228120632,-4.364791470969016,3.1226005514990156
AM.R24AE.event.20260517T062821,R24AE,AM.R24AE.event.20260517T062821,CovNorm-lambda0.5,self_supervised_case_study,12.601040671450928,11.19383586699508,-1.4072048044558478,0.6491175879622058,0.39,3.143966490071938,-6.064487419632397,-1.1235922649588013
AM.R24AE.event.20260517T062821,R24AE,AM.R24AE.event.20260517T062821,Identity,identity_baseline,12.601040671450928,12.601040671450928,0.0,1.0,0.27,,,
AM.R24AE.event.20260517T062821,R24AE,AM.R24AE.event.20260517T062821,Wiener-blind,deployable_signal_processing_baseline,12.601040671450928,13.075600288443548,0.47455961699261984,0.9894130298982359,0.26,0.2618800784647319,0.2022546927913406,1.3881691014222797
AM.R24AE.event.20260521T190057,R24AE,AM.R24AE.event.20260521T190057,Band-pass,signal_processing_baseline,-1.0276350484064847,-1.2862807916595622,-0.25864574325307754,1.0317221948682445,0.13,0.07309081274147143,0.0001229577920780152,0.291586560948572
AM.R24AE.event.20260521T190057,R24AE,AM.R24AE.event.20260521T190057,CovNorm-lambda0,self_supervised_case_study,-1.0276350484064847,-4.9794232433864245,-3.95178819497994,0.4376244415502215,,4.9505709937337254,1.7049095886429486,3.9025816853513735
AM.R24AE.event.20260521T190057,R24AE,AM.R24AE.event.20260521T190057,CovNorm-lambda0.1,self_supervised_case_study,-1.0276350484064847,-4.385400571781593,-3.3577655233751087,0.49287548483818544,,5.067591771725935,1.809846562043808,3.787638856692631
AM.R24AE.event.20260521T190057,R24AE,AM.R24AE.event.20260521T190057,CovNorm-lambda0.5,self_supervised_case_study,-1.0276350484064847,-3.8919628840088505,-2.864327835602366,0.577090751487733,,4.942484876407231,2.474173707671438,4.370504482229004
AM.R24AE.event.20260521T190057,R24AE,AM.R24AE.event.20260521T190057,Identity,identity_baseline,-1.0276350484064847,-1.0276350484064847,0.0,1.0,0.13,,,
AM.R24AE.event.20260521T190057,R24AE,AM.R24AE.event.20260521T190057,Wiener-blind,deployable_signal_processing_baseline,-1.0276350484064847,11.500378224745699,12.528013273152183,0.1861049390936816,0.68,50.573054733944076,23.253455232382134,12.057744873301578
AM.R24AE.event.20260528T114914,R24AE,AM.R24AE.event.20260528T114914,Band-pass,signal_processing_baseline,2.9166288879021685,3.0456247950466873,0.1289959071445188,0.8685531029061789,1.06,0.11272245978557506,3.410759994506357e-05,0.38789915326690333
AM.R24AE.event.20260528T114914,R24AE,AM.R24AE.event.20260528T114914,CovNorm-lambda0,self_supervised_case_study,2.9166288879021685,2.605476599470835,-0.31115228843133336,0.6176453344205894,1.04,4.283745325504185,-1.1730594607696427,1.072866705935357
AM.R24AE.event.20260528T114914,R24AE,AM.R24AE.event.20260528T114914,CovNorm-lambda0.1,self_supervised_case_study,2.9166288879021685,1.8300203457568331,-1.0866085421453353,0.6477490088163061,1.05,3.780422632129797,-2.1401914523769583,-0.04418634003659679
AM.R24AE.event.20260528T114914,R24AE,AM.R24AE.event.20260528T114914,CovNorm-lambda0.5,self_supervised_case_study,2.9166288879021685,1.7508137273834155,-1.165815160518753,0.7275877086676673,1.07,3.2938195679337277,-2.605042945325064,0.6292036764584824
AM.R24AE.event.20260528T114914,R24AE,AM.R24AE.event.20260528T114914,Identity,identity_baseline,2.9166288879021685,2.9166288879021685,0.0,1.0,1.06,,,
AM.R24AE.event.20260528T114914,R24AE,AM.R24AE.event.20260528T114914,Wiener-blind,deployable_signal_processing_baseline,2.9166288879021685,5.44203209113308,2.5254032032309115,0.13026534259112785,0.87,20.700146599437808,13.524102903821792,20.930984760601888
AM.R3B66.event.20260128T040037,R3B66,AM.R3B66.event.20260128T040037,Band-pass,signal_processing_baseline,3.880498376885737,0.009284325955286358,-3.8712140509304507,0.05849267143879832,,4.981524028535218,0.0005165004931476127,1.3309024208243143
AM.R3B66.event.20260128T040037,R3B66,AM.R3B66.event.20260128T040037,CovNorm-lambda0,self_supervised_case_study,3.880498376885737,3.363881054805631,-0.5166173220801062,0.8757054651707084,-0.47,1.553364679055812,-13.874279538563853,-3.4841149146171086
AM.R3B66.event.20260128T040037,R3B66,AM.R3B66.event.20260128T040037,CovNorm-lambda0.1,self_supervised_case_study,3.880498376885737,3.9853909890855728,0.1048926121998357,0.9103786176382058,-0.14,-0.17480651403107197,-16.95099985756136,-5.229293428218283
AM.R3B66.event.20260128T040037,R3B66,AM.R3B66.event.20260128T040037,CovNorm-lambda0.5,self_supervised_case_study,3.880498376885737,3.5356836566033696,-0.3448147202823675,0.8632670133906002,-0.2,-0.7309009920558447,-20.34630300275305,-9.244028326454746
AM.R3B66.event.20260128T040037,R3B66,AM.R3B66.event.20260128T040037,Identity,identity_baseline,3.880498376885737,3.880498376885737,0.0,1.0,-0.2,,,
AM.R3B66.event.20260128T040037,R3B66,AM.R3B66.event.20260128T040037,Wiener-blind,deployable_signal_processing_baseline,3.880498376885737,4.119456047778479,0.23895767089274234,0.1419202266834551,-0.15,11.450148484746785,4.084713442307131,14.285296773589751
AM.R3B66.event.20260504T152558,R3B66,AM.R3B66.event.20260504T152558,Band-pass,signal_processing_baseline,2.7075366870540574,2.8545676581164607,0.14703097106240337,0.5146459309646496,0.27,0.75052316773094,0.00031829663961298327,1.3406243773671171
AM.R3B66.event.20260504T152558,R3B66,AM.R3B66.event.20260504T152558,CovNorm-lambda0,self_supervised_case_study,2.7075366870540574,3.651103449042365,0.9435667619883077,0.6212462969081717,0.99,1.8288030169438052,-2.572760244091095,8.401743833559665
AM.R3B66.event.20260504T152558,R3B66,AM.R3B66.event.20260504T152558,CovNorm-lambda0.1,self_supervised_case_study,2.7075366870540574,1.8077720809632063,-0.8997646060908511,0.6087394517854379,1.37,1.297421912341574,-4.379257872188881,7.588959812788159
AM.R3B66.event.20260504T152558,R3B66,AM.R3B66.event.20260504T152558,CovNorm-lambda0.5,self_supervised_case_study,2.7075366870540574,1.5603564441283333,-1.147180242925724,0.7289960296830588,1.19,-0.20337860111477438,-5.710066551410864,3.925202440714482
AM.R3B66.event.20260504T152558,R3B66,AM.R3B66.event.20260504T152558,Identity,identity_baseline,2.7075366870540574,2.7075366870540574,0.0,1.0,1.11,,,
AM.R3B66.event.20260504T152558,R3B66,AM.R3B66.event.20260504T152558,Wiener-blind,deployable_signal_processing_baseline,2.7075366870540574,3.423089810006865,0.7155531229528078,0.43218724501245587,0.96,9.262370989146055,8.368078798437201,12.129806028768387
AM.R3B66.event.20260509T045314,R3B66,AM.R3B66.event.20260509T045314,Band-pass,signal_processing_baseline,4.491501483364516,4.507172021577651,0.015670538213135465,0.5859520973445794,-1.29,1.5545464296922693,0.00047382203630119517,0.3028622528761007
AM.R3B66.event.20260509T045314,R3B66,AM.R3B66.event.20260509T045314,CovNorm-lambda0,self_supervised_case_study,4.491501483364516,4.266248924522518,-0.2252525588419978,0.7464258105719176,1.37,5.55433601139485,0.14840353697746597,7.596932729309242
AM.R3B66.event.20260509T045314,R3B66,AM.R3B66.event.20260509T045314,CovNorm-lambda0.1,self_supervised_case_study,4.491501483364516,5.00426454528677,0.5127630619222536,0.6951575661630645,0.29,2.7804161302989847,-3.3876168443356,6.480008784051577
AM.R3B66.event.20260509T045314,R3B66,AM.R3B66.event.20260509T045314,CovNorm-lambda0.5,self_supervised_case_study,4.491501483364516,3.303926103636596,-1.18757537972792,0.747953763220079,0.32,0.5988963699208258,-7.133216899717664,1.0546137168342098
AM.R3B66.event.20260509T045314,R3B66,AM.R3B66.event.20260509T045314,Identity,identity_baseline,4.491501483364516,4.491501483364516,0.0,1.0,-0.88,,,
AM.R3B66.event.20260509T045314,R3B66,AM.R3B66.event.20260509T045314,Wiener-blind,deployable_signal_processing_baseline,4.491501483364516,6.014816522554074,1.5233150391895585,0.6411425734858877,-0.98,9.336646749391956,29.111243380702863,11.298300817835878
AM.R3B66.event.20260515T113502,R3B66,AM.R3B66.event.20260515T113502,Band-pass,signal_processing_baseline,0.8297881252160543,0.05097794889765043,-0.7788101763184039,0.36292085550386477,,0.9870052175394098,0.0009342734815724132,0.7533113559529472
AM.R3B66.event.20260515T113502,R3B66,AM.R3B66.event.20260515T113502,CovNorm-lambda0,self_supervised_case_study,0.8297881252160543,0.3408252980815229,-0.4889628271345314,0.59943546057349,,2.7496460097625643,-2.0720165112124858,8.419803053480145
AM.R3B66.event.20260515T113502,R3B66,AM.R3B66.event.20260515T113502,CovNorm-lambda0.1,self_supervised_case_study,0.8297881252160543,0.8288708704673309,-0.0009172547487233951,0.6918315748509059,,1.8965173261104857,-2.7870602951030072,7.076450220113564
AM.R3B66.event.20260515T113502,R3B66,AM.R3B66.event.20260515T113502,CovNorm-lambda0.5,self_supervised_case_study,0.8297881252160543,0.821989201126126,-0.007798924089928327,0.6636232629924691,,1.22255133594086,-3.241314138520989,5.082800612052766
AM.R3B66.event.20260515T113502,R3B66,AM.R3B66.event.20260515T113502,Identity,identity_baseline,0.8297881252160543,0.8297881252160543,0.0,1.0,,,,
AM.R3B66.event.20260515T113502,R3B66,AM.R3B66.event.20260515T113502,Wiener-blind,deployable_signal_processing_baseline,0.8297881252160543,1.2684219615248238,0.4386338363087695,0.12012992731055057,1.69,40.13503469848485,14.889913719455867,10.993781969835146
AM.R3B66.event.20260516T145524,R3B66,AM.R3B66.event.20260516T145524,Band-pass,signal_processing_baseline,-0.8419562037742684,-0.4298593099934999,0.41209689378076847,0.3851302927166222,,1.5043401180281142,0.0004730125306939943,2.3349705472913347
AM.R3B66.event.20260516T145524,R3B66,AM.R3B66.event.20260516T145524,CovNorm-lambda0,self_supervised_case_study,-0.8419562037742684,-0.5079834605572876,0.3339727432169808,0.5949955013866967,1.7,3.9333492547789333,5.138351187326741,10.159629995495123
AM.R3B66.event.20260516T145524,R3B66,AM.R3B66.event.20260516T145524,CovNorm-lambda0.1,self_supervised_case_study,-0.8419562037742684,-1.804674096305544,-0.9627178925312757,0.5062098326730758,0.67,4.436238255873039,4.019716260289802,8.783764063560861
AM.R3B66.event.20260516T145524,R3B66,AM.R3B66.event.20260516T145524,CovNorm-lambda0.5,self_supervised_case_study,-0.8419562037742684,0.9818657248425583,1.8238219286168267,0.593868498130168,0.67,1.5349144231087954,3.0980106757738146,7.530947312177894
AM.R3B66.event.20260516T145524,R3B66,AM.R3B66.event.20260516T145524,Identity,identity_baseline,-0.8419562037742684,-0.8419562037742684,0.0,1.0,1.77,,,
AM.R3B66.event.20260516T145524,R3B66,AM.R3B66.event.20260516T145524,Wiener-blind,deployable_signal_processing_baseline,-0.8419562037742684,-0.19299754486464532,0.648958658909623,0.6426576580640271,0.76,4.46573788416669,25.688142689743092,21.777929888908016
AM.R3B66.event.20260525T220234,R3B66,AM.R3B66.event.20260525T220234,Band-pass,signal_processing_baseline,18.102344146160647,12.324797442251302,-5.777546703909344,0.41988204108970034,-1.9,2.019179327822883,0.00014753230267366935,1.2535038097751288
AM.R3B66.event.20260525T220234,R3B66,AM.R3B66.event.20260525T220234,CovNorm-lambda0,self_supervised_case_study,18.102344146160647,19.52993959444173,1.4275954482810818,0.8703036550342407,1.6,4.609345497847841,-3.8241697567739474,11.530365310733195
AM.R3B66.event.20260525T220234,R3B66,AM.R3B66.event.20260525T220234,CovNorm-lambda0.1,self_supervised_case_study,18.102344146160647,20.047452903114795,1.9451087569541485,0.9035572773469653,-0.41,4.519118954559487,-4.111900826898008,9.97592529420477
AM.R3B66.event.20260525T220234,R3B66,AM.R3B66.event.20260525T220234,CovNorm-lambda0.5,self_supervised_case_study,18.102344146160647,18.021301613686266,-0.08104253247438109,0.9944820874414824,1.61,1.4799797359647162,-5.7933582559074885,8.50757527988114
AM.R3B66.event.20260525T220234,R3B66,AM.R3B66.event.20260525T220234,Identity,identity_baseline,18.102344146160647,18.102344146160647,0.0,1.0,-0.39,,,
AM.R3B66.event.20260525T220234,R3B66,AM.R3B66.event.20260525T220234,Wiener-blind,deployable_signal_processing_baseline,18.102344146160647,19.813691036790708,1.711346890630061,0.9894980922067881,-0.4,0.7375806181455387,26.73339384329115,30.602435725381156
AM.R3B66.event.20260530T213337,R3B66,AM.R3B66.event.20260530T213337,Band-pass,signal_processing_baseline,0.2731660065485091,1.576185375714735,1.303019369166226,0.2709125335988381,1.93,3.4537968650786808,0.0003723776091800344,0.8863309499607492
AM.R3B66.event.20260530T213337,R3B66,AM.R3B66.event.20260530T213337,CovNorm-lambda0,self_supervised_case_study,0.2731660065485091,0.38856364288842676,0.11539763633991768,0.7051881415954458,1.15,1.7946097068139644,-7.552052465804844,5.31985518918556
AM.R3B66.event.20260530T213337,R3B66,AM.R3B66.event.20260530T213337,CovNorm-lambda0.1,self_supervised_case_study,0.2731660065485091,-0.1707445086153107,-0.4439105151638198,0.6959538597120248,,0.5030730736118771,-8.453663343668063,4.543263601225449
AM.R3B66.event.20260530T213337,R3B66,AM.R3B66.event.20260530T213337,CovNorm-lambda0.5,self_supervised_case_study,0.2731660065485091,0.5256706072704762,0.2525046007219671,0.73233758846157,1.35,0.21161310908186995,-7.670830103834916,2.705802751868428
AM.R3B66.event.20260530T213337,R3B66,AM.R3B66.event.20260530T213337,Identity,identity_baseline,0.2731660065485091,0.2731660065485091,0.0,1.0,1.17,,,
AM.R3B66.event.20260530T213337,R3B66,AM.R3B66.event.20260530T213337,Wiener-blind,deployable_signal_processing_baseline,0.2731660065485091,4.8130978060066845,4.539931799458175,0.14819095797981083,1.02,20.38782823460849,12.860648034237707,13.153471343638317
AM.R3B66.event.20260531T214545,R3B66,AM.R3B66.event.20260531T214545,Band-pass,signal_processing_baseline,4.6871775056529525,6.53676793928812,1.8495904336351678,0.31659075032529155,-0.02,1.7866652139589425,0.0003234936248565152,1.0327374534230664
AM.R3B66.event.20260531T214545,R3B66,AM.R3B66.event.20260531T214545,CovNorm-lambda0,self_supervised_case_study,4.6871775056529525,3.9610487592561983,-0.7261287463967543,0.7628258253990102,0.63,1.555975536523288,-8.142872808009255,7.48501950650805
AM.R3B66.event.20260531T214545,R3B66,AM.R3B66.event.20260531T214545,CovNorm-lambda0.1,self_supervised_case_study,4.6871775056529525,3.3915805058800585,-1.295596999772894,0.7469107026070719,0.16,0.7910628716335797,-8.646924045362496,6.634074045540854
AM.R3B66.event.20260531T214545,R3B66,AM.R3B66.event.20260531T214545,CovNorm-lambda0.5,self_supervised_case_study,4.6871775056529525,4.088465792493723,-0.5987117131592292,0.6885537656883862,0.65,-1.1245841464561759,-9.223818661853079,4.413410262006145
AM.R3B66.event.20260531T214545,R3B66,AM.R3B66.event.20260531T214545,Identity,identity_baseline,4.6871775056529525,4.6871775056529525,0.0,1.0,0.64,,,
AM.R3B66.event.20260531T214545,R3B66,AM.R3B66.event.20260531T214545,Wiener-blind,deployable_signal_processing_baseline,4.6871775056529525,5.036830525967066,0.34965302031411305,0.7633050103329365,0.62,4.635637093050173,8.798954333197194,25.805504629012574
AM.R4DE2.event.20260320T002220,R4DE2,AM.R4DE2.event.20260320T002220,Band-pass,signal_processing_baseline,29.78458321528837,42.625209312652395,12.840626097364023,0.6052514430458853,-1.87,0.718114741276679,0.0014644892428645145,1.6897250225449874
AM.R4DE2.event.20260320T002220,R4DE2,AM.R4DE2.event.20260320T002220,CovNorm-lambda0,self_supervised_case_study,29.78458321528837,26.051830177326938,-3.7327530379614338,0.6339279297285005,,-20.56829502240726,-22.929424507715837,-14.09333867133825
AM.R4DE2.event.20260320T002220,R4DE2,AM.R4DE2.event.20260320T002220,CovNorm-lambda0.1,self_supervised_case_study,29.78458321528837,25.07052427903354,-4.714058936254833,0.5831336926379713,-0.06,-20.682302676977447,-25.304393787432854,-14.661578080736989
AM.R4DE2.event.20260320T002220,R4DE2,AM.R4DE2.event.20260320T002220,CovNorm-lambda0.5,self_supervised_case_study,29.78458321528837,22.61134914563623,-7.173234069652143,0.7725640498854484,0.08,-22.668851347380393,-27.970751913337125,-17.658710746872426
AM.R4DE2.event.20260320T002220,R4DE2,AM.R4DE2.event.20260320T002220,Identity,identity_baseline,29.78458321528837,29.78458321528837,0.0,1.0,-0.5,,,
AM.R4DE2.event.20260320T002220,R4DE2,AM.R4DE2.event.20260320T002220,Wiener-blind,deployable_signal_processing_baseline,29.78458321528837,29.308979029812097,-0.4756041854762749,0.999246314140875,-0.5,0.00018182979209856108,2.0904513477032125e-05,0.018711738405056206
AM.R4DE2.event.20260320T005105,R4DE2,AM.R4DE2.event.20260320T005105,Band-pass,signal_processing_baseline,11.539183671699947,12.060764233573062,0.5215805618731153,0.9763855979425031,1.12,0.17361310443173636,7.488284243886115e-05,0.41544077517314776
AM.R4DE2.event.20260320T005105,R4DE2,AM.R4DE2.event.20260320T005105,CovNorm-lambda0,self_supervised_case_study,11.539183671699947,12.757492685819651,1.2183090141197042,0.48882305784580393,1.27,7.623477766142436,7.159932642640185,0.4022684792640545
AM.R4DE2.event.20260320T005105,R4DE2,AM.R4DE2.event.20260320T005105,CovNorm-lambda0.1,self_supervised_case_study,11.539183671699947,10.978759496027113,-0.5604241756728339,0.5043896800687365,1.27,6.606603685275059,5.894672967314605,-0.9071498601014909
AM.R4DE2.event.20260320T005105,R4DE2,AM.R4DE2.event.20260320T005105,CovNorm-lambda0.5,self_supervised_case_study,11.539183671699947,11.476639332448645,-0.06254433925130165,0.5001323958161986,1.37,6.681955469641504,5.135991573586162,-2.1882872390806596
AM.R4DE2.event.20260320T005105,R4DE2,AM.R4DE2.event.20260320T005105,Identity,identity_baseline,11.539183671699947,11.539183671699947,0.0,1.0,1.11,,,
AM.R4DE2.event.20260320T005105,R4DE2,AM.R4DE2.event.20260320T005105,Wiener-blind,deployable_signal_processing_baseline,11.539183671699947,11.639972217291906,0.10078854559195882,0.9173586432705393,1.11,1.2258912784115243,4.151803689562558,2.7762408801995107
AM.R4DE2.event.20260320T011612,R4DE2,AM.R4DE2.event.20260320T011612,Band-pass,signal_processing_baseline,12.311867549515739,13.682029933886977,1.3701623843712376,0.9193446149370484,,2.237379468279032,-0.01077806142403581,1.87785994018244
AM.R4DE2.event.20260320T011612,R4DE2,AM.R4DE2.event.20260320T011612,CovNorm-lambda0,self_supervised_case_study,12.311867549515739,15.313931062503777,3.0020635129880375,0.6198987713013061,,6.616558475001459,0.24708688312298474,7.428434284544373
AM.R4DE2.event.20260320T011612,R4DE2,AM.R4DE2.event.20260320T011612,CovNorm-lambda0.1,self_supervised_case_study,12.311867549515739,14.874484991760452,2.562617442244713,0.5437236315502217,0.89,3.176430522957503,-2.8044349686343266,2.898178357506172
AM.R4DE2.event.20260320T011612,R4DE2,AM.R4DE2.event.20260320T011612,CovNorm-lambda0.5,self_supervised_case_study,12.311867549515739,13.345765673891364,1.0338981243756251,0.5689750429166822,0.88,1.6036878161532933,-5.457367761760018,0.7102201366345734
AM.R4DE2.event.20260320T011612,R4DE2,AM.R4DE2.event.20260320T011612,Identity,identity_baseline,12.311867549515739,12.311867549515739,0.0,1.0,-1.94,,,
AM.R4DE2.event.20260320T011612,R4DE2,AM.R4DE2.event.20260320T011612,Wiener-blind,deployable_signal_processing_baseline,12.311867549515739,12.46976366155371,0.15789611203797094,0.9760126040336228,-1.95,0.0414424198597366,0.09351519624674547,0.6600219472847039
AM.R4DE2.event.20260320T161652,R4DE2,AM.R4DE2.event.20260320T161652,Band-pass,signal_processing_baseline,4.264095720910117,4.257858965510128,-0.0062367553999882475,0.9887862676227775,0.67,0.10716491491472711,0.00011417983410413658,0.4700290105628518
AM.R4DE2.event.20260320T161652,R4DE2,AM.R4DE2.event.20260320T161652,CovNorm-lambda0,self_supervised_case_study,4.264095720910117,4.991555071884638,0.7274593509745211,0.6018479672016129,,11.27942619687722,13.176131927340853,7.151730484614517
AM.R4DE2.event.20260320T161652,R4DE2,AM.R4DE2.event.20260320T161652,CovNorm-lambda0.1,self_supervised_case_study,4.264095720910117,5.167788859756395,0.9036931388462781,0.5327445420879979,-1.42,10.293991754193955,10.919109350695605,4.678124648229616
AM.R4DE2.event.20260320T161652,R4DE2,AM.R4DE2.event.20260320T161652,CovNorm-lambda0.5,self_supervised_case_study,4.264095720910117,5.014460040346265,0.750364319436148,0.6051321348501227,,9.191948002443835,10.488028514284709,3.570690472527785
AM.R4DE2.event.20260320T161652,R4DE2,AM.R4DE2.event.20260320T161652,Identity,identity_baseline,4.264095720910117,4.264095720910117,0.0,1.0,0.67,,,
AM.R4DE2.event.20260320T161652,R4DE2,AM.R4DE2.event.20260320T161652,Wiener-blind,deployable_signal_processing_baseline,4.264095720910117,4.682871820221907,0.41877609931179016,0.6944928305959024,0.68,1.306987895083516,2.72906153405587,4.000016664711372
AM.R4DE2.event.20260409T215941,R4DE2,AM.R4DE2.event.20260409T215941,Band-pass,signal_processing_baseline,8.52724221098366,8.099091387506887,-0.42815082347677347,0.9850009689963299,,0.11233215646387029,2.839982680041029e-05,0.5143887534337582
AM.R4DE2.event.20260409T215941,R4DE2,AM.R4DE2.event.20260409T215941,CovNorm-lambda0,self_supervised_case_study,8.52724221098366,13.061807479648737,4.534565268665077,0.3381196641269414,,11.130415801188102,9.505671201171698,2.766205971234125
AM.R4DE2.event.20260409T215941,R4DE2,AM.R4DE2.event.20260409T215941,CovNorm-lambda0.1,self_supervised_case_study,8.52724221098366,12.201269494512024,3.674027283528364,0.3433210614626944,,9.801698657701857,8.531047020068549,-0.35921220645142365
AM.R4DE2.event.20260409T215941,R4DE2,AM.R4DE2.event.20260409T215941,CovNorm-lambda0.5,self_supervised_case_study,8.52724221098366,11.154087728293591,2.626845517309931,0.41690735205541335,,8.69302701747172,5.3456014365083915,-2.828795385618845
AM.R4DE2.event.20260409T215941,R4DE2,AM.R4DE2.event.20260409T215941,Identity,identity_baseline,8.52724221098366,8.52724221098366,0.0,1.0,1.82,,,
AM.R4DE2.event.20260409T215941,R4DE2,AM.R4DE2.event.20260409T215941,Wiener-blind,deployable_signal_processing_baseline,8.52724221098366,10.261043069480419,1.7338008584967586,0.8839349249188688,1.79,0.3773775675475073,1.3119345663060804,2.6108847105046133
AM.R4DE2.event.20260409T215958,R4DE2,AM.R4DE2.event.20260409T215958,Band-pass,signal_processing_baseline,6.191335015198117,5.064699302707149,-1.1266357124909678,0.8662651223916742,0.69,0.8501628711210673,-4.891170135321341e-05,0.26417428600616066
AM.R4DE2.event.20260409T215958,R4DE2,AM.R4DE2.event.20260409T215958,CovNorm-lambda0,self_supervised_case_study,6.191335015198117,7.0699529683287246,0.8786179531306075,0.6822629731532758,-0.44,6.971465140429429,0.3083879657426523,-1.1237377382206348
AM.R4DE2.event.20260409T215958,R4DE2,AM.R4DE2.event.20260409T215958,CovNorm-lambda0.1,self_supervised_case_study,6.191335015198117,6.593365567531824,0.40203055233370666,0.5941976803344748,-0.41,6.352013828701922,-0.6587628544571172,-2.726335583112365
AM.R4DE2.event.20260409T215958,R4DE2,AM.R4DE2.event.20260409T215958,CovNorm-lambda0.5,self_supervised_case_study,6.191335015198117,6.612072074544234,0.42073705934611727,0.769852098336533,-0.43,4.21502790674117,-2.925517498898593,-5.524886233275914
AM.R4DE2.event.20260409T215958,R4DE2,AM.R4DE2.event.20260409T215958,Identity,identity_baseline,6.191335015198117,6.191335015198117,0.0,1.0,0.47,,,
AM.R4DE2.event.20260409T215958,R4DE2,AM.R4DE2.event.20260409T215958,Wiener-blind,deployable_signal_processing_baseline,6.191335015198117,6.399124534230544,0.20778951903242682,0.7043591399333824,0.42,1.4694667229648875,2.460219867487149,3.001319724672
AM.R4DE2.event.20260410T131722,R4DE2,AM.R4DE2.event.20260410T131722,Band-pass,signal_processing_baseline,3.055073877120003,3.730892899771485,0.6758190226514822,0.8561744075855441,,0.21912692528878588,0.00015614430660240917,0.8404492130374654
AM.R4DE2.event.20260410T131722,R4DE2,AM.R4DE2.event.20260410T131722,CovNorm-lambda0,self_supervised_case_study,3.055073877120003,4.580358516324167,1.525284639204164,0.43172762332796805,1.65,9.72988261547777,10.182487575219438,8.52168041716984
AM.R4DE2.event.20260410T131722,R4DE2,AM.R4DE2.event.20260410T131722,CovNorm-lambda0.1,self_supervised_case_study,3.055073877120003,5.54307449417402,2.4880006170540168,0.4544731983233142,1.64,9.031364621495616,10.028377863958307,7.438137453853913
AM.R4DE2.event.20260410T131722,R4DE2,AM.R4DE2.event.20260410T131722,CovNorm-lambda0.5,self_supervised_case_study,3.055073877120003,4.2880165744283,1.2329426973082973,0.3408782642583684,,9.26159194162921,9.874401599374456,7.352067380332862
AM.R4DE2.event.20260410T131722,R4DE2,AM.R4DE2.event.20260410T131722,Identity,identity_baseline,3.055073877120003,3.055073877120003,0.0,1.0,,,,
AM.R4DE2.event.20260410T131722,R4DE2,AM.R4DE2.event.20260410T131722,Wiener-blind,deployable_signal_processing_baseline,3.055073877120003,7.770456390859076,4.715382513739073,0.3414579075675525,,2.721126397009172,7.079233637017445,26.565301444425913
AM.R4DE2.event.20260416T165558,R4DE2,AM.R4DE2.event.20260416T165558,Band-pass,signal_processing_baseline,-0.9068195112453613,9.59730043318389,10.50411994442925,0.2772785299112023,0.28,0.6999427811361509,0.0003462697769793409,1.039152472606081
AM.R4DE2.event.20260416T165558,R4DE2,AM.R4DE2.event.20260416T165558,CovNorm-lambda0,self_supervised_case_study,-0.9068195112453613,-1.9046671935139874,-0.9978476822686261,0.517500268588793,,6.0034866559615025,1.1303193449873603,-3.106053822410218
AM.R4DE2.event.20260416T165558,R4DE2,AM.R4DE2.event.20260416T165558,CovNorm-lambda0.1,self_supervised_case_study,-0.9068195112453613,-2.474881457937615,-1.5680619466922536,0.4613012931078634,,5.767210869575749,0.6079104686849123,-5.8081171804352545
AM.R4DE2.event.20260416T165558,R4DE2,AM.R4DE2.event.20260416T165558,CovNorm-lambda0.5,self_supervised_case_study,-0.9068195112453613,-2.0054304220600243,-1.098610910814663,0.2863551181192851,,7.444245339914343,0.6678863696022952,-3.709375259313014
AM.R4DE2.event.20260416T165558,R4DE2,AM.R4DE2.event.20260416T165558,Identity,identity_baseline,-0.9068195112453613,-0.9068195112453613,0.0,1.0,-0.39,,,
AM.R4DE2.event.20260416T165558,R4DE2,AM.R4DE2.event.20260416T165558,Wiener-blind,deployable_signal_processing_baseline,-0.9068195112453613,6.984730951739113,7.891550462984474,0.2417903455740706,0.44,71.97966257834489,45.318198517510666,39.003323461453824
AM.R53B7.event.20260518T044639,R53B7,AM.R53B7.event.20260518T044639,Band-pass,signal_processing_baseline,-0.9331461669824315,-1.7335481067798653,-0.8004019397974338,0.2550774785334298,,0.2734641574639098,0.00028163340009780996,0.8110953515159115
AM.R53B7.event.20260518T044639,R53B7,AM.R53B7.event.20260518T044639,CovNorm-lambda0,self_supervised_case_study,-0.9331461669824315,-2.9663007220371176,-2.0331545550546863,0.32844638329928705,,2.889786240406162,8.593852204090133,9.542947936084452
AM.R53B7.event.20260518T044639,R53B7,AM.R53B7.event.20260518T044639,CovNorm-lambda0.1,self_supervised_case_study,-0.9331461669824315,-2.1761493767200077,-1.2430032097375763,0.4048803627923679,,1.4921128312914467,7.6868618262192925,8.632625664144838
AM.R53B7.event.20260518T044639,R53B7,AM.R53B7.event.20260518T044639,CovNorm-lambda0.5,self_supervised_case_study,-0.9331461669824315,-2.0464103404551355,-1.113264173472704,0.26539806710301533,,3.6852067626296274,10.723744687508871,10.61302934922544
AM.R53B7.event.20260518T044639,R53B7,AM.R53B7.event.20260518T044639,Identity,identity_baseline,-0.9331461669824315,-0.9331461669824315,0.0,1.0,,,,
AM.R53B7.event.20260518T044639,R53B7,AM.R53B7.event.20260518T044639,Wiener-blind,deployable_signal_processing_baseline,-0.9331461669824315,2.008780877660529,2.94192704464296,0.13460379747016576,,3.7948011506892314,5.737401358348493,15.983803282084864
AM.R53B7.event.20260518T211631,R53B7,AM.R53B7.event.20260518T211631,Band-pass,signal_processing_baseline,2.6264027075951346,4.2098497177392895,1.583447010144155,0.2685017158223246,,-0.0007712049877094904,0.00020803205067341273,1.5121829231234443
AM.R53B7.event.20260518T211631,R53B7,AM.R53B7.event.20260518T211631,CovNorm-lambda0,self_supervised_case_study,2.6264027075951346,1.3047567606078712,-1.3216459469872635,0.3143025992681624,,8.060800327307545,11.72739271833936,11.218778642006543
AM.R53B7.event.20260518T211631,R53B7,AM.R53B7.event.20260518T211631,CovNorm-lambda0.1,self_supervised_case_study,2.6264027075951346,-0.23637309896495862,-2.8627758065600935,0.3894441477844376,2.0,4.929057102714624,7.662818286963173,10.064904465866968
AM.R53B7.event.20260518T211631,R53B7,AM.R53B7.event.20260518T211631,CovNorm-lambda0.5,self_supervised_case_study,2.6264027075951346,-0.30832212685136706,-2.934724834446502,0.22758726174194688,,7.426702136056725,10.538935561685841,11.682714926852976
AM.R53B7.event.20260518T211631,R53B7,AM.R53B7.event.20260518T211631,Identity,identity_baseline,2.6264027075951346,2.6264027075951346,0.0,1.0,1.96,,,
AM.R53B7.event.20260518T211631,R53B7,AM.R53B7.event.20260518T211631,Wiener-blind,deployable_signal_processing_baseline,2.6264027075951346,5.38292139919699,2.756518691601855,0.29128130663088647,0.44,4.568396281921033,12.444698121915119,14.13774111107854
AM.R53B7.event.20260519T023019,R53B7,AM.R53B7.event.20260519T023019,Band-pass,signal_processing_baseline,1.521037716002829,10.764046564195851,9.243008848193023,0.47199705385144514,1.73,0.0564763216745083,0.0001933796208752097,1.1138522636541726
AM.R53B7.event.20260519T023019,R53B7,AM.R53B7.event.20260519T023019,CovNorm-lambda0,self_supervised_case_study,1.521037716002829,1.211305269669252,-0.3097324463335771,0.2665094950258579,,1.0173851320071956,10.460289868556293,4.62194728835241
AM.R53B7.event.20260519T023019,R53B7,AM.R53B7.event.20260519T023019,CovNorm-lambda0.1,self_supervised_case_study,1.521037716002829,-1.8846637087431473,-3.4057014247459763,0.41515381086182007,,-1.0794426848484242,9.215655979416113,3.6630795164864423
AM.R53B7.event.20260519T023019,R53B7,AM.R53B7.event.20260519T023019,CovNorm-lambda0.5,self_supervised_case_study,1.521037716002829,0.02073404442637036,-1.5003036715764586,0.5402230280393548,,-1.9060238258655797,8.221251648986794,2.7576877015602115
AM.R53B7.event.20260519T023019,R53B7,AM.R53B7.event.20260519T023019,Identity,identity_baseline,1.521037716002829,1.521037716002829,0.0,1.0,,,,
AM.R53B7.event.20260519T023019,R53B7,AM.R53B7.event.20260519T023019,Wiener-blind,deployable_signal_processing_baseline,1.521037716002829,14.451625085570672,12.930587369567844,0.40670153621002275,1.08,0.2547275395609055,1.1776842970958357,8.267447917987333
AM.R53B7.event.20260520T165428,R53B7,AM.R53B7.event.20260520T165428,Band-pass,signal_processing_baseline,3.4464248618829654,6.759836673255038,3.313411811372073,0.8167300126706935,0.13,0.36182632884664384,0.0002631191822539045,0.9705192480079209
AM.R53B7.event.20260520T165428,R53B7,AM.R53B7.event.20260520T165428,CovNorm-lambda0,self_supervised_case_study,3.4464248618829654,5.570176708924693,2.123751847041728,0.395869066671021,0.41,3.565580365872759,-1.447474661878357,10.134578317010442
AM.R53B7.event.20260520T165428,R53B7,AM.R53B7.event.20260520T165428,CovNorm-lambda0.1,self_supervised_case_study,3.4464248618829654,2.48461591455395,-0.9618089473290152,0.3760072273261269,0.47,2.349487912689511,-3.52087824710816,8.170702650148163
AM.R53B7.event.20260520T165428,R53B7,AM.R53B7.event.20260520T165428,CovNorm-lambda0.5,self_supervised_case_study,3.4464248618829654,1.3205499854991276,-2.125874876383838,0.25781373524588896,0.62,2.7933415026314634,-1.8734870650141382,9.485809266976434
AM.R53B7.event.20260520T165428,R53B7,AM.R53B7.event.20260520T165428,Identity,identity_baseline,3.4464248618829654,3.4464248618829654,0.0,1.0,0.47,,,
AM.R53B7.event.20260520T165428,R53B7,AM.R53B7.event.20260520T165428,Wiener-blind,deployable_signal_processing_baseline,3.4464248618829654,13.403501198147278,9.957076336264313,1.0716247495301805,0.32,0.7754436607686946,1.9066407386622835,16.278896425033448
AM.R53B7.event.20260522T000808,R53B7,AM.R53B7.event.20260522T000808,Band-pass,signal_processing_baseline,0.31354727960906326,6.784747743157449,6.471200463548385,0.8916184726425451,0.49,-0.08609869854008788,0.000269991063869294,1.4403747833413372
AM.R53B7.event.20260522T000808,R53B7,AM.R53B7.event.20260522T000808,CovNorm-lambda0,self_supervised_case_study,0.31354727960906326,-0.3071071151568097,-0.6206543947658729,0.2963759644621884,,5.455079260551513,9.758562422211233,13.121588125589293
AM.R53B7.event.20260522T000808,R53B7,AM.R53B7.event.20260522T000808,CovNorm-lambda0.1,self_supervised_case_study,0.31354727960906326,-0.106222869960539,-0.41977014956960224,0.3420920079785585,,3.7429989120050178,9.198513281566507,13.88113195151855
AM.R53B7.event.20260522T000808,R53B7,AM.R53B7.event.20260522T000808,CovNorm-lambda0.5,self_supervised_case_study,0.31354727960906326,0.3420984933181567,0.02855121370909347,0.2627356369902563,,1.152645703327529,6.62851410700875,11.303789517890706
AM.R53B7.event.20260522T000808,R53B7,AM.R53B7.event.20260522T000808,Identity,identity_baseline,0.31354727960906326,0.31354727960906326,0.0,1.0,,,,
AM.R53B7.event.20260522T000808,R53B7,AM.R53B7.event.20260522T000808,Wiener-blind,deployable_signal_processing_baseline,0.31354727960906326,10.658567943159413,10.34502066355035,0.6848503753600887,0.49,0.45556172749018103,1.2704763933388041,16.189489148612278
AM.R53B7.event.20260523T150844,R53B7,AM.R53B7.event.20260523T150844,Band-pass,signal_processing_baseline,3.852226260851671,8.022888958126018,4.170662697274347,0.7810444985390267,0.41,0.40027605967034985,0.0001975964923784068,0.9503794657697879
AM.R53B7.event.20260523T150844,R53B7,AM.R53B7.event.20260523T150844,CovNorm-lambda0,self_supervised_case_study,3.852226260851671,5.130141089951748,1.2779148291000775,0.32931288821269217,0.43,8.441495840267276,7.306600373181702,18.58041235778156
AM.R53B7.event.20260523T150844,R53B7,AM.R53B7.event.20260523T150844,CovNorm-lambda0.1,self_supervised_case_study,3.852226260851671,2.586554017128652,-1.265672243723019,0.3212472579631978,0.94,6.70079120520291,5.499924797802699,16.413362122771645
AM.R53B7.event.20260523T150844,R53B7,AM.R53B7.event.20260523T150844,CovNorm-lambda0.5,self_supervised_case_study,3.852226260851671,3.118770107838345,-0.7334561530133259,0.32397806517589794,,5.111030698996924,1.4636922039183489,15.632530384020667
AM.R53B7.event.20260523T150844,R53B7,AM.R53B7.event.20260523T150844,Identity,identity_baseline,3.852226260851671,3.852226260851671,0.0,1.0,1.18,,,
AM.R53B7.event.20260523T150844,R53B7,AM.R53B7.event.20260523T150844,Wiener-blind,deployable_signal_processing_baseline,3.852226260851671,9.911929775554455,6.059703514702784,0.7750253895756913,0.08,0.3670885291552091,0.12489920157804218,11.083822463498516
AM.R53B7.event.20260528T094145,R53B7,AM.R53B7.event.20260528T094145,Band-pass,signal_processing_baseline,0.7033703888410282,5.752028445984285,5.048658057143257,0.7038033257608546,-0.16,0.1072704040683467,0.0003919625925204661,2.967574682698821
AM.R53B7.event.20260528T094145,R53B7,AM.R53B7.event.20260528T094145,CovNorm-lambda0,self_supervised_case_study,0.7033703888410282,4.792378014917394,4.0890076260763655,0.25294606759111304,-0.2,7.26692981824426,9.622429557240912,11.426363563632322
AM.R53B7.event.20260528T094145,R53B7,AM.R53B7.event.20260528T094145,CovNorm-lambda0.1,self_supervised_case_study,0.7033703888410282,1.7358939019623054,1.0325235131212773,0.2663628070562336,-0.18,5.871589798791862,6.804665438072615,9.087889862907396
AM.R53B7.event.20260528T094145,R53B7,AM.R53B7.event.20260528T094145,CovNorm-lambda0.5,self_supervised_case_study,0.7033703888410282,0.07577501103340951,-0.6275953778076186,0.18710546473858677,-0.11,6.372095083132053,8.916865196248786,10.605043124203382
AM.R53B7.event.20260528T094145,R53B7,AM.R53B7.event.20260528T094145,Identity,identity_baseline,0.7033703888410282,0.7033703888410282,0.0,1.0,-0.13,,,
AM.R53B7.event.20260528T094145,R53B7,AM.R53B7.event.20260528T094145,Wiener-blind,deployable_signal_processing_baseline,0.7033703888410282,11.178491626844744,10.475121238003716,0.5900248633866363,-0.17,0.5802822321970211,2.0989426292890507,17.043798399569344
AM.R53B7.event.20260531T024904,R53B7,AM.R53B7.event.20260531T024904,Band-pass,signal_processing_baseline,3.5571019920900824,7.912613865260449,4.355511873170367,0.9215577806033962,-0.61,0.04748196834932084,0.0002783574812505641,2.4944189627677265
AM.R53B7.event.20260531T024904,R53B7,AM.R53B7.event.20260531T024904,CovNorm-lambda0,self_supervised_case_study,3.5571019920900824,5.805513230019845,2.248411237929763,0.36277052346286237,0.19,4.621410049747932,9.268978877942365,13.765108161069014
AM.R53B7.event.20260531T024904,R53B7,AM.R53B7.event.20260531T024904,CovNorm-lambda0.1,self_supervised_case_study,3.5571019920900824,5.680091099194046,2.1229891071039635,0.3558319139183523,0.09,4.755146695387915,7.936196655464485,14.871810642402215
AM.R53B7.event.20260531T024904,R53B7,AM.R53B7.event.20260531T024904,CovNorm-lambda0.5,self_supervised_case_study,3.5571019920900824,3.617348653463691,0.06024666137360857,0.35486421506333166,0.2,-0.994268055842546,1.9845612205859309,12.114952983557485
AM.R53B7.event.20260531T024904,R53B7,AM.R53B7.event.20260531T024904,Identity,identity_baseline,3.5571019920900824,3.5571019920900824,0.0,1.0,0.33,,,
AM.R53B7.event.20260531T024904,R53B7,AM.R53B7.event.20260531T024904,Wiener-blind,deployable_signal_processing_baseline,3.5571019920900824,11.45875750029102,7.901655508200937,0.8019105869707344,-0.8,0.30049108625869353,0.8750621749285821,18.236598068618225
AM.R5C4C.event.20260330T022457,R5C4C,AM.R5C4C.event.20260330T022457,Band-pass,signal_processing_baseline,-2.675377445263055,-3.044096473886383,-0.36871902862332817,0.9167140314061765,0.87,0.24362704666676063,0.000518570501082187,0.34281592703605623
AM.R5C4C.event.20260330T022457,R5C4C,AM.R5C4C.event.20260330T022457,CovNorm-lambda0,self_supervised_case_study,-2.675377445263055,-4.283121763420896,-1.6077443181578408,0.45322844338445795,0.88,5.19931860772957,4.3823233575273335,8.480474205219645
AM.R5C4C.event.20260330T022457,R5C4C,AM.R5C4C.event.20260330T022457,CovNorm-lambda0.1,self_supervised_case_study,-2.675377445263055,-4.279574407543027,-1.604196962279972,0.4803439106150719,0.92,4.780051704639207,3.7028320444641003,7.168002214744618
AM.R5C4C.event.20260330T022457,R5C4C,AM.R5C4C.event.20260330T022457,CovNorm-lambda0.5,self_supervised_case_study,-2.675377445263055,-4.175134908976929,-1.4997574637138742,0.430617039389539,,5.12349654009324,4.190262845810339,7.585673197260955
AM.R5C4C.event.20260330T022457,R5C4C,AM.R5C4C.event.20260330T022457,Identity,identity_baseline,-2.675377445263055,-2.675377445263055,0.0,1.0,0.87,,,
AM.R5C4C.event.20260330T022457,R5C4C,AM.R5C4C.event.20260330T022457,Wiener-blind,deployable_signal_processing_baseline,-2.675377445263055,0.892378014561112,3.567755459824167,0.03398432218007849,-0.41,24.18567666608077,36.18929925284247,52.24650159637097
AM.R5C4C.event.20260423T180101,R5C4C,AM.R5C4C.event.20260423T180101,Band-pass,signal_processing_baseline,1.092890659922289,1.0598628352902906,-0.03302782463199838,1.0146796471821773,,0.08744647359043371,0.0001981891431086035,0.19564962341605607
AM.R5C4C.event.20260423T180101,R5C4C,AM.R5C4C.event.20260423T180101,CovNorm-lambda0,self_supervised_case_study,1.092890659922289,-0.39919288191963526,-1.4920835418419243,0.47766292537161215,-1.6,5.951880065123485,4.700346086945724,5.176786094901856
AM.R5C4C.event.20260423T180101,R5C4C,AM.R5C4C.event.20260423T180101,CovNorm-lambda0.1,self_supervised_case_study,1.092890659922289,-0.3104326481649774,-1.4033233080872662,0.562963284983793,-1.58,5.399552867602199,3.8339020154304264,4.8287254502335735
AM.R5C4C.event.20260423T180101,R5C4C,AM.R5C4C.event.20260423T180101,CovNorm-lambda0.5,self_supervised_case_study,1.092890659922289,-0.7437065158479718,-1.8365971757702608,0.5108880626379232,-1.52,5.887034686023153,3.834084328351736,4.586164718640069
AM.R5C4C.event.20260423T180101,R5C4C,AM.R5C4C.event.20260423T180101,Identity,identity_baseline,1.092890659922289,1.092890659922289,0.0,1.0,,,,
AM.R5C4C.event.20260423T180101,R5C4C,AM.R5C4C.event.20260423T180101,Wiener-blind,deployable_signal_processing_baseline,1.092890659922289,3.405418354441151,2.312527694518862,0.3603951962278792,1.38,17.99717125767663,15.246029084264597,7.969356117377873
AM.R5C4C.event.20260509T045330,R5C4C,AM.R5C4C.event.20260509T045330,Band-pass,signal_processing_baseline,6.291627358434936,6.1009865715034515,-0.19064078693148456,0.9657939916438462,-0.85,0.13078331252858502,0.0003135661812918632,0.36018570010763457
AM.R5C4C.event.20260509T045330,R5C4C,AM.R5C4C.event.20260509T045330,CovNorm-lambda0,self_supervised_case_study,6.291627358434936,5.560813974934819,-0.7308133835001174,0.5885785941518933,0.68,5.250482804371363,5.468493566069984,8.007415597514425
AM.R5C4C.event.20260509T045330,R5C4C,AM.R5C4C.event.20260509T045330,CovNorm-lambda0.1,self_supervised_case_study,6.291627358434936,4.832250159103558,-1.459377199331378,0.5052965684817443,0.9,4.791458645054774,4.6644149852779835,7.78714224165656
AM.R5C4C.event.20260509T045330,R5C4C,AM.R5C4C.event.20260509T045330,CovNorm-lambda0.5,self_supervised_case_study,6.291627358434936,2.804447508673694,-3.487179849761242,0.39563696548624155,,5.570466839452938,4.948416780612965,7.421053296940883
AM.R5C4C.event.20260509T045330,R5C4C,AM.R5C4C.event.20260509T045330,Identity,identity_baseline,6.291627358434936,6.291627358434936,0.0,1.0,-0.85,,,
AM.R5C4C.event.20260509T045330,R5C4C,AM.R5C4C.event.20260509T045330,Wiener-blind,deployable_signal_processing_baseline,6.291627358434936,7.794905095547076,1.50327773711214,0.5802178303604217,0.14,29.706956197689212,11.038808518671622,5.772198754161603
AM.R5C4C.event.20260516T145453,R5C4C,AM.R5C4C.event.20260516T145453,Band-pass,signal_processing_baseline,5.04786742440543,3.9554921311645286,-1.0923752932409014,0.9493076873057482,0.94,0.1064909198232314,0.00045384559618821124,0.38993051816580415
AM.R5C4C.event.20260516T145453,R5C4C,AM.R5C4C.event.20260516T145453,CovNorm-lambda0,self_supervised_case_study,5.04786742440543,2.9424152759608297,-2.1054521484446003,0.47093745420175315,0.92,7.224564955113447,2.5012696290824907,6.8568770653784235
AM.R5C4C.event.20260516T145453,R5C4C,AM.R5C4C.event.20260516T145453,CovNorm-lambda0.1,self_supervised_case_study,5.04786742440543,2.4993411855253047,-2.5485262388801253,0.5544954609399549,0.99,5.975351355063215,1.1127767737034207,5.215077469499774
AM.R5C4C.event.20260516T145453,R5C4C,AM.R5C4C.event.20260516T145453,CovNorm-lambda0.5,self_supervised_case_study,5.04786742440543,2.45011773213979,-2.5977496922656402,0.5285184997682856,0.95,5.369685233090611,0.24794431267048633,4.899948034122399
AM.R5C4C.event.20260516T145453,R5C4C,AM.R5C4C.event.20260516T145453,Identity,identity_baseline,5.04786742440543,5.04786742440543,0.0,1.0,0.95,,,
AM.R5C4C.event.20260516T145453,R5C4C,AM.R5C4C.event.20260516T145453,Wiener-blind,deployable_signal_processing_baseline,5.04786742440543,7.447776831403969,2.399909406998539,0.7126167195120653,-0.45,11.312686318216342,6.495750937194745,6.339947126027582
AM.R5C4C.event.20260519T180610,R5C4C,AM.R5C4C.event.20260519T180610,Band-pass,signal_processing_baseline,-0.18210101034049966,-0.22196058390441145,-0.03985957356391179,0.9827828477185377,,0.029163078316504266,9.285628695735719e-05,0.26863259295332037
AM.R5C4C.event.20260519T180610,R5C4C,AM.R5C4C.event.20260519T180610,CovNorm-lambda0,self_supervised_case_study,-0.18210101034049966,-1.5336873026036721,-1.3515862922631725,0.46654917439402216,,7.748467154436979,7.270440129264602,3.5283943854462407
AM.R5C4C.event.20260519T180610,R5C4C,AM.R5C4C.event.20260519T180610,CovNorm-lambda0.1,self_supervised_case_study,-0.18210101034049966,-1.1635017817595066,-0.981400771419007,0.47422818778403153,,8.356894492609642,6.894886355954466,2.0210497373404492
AM.R5C4C.event.20260519T180610,R5C4C,AM.R5C4C.event.20260519T180610,CovNorm-lambda0.5,self_supervised_case_study,-0.18210101034049966,-0.9314881319682395,-0.7493871216277399,0.48950734043746186,,8.120754438832,6.784216794699792,2.7618334017166397
AM.R5C4C.event.20260519T180610,R5C4C,AM.R5C4C.event.20260519T180610,Identity,identity_baseline,-0.18210101034049966,-0.18210101034049966,0.0,1.0,,,,
AM.R5C4C.event.20260519T180610,R5C4C,AM.R5C4C.event.20260519T180610,Wiener-blind,deployable_signal_processing_baseline,-0.18210101034049966,2.830538571294494,3.012639581634994,0.014228105577534695,,30.377730185068614,87.15680473354605,43.728303326951625
AM.R5C4C.event.20260525T220138,R5C4C,AM.R5C4C.event.20260525T220138,Band-pass,signal_processing_baseline,6.831724697955231,4.372638725347694,-2.4590859726075367,0.6627023544828428,,0.1807949409279678,0.00038277906265032853,0.3564374873726464
AM.R5C4C.event.20260525T220138,R5C4C,AM.R5C4C.event.20260525T220138,CovNorm-lambda0,self_supervised_case_study,6.831724697955231,6.915087551478303,0.08336285352307193,0.2816969680354858,,5.622651991259521,2.1442499011613694,5.963548442073375
AM.R5C4C.event.20260525T220138,R5C4C,AM.R5C4C.event.20260525T220138,CovNorm-lambda0.1,self_supervised_case_study,6.831724697955231,5.764417228632505,-1.067307469322726,0.31511227211066806,,4.663056761006698,1.3342530313949805,5.431254294502408
AM.R5C4C.event.20260525T220138,R5C4C,AM.R5C4C.event.20260525T220138,CovNorm-lambda0.5,self_supervised_case_study,6.831724697955231,4.670093002333314,-2.1616316956219173,0.4255645126027023,,4.038887843198597,0.6602903151660134,4.63235682879615
AM.R5C4C.event.20260525T220138,R5C4C,AM.R5C4C.event.20260525T220138,Identity,identity_baseline,6.831724697955231,6.831724697955231,0.0,1.0,0.94,,,
AM.R5C4C.event.20260525T220138,R5C4C,AM.R5C4C.event.20260525T220138,Wiener-blind,deployable_signal_processing_baseline,6.831724697955231,10.483030811906424,3.6513061139511933,0.775172752414875,0.22,8.21849696347398,7.61088227640199,7.207391297309603
AM.R5C4C.event.20260530T213305,R5C4C,AM.R5C4C.event.20260530T213305,Band-pass,signal_processing_baseline,5.745218859291192,5.69575338854748,-0.0494654707437121,0.9750311655900267,-0.04,0.10084570206159638,0.00025865961143233803,0.4097109650313377
AM.R5C4C.event.20260530T213305,R5C4C,AM.R5C4C.event.20260530T213305,CovNorm-lambda0,self_supervised_case_study,5.745218859291192,6.044241895828258,0.29902303653706586,0.4453023569624647,-0.08,7.470066051469369,2.970102992181957,4.465339031937778
AM.R5C4C.event.20260530T213305,R5C4C,AM.R5C4C.event.20260530T213305,CovNorm-lambda0.1,self_supervised_case_study,5.745218859291192,5.439697413134443,-0.3055214461567495,0.48790567258796547,-0.16,6.201481677603945,2.113069446706445,3.958704919818006
AM.R5C4C.event.20260530T213305,R5C4C,AM.R5C4C.event.20260530T213305,CovNorm-lambda0.5,self_supervised_case_study,5.745218859291192,4.919742598343701,-0.8254762609474913,0.4009941888011904,-0.09,6.325984910034383,1.6580197065750355,3.4274000243653386
AM.R5C4C.event.20260530T213305,R5C4C,AM.R5C4C.event.20260530T213305,Identity,identity_baseline,5.745218859291192,5.745218859291192,0.0,1.0,-0.04,,,
AM.R5C4C.event.20260530T213305,R5C4C,AM.R5C4C.event.20260530T213305,Wiener-blind,deployable_signal_processing_baseline,5.745218859291192,8.064099611129143,2.31888075183795,0.612785855460922,-0.08,11.39225197002799,5.805167653075395,3.6719359251200587
AM.R5C4C.event.20260531T214452,R5C4C,AM.R5C4C.event.20260531T214452,Band-pass,signal_processing_baseline,-0.8879461648085516,-0.939443262264118,-0.05149709745556641,0.9700804907716492,1.65,0.5721216733845541,0.0003136476063656482,0.5520851997546361
AM.R5C4C.event.20260531T214452,R5C4C,AM.R5C4C.event.20260531T214452,CovNorm-lambda0,self_supervised_case_study,-0.8879461648085516,-2.863138461939661,-1.9751922971311093,0.4916618078538525,1.63,4.351915197373022,2.320768811952995,7.158569411837417
AM.R5C4C.event.20260531T214452,R5C4C,AM.R5C4C.event.20260531T214452,CovNorm-lambda0.1,self_supervised_case_study,-0.8879461648085516,-2.2997824109685046,-1.411836246159953,0.6868858305649389,1.63,4.023853629542407,1.6333816812088713,6.70227677349067
AM.R5C4C.event.20260531T214452,R5C4C,AM.R5C4C.event.20260531T214452,CovNorm-lambda0.5,self_supervised_case_study,-0.8879461648085516,-2.224177808750297,-1.3362316439417454,0.5649144715002158,1.64,4.8468281264999575,2.324712036502915,7.511395819191112
AM.R5C4C.event.20260531T214452,R5C4C,AM.R5C4C.event.20260531T214452,Identity,identity_baseline,-0.8879461648085516,-0.8879461648085516,0.0,1.0,1.68,,,
AM.R5C4C.event.20260531T214452,R5C4C,AM.R5C4C.event.20260531T214452,Wiener-blind,deployable_signal_processing_baseline,-0.8879461648085516,2.7147429699863057,3.6026891347948573,0.08643041222939833,,42.53761095474786,26.67603214383134,21.684245438108494
AM.R663D.event.20250924T222821,R663D,AM.R663D.event.20250924T222821,Band-pass,signal_processing_baseline,4.144283745958305,1.6335608379299664,-2.510722908028338,0.5416866204386142,-1.71,0.13252877260127824,0.00030783947361109003,1.3186914304941013
AM.R663D.event.20250924T222821,R663D,AM.R663D.event.20250924T222821,CovNorm-lambda0,self_supervised_case_study,4.144283745958305,8.329459115757976,4.185175369799671,0.33140712264649985,0.74,6.756145982146293,10.578635663401407,13.525628286157746
AM.R663D.event.20250924T222821,R663D,AM.R663D.event.20250924T222821,CovNorm-lambda0.1,self_supervised_case_study,4.144283745958305,5.160179487214575,1.0158957412562701,0.34749850362947765,1.58,1.7259021011351319,5.766321355326962,9.8286051379362
AM.R663D.event.20250924T222821,R663D,AM.R663D.event.20250924T222821,CovNorm-lambda0.5,self_supervised_case_study,4.144283745958305,3.001205320811611,-1.1430784251466934,0.30446554883072424,,3.0715683213854343,7.604301005494847,11.771235032869763
AM.R663D.event.20250924T222821,R663D,AM.R663D.event.20250924T222821,Identity,identity_baseline,4.144283745958305,4.144283745958305,0.0,1.0,,,,
AM.R663D.event.20250924T222821,R663D,AM.R663D.event.20250924T222821,Wiener-blind,deployable_signal_processing_baseline,4.144283745958305,19.916723779591347,15.772440033633043,0.38167579499530474,0.44,8.387011496870912,19.649720305421337,17.095821614610568
AM.R663D.event.20251127T171925,R663D,AM.R663D.event.20251127T171925,Band-pass,signal_processing_baseline,0.7334313834671122,0.7353327412225885,0.001901357755476285,0.312362566334028,-0.85,0.11099657047624195,0.00015157164760386127,1.8045749652040213
AM.R663D.event.20251127T171925,R663D,AM.R663D.event.20251127T171925,CovNorm-lambda0,self_supervised_case_study,0.7334313834671122,-2.1291460718337603,-2.8625774553008725,0.37291506521820766,-0.15,5.245878215743157,11.152275686150602,4.640714181209704
AM.R663D.event.20251127T171925,R663D,AM.R663D.event.20251127T171925,CovNorm-lambda0.1,self_supervised_case_study,0.7334313834671122,-1.522390972180926,-2.2558223556480383,0.36100089583628864,-0.08,3.830246979016121,10.081304096940254,4.314290581538379
AM.R663D.event.20251127T171925,R663D,AM.R663D.event.20251127T171925,CovNorm-lambda0.5,self_supervised_case_study,0.7334313834671122,-1.632559662744497,-2.365991046211609,0.3228199189438971,,5.4435001806826335,11.259883164451091,5.136372072552777
AM.R663D.event.20251127T171925,R663D,AM.R663D.event.20251127T171925,Identity,identity_baseline,0.7334313834671122,0.7334313834671122,0.0,1.0,-0.39,,,
AM.R663D.event.20251127T171925,R663D,AM.R663D.event.20251127T171925,Wiener-blind,deployable_signal_processing_baseline,0.7334313834671122,2.0857418970488975,1.3523105135817852,0.7703958240466017,-1.01,8.377218175911496,23.8780561402635,11.299840596128005
AM.R663D.event.20251208T142747,R663D,AM.R663D.event.20251208T142747,Band-pass,signal_processing_baseline,6.821899518638768,5.717916541715442,-1.1039829769233256,0.3602523918012962,,0.06809990682572475,0.00038164179960095847,1.645032075657473
AM.R663D.event.20251208T142747,R663D,AM.R663D.event.20251208T142747,CovNorm-lambda0,self_supervised_case_study,6.821899518638768,13.70481305942147,6.8829135407827025,0.5995951463079272,1.43,11.366634800314726,10.4553987699227,13.044500572422487
AM.R663D.event.20251208T142747,R663D,AM.R663D.event.20251208T142747,CovNorm-lambda0.1,self_supervised_case_study,6.821899518638768,9.509352746817582,2.687453228178814,0.5066765880233299,1.75,6.253249612098954,5.92621494795052,8.774731589893863
AM.R663D.event.20251208T142747,R663D,AM.R663D.event.20251208T142747,CovNorm-lambda0.5,self_supervised_case_study,6.821899518638768,6.338062293436309,-0.48383722520245875,0.3978727754554576,2.0,6.888243200723068,7.0817891647345705,9.342935192573357
AM.R663D.event.20251208T142747,R663D,AM.R663D.event.20251208T142747,Identity,identity_baseline,6.821899518638768,6.821899518638768,0.0,1.0,,,,
AM.R663D.event.20251208T142747,R663D,AM.R663D.event.20251208T142747,Wiener-blind,deployable_signal_processing_baseline,6.821899518638768,16.630897368537564,9.808997849898796,0.48500277149825965,-0.02,7.756849175593,18.906441364593263,18.31174431723433
AM.R663D.event.20260101T065417,R663D,AM.R663D.event.20260101T065417,Band-pass,signal_processing_baseline,12.537578115462914,10.760460806179937,-1.7771173092829766,0.3582239506928998,,0.16548128241003043,0.0003439343230487722,1.6867378699138766
AM.R663D.event.20260101T065417,R663D,AM.R663D.event.20260101T065417,CovNorm-lambda0,self_supervised_case_study,12.537578115462914,11.401909738267495,-1.1356683771954188,0.2759075638476002,,7.383777802824894,14.006202227813025,9.683226421523296
AM.R663D.event.20260101T065417,R663D,AM.R663D.event.20260101T065417,CovNorm-lambda0.1,self_supervised_case_study,12.537578115462914,7.862021982566758,-4.675556132896156,0.4187676355553817,,3.6447304912995215,9.865794573943605,6.72866974664841
AM.R663D.event.20260101T065417,R663D,AM.R663D.event.20260101T065417,CovNorm-lambda0.5,self_supervised_case_study,12.537578115462914,6.815342360973412,-5.7222357544895015,0.3009068369237723,,6.623301309024067,12.811966772999874,10.387873423869147
AM.R663D.event.20260101T065417,R663D,AM.R663D.event.20260101T065417,Identity,identity_baseline,12.537578115462914,12.537578115462914,0.0,1.0,,,,
AM.R663D.event.20260101T065417,R663D,AM.R663D.event.20260101T065417,Wiener-blind,deployable_signal_processing_baseline,12.537578115462914,16.118288615179278,3.580710499716364,0.5868513339620319,,9.886377082427487,10.012716210247994,2.6405878720648044
AM.R663D.event.20260113T074618,R663D,AM.R663D.event.20260113T074618,Band-pass,signal_processing_baseline,1.5052938710826278,1.1689272470883307,-0.33636662399429706,0.4028627926961,1.2,0.3437601984030841,0.0007298095445467008,0.8715908223503285
AM.R663D.event.20260113T074618,R663D,AM.R663D.event.20260113T074618,CovNorm-lambda0,self_supervised_case_study,1.5052938710826278,5.860987968451572,4.355694097368945,0.28302751427758555,1.76,2.5969181761944524,8.609312575189454,14.708409895656851
AM.R663D.event.20260113T074618,R663D,AM.R663D.event.20260113T074618,CovNorm-lambda0.1,self_supervised_case_study,1.5052938710826278,0.2943183216776315,-1.2109755494049963,0.35413829415389236,,-0.30887405786112687,5.38211834433314,10.771493886837726
AM.R663D.event.20260113T074618,R663D,AM.R663D.event.20260113T074618,CovNorm-lambda0.5,self_supervised_case_study,1.5052938710826278,1.1548571534133159,-0.35043671766931195,0.36996788285412535,,0.9155207897138439,8.656002766152367,14.65402815765129
AM.R663D.event.20260113T074618,R663D,AM.R663D.event.20260113T074618,Identity,identity_baseline,1.5052938710826278,1.5052938710826278,0.0,1.0,,,,
AM.R663D.event.20260113T074618,R663D,AM.R663D.event.20260113T074618,Wiener-blind,deployable_signal_processing_baseline,1.5052938710826278,13.848861408334587,12.343567537251959,0.34814005008447757,-1.36,7.514509661951348,10.733227687469055,17.9890792982488
AM.R663D.event.20260122T125349,R663D,AM.R663D.event.20260122T125349,Band-pass,signal_processing_baseline,2.0446847807011,1.8718831029853653,-0.17280167771573463,0.3623889570450818,,0.01858675594315741,0.0004524680813525974,1.609279547936399
AM.R663D.event.20260122T125349,R663D,AM.R663D.event.20260122T125349,CovNorm-lambda0,self_supervised_case_study,2.0446847807011,3.4706007527937643,1.4259159720926644,0.3625521110004478,,7.135513788963121,11.800574832713897,9.252160491184947
AM.R663D.event.20260122T125349,R663D,AM.R663D.event.20260122T125349,CovNorm-lambda0.1,self_supervised_case_study,2.0446847807011,2.3488486416470606,0.3041638609459607,0.3105738096763056,,4.895029886344656,10.89885459855771,7.6039439647919735
AM.R663D.event.20260122T125349,R663D,AM.R663D.event.20260122T125349,CovNorm-lambda0.5,self_supervised_case_study,2.0446847807011,1.174644247052551,-0.8700405336485488,0.25033724972444094,,7.063715142527717,12.19369032935439,10.692929023832273
AM.R663D.event.20260122T125349,R663D,AM.R663D.event.20260122T125349,Identity,identity_baseline,2.0446847807011,2.0446847807011,0.0,1.0,,,,
AM.R663D.event.20260122T125349,R663D,AM.R663D.event.20260122T125349,Wiener-blind,deployable_signal_processing_baseline,2.0446847807011,8.976846461179314,6.932161680478213,0.31530106730005814,1.91,8.314275450414167,10.675285911286146,10.413740191046687
AM.R663D.event.20260212T134545,R663D,AM.R663D.event.20260212T134545,Band-pass,signal_processing_baseline,-0.38908411639064844,-1.131958801083732,-0.7428746846930836,0.40668842577601455,-0.34,0.020073659807884673,0.000673574029981854,2.1294075009946245
AM.R663D.event.20260212T134545,R663D,AM.R663D.event.20260212T134545,CovNorm-lambda0,self_supervised_case_study,-0.38908411639064844,-1.9905578557322747,-1.6014737393416263,0.45950337792756724,-0.41,4.147043768936544,8.65319912378448,10.334866199117219
AM.R663D.event.20260212T134545,R663D,AM.R663D.event.20260212T134545,CovNorm-lambda0.1,self_supervised_case_study,-0.38908411639064844,-1.860096216093758,-1.4710120997031095,0.41677153888518975,-0.4,2.878353620980541,6.501576127514579,8.764855979504063
AM.R663D.event.20260212T134545,R663D,AM.R663D.event.20260212T134545,CovNorm-lambda0.5,self_supervised_case_study,-0.38908411639064844,-2.1845350861841912,-1.7954509697935428,0.2894215708368325,-0.31,5.614283167588636,9.923420037799856,12.225828504581159
AM.R663D.event.20260212T134545,R663D,AM.R663D.event.20260212T134545,Identity,identity_baseline,-0.38908411639064844,-0.38908411639064844,0.0,1.0,-0.45,,,
AM.R663D.event.20260212T134545,R663D,AM.R663D.event.20260212T134545,Wiener-blind,deployable_signal_processing_baseline,-0.38908411639064844,-1.6380136473224247,-1.2489295309317763,0.3307588087023602,,8.963061621885535,21.19233454299509,25.039302538033297
AM.R663D.event.20260525T220238,R663D,AM.R663D.event.20260525T220238,Band-pass,signal_processing_baseline,6.64266837141971,4.6866332382995655,-1.9560351331201442,0.3524923485851922,-1.26,-0.10240813606360981,0.00021935616254660498,1.2547043199622272
AM.R663D.event.20260525T220238,R663D,AM.R663D.event.20260525T220238,CovNorm-lambda0,self_supervised_case_study,6.64266837141971,11.71748001706688,5.07481164564717,0.6776467786852775,1.16,9.487429902246147,10.621544892980209,12.442903064099793
AM.R663D.event.20260525T220238,R663D,AM.R663D.event.20260525T220238,CovNorm-lambda0.1,self_supervised_case_study,6.64266837141971,9.65521470649991,3.0125463350802004,0.5333879619228622,-0.79,5.92424701871991,7.58365632307795,9.305925513261375
AM.R663D.event.20260525T220238,R663D,AM.R663D.event.20260525T220238,CovNorm-lambda0.5,self_supervised_case_study,6.64266837141971,7.143952754326825,0.501284382907115,0.3753488600245753,-0.53,6.679943517966534,8.134883521622482,10.276362012256223
AM.R663D.event.20260525T220238,R663D,AM.R663D.event.20260525T220238,Identity,identity_baseline,6.64266837141971,6.64266837141971,0.0,1.0,-0.5,,,
AM.R663D.event.20260525T220238,R663D,AM.R663D.event.20260525T220238,Wiener-blind,deployable_signal_processing_baseline,6.64266837141971,13.60103942011275,6.95837104869304,0.9048660901370149,1.74,10.284359532902632,14.164945498747343,18.543727856626276
AM.R686A.event.20260503T121244,R686A,AM.R686A.event.20260503T121244,Band-pass,signal_processing_baseline,0.6639387852351453,-1.1794182354010259,-1.8433570206361711,0.4845790698237543,,1.0571424222339827,0.0017160213855762635,0.751632517184971
AM.R686A.event.20260503T121244,R686A,AM.R686A.event.20260503T121244,CovNorm-lambda0,self_supervised_case_study,0.6639387852351453,-0.05668969509755545,-0.7206284803327008,0.6133059627958399,,1.8071365683836795,-3.231327908820498,-1.148377565035684
AM.R686A.event.20260503T121244,R686A,AM.R686A.event.20260503T121244,CovNorm-lambda0.1,self_supervised_case_study,0.6639387852351453,-0.16066446913072718,-0.8246032543658725,0.5686923905461809,,1.8801040258318078,-5.8459723065815625,-1.144058586947488
AM.R686A.event.20260503T121244,R686A,AM.R686A.event.20260503T121244,CovNorm-lambda0.5,self_supervised_case_study,0.6639387852351453,0.099486169975071,-0.5644526152600743,0.707987409157971,,-0.7653426913099075,-9.69173119701972,-7.346130712374715
AM.R686A.event.20260503T121244,R686A,AM.R686A.event.20260503T121244,Identity,identity_baseline,0.6639387852351453,0.6639387852351453,0.0,1.0,,,,
AM.R686A.event.20260503T121244,R686A,AM.R686A.event.20260503T121244,Wiener-blind,deployable_signal_processing_baseline,0.6639387852351453,2.2404175986896013,1.576478813454456,0.19546746335677692,,48.06365736866618,50.77149623966045,29.023766807154335
AM.R686A.event.20260504T031322,R686A,AM.R686A.event.20260504T031322,Band-pass,signal_processing_baseline,-2.3507267493625084,-3.1067148555510453,-0.755988106188537,0.8943532713256741,-0.69,1.4401063862272798,0.0006861014787446011,0.31861081068758773
AM.R686A.event.20260504T031322,R686A,AM.R686A.event.20260504T031322,CovNorm-lambda0,self_supervised_case_study,-2.3507267493625084,-4.092612715916408,-1.7418859665538995,0.3300504669789856,-0.66,2.9697728901706975,7.561318228214565,13.891697996803847
AM.R686A.event.20260504T031322,R686A,AM.R686A.event.20260504T031322,CovNorm-lambda0.1,self_supervised_case_study,-2.3507267493625084,-2.8878845799477637,-0.5371578305852553,0.5040769442791079,-0.65,0.6064781160889464,5.275345330659909,10.647233973742098
AM.R686A.event.20260504T031322,R686A,AM.R686A.event.20260504T031322,CovNorm-lambda0.5,self_supervised_case_study,-2.3507267493625084,-2.2342801611025487,0.11644658825995968,0.36051113088148995,-0.53,-0.56494334186269,3.7521940976897628,11.89851715635192
AM.R686A.event.20260504T031322,R686A,AM.R686A.event.20260504T031322,Identity,identity_baseline,-2.3507267493625084,-2.3507267493625084,0.0,1.0,-0.66,,,
AM.R686A.event.20260504T031322,R686A,AM.R686A.event.20260504T031322,Wiener-blind,deployable_signal_processing_baseline,-2.3507267493625084,-2.214375205789898,0.13635154357261037,0.22650237675263277,-0.75,21.833596085371212,31.58946534617697,22.242988857782375
AM.R686A.event.20260505T024044,R686A,AM.R686A.event.20260505T024044,Band-pass,signal_processing_baseline,-1.463209372493521,-1.909462360291372,-0.44625298779785116,0.9799884219846509,0.6,0.6487870448949503,0.0008093766570090591,0.25357847936579486
AM.R686A.event.20260505T024044,R686A,AM.R686A.event.20260505T024044,CovNorm-lambda0,self_supervised_case_study,-1.463209372493521,-4.733239801714191,-3.2700304292206703,0.5138770385634789,,1.2073681938401524,3.505868464888586,11.957705988929684
AM.R686A.event.20260505T024044,R686A,AM.R686A.event.20260505T024044,CovNorm-lambda0.1,self_supervised_case_study,-1.463209372493521,-2.9472739148119227,-1.4840645423184018,0.4912227863380833,,0.3503597764001179,2.0392071966043908,9.22839642235132
AM.R686A.event.20260505T024044,R686A,AM.R686A.event.20260505T024044,CovNorm-lambda0.5,self_supervised_case_study,-1.463209372493521,-2.708037824620857,-1.244828452127336,0.4134753712237331,-1.86,-0.9116164626554104,1.188798785008936,8.825995678294126
AM.R686A.event.20260505T024044,R686A,AM.R686A.event.20260505T024044,Identity,identity_baseline,-1.463209372493521,-1.463209372493521,0.0,1.0,0.6,,,
AM.R686A.event.20260505T024044,R686A,AM.R686A.event.20260505T024044,Wiener-blind,deployable_signal_processing_baseline,-1.463209372493521,4.0187308133232795,5.4819401858168,0.12962923770635484,,0.3506268939209411,5.943535034585927,24.905159941841173
AM.R686A.event.20260507T174538,R686A,AM.R686A.event.20260507T174538,Band-pass,signal_processing_baseline,5.669534737507273,6.572960446439998,0.9034257089327253,0.8574198541351322,,0.20553783676539036,0.0007582992520642834,0.2846177642601987
AM.R686A.event.20260507T174538,R686A,AM.R686A.event.20260507T174538,CovNorm-lambda0,self_supervised_case_study,5.669534737507273,7.284996055257996,1.6154613177507233,0.40949171125685935,,7.821273839319129,8.056585156145267,9.76210737528451
AM.R686A.event.20260507T174538,R686A,AM.R686A.event.20260507T174538,CovNorm-lambda0.1,self_supervised_case_study,5.669534737507273,6.016175320739644,0.34664058323237157,0.4830276533978814,-2.0,5.768392046175914,5.904599692233063,7.757708198843768
AM.R686A.event.20260507T174538,R686A,AM.R686A.event.20260507T174538,CovNorm-lambda0.5,self_supervised_case_study,5.669534737507273,4.315001752565522,-1.3545329849417502,0.4107487792033505,-1.98,7.205864758227102,7.201638604905425,8.822396218467757
AM.R686A.event.20260507T174538,R686A,AM.R686A.event.20260507T174538,Identity,identity_baseline,5.669534737507273,5.669534737507273,0.0,1.0,,,,
AM.R686A.event.20260507T174538,R686A,AM.R686A.event.20260507T174538,Wiener-blind,deployable_signal_processing_baseline,5.669534737507273,11.895199038009848,6.225664300502575,0.4427636443795597,,11.074432674329039,4.777475445227734,14.791417269424718
AM.R686A.event.20260510T031500,R686A,AM.R686A.event.20260510T031500,Band-pass,signal_processing_baseline,2.718554870525678,3.895883413631667,1.1773285431059892,0.931143570349948,,0.2426782697603929,0.000613386536013357,0.794525697145947
AM.R686A.event.20260510T031500,R686A,AM.R686A.event.20260510T031500,CovNorm-lambda0,self_supervised_case_study,2.718554870525678,-0.025547257118098674,-2.7441021276437767,0.44539732322443526,0.41,5.969429772282204,10.467225182991838,14.077937926398441
AM.R686A.event.20260510T031500,R686A,AM.R686A.event.20260510T031500,CovNorm-lambda0.1,self_supervised_case_study,2.718554870525678,0.007688902034138497,-2.7108659684915395,0.428352670916666,0.31,3.4081967735762144,8.686679931880514,12.60145397156184
AM.R686A.event.20260510T031500,R686A,AM.R686A.event.20260510T031500,CovNorm-lambda0.5,self_supervised_case_study,2.718554870525678,0.16707542924898153,-2.5514794412766966,0.2893968159741717,,4.460488367287497,9.45541816962974,13.259944232955704
AM.R686A.event.20260510T031500,R686A,AM.R686A.event.20260510T031500,Identity,identity_baseline,2.718554870525678,2.718554870525678,0.0,1.0,,,,
AM.R686A.event.20260510T031500,R686A,AM.R686A.event.20260510T031500,Wiener-blind,deployable_signal_processing_baseline,2.718554870525678,12.900605332450489,10.182050461924812,0.19823822694680307,1.06,2.5540714585085995,13.625981866694138,44.28284074607876
AM.R686A.event.20260510T182331,R686A,AM.R686A.event.20260510T182331,Band-pass,signal_processing_baseline,4.626777829737476,5.056012953005453,0.4292351232679774,0.8109204294320137,-0.91,1.4934796010630358,0.00034833358147285857,0.5695103597801119
AM.R686A.event.20260510T182331,R686A,AM.R686A.event.20260510T182331,CovNorm-lambda0,self_supervised_case_study,4.626777829737476,3.5493203390174957,-1.07745749071998,0.2382157329534192,-0.21,5.0143616096713926,7.542921940299401,10.425501849752022
AM.R686A.event.20260510T182331,R686A,AM.R686A.event.20260510T182331,CovNorm-lambda0.1,self_supervised_case_study,4.626777829737476,3.064030669352781,-1.5627471603846947,0.3905766827765439,-0.2,2.736963545764354,5.061916885643032,7.509559313418637
AM.R686A.event.20260510T182331,R686A,AM.R686A.event.20260510T182331,CovNorm-lambda0.5,self_supervised_case_study,4.626777829737476,0.30415280153190644,-4.322625028205569,0.42047031420378417,,1.6338213314983496,4.180874330872091,5.829794060870841
AM.R686A.event.20260510T182331,R686A,AM.R686A.event.20260510T182331,Identity,identity_baseline,4.626777829737476,4.626777829737476,0.0,1.0,0.41,,,
AM.R686A.event.20260510T182331,R686A,AM.R686A.event.20260510T182331,Wiener-blind,deployable_signal_processing_baseline,4.626777829737476,5.434319508780533,0.807541679043057,0.658819233880777,0.03,12.72550718069914,9.012130319675155,3.224027076462185
AM.R686A.event.20260515T110622,R686A,AM.R686A.event.20260515T110622,Band-pass,signal_processing_baseline,4.97091522389637,5.987229172549931,1.0163139486535613,0.43206121249356516,,0.7779067668151242,0.00039539142935603443,0.2667387384469854
AM.R686A.event.20260515T110622,R686A,AM.R686A.event.20260515T110622,CovNorm-lambda0,self_supervised_case_study,4.97091522389637,11.696613863262982,6.7256986393666125,0.23505134966500768,,6.054592393981774,11.173693962761268,9.388084706917626
AM.R686A.event.20260515T110622,R686A,AM.R686A.event.20260515T110622,CovNorm-lambda0.1,self_supervised_case_study,4.97091522389637,6.381130476257418,1.4102152523610485,0.3529276540849517,,3.9804672432729404,10.12579330422321,6.872101161018766
AM.R686A.event.20260515T110622,R686A,AM.R686A.event.20260515T110622,CovNorm-lambda0.5,self_supervised_case_study,4.97091522389637,7.2260389561151435,2.255123732218774,0.5636529596745686,,1.9387255842222118,7.575496916431978,4.293350959720523
AM.R686A.event.20260515T110622,R686A,AM.R686A.event.20260515T110622,Identity,identity_baseline,4.97091522389637,4.97091522389637,0.0,1.0,-1.99,,,
AM.R686A.event.20260515T110622,R686A,AM.R686A.event.20260515T110622,Wiener-blind,deployable_signal_processing_baseline,4.97091522389637,11.64928680179602,6.67837157789965,0.4697131419607112,,0.37174966708235613,5.8326769789919375,1.115414544422223
AM.R686A.event.20260528T114952,R686A,AM.R686A.event.20260528T114952,Band-pass,signal_processing_baseline,2.601909826810111,3.8838356759151176,1.2819258491050065,0.46881546813291897,,2.284669309251569,0.000463805559875878,1.7760241975547288
AM.R686A.event.20260528T114952,R686A,AM.R686A.event.20260528T114952,CovNorm-lambda0,self_supervised_case_study,2.601909826810111,1.617620121893878,-0.9842897049162331,0.5596345617023246,1.07,5.492219925005837,-1.1173303595083528,7.880811247744613
AM.R686A.event.20260528T114952,R686A,AM.R686A.event.20260528T114952,CovNorm-lambda0.1,self_supervised_case_study,2.601909826810111,-1.2256138492546855,-3.8275236760647964,0.6054671986782763,1.09,4.369582723199419,-3.7050894281123092,6.738053946174481
AM.R686A.event.20260528T114952,R686A,AM.R686A.event.20260528T114952,CovNorm-lambda0.5,self_supervised_case_study,2.601909826810111,-1.248400269000757,-3.850310095810868,0.6269681472945497,1.24,3.189918539888719,-4.369049534309116,4.77918877750892
AM.R686A.event.20260528T114952,R686A,AM.R686A.event.20260528T114952,Identity,identity_baseline,2.601909826810111,2.601909826810111,0.0,1.0,1.25,,,
AM.R686A.event.20260528T114952,R686A,AM.R686A.event.20260528T114952,Wiener-blind,deployable_signal_processing_baseline,2.601909826810111,5.517444867708662,2.9155350408985505,0.4360126682355621,1.08,12.992944162660622,7.605814143003428,13.805748887172554
AM.R6928.event.20260120T072924,R6928,AM.R6928.event.20260120T072924,Band-pass,signal_processing_baseline,3.458908623615686,5.6291289625431045,2.1702203389274186,0.815195270496616,-0.9,0.34137635223171364,5.6264680599184096e-05,1.225877009904632
AM.R6928.event.20260120T072924,R6928,AM.R6928.event.20260120T072924,CovNorm-lambda0,self_supervised_case_study,3.458908623615686,3.0151175535259673,-0.4437910700897185,0.8598096389224501,1.85,5.171150768980223,0.677526036616532,7.182860329776308
AM.R6928.event.20260120T072924,R6928,AM.R6928.event.20260120T072924,CovNorm-lambda0.1,self_supervised_case_study,3.458908623615686,1.4865329383245565,-1.9723756852911294,0.7981285591939626,1.95,3.1656092376679155,-0.8763520361470588,6.12683006315022
AM.R6928.event.20260120T072924,R6928,AM.R6928.event.20260120T072924,CovNorm-lambda0.5,self_supervised_case_study,3.458908623615686,1.9623019548936047,-1.4966066687220811,0.5802171334217532,,1.7898860747519538,-1.420601208674175,3.1976451761356857
AM.R6928.event.20260120T072924,R6928,AM.R6928.event.20260120T072924,Identity,identity_baseline,3.458908623615686,3.458908623615686,0.0,1.0,-0.32,,,
AM.R6928.event.20260120T072924,R6928,AM.R6928.event.20260120T072924,Wiener-blind,deployable_signal_processing_baseline,3.458908623615686,6.2695580656040795,2.8106494419883936,0.6298417464692861,-0.33,5.718271930552521,5.019833938894827,13.85560295725039
AM.R6928.event.20260414T163755,R6928,AM.R6928.event.20260414T163755,Band-pass,signal_processing_baseline,4.349022723076209,3.880920958002498,-0.4681017650737114,0.793464219550133,-0.53,0.17518164026117364,0.000487482910010051,1.16682807919853
AM.R6928.event.20260414T163755,R6928,AM.R6928.event.20260414T163755,CovNorm-lambda0,self_supervised_case_study,4.349022723076209,1.9977036634308485,-2.351319059645361,0.22306544874606826,1.85,8.394499925264455,9.701804690499815,12.70393347122746
AM.R6928.event.20260414T163755,R6928,AM.R6928.event.20260414T163755,CovNorm-lambda0.1,self_supervised_case_study,4.349022723076209,2.402352873767353,-1.9466698493088561,0.2394498899640471,1.85,9.343471259706218,9.749200573960072,12.875931494292104
AM.R6928.event.20260414T163755,R6928,AM.R6928.event.20260414T163755,CovNorm-lambda0.5,self_supervised_case_study,4.349022723076209,2.0070403165006088,-2.3419824065756005,0.27838746602024717,1.85,7.85587470048663,8.253317839028837,11.02885535264216
AM.R6928.event.20260414T163755,R6928,AM.R6928.event.20260414T163755,Identity,identity_baseline,4.349022723076209,4.349022723076209,0.0,1.0,1.74,,,
AM.R6928.event.20260414T163755,R6928,AM.R6928.event.20260414T163755,Wiener-blind,deployable_signal_processing_baseline,4.349022723076209,7.279537901371507,2.9305151782952974,0.40089014843324033,-0.55,1.9441536526122067,6.826059062516048,13.861077892054668
AM.R6928.event.20260515T113455,R6928,AM.R6928.event.20260515T113455,Band-pass,signal_processing_baseline,8.28619080158066,6.180237808584491,-2.1059529929961682,0.46505803367853865,1.56,0.4428151904926363,0.00012302468856109782,1.2902480985937272
AM.R6928.event.20260515T113455,R6928,AM.R6928.event.20260515T113455,CovNorm-lambda0,self_supervised_case_study,8.28619080158066,7.499261011912999,-0.7869297896676599,0.28563225328316505,0.24,8.735964472377349,10.17194481227982,11.475952559475298
AM.R6928.event.20260515T113455,R6928,AM.R6928.event.20260515T113455,CovNorm-lambda0.1,self_supervised_case_study,8.28619080158066,6.647876936513173,-1.6383138650674862,0.314371074858244,0.23,8.080307788504738,8.907651990042833,10.402656822805033
AM.R6928.event.20260515T113455,R6928,AM.R6928.event.20260515T113455,CovNorm-lambda0.5,self_supervised_case_study,8.28619080158066,5.432625392788308,-2.8535654087923508,0.4471382440157379,0.29,6.041026234701168,7.0700189081896845,8.272388734053889
AM.R6928.event.20260515T113455,R6928,AM.R6928.event.20260515T113455,Identity,identity_baseline,8.28619080158066,8.28619080158066,0.0,1.0,0.59,,,
AM.R6928.event.20260515T113455,R6928,AM.R6928.event.20260515T113455,Wiener-blind,deployable_signal_processing_baseline,8.28619080158066,10.307501254842148,2.0213104532614885,0.8301783572775568,0.24,9.084280248920203,15.736582039192685,10.759317124212544
AM.R6928.event.20260516T145540,R6928,AM.R6928.event.20260516T145540,Band-pass,signal_processing_baseline,9.835323091263042,1.8084714332229268,-8.026851658040115,0.6007794273923955,,0.3293890327373103,-8.171970087838137e-05,0.6597454779312799
AM.R6928.event.20260516T145540,R6928,AM.R6928.event.20260516T145540,CovNorm-lambda0,self_supervised_case_study,9.835323091263042,12.243516520099153,2.4081934288361104,0.5043672336741719,-1.21,4.978020178035647,3.0480794003653986,9.842630986542574
AM.R6928.event.20260516T145540,R6928,AM.R6928.event.20260516T145540,CovNorm-lambda0.1,self_supervised_case_study,9.835323091263042,10.486166425531682,0.6508433342686395,0.542860910701021,,3.2894415663955123,0.9272130724763653,8.959723687526791
AM.R6928.event.20260516T145540,R6928,AM.R6928.event.20260516T145540,CovNorm-lambda0.5,self_supervised_case_study,9.835323091263042,9.339970096017112,-0.49535299524593057,0.7203958011486857,,0.6962488801263417,-1.085999398887206,5.878859536846399
AM.R6928.event.20260516T145540,R6928,AM.R6928.event.20260516T145540,Identity,identity_baseline,9.835323091263042,9.835323091263042,0.0,1.0,1.08,,,
AM.R6928.event.20260516T145540,R6928,AM.R6928.event.20260516T145540,Wiener-blind,deployable_signal_processing_baseline,9.835323091263042,11.756431320141917,1.9211082288788752,0.7454445734919791,-1.17,5.872093432251614,16.708944784176282,9.569736661053618
AM.R6928.event.20260519T180708,R6928,AM.R6928.event.20260519T180708,Band-pass,signal_processing_baseline,1.9766755981231867,-0.5805776431328428,-2.5572532412560296,0.398538005925457,,0.8092659599024289,0.0002465356035205168,1.2472903789993748
AM.R6928.event.20260519T180708,R6928,AM.R6928.event.20260519T180708,CovNorm-lambda0,self_supervised_case_study,1.9766755981231867,6.564774587652947,4.58809898952976,0.4662739249311601,0.9,7.240695281900923,9.639087296962053,10.40197631815255
AM.R6928.event.20260519T180708,R6928,AM.R6928.event.20260519T180708,CovNorm-lambda0.1,self_supervised_case_study,1.9766755981231867,5.556698976429651,3.580023378306464,0.5440397779888975,0.12,4.9603428655807935,8.087169310815337,9.716693991370937
AM.R6928.event.20260519T180708,R6928,AM.R6928.event.20260519T180708,CovNorm-lambda0.5,self_supervised_case_study,1.9766755981231867,3.0814265269550134,1.1047509288318267,0.4730907992802651,0.23,3.9095646976235447,6.764377820976918,7.389694108457906
AM.R6928.event.20260519T180708,R6928,AM.R6928.event.20260519T180708,Identity,identity_baseline,1.9766755981231867,1.9766755981231867,0.0,1.0,0.93,,,
AM.R6928.event.20260519T180708,R6928,AM.R6928.event.20260519T180708,Wiener-blind,deployable_signal_processing_baseline,1.9766755981231867,8.336540428753512,6.359864830630325,0.5491863504028787,-0.17,40.34430760633001,26.307031250336887,12.396912932959083
AM.R6928.event.20260525T220230,R6928,AM.R6928.event.20260525T220230,Band-pass,signal_processing_baseline,20.773663868822222,11.37237599888736,-9.401287869934862,0.3140789649224981,-1.39,0.37879811387469814,0.0011251151907876492,1.4201278685955216
AM.R6928.event.20260525T220230,R6928,AM.R6928.event.20260525T220230,CovNorm-lambda0,self_supervised_case_study,20.773663868822222,21.073271583199546,0.2996077143773235,0.9398234364458307,-1.15,6.169249550232872,3.046536039257246,6.477350089313837
AM.R6928.event.20260525T220230,R6928,AM.R6928.event.20260525T220230,CovNorm-lambda0.1,self_supervised_case_study,20.773663868822222,21.858209346684497,1.0845454778622745,0.8686372201847185,-1.1,5.921944819196635,1.005018913902666,5.007152043241798
AM.R6928.event.20260525T220230,R6928,AM.R6928.event.20260525T220230,CovNorm-lambda0.5,self_supervised_case_study,20.773663868822222,16.073989321546648,-4.699674547275574,0.9282122328593976,1.92,3.708972508377709,0.29863763811471405,2.8685582661560822
AM.R6928.event.20260525T220230,R6928,AM.R6928.event.20260525T220230,Identity,identity_baseline,20.773663868822222,20.773663868822222,0.0,1.0,-1.02,,,
AM.R6928.event.20260525T220230,R6928,AM.R6928.event.20260525T220230,Wiener-blind,deployable_signal_processing_baseline,20.773663868822222,22.59208424041967,1.8184203715974476,0.9916264893885288,-1.11,4.74490172128077,15.425839077733812,46.689032328551804
AM.R6928.event.20260530T213353,R6928,AM.R6928.event.20260530T213353,Band-pass,signal_processing_baseline,4.391628047213622,6.808993086463469,2.417365039249847,0.5920719513832219,0.86,0.5239574914441844,0.00017214424184643692,0.6767265713771842
AM.R6928.event.20260530T213353,R6928,AM.R6928.event.20260530T213353,CovNorm-lambda0,self_supervised_case_study,4.391628047213622,3.197561550526247,-1.194066496687375,0.7923519809411003,-0.79,4.096833278108054,-0.407423959064596,8.662391109113576
AM.R6928.event.20260530T213353,R6928,AM.R6928.event.20260530T213353,CovNorm-lambda0.1,self_supervised_case_study,4.391628047213622,2.4459804269661034,-1.9456476202475188,0.7233303974952501,-0.78,2.82277016864583,-1.8167548734157126,8.154292593608611
AM.R6928.event.20260530T213353,R6928,AM.R6928.event.20260530T213353,CovNorm-lambda0.5,self_supervised_case_study,4.391628047213622,3.2122099222161675,-1.1794181249974547,0.6452590860265418,-0.64,0.5507275888038105,-2.8135468690972716,5.43779973733335
AM.R6928.event.20260530T213353,R6928,AM.R6928.event.20260530T213353,Identity,identity_baseline,4.391628047213622,4.391628047213622,0.0,1.0,-0.61,,,
AM.R6928.event.20260530T213353,R6928,AM.R6928.event.20260530T213353,Wiener-blind,deployable_signal_processing_baseline,4.391628047213622,4.3291108828658125,-0.06251716434780974,0.8096580779270306,-0.7,7.270282911012216,24.619709356931594,13.337478354239508
AM.R6928.event.20260531T214539,R6928,AM.R6928.event.20260531T214539,Band-pass,signal_processing_baseline,7.676606699915966,4.904071815688854,-2.7725348842271114,0.47230256831421286,0.03,0.6375109128608379,0.0005021843559856419,0.8264306103540259
AM.R6928.event.20260531T214539,R6928,AM.R6928.event.20260531T214539,CovNorm-lambda0,self_supervised_case_study,7.676606699915966,11.325361971772486,3.64875527185652,0.7226044457020916,-0.42,6.31574306700115,0.6227946054190028,11.298665272981244
AM.R6928.event.20260531T214539,R6928,AM.R6928.event.20260531T214539,CovNorm-lambda0.1,self_supervised_case_study,7.676606699915966,10.547343360893297,2.8707366609773315,0.6129451099528284,-0.37,5.693197791908567,0.4803937658507483,11.92471700486408
AM.R6928.event.20260531T214539,R6928,AM.R6928.event.20260531T214539,CovNorm-lambda0.5,self_supervised_case_study,7.676606699915966,7.54731139347247,-0.1292953064434954,0.5217308698133363,-0.37,3.357010258672119,-1.429245916752498,7.772475946533714
AM.R6928.event.20260531T214539,R6928,AM.R6928.event.20260531T214539,Identity,identity_baseline,7.676606699915966,7.676606699915966,0.0,1.0,-0.37,,,
AM.R6928.event.20260531T214539,R6928,AM.R6928.event.20260531T214539,Wiener-blind,deployable_signal_processing_baseline,7.676606699915966,10.584352936604235,2.9077462366882694,0.9179433871380344,-0.49,7.628861095088003,14.752236698175858,25.440963961529576
AM.R77C3.event.20260412T190442,R77C3,AM.R77C3.event.20260412T190442,Band-pass,signal_processing_baseline,-0.13852249318034665,1.0213661849374627,1.1598886781178093,0.5288152341870669,,0.9930283796131847,0.000739603177251235,1.2553226906729384
AM.R77C3.event.20260412T190442,R77C3,AM.R77C3.event.20260412T190442,CovNorm-lambda0,self_supervised_case_study,-0.13852249318034665,-2.8915372231449292,-2.7530147299645824,0.7708655949502281,,6.4789138289029315,-3.4516172014280335,3.9624356126583695
AM.R77C3.event.20260412T190442,R77C3,AM.R77C3.event.20260412T190442,CovNorm-lambda0.1,self_supervised_case_study,-0.13852249318034665,-1.1385506983038132,-1.0000282051234666,0.8407471273354185,,4.761627114544873,-4.977377636405943,2.7401760951620204
AM.R77C3.event.20260412T190442,R77C3,AM.R77C3.event.20260412T190442,CovNorm-lambda0.5,self_supervised_case_study,-0.13852249318034665,-0.7650054791498624,-0.6264829859695158,0.6172213614864074,,4.553713532223217,-4.868851874549146,0.3612123335336301
AM.R77C3.event.20260412T190442,R77C3,AM.R77C3.event.20260412T190442,Identity,identity_baseline,-0.13852249318034665,-0.13852249318034665,0.0,1.0,,,,
AM.R77C3.event.20260412T190442,R77C3,AM.R77C3.event.20260412T190442,Wiener-blind,deployable_signal_processing_baseline,-0.13852249318034665,-0.5333602354810578,-0.39483774230071117,0.2873526813270038,,13.46974019690243,12.018486367335802,7.179960252368981
AM.R77C3.event.20260426T022451,R77C3,AM.R77C3.event.20260426T022451,Band-pass,signal_processing_baseline,2.1125022923677665,5.701558296585656,3.5890560042178894,0.7057887135461238,-0.75,1.6869785702561757,2.335893296856142e-05,1.238041216609427
AM.R77C3.event.20260426T022451,R77C3,AM.R77C3.event.20260426T022451,CovNorm-lambda0,self_supervised_case_study,2.1125022923677665,1.4909539867548536,-0.621548305612913,0.5200279790120169,,5.573703595198338,-8.781019802282156,3.1262027383400146
AM.R77C3.event.20260426T022451,R77C3,AM.R77C3.event.20260426T022451,CovNorm-lambda0.1,self_supervised_case_study,2.1125022923677665,1.5780304913067753,-0.5344718010609912,0.7315828990513851,-0.08,3.208617297556994,-10.48924036322358,0.5294992698282863
AM.R77C3.event.20260426T022451,R77C3,AM.R77C3.event.20260426T022451,CovNorm-lambda0.5,self_supervised_case_study,2.1125022923677665,2.7089782035073533,0.5964759111395868,0.7344370160628131,0.68,4.45402804471285,-7.876766396469299,-0.13641754862281488
AM.R77C3.event.20260426T022451,R77C3,AM.R77C3.event.20260426T022451,Identity,identity_baseline,2.1125022923677665,2.1125022923677665,0.0,1.0,-0.36,,,
AM.R77C3.event.20260426T022451,R77C3,AM.R77C3.event.20260426T022451,Wiener-blind,deployable_signal_processing_baseline,2.1125022923677665,3.9624995214475045,1.849997229079738,0.7304301042263327,-0.55,12.730169551650159,6.909540775623282,8.98096995331538
AM.R77C3.event.20260503T183928,R77C3,AM.R77C3.event.20260503T183928,Band-pass,signal_processing_baseline,5.243580987823707,11.509877995822325,6.266297007998618,0.9055456550626751,0.99,1.8677765965349789,-8.258565456264595e-06,1.3453249129845328
AM.R77C3.event.20260503T183928,R77C3,AM.R77C3.event.20260503T183928,CovNorm-lambda0,self_supervised_case_study,5.243580987823707,4.509957258088232,-0.7336237297354753,0.5112544139804914,1.03,3.7901831692402745,-10.068010531385484,-2.3228898243702183
AM.R77C3.event.20260503T183928,R77C3,AM.R77C3.event.20260503T183928,CovNorm-lambda0.1,self_supervised_case_study,5.243580987823707,3.540941249046225,-1.7026397387774819,0.5970362279756904,1.08,2.723754305982439,-11.234255493992316,-3.4276919597539695
AM.R77C3.event.20260503T183928,R77C3,AM.R77C3.event.20260503T183928,CovNorm-lambda0.5,self_supervised_case_study,5.243580987823707,4.083634909981898,-1.1599460778418091,0.7016257531391066,1.04,2.120020915817707,-10.597557534684988,-5.386822300695031
AM.R77C3.event.20260503T183928,R77C3,AM.R77C3.event.20260503T183928,Identity,identity_baseline,5.243580987823707,5.243580987823707,0.0,1.0,1.03,,,
AM.R77C3.event.20260503T183928,R77C3,AM.R77C3.event.20260503T183928,Wiener-blind,deployable_signal_processing_baseline,5.243580987823707,7.897364487916785,2.653783500093078,0.8948265862896032,0.82,10.245265989596357,7.190440145501832,11.128332653242866
AM.R77C3.event.20260520T141606,R77C3,AM.R77C3.event.20260520T141606,Band-pass,signal_processing_baseline,-0.11364200398119322,-1.1009317578888465,-0.9872897539076533,0.4573054390148154,1.56,1.7429324034756177,-0.0001375604262879632,1.4565194764755998
AM.R77C3.event.20260520T141606,R77C3,AM.R77C3.event.20260520T141606,CovNorm-lambda0,self_supervised_case_study,-0.11364200398119322,0.3976450382289075,0.5112870422101007,0.5462190521320776,-1.27,5.658682557031937,-1.401215563167946,8.95749608105583
AM.R77C3.event.20260520T141606,R77C3,AM.R77C3.event.20260520T141606,CovNorm-lambda0.1,self_supervised_case_study,-0.11364200398119322,0.14015549678822065,0.2537975007694139,0.5670741863011769,-1.33,4.858077532290576,-1.8782909978600681,7.527118479123189
AM.R77C3.event.20260520T141606,R77C3,AM.R77C3.event.20260520T141606,CovNorm-lambda0.5,self_supervised_case_study,-0.11364200398119322,-0.07840795668765929,0.035234047293533924,0.5421094444028588,-1.29,3.8991197684184016,-2.393403538588769,5.408043633158241
AM.R77C3.event.20260520T141606,R77C3,AM.R77C3.event.20260520T141606,Identity,identity_baseline,-0.11364200398119322,-0.11364200398119322,0.0,1.0,,,,
AM.R77C3.event.20260520T141606,R77C3,AM.R77C3.event.20260520T141606,Wiener-blind,deployable_signal_processing_baseline,-0.11364200398119322,-0.014470664156888413,0.0991713398243048,0.24394585837530877,,11.064976451584329,6.397580931315677,9.67212243067984
AM.R77C3.event.20260521T035234,R77C3,AM.R77C3.event.20260521T035234,Band-pass,signal_processing_baseline,1.3950966029683907,1.5952433562991117,0.20014675333072107,0.3845177357296582,-0.37,2.8116555193706936,0.00043225292088655597,1.5125846563286605
AM.R77C3.event.20260521T035234,R77C3,AM.R77C3.event.20260521T035234,CovNorm-lambda0,self_supervised_case_study,1.3950966029683907,0.2313252436328042,-1.1637713593355865,0.5764054811684951,0.07,4.961591677577089,-6.410688603744849,3.571947313753828
AM.R77C3.event.20260521T035234,R77C3,AM.R77C3.event.20260521T035234,CovNorm-lambda0.1,self_supervised_case_study,1.3950966029683907,0.2799982139028772,-1.1150983890655135,0.6635892597334253,1.96,3.019764287562607,-7.578183178578345,1.1584691930129198
AM.R77C3.event.20260521T035234,R77C3,AM.R77C3.event.20260521T035234,CovNorm-lambda0.5,self_supervised_case_study,1.3950966029683907,1.3369206977024795,-0.05817590526591121,0.6623763406023614,1.92,2.887682336454486,-6.939580837094687,0.08019060756862088
AM.R77C3.event.20260521T035234,R77C3,AM.R77C3.event.20260521T035234,Identity,identity_baseline,1.3950966029683907,1.3950966029683907,0.0,1.0,0.05,,,
AM.R77C3.event.20260521T035234,R77C3,AM.R77C3.event.20260521T035234,Wiener-blind,deployable_signal_processing_baseline,1.3950966029683907,7.165457131417989,5.770360528449599,0.25619990837539985,-0.46,17.448723587775067,23.32909348331997,22.980526878795654
AM.R77C3.event.20260523T001447,R77C3,AM.R77C3.event.20260523T001447,Band-pass,signal_processing_baseline,-7.404145681351675,-1.7407353454613324,5.663410335890343,0.4035722807909153,1.3,1.841046727891235,0.0007780587993880906,1.3687981448025426
AM.R77C3.event.20260523T001447,R77C3,AM.R77C3.event.20260523T001447,CovNorm-lambda0,self_supervised_case_study,-7.404145681351675,-5.888854181646518,1.5152914997051576,0.6448423424943117,1.5,6.1903416407935445,-11.530813077588789,-6.929087808327528
AM.R77C3.event.20260523T001447,R77C3,AM.R77C3.event.20260523T001447,CovNorm-lambda0.1,self_supervised_case_study,-7.404145681351675,-7.361464293068325,0.04268138828335033,0.660685988373568,1.56,3.821967907722012,-13.723218702455418,-8.770543946889488
AM.R77C3.event.20260523T001447,R77C3,AM.R77C3.event.20260523T001447,CovNorm-lambda0.5,self_supervised_case_study,-7.404145681351675,-5.443305929857485,1.9608397514941904,0.5988581906038263,1.59,3.3404688983337305,-13.920102001513605,-9.332212580203487
AM.R77C3.event.20260523T001447,R77C3,AM.R77C3.event.20260523T001447,Identity,identity_baseline,-7.404145681351675,-7.404145681351675,0.0,1.0,1.58,,,
AM.R77C3.event.20260523T001447,R77C3,AM.R77C3.event.20260523T001447,Wiener-blind,deployable_signal_processing_baseline,-7.404145681351675,2.0985970738060504,9.502742755157726,0.06033118048170984,,125.6070600017894,100.60167264842094,23.662152492399354
AM.R77C3.event.20260525T152634,R77C3,AM.R77C3.event.20260525T152634,Band-pass,signal_processing_baseline,-0.469668381739548,2.9989167996417105,3.4685851813812585,0.5222869332445172,-1.46,1.786972591881418,0.0007737381054153848,1.299220725069852
AM.R77C3.event.20260525T152634,R77C3,AM.R77C3.event.20260525T152634,CovNorm-lambda0,self_supervised_case_study,-0.469668381739548,-0.6768597739384243,-0.20719139219887633,0.5384418258744512,-1.22,5.290268380847727,-6.335768011589031,2.3509123374238574
AM.R77C3.event.20260525T152634,R77C3,AM.R77C3.event.20260525T152634,CovNorm-lambda0.1,self_supervised_case_study,-0.469668381739548,-0.7685300839039602,-0.29886170216441216,0.7347675281354092,-1.24,3.1255693191522753,-7.84499097670886,0.1466848992414548
AM.R77C3.event.20260525T152634,R77C3,AM.R77C3.event.20260525T152634,CovNorm-lambda0.5,self_supervised_case_study,-0.469668381739548,-0.3777648753707496,0.0919035063687984,0.5792044878284325,-1.2,4.186203976204515,-6.653955317696256,0.3582739936203176
AM.R77C3.event.20260525T152634,R77C3,AM.R77C3.event.20260525T152634,Identity,identity_baseline,-0.469668381739548,-0.469668381739548,0.0,1.0,-1.3,,,
AM.R77C3.event.20260525T152634,R77C3,AM.R77C3.event.20260525T152634,Wiener-blind,deployable_signal_processing_baseline,-0.469668381739548,4.805068043996988,5.274736425736536,0.18194201962259224,-1.42,38.15697075301409,10.545553660975338,17.315255484971736
AM.R77C3.event.20260528T220137,R77C3,AM.R77C3.event.20260528T220137,Band-pass,signal_processing_baseline,0.3038593810236685,0.3601473033532657,0.05628792232959723,0.23709470403950522,-1.73,2.360395247422016,0.0003545653318409707,1.3260115455635137
AM.R77C3.event.20260528T220137,R77C3,AM.R77C3.event.20260528T220137,CovNorm-lambda0,self_supervised_case_study,0.3038593810236685,1.2248246459516305,0.920965264927962,0.7341341717143675,-0.2,1.7254638370479227,-12.977099328630786,-4.780416564427676
AM.R77C3.event.20260528T220137,R77C3,AM.R77C3.event.20260528T220137,CovNorm-lambda0.1,self_supervised_case_study,0.3038593810236685,0.3622024944561298,0.05834311343246129,0.8382153946988808,-0.08,0.2817688662003419,-14.385001530093703,-6.112207336172751
AM.R77C3.event.20260528T220137,R77C3,AM.R77C3.event.20260528T220137,CovNorm-lambda0.5,self_supervised_case_study,0.3038593810236685,1.1693339757590506,0.8654745947353821,0.9300287914440859,-0.06,-1.0767503472239672,-12.92769246101011,-6.997097379636823
AM.R77C3.event.20260528T220137,R77C3,AM.R77C3.event.20260528T220137,Identity,identity_baseline,0.3038593810236685,0.3038593810236685,0.0,1.0,-0.25,,,
AM.R77C3.event.20260528T220137,R77C3,AM.R77C3.event.20260528T220137,Wiener-blind,deployable_signal_processing_baseline,0.3038593810236685,0.3888722662613697,0.08501288523770123,0.31457395510174835,-0.24,11.100278768335684,14.715035311599173,23.225932618880858
AM.R7813.event.20250715T090042,R7813,AM.R7813.event.20250715T090042,Band-pass,signal_processing_baseline,0.33939820431486445,-0.07388711811797444,-0.4132853224328389,0.4002581777293108,-0.45,2.184511938277441,0.00017690100529128613,1.4188775074082907
AM.R7813.event.20250715T090042,R7813,AM.R7813.event.20250715T090042,CovNorm-lambda0,self_supervised_case_study,0.33939820431486445,0.21071935482972565,-0.1286788494851388,0.6691142004750791,,6.389174116448558,2.4163042951202205,8.93989481557759
AM.R7813.event.20250715T090042,R7813,AM.R7813.event.20250715T090042,CovNorm-lambda0.1,self_supervised_case_study,0.33939820431486445,-0.43511199587094235,-0.7745102001858069,0.6337603461717936,,5.388892531782866,1.3626131394398777,7.162851387757274
AM.R7813.event.20250715T090042,R7813,AM.R7813.event.20250715T090042,CovNorm-lambda0.5,self_supervised_case_study,0.33939820431486445,-0.08804278975878514,-0.4274409940736496,0.467726944626391,,5.3667746487905355,1.4545931712991453,6.359483036920082
AM.R7813.event.20250715T090042,R7813,AM.R7813.event.20250715T090042,Identity,identity_baseline,0.33939820431486445,0.33939820431486445,0.0,1.0,,,,
AM.R7813.event.20250715T090042,R7813,AM.R7813.event.20250715T090042,Wiener-blind,deployable_signal_processing_baseline,0.33939820431486445,0.6915240025508573,0.3521257982359929,0.0994448321033075,,21.64778420494768,17.575008478210847,17.73248536210942
AM.R7813.event.20250821T040136,R7813,AM.R7813.event.20250821T040136,Band-pass,signal_processing_baseline,0.13229237792336046,0.0545202668230472,-0.07777211110031326,0.4117843868938395,-0.08,2.387723005534685,0.00035597307351847813,1.3661360243347869
AM.R7813.event.20250821T040136,R7813,AM.R7813.event.20250821T040136,CovNorm-lambda0,self_supervised_case_study,0.13229237792336046,-0.3747137447141583,-0.5070061226375188,0.5648851635789293,,6.242486723363457,1.5325791695203848,7.218344865347514
AM.R7813.event.20250821T040136,R7813,AM.R7813.event.20250821T040136,CovNorm-lambda0.1,self_supervised_case_study,0.13229237792336046,-0.3331549332509584,-0.46544731117431887,0.6290149520700556,0.05,5.837630536139737,1.6251202869010235,6.500909201973001
AM.R7813.event.20250821T040136,R7813,AM.R7813.event.20250821T040136,CovNorm-lambda0.5,self_supervised_case_study,0.13229237792336046,-0.2001420031401371,-0.33243438106349754,0.6343461488433039,0.13,4.352980781699805,1.0387745379308022,4.758135857055964
AM.R7813.event.20250821T040136,R7813,AM.R7813.event.20250821T040136,Identity,identity_baseline,0.13229237792336046,0.13229237792336046,0.0,1.0,-0.08,,,
AM.R7813.event.20250821T040136,R7813,AM.R7813.event.20250821T040136,Wiener-blind,deployable_signal_processing_baseline,0.13229237792336046,0.6756115094570703,0.5433191315337098,0.1369083406659518,-0.06,15.596890580428502,19.52036127815752,18.390183940746624
AM.R7813.event.20250917T215819,R7813,AM.R7813.event.20250917T215819,Band-pass,signal_processing_baseline,0.10369232565583476,-0.3021203410837915,-0.40581266673962624,0.3338250372435938,,2.1667816256247074,8.723129819700194e-06,0.7480709617862998
AM.R7813.event.20250917T215819,R7813,AM.R7813.event.20250917T215819,CovNorm-lambda0,self_supervised_case_study,0.10369232565583476,-0.4968942447492161,-0.6005865704050509,0.6576137572552618,1.14,6.603582110648982,2.6425797052505375,7.502087064478385
AM.R7813.event.20250917T215819,R7813,AM.R7813.event.20250917T215819,CovNorm-lambda0.1,self_supervised_case_study,0.10369232565583476,-0.5014061582949221,-0.6050984839507568,0.6248340128820812,1.2,5.48773243961152,1.5399483306663513,5.249307871942649
AM.R7813.event.20250917T215819,R7813,AM.R7813.event.20250917T215819,CovNorm-lambda0.5,self_supervised_case_study,0.10369232565583476,-0.08202011396982865,-0.18571243962566342,0.6234920352886029,1.15,5.2523575023414395,1.1039832797808673,5.409098091684506
AM.R7813.event.20250917T215819,R7813,AM.R7813.event.20250917T215819,Identity,identity_baseline,0.10369232565583476,0.10369232565583476,0.0,1.0,1.19,,,
AM.R7813.event.20250917T215819,R7813,AM.R7813.event.20250917T215819,Wiener-blind,deployable_signal_processing_baseline,0.10369232565583476,1.7139668682656493,1.6102745426098144,0.05444210692041596,,15.779784295284008,16.969984685064023,19.193410173572946
AM.R7813.event.20260216T041411,R7813,AM.R7813.event.20260216T041411,Band-pass,signal_processing_baseline,0.04981426966477708,0.2610776514624141,0.21126338179763698,0.48840249798938723,0.26,2.1125409919875837,0.00016345193710430532,0.9131994357775165
AM.R7813.event.20260216T041411,R7813,AM.R7813.event.20260216T041411,CovNorm-lambda0,self_supervised_case_study,0.04981426966477708,-0.945421155627105,-0.9952354252918821,0.551288705616931,-1.97,6.833336793232597,3.6782640964086775,7.55568224212994
AM.R7813.event.20260216T041411,R7813,AM.R7813.event.20260216T041411,CovNorm-lambda0.1,self_supervised_case_study,0.04981426966477708,-0.6415610748691785,-0.6913753445339555,0.598058317188565,-1.99,6.350134894762154,3.4088004344053324,7.214499811580333
AM.R7813.event.20260216T041411,R7813,AM.R7813.event.20260216T041411,CovNorm-lambda0.5,self_supervised_case_study,0.04981426966477708,-0.480818882484344,-0.5306331521491211,0.6443348332802448,-1.97,4.043459838489727,1.1738544118813052,4.306971501260723
AM.R7813.event.20260216T041411,R7813,AM.R7813.event.20260216T041411,Identity,identity_baseline,0.04981426966477708,0.04981426966477708,0.0,1.0,-1.98,,,
AM.R7813.event.20260216T041411,R7813,AM.R7813.event.20260216T041411,Wiener-blind,deployable_signal_processing_baseline,0.04981426966477708,1.0382767820311722,0.9884625123663952,0.10225791047381758,0.1,15.244431459315749,15.158056042480856,30.82535775371643
AM.R7813.event.20260315T202141,R7813,AM.R7813.event.20260315T202141,Band-pass,signal_processing_baseline,-0.29436096610146534,-0.8808077187636785,-0.5864467526622131,0.3944981045104905,,1.9068543592847895,0.000553821540772099,0.7860671255589345
AM.R7813.event.20260315T202141,R7813,AM.R7813.event.20260315T202141,CovNorm-lambda0,self_supervised_case_study,-0.29436096610146534,-0.47150775856623806,-0.17714679246477272,0.653481710285409,-1.72,3.435583169096352,3.4113467108853617,8.004135679357072
AM.R7813.event.20260315T202141,R7813,AM.R7813.event.20260315T202141,CovNorm-lambda0.1,self_supervised_case_study,-0.29436096610146534,-0.29581975790205467,-0.0014587918005893319,0.665836032408239,,2.668143863755196,2.3153389848124393,6.444516298199075
AM.R7813.event.20260315T202141,R7813,AM.R7813.event.20260315T202141,CovNorm-lambda0.5,self_supervised_case_study,-0.29436096610146534,0.1806788394089031,0.47503980551036845,0.5773104871341463,-1.97,2.3024898000377756,2.0210627792281204,7.296570142484939
AM.R7813.event.20260315T202141,R7813,AM.R7813.event.20260315T202141,Identity,identity_baseline,-0.29436096610146534,-0.29436096610146534,0.0,1.0,-1.91,,,
AM.R7813.event.20260315T202141,R7813,AM.R7813.event.20260315T202141,Wiener-blind,deployable_signal_processing_baseline,-0.29436096610146534,0.8060927621261417,1.100453728227607,0.06394613058489812,-1.98,16.875813388012908,18.280791930209755,43.00472273186369
AM.R7813.event.20260330T012845,R7813,AM.R7813.event.20260330T012845,Band-pass,signal_processing_baseline,0.2254998876396146,-0.010438532365827804,-0.2359384200054424,0.45012869525905214,-1.06,2.3574330086854025,0.0005811330594524667,0.6508719318751066
AM.R7813.event.20260330T012845,R7813,AM.R7813.event.20260330T012845,CovNorm-lambda0,self_supervised_case_study,0.2254998876396146,-0.5647392533372015,-0.7902391409768161,0.6202776266076842,,3.0751513901116465,1.9459596215980497,8.655842843211305
AM.R7813.event.20260330T012845,R7813,AM.R7813.event.20260330T012845,CovNorm-lambda0.1,self_supervised_case_study,0.2254998876396146,-0.4739640837361189,-0.6994639713757336,0.6036434753868755,,2.176448303674668,1.7288832387067055,6.633587540737305
AM.R7813.event.20260330T012845,R7813,AM.R7813.event.20260330T012845,CovNorm-lambda0.5,self_supervised_case_study,0.2254998876396146,0.525080140546838,0.29958025290722345,0.5489671234322168,,2.781281598041677,1.8504130304286377,9.790783806667514
AM.R7813.event.20260330T012845,R7813,AM.R7813.event.20260330T012845,Identity,identity_baseline,0.2254998876396146,0.2254998876396146,0.0,1.0,-1.51,,,
AM.R7813.event.20260330T012845,R7813,AM.R7813.event.20260330T012845,Wiener-blind,deployable_signal_processing_baseline,0.2254998876396146,2.4337312896468246,2.2082314020072102,0.06859950132930943,0.04,17.07115744379701,23.525599701821733,51.83061790726263
AM.R7813.event.20260423T180027,R7813,AM.R7813.event.20260423T180027,Band-pass,signal_processing_baseline,0.7287807621978164,0.4954207009896935,-0.23336006120812292,0.3890458017569506,1.96,2.4792290646182864,-1.330244782398024e-05,0.7425780652606462
AM.R7813.event.20260423T180027,R7813,AM.R7813.event.20260423T180027,CovNorm-lambda0,self_supervised_case_study,0.7287807621978164,0.5579064562928572,-0.17087430590495922,0.6140778000185019,2.0,6.714599617383448,2.7460693530505442,4.977630013419262
AM.R7813.event.20260423T180027,R7813,AM.R7813.event.20260423T180027,CovNorm-lambda0.1,self_supervised_case_study,0.7287807621978164,0.07462885083153048,-0.6541519113662859,0.5498207817518376,2.0,5.960330333383834,1.8934595569674266,3.4747707204041602
AM.R7813.event.20260423T180027,R7813,AM.R7813.event.20260423T180027,CovNorm-lambda0.5,self_supervised_case_study,0.7287807621978164,0.5326833998210375,-0.19609736237677888,0.4587305496320661,,5.883524629229998,1.9561619849324654,3.7905120449414844
AM.R7813.event.20260423T180027,R7813,AM.R7813.event.20260423T180027,Identity,identity_baseline,0.7287807621978164,0.7287807621978164,0.0,1.0,1.97,,,
AM.R7813.event.20260423T180027,R7813,AM.R7813.event.20260423T180027,Wiener-blind,deployable_signal_processing_baseline,0.7287807621978164,2.063839755154899,1.3350589929570824,0.0664674309808229,1.71,17.324868276260997,8.903722281885212,11.673802754600956
AM.R7813.event.20260519T064820,R7813,AM.R7813.event.20260519T064820,Band-pass,signal_processing_baseline,-0.9484755443250905,-0.450302963290679,0.49817258103441153,0.4908015731541248,,2.365280441228552,0.0006088506607092712,0.8960004296841539
AM.R7813.event.20260519T064820,R7813,AM.R7813.event.20260519T064820,CovNorm-lambda0,self_supervised_case_study,-0.9484755443250905,-2.171685104845965,-1.2232095605208744,0.6507524504252176,,6.151336439206818,3.4819914291784424,6.913145593763407
AM.R7813.event.20260519T064820,R7813,AM.R7813.event.20260519T064820,CovNorm-lambda0.1,self_supervised_case_study,-0.9484755443250905,-1.5103621105704303,-0.5618865662453398,0.5691829561008113,,4.807186211262603,2.0813449696172754,5.7513164727417
AM.R7813.event.20260519T064820,R7813,AM.R7813.event.20260519T064820,CovNorm-lambda0.5,self_supervised_case_study,-0.9484755443250905,-1.252550187726559,-0.3040746434014685,0.5809788293037002,,3.803321546189751,1.4391675791792962,5.152956270816419
AM.R7813.event.20260519T064820,R7813,AM.R7813.event.20260519T064820,Identity,identity_baseline,-0.9484755443250905,-0.9484755443250905,0.0,1.0,,,,
AM.R7813.event.20260519T064820,R7813,AM.R7813.event.20260519T064820,Wiener-blind,deployable_signal_processing_baseline,-0.9484755443250905,1.4285645363965713,2.377040080721662,0.06486380756741236,-0.71,13.343989523772338,10.472632261010913,10.897017730845306
AM.R7BF6.event.20251025T195118,R7BF6,AM.R7BF6.event.20251025T195118,Band-pass,signal_processing_baseline,0.6372888044115794,0.6808490520268461,0.04356024761526667,0.7897007294954048,,0.8912765147635137,0.0010183122566389013,0.1485507499642063
AM.R7BF6.event.20251025T195118,R7BF6,AM.R7BF6.event.20251025T195118,CovNorm-lambda0,self_supervised_case_study,0.6372888044115794,-0.5608862370096616,-1.198175041421241,0.6271146946653788,,-4.965144061017196,1.3116179586964207,9.166725728182655
AM.R7BF6.event.20251025T195118,R7BF6,AM.R7BF6.event.20251025T195118,CovNorm-lambda0.1,self_supervised_case_study,0.6372888044115794,-0.47346000173985314,-1.1107488061514326,0.4714636522685769,,-7.3123591005406725,-0.792742088256885,7.723227711019784
AM.R7BF6.event.20251025T195118,R7BF6,AM.R7BF6.event.20251025T195118,CovNorm-lambda0.5,self_supervised_case_study,0.6372888044115794,-0.6257993628997772,-1.2630881673113565,0.49465006071716777,,-7.474013788343012,-1.5389596416026443,6.491834878665514
AM.R7BF6.event.20251025T195118,R7BF6,AM.R7BF6.event.20251025T195118,Identity,identity_baseline,0.6372888044115794,0.6372888044115794,0.0,1.0,,,,
AM.R7BF6.event.20251025T195118,R7BF6,AM.R7BF6.event.20251025T195118,Wiener-blind,deployable_signal_processing_baseline,0.6372888044115794,7.783025226383032,7.145736421971453,0.14832180861270905,-0.21,15.615946013330815,10.160507769033623,15.73521804041406
AM.R7BF6.event.20251118T123752,R7BF6,AM.R7BF6.event.20251118T123752,Band-pass,signal_processing_baseline,1.71441112726359,2.527310100515523,0.8128989732519329,0.9119838798249958,0.17,-0.09691753298579749,0.00035370593603243245,0.43651409828063187
AM.R7BF6.event.20251118T123752,R7BF6,AM.R7BF6.event.20251118T123752,CovNorm-lambda0,self_supervised_case_study,1.71441112726359,2.0076111128062464,0.29319998554265636,0.46477676489355085,-0.41,0.8930644793862799,8.16286645328932,3.481662893515273
AM.R7BF6.event.20251118T123752,R7BF6,AM.R7BF6.event.20251118T123752,CovNorm-lambda0.1,self_supervised_case_study,1.71441112726359,0.9863247659331569,-0.7280863613304331,0.5632827270407922,0.4,-0.6054452204079356,7.074690845160704,2.302809775233786
AM.R7BF6.event.20251118T123752,R7BF6,AM.R7BF6.event.20251118T123752,CovNorm-lambda0.5,self_supervised_case_study,1.71441112726359,0.3798926365758807,-1.3345184906877092,0.5492522542605893,,-1.4596880213464842,7.05531189907846,1.664150214684789
AM.R7BF6.event.20251118T123752,R7BF6,AM.R7BF6.event.20251118T123752,Identity,identity_baseline,1.71441112726359,1.71441112726359,0.0,1.0,,,,
AM.R7BF6.event.20251118T123752,R7BF6,AM.R7BF6.event.20251118T123752,Wiener-blind,deployable_signal_processing_baseline,1.71441112726359,4.996717640200153,3.2823065129365627,0.4389774640477055,0.08,9.227442661446057,8.02655503600483,8.609269279333668
AM.R7BF6.event.20251207T231118,R7BF6,AM.R7BF6.event.20251207T231118,Band-pass,signal_processing_baseline,-0.872955983776385,-0.9037552145099869,-0.030799230733601912,0.9587382009398475,1.88,0.10013161166814905,0.0007320150837995722,0.20874322236720555
AM.R7BF6.event.20251207T231118,R7BF6,AM.R7BF6.event.20251207T231118,CovNorm-lambda0,self_supervised_case_study,-0.872955983776385,-4.221255569075897,-3.348299585299512,0.4060644735453517,1.87,-5.867798540230759,3.855438819498078,5.79858982728955
AM.R7BF6.event.20251207T231118,R7BF6,AM.R7BF6.event.20251207T231118,CovNorm-lambda0.1,self_supervised_case_study,-0.872955983776385,-1.837334511742692,-0.9643785279663071,0.4368877526748075,1.87,-5.968169462155502,3.788719388813402,6.065901518264103
AM.R7BF6.event.20251207T231118,R7BF6,AM.R7BF6.event.20251207T231118,CovNorm-lambda0.5,self_supervised_case_study,-0.872955983776385,-2.2601850306552578,-1.3872290468788728,0.33201561481252545,,-3.7260719333160033,5.742078989637471,7.919820418791038
AM.R7BF6.event.20251207T231118,R7BF6,AM.R7BF6.event.20251207T231118,Identity,identity_baseline,-0.872955983776385,-0.872955983776385,0.0,1.0,1.89,,,
AM.R7BF6.event.20251207T231118,R7BF6,AM.R7BF6.event.20251207T231118,Wiener-blind,deployable_signal_processing_baseline,-0.872955983776385,9.384996813773919,10.257952797550303,0.5099995124294577,-0.33,1.2594443883847324,9.666104487830408,25.97170543640132
AM.R7BF6.event.20260112T062954,R7BF6,AM.R7BF6.event.20260112T062954,Band-pass,signal_processing_baseline,-0.21605416098255553,1.7392759718450315,1.955330132827587,0.5315622872766916,1.62,0.37211051875575024,0.0006613424300923612,0.5437868193589613
AM.R7BF6.event.20260112T062954,R7BF6,AM.R7BF6.event.20260112T062954,CovNorm-lambda0,self_supervised_case_study,-0.21605416098255553,-2.8117998519955774,-2.595745691013022,0.38628934142978516,,-1.7554748291603897,8.8791031084346,5.882608600476413
AM.R7BF6.event.20260112T062954,R7BF6,AM.R7BF6.event.20260112T062954,CovNorm-lambda0.1,self_supervised_case_study,-0.21605416098255553,-2.162735295508675,-1.9466811345261195,0.360765962790422,1.84,-2.1464513432024592,7.854271326873191,5.92315368318872
AM.R7BF6.event.20260112T062954,R7BF6,AM.R7BF6.event.20260112T062954,CovNorm-lambda0.5,self_supervised_case_study,-0.21605416098255553,-2.4388782016362813,-2.222824040653726,0.3018285843028726,,-1.9270362546107682,9.946618524851958,7.003025778987168
AM.R7BF6.event.20260112T062954,R7BF6,AM.R7BF6.event.20260112T062954,Identity,identity_baseline,-0.21605416098255553,-0.21605416098255553,0.0,1.0,1.76,,,
AM.R7BF6.event.20260112T062954,R7BF6,AM.R7BF6.event.20260112T062954,Wiener-blind,deployable_signal_processing_baseline,-0.21605416098255553,4.841136203656057,5.057190364638613,0.20441141046711056,1.59,9.45885842033657,18.50758868449651,12.018023598312526
AM.R7BF6.event.20260213T205100,R7BF6,AM.R7BF6.event.20260213T205100,Band-pass,signal_processing_baseline,-0.023614792523175828,0.09084521775597058,0.11446001027914642,0.9521867299639967,,0.7420879472542027,0.00021368476077144205,0.31443449004946106
AM.R7BF6.event.20260213T205100,R7BF6,AM.R7BF6.event.20260213T205100,CovNorm-lambda0,self_supervised_case_study,-0.023614792523175828,-1.0879629575706615,-1.0643481650474858,0.48998655871721053,,-3.4596398567552256,7.779895631472525,1.3789775736235634
AM.R7BF6.event.20260213T205100,R7BF6,AM.R7BF6.event.20260213T205100,CovNorm-lambda0.1,self_supervised_case_study,-0.023614792523175828,-0.5274344745058744,-0.5038196819826987,0.5053602773170701,,-3.7482957578948413,7.970342739434275,1.2990389790659111
AM.R7BF6.event.20260213T205100,R7BF6,AM.R7BF6.event.20260213T205100,CovNorm-lambda0.5,self_supervised_case_study,-0.023614792523175828,-0.5612294385243567,-0.5376146460011809,0.43938556767877857,,-3.106241180868931,9.12669408500414,2.4095432340787126
AM.R7BF6.event.20260213T205100,R7BF6,AM.R7BF6.event.20260213T205100,Identity,identity_baseline,-0.023614792523175828,-0.023614792523175828,0.0,1.0,,,,
AM.R7BF6.event.20260213T205100,R7BF6,AM.R7BF6.event.20260213T205100,Wiener-blind,deployable_signal_processing_baseline,-0.023614792523175828,3.989560513877839,4.013175306401015,0.19639451226200513,,6.904543676702995,19.89137931807564,13.200021471217994
AM.R7BF6.event.20260219T121605,R7BF6,AM.R7BF6.event.20260219T121605,Band-pass,signal_processing_baseline,5.705620568765372,7.886638436254996,2.181017867489624,0.8480276828871373,1.41,0.39686593981551505,0.0011348433518517955,0.865337790052959
AM.R7BF6.event.20260219T121605,R7BF6,AM.R7BF6.event.20260219T121605,CovNorm-lambda0,self_supervised_case_study,5.705620568765372,8.323978888946376,2.618358320181004,0.49569118380631444,-0.05,4.52944650483126,13.325973278978921,12.931260029161663
AM.R7BF6.event.20260219T121605,R7BF6,AM.R7BF6.event.20260219T121605,CovNorm-lambda0.1,self_supervised_case_study,5.705620568765372,5.497367613561716,-0.2082529552036565,0.4773819578061672,1.48,2.6099384211617997,10.505008822780797,10.179236813206954
AM.R7BF6.event.20260219T121605,R7BF6,AM.R7BF6.event.20260219T121605,CovNorm-lambda0.5,self_supervised_case_study,5.705620568765372,3.56040742838685,-2.145213140378522,0.32280818387628113,1.5,2.2968471703517643,11.979579089445153,10.70497701866015
AM.R7BF6.event.20260219T121605,R7BF6,AM.R7BF6.event.20260219T121605,Identity,identity_baseline,5.705620568765372,5.705620568765372,0.0,1.0,-1.45,,,
AM.R7BF6.event.20260219T121605,R7BF6,AM.R7BF6.event.20260219T121605,Wiener-blind,deployable_signal_processing_baseline,5.705620568765372,11.849553986498446,6.1439334177330736,0.8494885285115541,0.98,17.165513120046743,16.17789723748694,8.48847358935574
AM.R7BF6.event.20260309T230544,R7BF6,AM.R7BF6.event.20260309T230544,Band-pass,signal_processing_baseline,21.63809165459043,24.029136803197765,2.3910451486073363,0.40011858107274895,0.24,0.5951757458602729,0.000498790824498122,1.4309487128519909
AM.R7BF6.event.20260309T230544,R7BF6,AM.R7BF6.event.20260309T230544,CovNorm-lambda0,self_supervised_case_study,21.63809165459043,28.61012254057989,6.9720308859894615,0.8054718335131398,-0.52,2.802171734521524,10.42683252466365,14.670030776201088
AM.R7BF6.event.20260309T230544,R7BF6,AM.R7BF6.event.20260309T230544,CovNorm-lambda0.1,self_supervised_case_study,21.63809165459043,25.91101600745418,4.27292435286375,0.709510571128768,0.38,0.38282065950985994,8.150597071923224,12.19398522915661
AM.R7BF6.event.20260309T230544,R7BF6,AM.R7BF6.event.20260309T230544,CovNorm-lambda0.5,self_supervised_case_study,21.63809165459043,20.139372049677196,-1.4987196049132336,0.6357566221169123,-1.65,-0.43695396904867695,8.334842710245695,14.06255843715887
AM.R7BF6.event.20260309T230544,R7BF6,AM.R7BF6.event.20260309T230544,Identity,identity_baseline,21.63809165459043,21.63809165459043,0.0,1.0,0.41,,,
AM.R7BF6.event.20260309T230544,R7BF6,AM.R7BF6.event.20260309T230544,Wiener-blind,deployable_signal_processing_baseline,21.63809165459043,34.33935708245163,12.701265427861198,1.004123374634468,0.2,1.3203502589646379,14.452881527108408,25.59591036951639
AM.R7BF6.event.20260321T180701,R7BF6,AM.R7BF6.event.20260321T180701,Band-pass,signal_processing_baseline,1.1848211916387812,1.180629531261893,-0.004191660376888118,0.8391273801594891,0.0,0.4448365691298255,0.000659782953284264,0.3819535223569608
AM.R7BF6.event.20260321T180701,R7BF6,AM.R7BF6.event.20260321T180701,CovNorm-lambda0,self_supervised_case_study,1.1848211916387812,-1.107227467522404,-2.2920486591611855,0.31951243902938836,1.78,-0.3628189642758753,7.911658577185547,8.853615902040522
AM.R7BF6.event.20260321T180701,R7BF6,AM.R7BF6.event.20260321T180701,CovNorm-lambda0.1,self_supervised_case_study,1.1848211916387812,-0.29544791650000063,-1.4802691081387818,0.39511697768059245,0.09,-1.683071570928961,7.043390607690277,8.310634646345202
AM.R7BF6.event.20260321T180701,R7BF6,AM.R7BF6.event.20260321T180701,CovNorm-lambda0.5,self_supervised_case_study,1.1848211916387812,-0.49592777652792575,-1.680748968166707,0.2986547098133109,,-1.742881023905057,7.916925613183975,8.377906852852101
AM.R7BF6.event.20260321T180701,R7BF6,AM.R7BF6.event.20260321T180701,Identity,identity_baseline,1.1848211916387812,1.1848211916387812,0.0,1.0,1.81,,,
AM.R7BF6.event.20260321T180701,R7BF6,AM.R7BF6.event.20260321T180701,Wiener-blind,deployable_signal_processing_baseline,1.1848211916387812,4.047377879998974,2.862556688360193,0.29461733561789716,0.86,13.369150724773483,18.245168686629913,14.71972248874055
AM.R81CF.event.20251027T124753,R81CF,AM.R81CF.event.20251027T124753,Band-pass,signal_processing_baseline,0.32265313636537896,1.5776514651709128,1.254998328805534,0.6341606648997993,-1.06,-0.019197940911237752,0.0005240445569040389,1.1852669702922298
AM.R81CF.event.20251027T124753,R81CF,AM.R81CF.event.20251027T124753,CovNorm-lambda0,self_supervised_case_study,0.32265313636537896,-0.7943562944426505,-1.1170094308080296,0.23193210765053798,,10.367414781991439,10.988207243733628,13.076986874839932
AM.R81CF.event.20251027T124753,R81CF,AM.R81CF.event.20251027T124753,CovNorm-lambda0.1,self_supervised_case_study,0.32265313636537896,-4.155371901304438,-4.478025037669817,0.22388950195736806,,7.449963382363895,7.851198652042968,10.20774799166626
AM.R81CF.event.20251027T124753,R81CF,AM.R81CF.event.20251027T124753,CovNorm-lambda0.5,self_supervised_case_study,0.32265313636537896,-2.871431536778145,-3.1940846731435237,0.29383582284301846,,9.347547305665483,10.348029390591503,11.298759860613359
AM.R81CF.event.20251027T124753,R81CF,AM.R81CF.event.20251027T124753,Identity,identity_baseline,0.32265313636537896,0.32265313636537896,0.0,1.0,,,,
AM.R81CF.event.20251027T124753,R81CF,AM.R81CF.event.20251027T124753,Wiener-blind,deployable_signal_processing_baseline,0.32265313636537896,12.319108922732951,11.996455786367573,0.1705862754343246,0.07,23.736447549278562,17.479943445563745,16.542477304695478
AM.R81CF.event.20251104T235850,R81CF,AM.R81CF.event.20251104T235850,Band-pass,signal_processing_baseline,1.309758228577477,1.4699677990250468,0.1602095704475699,0.48882802192038444,,-0.016765235654895124,0.000345288569130794,1.7617606717004415
AM.R81CF.event.20251104T235850,R81CF,AM.R81CF.event.20251104T235850,CovNorm-lambda0,self_supervised_case_study,1.309758228577477,-1.0172891280718752,-2.327047356649352,0.12578677233802774,,13.413679961203101,13.727535970677705,14.448325029861094
AM.R81CF.event.20251104T235850,R81CF,AM.R81CF.event.20251104T235850,CovNorm-lambda0.1,self_supervised_case_study,1.309758228577477,-0.6814658454764883,-1.991224074053965,0.14223490737303535,1.18,11.227640682315524,9.94625688530155,12.362762574597403
AM.R81CF.event.20251104T235850,R81CF,AM.R81CF.event.20251104T235850,CovNorm-lambda0.5,self_supervised_case_study,1.309758228577477,-1.871180343411689,-3.1809385719891656,0.18013857670918573,,13.559203094974542,13.6625820385036,11.945190224103698
AM.R81CF.event.20251104T235850,R81CF,AM.R81CF.event.20251104T235850,Identity,identity_baseline,1.309758228577477,1.309758228577477,0.0,1.0,1.13,,,
AM.R81CF.event.20251104T235850,R81CF,AM.R81CF.event.20251104T235850,Wiener-blind,deployable_signal_processing_baseline,1.309758228577477,4.977151000950318,3.6673927723728412,0.34870356922604906,0.75,26.692368286566055,29.398234468674957,16.997134704505854
AM.R81CF.event.20260116T032812,R81CF,AM.R81CF.event.20260116T032812,Band-pass,signal_processing_baseline,3.2400424704988784,0.7514353270031324,-2.488607143495746,0.5012866805853129,,-0.025408777130859178,0.0004083236268843048,1.5609022497295841
AM.R81CF.event.20260116T032812,R81CF,AM.R81CF.event.20260116T032812,CovNorm-lambda0,self_supervised_case_study,3.2400424704988784,7.992608532124647,4.752566061625769,0.4189290419636592,1.24,5.810671553571201,13.707083992969428,15.864296128999547
AM.R81CF.event.20260116T032812,R81CF,AM.R81CF.event.20260116T032812,CovNorm-lambda0.1,self_supervised_case_study,3.2400424704988784,7.0077585594924905,3.767716088993612,0.44752865411234805,1.24,2.781733338410517,8.545254783835377,11.737949425042276
AM.R81CF.event.20260116T032812,R81CF,AM.R81CF.event.20260116T032812,CovNorm-lambda0.5,self_supervised_case_study,3.2400424704988784,6.264638035023759,3.0245955645248803,0.5303896052861635,1.31,1.247724369721728,8.080594280584677,11.660930728614773
AM.R81CF.event.20260116T032812,R81CF,AM.R81CF.event.20260116T032812,Identity,identity_baseline,3.2400424704988784,3.2400424704988784,0.0,1.0,1.32,,,
AM.R81CF.event.20260116T032812,R81CF,AM.R81CF.event.20260116T032812,Wiener-blind,deployable_signal_processing_baseline,3.2400424704988784,23.964206868648112,20.724164398149235,0.8429301332242259,-1.19,5.236253422028478,14.238126742158748,21.871461950065605
AM.R81CF.event.20260119T153702,R81CF,AM.R81CF.event.20260119T153702,Band-pass,signal_processing_baseline,-0.7001146632059774,-1.2484208933000087,-0.5483062300940313,0.8081603325888652,-1.15,-0.0011874845953724733,0.00018212430091300996,1.1430523807568786
AM.R81CF.event.20260119T153702,R81CF,AM.R81CF.event.20260119T153702,CovNorm-lambda0,self_supervised_case_study,-0.7001146632059774,-3.2540868230786906,-2.553972159872713,0.10825411786164447,-1.05,12.548009907613254,13.36697878991358,11.060020679312666
AM.R81CF.event.20260119T153702,R81CF,AM.R81CF.event.20260119T153702,CovNorm-lambda0.1,self_supervised_case_study,-0.7001146632059774,-2.8085490007305287,-2.1084343375245513,0.24799124948576057,-1.13,10.860633755462809,11.06368511732929,8.855608764829569
AM.R81CF.event.20260119T153702,R81CF,AM.R81CF.event.20260119T153702,CovNorm-lambda0.5,self_supervised_case_study,-0.7001146632059774,-2.6623627247174477,-1.9622480615114704,0.15671580137533653,,13.474619211305571,14.801972156870058,12.345136702604426
AM.R81CF.event.20260119T153702,R81CF,AM.R81CF.event.20260119T153702,Identity,identity_baseline,-0.7001146632059774,-0.7001146632059774,0.0,1.0,-1.06,,,
AM.R81CF.event.20260119T153702,R81CF,AM.R81CF.event.20260119T153702,Wiener-blind,deployable_signal_processing_baseline,-0.7001146632059774,0.524981679915799,1.2250963431217765,0.06689098502809798,,108.38932982298302,75.8553252455652,23.525031754447866
AM.R81CF.event.20260129T194131,R81CF,AM.R81CF.event.20260129T194131,Band-pass,signal_processing_baseline,7.978272449724625,20.247721410397755,12.269448960673131,0.24989493947473532,,-0.5559132035278974,0.00034103779945892965,1.436892792256945
AM.R81CF.event.20260129T194131,R81CF,AM.R81CF.event.20260129T194131,CovNorm-lambda0,self_supervised_case_study,7.978272449724625,8.718196989450167,0.7399245397255418,0.28569584156670674,,-0.23257428046871245,8.57509500743871,12.627200932180921
AM.R81CF.event.20260129T194131,R81CF,AM.R81CF.event.20260129T194131,CovNorm-lambda0.1,self_supervised_case_study,7.978272449724625,6.4839184569378645,-1.4943539927867606,0.41733964925575817,,-4.621653767215327,4.889424233716883,7.010414899877972
AM.R81CF.event.20260129T194131,R81CF,AM.R81CF.event.20260129T194131,CovNorm-lambda0.5,self_supervised_case_study,7.978272449724625,7.073381582504885,-0.9048908672197404,0.49421642799088134,,-6.714045260518286,2.874911572852534,6.852017336168338
AM.R81CF.event.20260129T194131,R81CF,AM.R81CF.event.20260129T194131,Identity,identity_baseline,7.978272449724625,7.978272449724625,0.0,1.0,,,,
AM.R81CF.event.20260129T194131,R81CF,AM.R81CF.event.20260129T194131,Wiener-blind,deployable_signal_processing_baseline,7.978272449724625,23.24314236031986,15.264869910595237,0.16780791159548603,,0.0072223991172525705,0.0626802183016122,6.627678344084028
AM.R81CF.event.20260213T013636,R81CF,AM.R81CF.event.20260213T013636,Band-pass,signal_processing_baseline,4.7963464097593285,9.265937401084813,4.469590991325484,0.4347182445607862,,-0.021762846839762037,0.00038892544599119524,2.812673522580178
AM.R81CF.event.20260213T013636,R81CF,AM.R81CF.event.20260213T013636,CovNorm-lambda0,self_supervised_case_study,4.7963464097593285,3.663668003985499,-1.1326784057738295,0.24840592330728842,,6.214673640734115,12.683602758011446,14.227810828532826
AM.R81CF.event.20260213T013636,R81CF,AM.R81CF.event.20260213T013636,CovNorm-lambda0.1,self_supervised_case_study,4.7963464097593285,3.14678543039005,-1.6495609793692783,0.24740296649250076,,1.0838000848401819,7.670384904130117,9.677847189886505
AM.R81CF.event.20260213T013636,R81CF,AM.R81CF.event.20260213T013636,CovNorm-lambda0.5,self_supervised_case_study,4.7963464097593285,0.9550014850337797,-3.841344924725549,0.3012765469679745,,2.5644402055728244,9.331746914446713,11.202944964313602
AM.R81CF.event.20260213T013636,R81CF,AM.R81CF.event.20260213T013636,Identity,identity_baseline,4.7963464097593285,4.7963464097593285,0.0,1.0,,,,
AM.R81CF.event.20260213T013636,R81CF,AM.R81CF.event.20260213T013636,Wiener-blind,deployable_signal_processing_baseline,4.7963464097593285,10.24755478737694,5.451208377617611,0.48335617284492793,,0.43910970902908336,1.9701787875825432,12.027990412779674
AM.R81CF.event.20260414T013356,R81CF,AM.R81CF.event.20260414T013356,Band-pass,signal_processing_baseline,0.31283818955879567,0.8676365609373831,0.5547983713785873,0.4426309502889139,,4.781517506534453,0.0007913558125299717,2.3218542495971657
AM.R81CF.event.20260414T013356,R81CF,AM.R81CF.event.20260414T013356,CovNorm-lambda0,self_supervised_case_study,0.31283818955879567,-0.9458078899581,-1.2586460795168957,0.47514375667389025,,3.4429540583319906,-7.5648789277620265,3.572692008367627
AM.R81CF.event.20260414T013356,R81CF,AM.R81CF.event.20260414T013356,CovNorm-lambda0.1,self_supervised_case_study,0.31283818955879567,-1.379889589109255,-1.6927277786680508,0.618143071608202,1.95,2.360699812271959,-8.19127812676315,2.892903767414466
AM.R81CF.event.20260414T013356,R81CF,AM.R81CF.event.20260414T013356,CovNorm-lambda0.5,self_supervised_case_study,0.31283818955879567,-0.5404369279204722,-0.8532751174792679,0.6675628362515846,,2.7978998463851688,-7.443042243516222,1.7419948758776285
AM.R81CF.event.20260414T013356,R81CF,AM.R81CF.event.20260414T013356,Identity,identity_baseline,0.31283818955879567,0.31283818955879567,0.0,1.0,,,,
AM.R81CF.event.20260414T013356,R81CF,AM.R81CF.event.20260414T013356,Wiener-blind,deployable_signal_processing_baseline,0.31283818955879567,2.575755907803428,2.2629177182446325,0.2878300147663449,,64.62488175547172,23.88419638415097,18.876607604608765
AM.R81CF.event.20260429T150824,R81CF,AM.R81CF.event.20260429T150824,Band-pass,signal_processing_baseline,2.7576313871797993,6.847420998041894,4.089789610862095,0.6248903180851696,-1.01,-0.016689960731101537,0.0003210462571686821,2.1142479760561987
AM.R81CF.event.20260429T150824,R81CF,AM.R81CF.event.20260429T150824,CovNorm-lambda0,self_supervised_case_study,2.7576313871797993,7.9952161303482585,5.237584743168459,0.3508894975058297,-1.01,9.43475979818424,15.10894076543535,14.667228265169095
AM.R81CF.event.20260429T150824,R81CF,AM.R81CF.event.20260429T150824,CovNorm-lambda0.1,self_supervised_case_study,2.7576313871797993,5.8392415702205085,3.081610183040709,0.35931171989854216,-0.97,5.753447148350321,10.754431669929408,11.228596565023999
AM.R81CF.event.20260429T150824,R81CF,AM.R81CF.event.20260429T150824,CovNorm-lambda0.5,self_supervised_case_study,2.7576313871797993,1.470656702652012,-1.2869746845277872,0.32267234579714066,,6.468720126131945,11.504478742218717,12.36339127611628
AM.R81CF.event.20260429T150824,R81CF,AM.R81CF.event.20260429T150824,Identity,identity_baseline,2.7576313871797993,2.7576313871797993,0.0,1.0,,,,
AM.R81CF.event.20260429T150824,R81CF,AM.R81CF.event.20260429T150824,Wiener-blind,deployable_signal_processing_baseline,2.7576313871797993,9.731840291343094,6.974208904163294,0.3993606921939492,-0.99,22.803058482435926,7.083829117186518,9.357676688651246
AM.R8219.event.20251208T053129,R8219,AM.R8219.event.20251208T053129,Band-pass,signal_processing_baseline,7.71369145248744,6.7661504864176125,-0.9475409660698277,0.9506211324052354,0.77,0.49552120806956496,0.0004134180139290064,0.42228612317472286
AM.R8219.event.20251208T053129,R8219,AM.R8219.event.20251208T053129,CovNorm-lambda0,self_supervised_case_study,7.71369145248744,11.74385774502406,4.03016629253662,0.4431112730918741,0.66,9.176104255695801,9.05625794267512,7.482207315027949
AM.R8219.event.20251208T053129,R8219,AM.R8219.event.20251208T053129,CovNorm-lambda0.1,self_supervised_case_study,7.71369145248744,8.754508145084433,1.0408166925969926,0.44461058738399223,0.9,8.86574915525586,7.331074667560959,4.663639170134947
AM.R8219.event.20251208T053129,R8219,AM.R8219.event.20251208T053129,CovNorm-lambda0.5,self_supervised_case_study,7.71369145248744,6.73023540237391,-0.9834560501135305,0.4777654369025243,1.27,7.8320130365665825,6.222911599429146,3.4424989250660842
AM.R8219.event.20251208T053129,R8219,AM.R8219.event.20251208T053129,Identity,identity_baseline,7.71369145248744,7.71369145248744,0.0,1.0,0.84,,,
AM.R8219.event.20251208T053129,R8219,AM.R8219.event.20251208T053129,Wiener-blind,deployable_signal_processing_baseline,7.71369145248744,10.775335631138285,3.0616441786508446,0.6805914808375293,0.56,1.6714052196139522,10.245363863001277,5.584029205381043
AM.R8219.event.20260113T082942,R8219,AM.R8219.event.20260113T082942,Band-pass,signal_processing_baseline,-0.6580637813438706,-0.9115393192889754,-0.2534755379451048,0.8798139501667879,,0.12505004142091422,0.00037832788794889553,0.190052499168452
AM.R8219.event.20260113T082942,R8219,AM.R8219.event.20260113T082942,CovNorm-lambda0,self_supervised_case_study,-0.6580637813438706,-2.237619820650713,-1.5795560393068426,0.37133772413868826,,7.571382939736945,7.754604606312594,10.89368186621486
AM.R8219.event.20260113T082942,R8219,AM.R8219.event.20260113T082942,CovNorm-lambda0.1,self_supervised_case_study,-0.6580637813438706,-1.8717663797307735,-1.213702598386903,0.5097354763882022,,6.425069545892128,5.923855538994569,8.403813708447736
AM.R8219.event.20260113T082942,R8219,AM.R8219.event.20260113T082942,CovNorm-lambda0.5,self_supervised_case_study,-0.6580637813438706,-1.1281208645441239,-0.4700570832002533,0.46148043696791713,,5.84485665409422,5.371999553028476,8.251136400901077
AM.R8219.event.20260113T082942,R8219,AM.R8219.event.20260113T082942,Identity,identity_baseline,-0.6580637813438706,-0.6580637813438706,0.0,1.0,,,,
AM.R8219.event.20260113T082942,R8219,AM.R8219.event.20260113T082942,Wiener-blind,deployable_signal_processing_baseline,-0.6580637813438706,0.8656110612338774,1.523674842577748,0.07883653122339236,-0.6,16.93015063476551,19.534571708513738,30.878123301843193
AM.R8219.event.20260113T083102,R8219,AM.R8219.event.20260113T083102,Band-pass,signal_processing_baseline,2.931939187378964,2.576271319788415,-0.35566786759054914,0.9786333376805175,-0.27,0.2869888385841391,0.0003885779728484736,0.19253305759525982
AM.R8219.event.20260113T083102,R8219,AM.R8219.event.20260113T083102,CovNorm-lambda0,self_supervised_case_study,2.931939187378964,2.0351784434866995,-0.8967607438922647,0.3530688407803404,-0.18,8.498220672476043,8.810049302575026,9.911216249784166
AM.R8219.event.20260113T083102,R8219,AM.R8219.event.20260113T083102,CovNorm-lambda0.1,self_supervised_case_study,2.931939187378964,1.2173243935327362,-1.714614793846228,0.4210861659062032,0.07,7.297843411425565,7.081132010612149,6.470414290938868
AM.R8219.event.20260113T083102,R8219,AM.R8219.event.20260113T083102,CovNorm-lambda0.5,self_supervised_case_study,2.931939187378964,0.3295552320454959,-2.6023839553334684,0.35491745416222925,,6.373799253908126,6.151618236676778,6.669317898927834
AM.R8219.event.20260113T083102,R8219,AM.R8219.event.20260113T083102,Identity,identity_baseline,2.931939187378964,2.931939187378964,0.0,1.0,-0.32,,,
AM.R8219.event.20260113T083102,R8219,AM.R8219.event.20260113T083102,Wiener-blind,deployable_signal_processing_baseline,2.931939187378964,5.216704862407434,2.28476567502847,0.41290069554101877,-0.33,29.868017577148716,13.064429856786697,10.61641029299809
AM.R8219.event.20260221T124511,R8219,AM.R8219.event.20260221T124511,Band-pass,signal_processing_baseline,-0.5343906661706319,-0.7405661397234966,-0.2061754735528647,0.9264297457106613,-0.6,0.6793330567959504,0.0009027955745561379,0.0986361010746062
AM.R8219.event.20260221T124511,R8219,AM.R8219.event.20260221T124511,CovNorm-lambda0,self_supervised_case_study,-0.5343906661706319,-2.632221628271166,-2.0978309621005344,0.5014212786395091,-0.52,7.299192581882628,8.041948239680337,6.77877504012341
AM.R8219.event.20260221T124511,R8219,AM.R8219.event.20260221T124511,CovNorm-lambda0.1,self_supervised_case_study,-0.5343906661706319,-2.7646413618196313,-2.2302506956489996,0.5199655855830438,-0.56,5.7644120058539885,6.412485297724203,4.544169276850447
AM.R8219.event.20260221T124511,R8219,AM.R8219.event.20260221T124511,CovNorm-lambda0.5,self_supervised_case_study,-0.5343906661706319,-2.353771290083592,-1.81938062391296,0.4593480769764583,-1.29,7.011911589260154,8.023935226992297,5.463993635959702
AM.R8219.event.20260221T124511,R8219,AM.R8219.event.20260221T124511,Identity,identity_baseline,-0.5343906661706319,-0.5343906661706319,0.0,1.0,-0.6,,,
AM.R8219.event.20260221T124511,R8219,AM.R8219.event.20260221T124511,Wiener-blind,deployable_signal_processing_baseline,-0.5343906661706319,2.041876914283974,2.576267580454606,0.3368881706696072,-1.47,15.143737442935276,17.01616623134805,11.1759839878453
AM.R8219.event.20260326T084219,R8219,AM.R8219.event.20260326T084219,Band-pass,signal_processing_baseline,-0.7371312241097361,-1.2264645391041982,-0.4893333149944621,0.8895274348465189,-1.55,0.11453720452107531,0.0006795800308788219,0.42262453848658604
AM.R8219.event.20260326T084219,R8219,AM.R8219.event.20260326T084219,CovNorm-lambda0,self_supervised_case_study,-0.7371312241097361,-2.400145471656092,-1.663014247546356,0.45938550061286015,-1.49,0.8688501451878149,8.576653216820757,7.0687265810898365
AM.R8219.event.20260326T084219,R8219,AM.R8219.event.20260326T084219,CovNorm-lambda0.1,self_supervised_case_study,-0.7371312241097361,-2.156930578650721,-1.419799354540985,0.357728605192558,-1.49,0.19615055724812555,7.364986081469319,6.935539318972812
AM.R8219.event.20260326T084219,R8219,AM.R8219.event.20260326T084219,CovNorm-lambda0.5,self_supervised_case_study,-0.7371312241097361,-1.9529984803349512,-1.215867256225215,0.304075529228253,-1.38,0.4403111122469685,8.321250703501041,7.00123307092237
AM.R8219.event.20260326T084219,R8219,AM.R8219.event.20260326T084219,Identity,identity_baseline,-0.7371312241097361,-0.7371312241097361,0.0,1.0,-1.54,,,
AM.R8219.event.20260326T084219,R8219,AM.R8219.event.20260326T084219,Wiener-blind,deployable_signal_processing_baseline,-0.7371312241097361,6.8882947651556306,7.625425989265366,0.1694513332487588,-0.58,20.568149845628067,41.96294981454744,16.811572577921954
AM.R8219.event.20260503T183912,R8219,AM.R8219.event.20260503T183912,Band-pass,signal_processing_baseline,13.481151891545613,14.409362042282146,0.9282101507365326,0.8618306714947797,0.11,0.13998662340179988,0.0007508960287390339,0.7716874812744842
AM.R8219.event.20260503T183912,R8219,AM.R8219.event.20260503T183912,CovNorm-lambda0,self_supervised_case_study,13.481151891545613,23.48777980536298,10.006627913817367,0.37496504917136986,0.04,7.614053084357532,14.431855537748548,12.085749248032608
AM.R8219.event.20260503T183912,R8219,AM.R8219.event.20260503T183912,CovNorm-lambda0.1,self_supervised_case_study,13.481151891545613,20.83646220255781,7.3553103110121985,0.2888104359338849,1.27,4.627126393242793,11.121272049161632,9.224039748109746
AM.R8219.event.20260503T183912,R8219,AM.R8219.event.20260503T183912,CovNorm-lambda0.5,self_supervised_case_study,13.481151891545613,17.98538049560819,4.504228604062577,0.3910197445277815,1.27,2.4933587956235725,8.383572088175677,6.248505096406617
AM.R8219.event.20260503T183912,R8219,AM.R8219.event.20260503T183912,Identity,identity_baseline,13.481151891545613,13.481151891545613,0.0,1.0,0.12,,,
AM.R8219.event.20260503T183912,R8219,AM.R8219.event.20260503T183912,Wiener-blind,deployable_signal_processing_baseline,13.481151891545613,26.205729121693523,12.72457723014791,0.7899721225819913,-0.18,1.439643755267076,16.407837498690753,50.81676334816916
AM.R8219.event.20260520T141512,R8219,AM.R8219.event.20260520T141512,Band-pass,signal_processing_baseline,-1.2404436576787161,-1.358027839375665,-0.11758418169694895,1.001354958545457,,0.1196260555350173,0.0004728888638679681,0.28813749264443717
AM.R8219.event.20260520T141512,R8219,AM.R8219.event.20260520T141512,CovNorm-lambda0,self_supervised_case_study,-1.2404436576787161,-4.247312400377682,-3.006868742698966,0.5273183580932268,,5.529461423647475,6.663775244990276,7.181662931826963
AM.R8219.event.20260520T141512,R8219,AM.R8219.event.20260520T141512,CovNorm-lambda0.1,self_supervised_case_study,-1.2404436576787161,-3.19929692882577,-1.9588532711470539,0.5100034307949513,,4.522245680794485,5.711386899913287,6.292710410386058
AM.R8219.event.20260520T141512,R8219,AM.R8219.event.20260520T141512,CovNorm-lambda0.5,self_supervised_case_study,-1.2404436576787161,-2.425552669409914,-1.1851090117311978,0.4544857968150929,,5.836594182285602,7.285584738082252,7.375657884962092
AM.R8219.event.20260520T141512,R8219,AM.R8219.event.20260520T141512,Identity,identity_baseline,-1.2404436576787161,-1.2404436576787161,0.0,1.0,,,,
AM.R8219.event.20260520T141512,R8219,AM.R8219.event.20260520T141512,Wiener-blind,deployable_signal_processing_baseline,-1.2404436576787161,2.711956241563448,3.952399899242164,0.24654934342984516,-0.23,6.232540550979323,10.463644728388687,13.999546230141775
AM.R8219.event.20260525T152727,R8219,AM.R8219.event.20260525T152727,Band-pass,signal_processing_baseline,6.687051419716385,6.951029916687716,0.26397849697133147,0.8769289642357384,-0.17,0.18856501528578198,0.0005360084994763059,0.3829318320756192
AM.R8219.event.20260525T152727,R8219,AM.R8219.event.20260525T152727,CovNorm-lambda0,self_supervised_case_study,6.687051419716385,10.151477505223856,3.464426085507471,0.24451130502539947,-0.16,11.567293922899154,11.759166008672691,9.525390556842451
AM.R8219.event.20260525T152727,R8219,AM.R8219.event.20260525T152727,CovNorm-lambda0.1,self_supervised_case_study,6.687051419716385,7.729167119284829,1.042115699568444,0.3633501492025158,-0.16,8.006529751361992,8.927103562150434,8.378769831434235
AM.R8219.event.20260525T152727,R8219,AM.R8219.event.20260525T152727,CovNorm-lambda0.5,self_supervised_case_study,6.687051419716385,6.891388168944572,0.20433674922818756,0.4264417051448371,-0.16,9.220766181379753,9.648955544979302,7.564878864878882
AM.R8219.event.20260525T152727,R8219,AM.R8219.event.20260525T152727,Identity,identity_baseline,6.687051419716385,6.687051419716385,0.0,1.0,-0.17,,,
AM.R8219.event.20260525T152727,R8219,AM.R8219.event.20260525T152727,Wiener-blind,deployable_signal_processing_baseline,6.687051419716385,8.237119337984044,1.5500679182676596,0.7873053746388881,-0.18,17.61856285233237,4.778233014873972,0.9578022993404828
AM.R87FD.event.20260323T172646,R87FD,AM.R87FD.event.20260323T172646,Band-pass,signal_processing_baseline,3.94980958456837,-0.9497758538459562,-4.899585438414326,0.13615321975346004,,5.098702157077643,0.0027969966329499177,1.1020148198560034
AM.R87FD.event.20260323T172646,R87FD,AM.R87FD.event.20260323T172646,CovNorm-lambda0,self_supervised_case_study,3.94980958456837,7.653363922894398,3.703554338326028,1.3352140818175264,-0.22,1.4730249094345564,-14.286092513332555,1.7120581681253666
AM.R87FD.event.20260323T172646,R87FD,AM.R87FD.event.20260323T172646,CovNorm-lambda0.1,self_supervised_case_study,3.94980958456837,4.078798810146699,0.12898922557832915,1.3453212543836939,-0.17,0.460551139275041,-15.683953912368281,0.9134629923502574
AM.R87FD.event.20260323T172646,R87FD,AM.R87FD.event.20260323T172646,CovNorm-lambda0.5,self_supervised_case_study,3.94980958456837,3.610620389650356,-0.3391891949180139,1.0938903167515956,0.08,-0.199443667193421,-18.34986900920684,-3.041915342384787
AM.R87FD.event.20260323T172646,R87FD,AM.R87FD.event.20260323T172646,Identity,identity_baseline,3.94980958456837,3.94980958456837,0.0,1.0,0.01,,,
AM.R87FD.event.20260323T172646,R87FD,AM.R87FD.event.20260323T172646,Wiener-blind,deployable_signal_processing_baseline,3.94980958456837,-1.0004265916996038,-4.950236176267974,0.0759939638294413,,47.39735777130867,29.30550889752601,36.7919951286974
AM.R87FD.event.20260323T184710,R87FD,AM.R87FD.event.20260323T184710,Band-pass,signal_processing_baseline,-4.832581720014416,-0.259214078706549,4.573367641307867,0.19161157691768618,,4.2556544040399125,0.007694298763839362,1.048764811479784
AM.R87FD.event.20260323T184710,R87FD,AM.R87FD.event.20260323T184710,CovNorm-lambda0,self_supervised_case_study,-4.832581720014416,-2.9072833293273295,1.9252983906870869,1.2699738926004458,1.83,-0.9069752207818332,-17.187291255905475,-0.21909243780564314
AM.R87FD.event.20260323T184710,R87FD,AM.R87FD.event.20260323T184710,CovNorm-lambda0.1,self_supervised_case_study,-4.832581720014416,-4.66059799292162,0.17198372709279663,1.3362613771242242,1.86,-2.5319767535739497,-18.964456533903512,-1.972337846874855
AM.R87FD.event.20260323T184710,R87FD,AM.R87FD.event.20260323T184710,CovNorm-lambda0.5,self_supervised_case_study,-4.832581720014416,-4.111489406664991,0.7210923133494251,1.0355541779691955,,-2.9494738481110843,-22.301158416070447,-5.814566043639611
AM.R87FD.event.20260323T184710,R87FD,AM.R87FD.event.20260323T184710,Identity,identity_baseline,-4.832581720014416,-4.832581720014416,0.0,1.0,2.0,,,
AM.R87FD.event.20260323T184710,R87FD,AM.R87FD.event.20260323T184710,Wiener-blind,deployable_signal_processing_baseline,-4.832581720014416,-3.5680573407968827,1.2645243792175336,0.06356799434249938,,18.108617105952714,13.457968019969138,15.65112819541119
AM.R87FD.event.20260331T071214,R87FD,AM.R87FD.event.20260331T071214,Band-pass,signal_processing_baseline,0.5300108725772844,-0.6253460050607086,-1.155356877637993,0.15850754081097065,,3.5092101099411424,0.00031306040804197975,1.2949942909232481
AM.R87FD.event.20260331T071214,R87FD,AM.R87FD.event.20260331T071214,CovNorm-lambda0,self_supervised_case_study,0.5300108725772844,0.7808841896068569,0.2508733170295725,0.9524440802087243,-1.6,3.055479962014148,-13.592740366780264,-2.2954423860637703
AM.R87FD.event.20260331T071214,R87FD,AM.R87FD.event.20260331T071214,CovNorm-lambda0.1,self_supervised_case_study,0.5300108725772844,-0.5282216244618637,-1.0582324970391481,0.9742826740117793,-1.79,1.69724804487125,-16.001642192280112,-3.2316507233948464
AM.R87FD.event.20260331T071214,R87FD,AM.R87FD.event.20260331T071214,CovNorm-lambda0.5,self_supervised_case_study,0.5300108725772844,-0.23493314088710723,-0.7649440134643917,1.09224593179164,-1.76,-0.3719709923868078,-17.286100878223394,-6.896521087075633
AM.R87FD.event.20260331T071214,R87FD,AM.R87FD.event.20260331T071214,Identity,identity_baseline,0.5300108725772844,0.5300108725772844,0.0,1.0,-1.65,,,
AM.R87FD.event.20260331T071214,R87FD,AM.R87FD.event.20260331T071214,Wiener-blind,deployable_signal_processing_baseline,0.5300108725772844,1.253809329450527,0.7237984568732426,0.09716163029706117,-1.58,20.758813329807662,21.856426354662393,17.001531981724412
AM.R87FD.event.20260425T143601,R87FD,AM.R87FD.event.20260425T143601,Band-pass,signal_processing_baseline,-0.27747454665243043,1.2653968380513716,1.542871384703802,0.16272503809562444,-0.59,2.024406889002318,-0.0006069714348010423,1.469967664412631
AM.R87FD.event.20260425T143601,R87FD,AM.R87FD.event.20260425T143601,CovNorm-lambda0,self_supervised_case_study,-0.27747454665243043,-2.5476827392140606,-2.27020819256163,0.8742645142252108,,0.6388508635148352,-8.278870123104342,0.7521793420422996
AM.R87FD.event.20260425T143601,R87FD,AM.R87FD.event.20260425T143601,CovNorm-lambda0.1,self_supervised_case_study,-0.27747454665243043,-1.6478429468678426,-1.3703684002154122,0.8095091047566112,,0.037758686240123907,-10.101874969933197,-0.28302867800368087
AM.R87FD.event.20260425T143601,R87FD,AM.R87FD.event.20260425T143601,CovNorm-lambda0.5,self_supervised_case_study,-0.27747454665243043,-0.5820057602553614,-0.304531213602931,0.8776920786856669,1.36,-1.7988212951946503,-12.4114462837665,-4.386918130994434
AM.R87FD.event.20260425T143601,R87FD,AM.R87FD.event.20260425T143601,Identity,identity_baseline,-0.27747454665243043,-0.27747454665243043,0.0,1.0,1.43,,,
AM.R87FD.event.20260425T143601,R87FD,AM.R87FD.event.20260425T143601,Wiener-blind,deployable_signal_processing_baseline,-0.27747454665243043,-0.6252157918829322,-0.34774124523050176,0.24160385135901566,-0.45,11.09822839318727,6.309141746454351,17.35534524863544
AM.R87FD.event.20260426T072653,R87FD,AM.R87FD.event.20260426T072653,Band-pass,signal_processing_baseline,-0.5310011653185558,0.21663010969411434,0.7476312750126701,0.07529717232293558,,4.152346809194791,3.01393195348801e-05,1.2414258362572972
AM.R87FD.event.20260426T072653,R87FD,AM.R87FD.event.20260426T072653,CovNorm-lambda0,self_supervised_case_study,-0.5310011653185558,0.670892181404711,1.2018933467232666,1.089716694981475,,-0.7488882246734172,-17.74950064238179,-7.322742100632245
AM.R87FD.event.20260426T072653,R87FD,AM.R87FD.event.20260426T072653,CovNorm-lambda0.1,self_supervised_case_study,-0.5310011653185558,-1.3101042670252347,-0.779103101706679,0.8561072347411738,,0.014767728622615384,-18.201098972452744,-7.53270747216996
AM.R87FD.event.20260426T072653,R87FD,AM.R87FD.event.20260426T072653,CovNorm-lambda0.5,self_supervised_case_study,-0.5310011653185558,-1.045913810766653,-0.5149126454480972,0.8548882196130545,,-1.7293373161920507,-20.435859877062764,-10.825860707306648
AM.R87FD.event.20260426T072653,R87FD,AM.R87FD.event.20260426T072653,Identity,identity_baseline,-0.5310011653185558,-0.5310011653185558,0.0,1.0,,,,
AM.R87FD.event.20260426T072653,R87FD,AM.R87FD.event.20260426T072653,Wiener-blind,deployable_signal_processing_baseline,-0.5310011653185558,2.868040704970649,3.3990418702892047,0.024072019797671113,-1.45,20.141861505128954,17.04154937757095,31.715032781838385
AM.R87FD.event.20260426T125919,R87FD,AM.R87FD.event.20260426T125919,Band-pass,signal_processing_baseline,3.7843033728169795,-3.7307052652244534,-7.515008638041433,0.14293372049459488,,1.9531160086690509,-0.0012611183205748068,1.5120995669683737
AM.R87FD.event.20260426T125919,R87FD,AM.R87FD.event.20260426T125919,CovNorm-lambda0,self_supervised_case_study,3.7843033728169795,6.065494382419193,2.281191009602214,0.8485416001648279,0.91,3.09163224274436,-16.023315642766573,0.6531491055634485
AM.R87FD.event.20260426T125919,R87FD,AM.R87FD.event.20260426T125919,CovNorm-lambda0.1,self_supervised_case_study,3.7843033728169795,3.9500437912110193,0.16574041839403986,0.7559668436364931,,1.675045232530825,-17.552908147133717,-2.4470769185839925
AM.R87FD.event.20260426T125919,R87FD,AM.R87FD.event.20260426T125919,CovNorm-lambda0.5,self_supervised_case_study,3.7843033728169795,3.0438423918682322,-0.7404609809487472,0.8604196262406039,,0.9606418407128418,-16.91843739535035,-4.0495813157885
AM.R87FD.event.20260426T125919,R87FD,AM.R87FD.event.20260426T125919,Identity,identity_baseline,3.7843033728169795,3.7843033728169795,0.0,1.0,,,,
AM.R87FD.event.20260426T125919,R87FD,AM.R87FD.event.20260426T125919,Wiener-blind,deployable_signal_processing_baseline,3.7843033728169795,6.820665102448574,3.0363617296315946,0.3072929290290751,,10.090139085846685,13.013438926732464,16.446599435292285
AM.R87FD.event.20260426T151611,R87FD,AM.R87FD.event.20260426T151611,Band-pass,signal_processing_baseline,-0.1987930020459129,-1.220646919714219,-1.021853917668306,0.1341380042228701,,3.9604256313999104,0.0013739031261822254,0.4677654949747825
AM.R87FD.event.20260426T151611,R87FD,AM.R87FD.event.20260426T151611,CovNorm-lambda0,self_supervised_case_study,-0.1987930020459129,0.3955147621995831,0.594307764245496,1.0540311816904513,-0.91,1.8400690891628153,-18.564880605898292,-3.866999211268976
AM.R87FD.event.20260426T151611,R87FD,AM.R87FD.event.20260426T151611,CovNorm-lambda0.1,self_supervised_case_study,-0.1987930020459129,-1.3697237913202236,-1.1709307892743106,0.9416417315198067,-1.03,-0.8135140641830377,-20.324365398879774,-5.046403103135692
AM.R87FD.event.20260426T151611,R87FD,AM.R87FD.event.20260426T151611,CovNorm-lambda0.5,self_supervised_case_study,-0.1987930020459129,-0.714680802242573,-0.5158878001966601,1.0795986028539748,-0.43,-1.8123200503542318,-20.47937570522373,-7.056263753267888
AM.R87FD.event.20260426T151611,R87FD,AM.R87FD.event.20260426T151611,Identity,identity_baseline,-0.1987930020459129,-0.1987930020459129,0.0,1.0,1.06,,,
AM.R87FD.event.20260426T151611,R87FD,AM.R87FD.event.20260426T151611,Wiener-blind,deployable_signal_processing_baseline,-0.1987930020459129,1.2235805396962665,1.4223735417421794,0.015881163832754397,-1.19,25.547582152716302,19.776345633901055,28.13992777500495
AM.R87FD.event.20260531T005602,R87FD,AM.R87FD.event.20260531T005602,Band-pass,signal_processing_baseline,-3.898401447410032,1.8721376055079846,5.770539052918016,0.21505614326940029,,1.9299297946455676,-0.005759044024847896,2.8155011630278373
AM.R87FD.event.20260531T005602,R87FD,AM.R87FD.event.20260531T005602,CovNorm-lambda0,self_supervised_case_study,-3.898401447410032,-3.390534310404399,0.5078671370056331,1.2240387075949906,1.69,-4.08989920690988,-20.82586595098814,-6.915842153345802
AM.R87FD.event.20260531T005602,R87FD,AM.R87FD.event.20260531T005602,CovNorm-lambda0.1,self_supervised_case_study,-3.898401447410032,-4.406263807345351,-0.5078623599353187,1.3975058154450335,1.85,-5.0793723120741605,-22.596423302753823,-8.4978435287917
AM.R87FD.event.20260531T005602,R87FD,AM.R87FD.event.20260531T005602,CovNorm-lambda0.5,self_supervised_case_study,-3.898401447410032,-2.2906460886246442,1.6077553587853877,1.2249520613572222,1.97,-5.081573198020127,-21.54568994624241,-8.87664677468067
AM.R87FD.event.20260531T005602,R87FD,AM.R87FD.event.20260531T005602,Identity,identity_baseline,-3.898401447410032,-3.898401447410032,0.0,1.0,,,,
AM.R87FD.event.20260531T005602,R87FD,AM.R87FD.event.20260531T005602,Wiener-blind,deployable_signal_processing_baseline,-3.898401447410032,-2.2730041969904216,1.6253972504196104,0.03432865468023653,,14.71299156974922,44.77994532543067,43.41128471125432
AM.R8A9B.event.20260514T155037,R8A9B,AM.R8A9B.event.20260514T155037,Band-pass,signal_processing_baseline,5.262091723544593,26.505235292427322,21.24314356888273,0.49649466025823513,0.23,-0.919371084014255,0.00030851523158301024,1.3774715034643379
AM.R8A9B.event.20260514T155037,R8A9B,AM.R8A9B.event.20260514T155037,CovNorm-lambda0,self_supervised_case_study,5.262091723544593,2.7641564211387433,-2.4979353024058497,0.24966104476795611,1.03,-9.04654682740113,-11.712098455860385,-7.445133003938814
AM.R8A9B.event.20260514T155037,R8A9B,AM.R8A9B.event.20260514T155037,CovNorm-lambda0.1,self_supervised_case_study,5.262091723544593,3.92801874344737,-1.3340729800972229,0.32117725566864047,1.03,-12.078216401283973,-13.806529239141094,-13.851772382989667
AM.R8A9B.event.20260514T155037,R8A9B,AM.R8A9B.event.20260514T155037,CovNorm-lambda0.5,self_supervised_case_study,5.262091723544593,5.990251688136067,0.728159964591474,0.3508056180114766,0.89,-13.948296747758086,-18.182957549510263,-13.022543007014752
AM.R8A9B.event.20260514T155037,R8A9B,AM.R8A9B.event.20260514T155037,Identity,identity_baseline,5.262091723544593,5.262091723544593,0.0,1.0,0.92,,,
AM.R8A9B.event.20260514T155037,R8A9B,AM.R8A9B.event.20260514T155037,Wiener-blind,deployable_signal_processing_baseline,5.262091723544593,15.894686205785575,10.632594482240982,0.5802197028461273,0.6,0.00045263654644746754,0.001672639879486399,0.1351876554661825
AM.R8A9B.event.20260519T020605,R8A9B,AM.R8A9B.event.20260519T020605,Band-pass,signal_processing_baseline,-0.3513233237861921,8.98664100104231,9.337964324828501,0.47033876964116456,0.18,-1.4944270771848511,0.0009106150172907016,1.5736957374103595
AM.R8A9B.event.20260519T020605,R8A9B,AM.R8A9B.event.20260519T020605,CovNorm-lambda0,self_supervised_case_study,-0.3513233237861921,-1.0603892575357898,-0.7090659337495977,0.5724910555654964,,-7.295373849779195,-12.855947087151113,-13.073672204607043
AM.R8A9B.event.20260519T020605,R8A9B,AM.R8A9B.event.20260519T020605,CovNorm-lambda0.1,self_supervised_case_study,-0.3513233237861921,-0.864287474712555,-0.5129641509263629,0.5122503135800425,,-6.936288149327807,-11.18977238664627,-12.935698750745049
AM.R8A9B.event.20260519T020605,R8A9B,AM.R8A9B.event.20260519T020605,CovNorm-lambda0.5,self_supervised_case_study,-0.3513233237861921,0.4445026726222109,0.7958259964084029,0.528904881648079,,-6.573648525726889,-9.5424431745571,-10.045542595776796
AM.R8A9B.event.20260519T020605,R8A9B,AM.R8A9B.event.20260519T020605,Identity,identity_baseline,-0.3513233237861921,-0.3513233237861921,0.0,1.0,,,,
AM.R8A9B.event.20260519T020605,R8A9B,AM.R8A9B.event.20260519T020605,Wiener-blind,deployable_signal_processing_baseline,-0.3513233237861921,12.86294924459768,13.21427256838387,0.47005015275233086,0.29,0.41979394840774126,0.023081177687484435,2.046878761431404
AM.R8A9B.event.20260520T130642,R8A9B,AM.R8A9B.event.20260520T130642,Band-pass,signal_processing_baseline,1.6429536615022868,-5.047837040711985,-6.690790702214272,0.06255522252156075,0.02,-1.3234117374611538,-0.0005396860501656831,1.470223870335234
AM.R8A9B.event.20260520T130642,R8A9B,AM.R8A9B.event.20260520T130642,CovNorm-lambda0,self_supervised_case_study,1.6429536615022868,-0.6573101901106817,-2.3002638516129688,0.7464154512124226,,-6.655066354810863,-10.830723641405436,-15.145450653434066
AM.R8A9B.event.20260520T130642,R8A9B,AM.R8A9B.event.20260520T130642,CovNorm-lambda0.1,self_supervised_case_study,1.6429536615022868,-1.6433092691499827,-3.2862629306522697,0.5735911852603546,,-5.460209445415629,-9.927540603694771,-15.432101110596944
AM.R8A9B.event.20260520T130642,R8A9B,AM.R8A9B.event.20260520T130642,CovNorm-lambda0.5,self_supervised_case_study,1.6429536615022868,-0.08746160879186997,-1.7304152702941569,0.6241003270482534,,-6.070650756766843,-10.039247660925225,-12.887155482988334
AM.R8A9B.event.20260520T130642,R8A9B,AM.R8A9B.event.20260520T130642,Identity,identity_baseline,1.6429536615022868,1.6429536615022868,0.0,1.0,,,,
AM.R8A9B.event.20260520T130642,R8A9B,AM.R8A9B.event.20260520T130642,Wiener-blind,deployable_signal_processing_baseline,1.6429536615022868,6.832968491203183,5.190014829700896,0.2937599153174184,0.04,16.873466626607797,12.037275824270191,9.773960018956037
AM.R8A9B.event.20260520T140354,R8A9B,AM.R8A9B.event.20260520T140354,Band-pass,signal_processing_baseline,2.263754190449352,10.786295357492419,8.522541167043066,0.6554513883163336,1.66,0.374021903721784,0.0008380450450828835,1.6345136819872244
AM.R8A9B.event.20260520T140354,R8A9B,AM.R8A9B.event.20260520T140354,CovNorm-lambda0,self_supervised_case_study,2.263754190449352,0.559522639854288,-1.7042315505950638,0.29374295174739173,,-7.470683041605373,-9.217528041899719,0.40684930345898795
AM.R8A9B.event.20260520T140354,R8A9B,AM.R8A9B.event.20260520T140354,CovNorm-lambda0.1,self_supervised_case_study,2.263754190449352,0.24406857510180788,-2.019685615347544,0.2555241873336078,1.41,-7.163916655029026,-9.680319086107055,-2.146196006187695
AM.R8A9B.event.20260520T140354,R8A9B,AM.R8A9B.event.20260520T140354,CovNorm-lambda0.5,self_supervised_case_study,2.263754190449352,1.3801598188049735,-0.8835943716443784,0.2861294655694284,,-8.263457099558408,-9.546804674141073,-0.5515732631785779
AM.R8A9B.event.20260520T140354,R8A9B,AM.R8A9B.event.20260520T140354,Identity,identity_baseline,2.263754190449352,2.263754190449352,0.0,1.0,1.3,,,
AM.R8A9B.event.20260520T140354,R8A9B,AM.R8A9B.event.20260520T140354,Wiener-blind,deployable_signal_processing_baseline,2.263754190449352,14.469882171778636,12.206127981329285,0.6828323662780453,1.43,0.16525104114388794,0.028489327798183094,8.182203738098757
AM.R8A9B.event.20260525T175536,R8A9B,AM.R8A9B.event.20260525T175536,Band-pass,signal_processing_baseline,-0.11107260960798038,-2.1840854170388644,-2.0730128074308842,0.0658233399624479,0.44,-0.12118080220413736,0.0005888296160351266,1.9891191881424402
AM.R8A9B.event.20260525T175536,R8A9B,AM.R8A9B.event.20260525T175536,CovNorm-lambda0,self_supervised_case_study,-0.11107260960798038,-2.163267119996018,-2.0521945103880377,0.521276494570477,,-6.686556608168709,-10.645353412559427,-15.770002018925751
AM.R8A9B.event.20260525T175536,R8A9B,AM.R8A9B.event.20260525T175536,CovNorm-lambda0.1,self_supervised_case_study,-0.11107260960798038,-2.6241626528239452,-2.513090043215965,0.36494278076004166,,-5.7602049626300085,-8.760603643506274,-14.821228288387344
AM.R8A9B.event.20260525T175536,R8A9B,AM.R8A9B.event.20260525T175536,CovNorm-lambda0.5,self_supervised_case_study,-0.11107260960798038,-1.3375157356951293,-1.226443126087149,0.3745380120488493,,-4.417901993555649,-8.300419424425334,-12.103663171129625
AM.R8A9B.event.20260525T175536,R8A9B,AM.R8A9B.event.20260525T175536,Identity,identity_baseline,-0.11107260960798038,-0.11107260960798038,0.0,1.0,0.5,,,
AM.R8A9B.event.20260525T175536,R8A9B,AM.R8A9B.event.20260525T175536,Wiener-blind,deployable_signal_processing_baseline,-0.11107260960798038,2.1218829346551513,2.232955544263132,0.21582935302397052,-0.16,10.030071127707759,11.27960168274267,16.357989906155392
AM.R8A9B.event.20260526T134439,R8A9B,AM.R8A9B.event.20260526T134439,Band-pass,signal_processing_baseline,3.5695030571029767,23.02955483120361,19.46005177410063,0.04615039780708686,,0.6383384328679961,0.0006055737137196673,1.9086227040781634
AM.R8A9B.event.20260526T134439,R8A9B,AM.R8A9B.event.20260526T134439,CovNorm-lambda0,self_supervised_case_study,3.5695030571029767,-0.27856550839441824,-3.8480685654973947,0.7232374256607277,,-9.202255044513732,-11.395293328969066,-10.424691635992497
AM.R8A9B.event.20260526T134439,R8A9B,AM.R8A9B.event.20260526T134439,CovNorm-lambda0.1,self_supervised_case_study,3.5695030571029767,-1.6048478835814959,-5.174350940684473,0.5724239355319799,,-6.305045344371263,-8.639782265192371,-9.2044843830746
AM.R8A9B.event.20260526T134439,R8A9B,AM.R8A9B.event.20260526T134439,CovNorm-lambda0.5,self_supervised_case_study,3.5695030571029767,-0.5658459363974198,-4.135348993500396,0.6077743236493873,,-4.707587303469835,-5.784744478314978,-6.864350704611628
AM.R8A9B.event.20260526T134439,R8A9B,AM.R8A9B.event.20260526T134439,Identity,identity_baseline,3.5695030571029767,3.5695030571029767,0.0,1.0,,,,
AM.R8A9B.event.20260526T134439,R8A9B,AM.R8A9B.event.20260526T134439,Wiener-blind,deployable_signal_processing_baseline,3.5695030571029767,20.563007534962455,16.993504477859478,0.10084207157100449,,2.706016657416496,0.5018485318321005,1.8109738561286004
AM.R8A9B.event.20260526T154802,R8A9B,AM.R8A9B.event.20260526T154802,Band-pass,signal_processing_baseline,0.8875344558818882,-6.959218788417606,-7.846753244299494,0.04720417980073173,,0.02609111429880066,0.0007821282346199995,1.757159968134215
AM.R8A9B.event.20260526T154802,R8A9B,AM.R8A9B.event.20260526T154802,CovNorm-lambda0,self_supervised_case_study,0.8875344558818882,-0.9042135286014548,-1.7917479844833428,0.7543141168812284,,-7.274338990651107,-11.125425587593034,-14.845836155258157
AM.R8A9B.event.20260526T154802,R8A9B,AM.R8A9B.event.20260526T154802,CovNorm-lambda0.1,self_supervised_case_study,0.8875344558818882,-1.4261595654955348,-2.313694021377423,0.5571511950159274,,-5.0082993458293785,-10.076617484056163,-14.218757278851433
AM.R8A9B.event.20260526T154802,R8A9B,AM.R8A9B.event.20260526T154802,CovNorm-lambda0.5,self_supervised_case_study,0.8875344558818882,-0.7405099425598543,-1.6280443984417423,0.5936488709595042,,-4.408177274227439,-8.080301799684426,-11.877289890524517
AM.R8A9B.event.20260526T154802,R8A9B,AM.R8A9B.event.20260526T154802,Identity,identity_baseline,0.8875344558818882,0.8875344558818882,0.0,1.0,,,,
AM.R8A9B.event.20260526T154802,R8A9B,AM.R8A9B.event.20260526T154802,Wiener-blind,deployable_signal_processing_baseline,0.8875344558818882,4.323175489320879,3.4356410334389906,0.05120982096100407,,23.02730708443033,9.874585100325467,18.871542632267523
AM.R8A9B.event.20260529T135851,R8A9B,AM.R8A9B.event.20260529T135851,Band-pass,signal_processing_baseline,-0.07531573281775869,-3.9187296757670516,-3.843413942949293,0.07224786443367763,-0.85,-0.03674514121828084,0.0008100147476321207,1.5478204909829891
AM.R8A9B.event.20260529T135851,R8A9B,AM.R8A9B.event.20260529T135851,CovNorm-lambda0,self_supervised_case_study,-0.07531573281775869,-0.6261424412397905,-0.5508267084220317,0.7125912503849285,,-5.904622881095315,-12.764713752972767,-14.313775712578689
AM.R8A9B.event.20260529T135851,R8A9B,AM.R8A9B.event.20260529T135851,CovNorm-lambda0.1,self_supervised_case_study,-0.07531573281775869,-1.5014757369160856,-1.4261600040983269,0.5336880501283707,,-3.750584006994046,-10.818727329691503,-13.99985802397171
AM.R8A9B.event.20260529T135851,R8A9B,AM.R8A9B.event.20260529T135851,CovNorm-lambda0.5,self_supervised_case_study,-0.07531573281775869,-0.46950041766936634,-0.3941846848516076,0.6015405416994092,,-2.3679809682515436,-9.48502932607933,-11.04435347651206
AM.R8A9B.event.20260529T135851,R8A9B,AM.R8A9B.event.20260529T135851,Identity,identity_baseline,-0.07531573281775869,-0.07531573281775869,0.0,1.0,-0.82,,,
AM.R8A9B.event.20260529T135851,R8A9B,AM.R8A9B.event.20260529T135851,Wiener-blind,deployable_signal_processing_baseline,-0.07531573281775869,0.7824304509591623,0.857746183776921,0.06457811345606353,-0.8,17.919860465793093,17.972679185766328,31.910679080532788
AM.R8D8E.event.20251216T034428,R8D8E,AM.R8D8E.event.20251216T034428,Band-pass,signal_processing_baseline,-1.7000071563721144,-1.5077746851385005,0.19223247123361387,0.8686068842652872,-1.48,0.10340384869226453,0.00047503394957600515,0.5963261032183617
AM.R8D8E.event.20251216T034428,R8D8E,AM.R8D8E.event.20251216T034428,CovNorm-lambda0,self_supervised_case_study,-1.7000071563721144,-4.266665804348408,-2.5666586479762934,0.41719831507784966,-1.49,9.61917373903843,8.328378920951993,8.335801779457613
AM.R8D8E.event.20251216T034428,R8D8E,AM.R8D8E.event.20251216T034428,CovNorm-lambda0.1,self_supervised_case_study,-1.7000071563721144,-3.3436753319302834,-1.643668175558169,0.3614194186554765,-1.49,8.4653112762253,6.939976800750361,7.781372614505809
AM.R8D8E.event.20251216T034428,R8D8E,AM.R8D8E.event.20251216T034428,CovNorm-lambda0.5,self_supervised_case_study,-1.7000071563721144,-2.55242371475493,-0.8524165583828156,0.35481960388003847,-1.36,10.253602081868443,9.291729133855512,9.218750545036466
AM.R8D8E.event.20251216T034428,R8D8E,AM.R8D8E.event.20251216T034428,Identity,identity_baseline,-1.7000071563721144,-1.7000071563721144,0.0,1.0,-1.51,,,
AM.R8D8E.event.20251216T034428,R8D8E,AM.R8D8E.event.20251216T034428,Wiener-blind,deployable_signal_processing_baseline,-1.7000071563721144,2.440153510597744,4.140160666969859,0.1576688711310595,-1.37,18.225208597705826,13.567022413381723,24.794856997545804
AM.R8D8E.event.20260415T070506,R8D8E,AM.R8D8E.event.20260415T070506,Band-pass,signal_processing_baseline,0.4352371423288632,0.20442316656914442,-0.23081397575971876,0.9055243271560381,-1.25,0.17413265206263218,0.00039464978823096597,0.5940861868033349
AM.R8D8E.event.20260415T070506,R8D8E,AM.R8D8E.event.20260415T070506,CovNorm-lambda0,self_supervised_case_study,0.4352371423288632,-3.5560054973607444,-3.9912426396896077,0.33342013866986403,-1.22,7.963690176129455,6.992586371221125,6.334939553858294
AM.R8D8E.event.20260415T070506,R8D8E,AM.R8D8E.event.20260415T070506,CovNorm-lambda0.1,self_supervised_case_study,0.4352371423288632,-3.0967236412212236,-3.531960783550087,0.35571176616520395,-1.21,7.171983497519403,5.547004184835792,5.318064465447912
AM.R8D8E.event.20260415T070506,R8D8E,AM.R8D8E.event.20260415T070506,CovNorm-lambda0.5,self_supervised_case_study,0.4352371423288632,-2.190335678153426,-2.6255728204822892,0.4123608668136677,,8.988530047769066,7.875925919364948,7.351030433716726
AM.R8D8E.event.20260415T070506,R8D8E,AM.R8D8E.event.20260415T070506,Identity,identity_baseline,0.4352371423288632,0.4352371423288632,0.0,1.0,-1.32,,,
AM.R8D8E.event.20260415T070506,R8D8E,AM.R8D8E.event.20260415T070506,Wiener-blind,deployable_signal_processing_baseline,0.4352371423288632,2.2269435261450523,1.791706383816189,0.3061301676343396,-1.34,15.89290796298763,16.900921320624686,17.1922191887676
AM.R8D8E.event.20260511T045913,R8D8E,AM.R8D8E.event.20260511T045913,Band-pass,signal_processing_baseline,2.1746832088626014,2.2267226500620456,0.05203944119944426,1.0521745110286438,0.89,0.02612203498502112,0.00020319974468962547,0.3228926926520092
AM.R8D8E.event.20260511T045913,R8D8E,AM.R8D8E.event.20260511T045913,CovNorm-lambda0,self_supervised_case_study,2.1746832088626014,1.2886503502281395,-0.8860328586344619,0.29799027581958665,0.89,9.346057743434189,9.411191410237222,3.7735786594856364
AM.R8D8E.event.20260511T045913,R8D8E,AM.R8D8E.event.20260511T045913,CovNorm-lambda0.1,self_supervised_case_study,2.1746832088626014,-0.18760623102603555,-2.3622894398886367,0.38407927820019855,0.91,8.14212447393484,7.008534276810473,1.51635576860221
AM.R8D8E.event.20260511T045913,R8D8E,AM.R8D8E.event.20260511T045913,CovNorm-lambda0.5,self_supervised_case_study,2.1746832088626014,0.40576803384538807,-1.7689151750172134,0.32708024081396575,0.91,8.341488708680084,7.007217912339013,1.9527228255185936
AM.R8D8E.event.20260511T045913,R8D8E,AM.R8D8E.event.20260511T045913,Identity,identity_baseline,2.1746832088626014,2.1746832088626014,0.0,1.0,0.89,,,
AM.R8D8E.event.20260511T045913,R8D8E,AM.R8D8E.event.20260511T045913,Wiener-blind,deployable_signal_processing_baseline,2.1746832088626014,2.561599742724843,0.3869165338622418,0.5942889403246158,0.89,5.290663642293592,3.0428547558339916,4.205558516319149
AM.R8D8E.event.20260520T230940,R8D8E,AM.R8D8E.event.20260520T230940,Band-pass,signal_processing_baseline,-3.5095493402615983,-4.472443453544771,-0.9628941132831725,0.9891082814187039,,0.1685591007663644,0.00032345733333599615,0.29384472268843664
AM.R8D8E.event.20260520T230940,R8D8E,AM.R8D8E.event.20260520T230940,CovNorm-lambda0,self_supervised_case_study,-3.5095493402615983,-8.530547832846072,-5.020998492584473,0.40354036918374836,,4.776992613802339,5.352569382846295,7.016899323898181
AM.R8D8E.event.20260520T230940,R8D8E,AM.R8D8E.event.20260520T230940,CovNorm-lambda0.1,self_supervised_case_study,-3.5095493402615983,-7.595662802478902,-4.086113462217304,0.4196382846249934,,4.264988974445057,4.5312966655093545,6.322738828349094
AM.R8D8E.event.20260520T230940,R8D8E,AM.R8D8E.event.20260520T230940,CovNorm-lambda0.5,self_supervised_case_study,-3.5095493402615983,-5.463581128362671,-1.954031788101073,0.33574361145173387,,6.5632337796495355,6.935024348023801,8.844054017883758
AM.R8D8E.event.20260520T230940,R8D8E,AM.R8D8E.event.20260520T230940,Identity,identity_baseline,-3.5095493402615983,-3.5095493402615983,0.0,1.0,,,,
AM.R8D8E.event.20260520T230940,R8D8E,AM.R8D8E.event.20260520T230940,Wiener-blind,deployable_signal_processing_baseline,-3.5095493402615983,3.2949272870812867,6.8044766273428845,0.13623822830678975,0.13,14.172233442371583,29.92152071006323,68.69144400511561
AM.R8D8E.event.20260525T215903,R8D8E,AM.R8D8E.event.20260525T215903,Band-pass,signal_processing_baseline,5.066353013437597,2.270541535023302,-2.7958114784142953,0.9219174715840197,0.87,0.059350484495541846,0.0004191553040932935,0.4436340158982904
AM.R8D8E.event.20260525T215903,R8D8E,AM.R8D8E.event.20260525T215903,CovNorm-lambda0,self_supervised_case_study,5.066353013437597,1.5195290562824912,-3.546823957155106,0.35886274508137533,1.12,6.9042136416361375,7.298946935423982,8.755873444639796
AM.R8D8E.event.20260525T215903,R8D8E,AM.R8D8E.event.20260525T215903,CovNorm-lambda0.1,self_supervised_case_study,5.066353013437597,2.0511352689681943,-3.015217744469403,0.42745345609244983,1.01,5.184885259662338,5.259277989134322,6.381112561721747
AM.R8D8E.event.20260525T215903,R8D8E,AM.R8D8E.event.20260525T215903,CovNorm-lambda0.5,self_supervised_case_study,5.066353013437597,1.679060710728713,-3.387292302708884,0.5173261076839095,1.88,4.58955125363175,5.2073608953930135,6.287574449555578
AM.R8D8E.event.20260525T215903,R8D8E,AM.R8D8E.event.20260525T215903,Identity,identity_baseline,5.066353013437597,5.066353013437597,0.0,1.0,0.86,,,
AM.R8D8E.event.20260525T215903,R8D8E,AM.R8D8E.event.20260525T215903,Wiener-blind,deployable_signal_processing_baseline,5.066353013437597,15.565696678687244,10.499343665249647,0.4075937778812603,0.67,6.15056910038383,6.491020992042134,21.380441617937
AM.R8D8E.event.20260529T212340,R8D8E,AM.R8D8E.event.20260529T212340,Band-pass,signal_processing_baseline,0.5300920069518196,0.3255059555867415,-0.20458605136507807,0.9036297219626002,0.02,0.056297864938387475,0.00043564220639159015,0.45547015446971756
AM.R8D8E.event.20260529T212340,R8D8E,AM.R8D8E.event.20260529T212340,CovNorm-lambda0,self_supervised_case_study,0.5300920069518196,-4.847882083877955,-5.377974090829774,0.2515739344603283,,4.944368240033627,7.681722836918887,6.7080592331331035
AM.R8D8E.event.20260529T212340,R8D8E,AM.R8D8E.event.20260529T212340,CovNorm-lambda0.1,self_supervised_case_study,0.5300920069518196,-3.2896889830362808,-3.8197809899881,0.3165330372631223,,4.228573674046101,6.494741429200641,5.3370755209064855
AM.R8D8E.event.20260529T212340,R8D8E,AM.R8D8E.event.20260529T212340,CovNorm-lambda0.5,self_supervised_case_study,0.5300920069518196,-2.9934844442426662,-3.5235764511944856,0.27564991175473236,,3.3090185570499013,6.6943865090011725,6.238751650924826
AM.R8D8E.event.20260529T212340,R8D8E,AM.R8D8E.event.20260529T212340,Identity,identity_baseline,0.5300920069518196,0.5300920069518196,0.0,1.0,0.02,,,
AM.R8D8E.event.20260529T212340,R8D8E,AM.R8D8E.event.20260529T212340,Wiener-blind,deployable_signal_processing_baseline,0.5300920069518196,6.107393191860535,5.577301184908715,0.6022231687565286,-1.39,3.616286830817868,12.277873440569584,18.89945283600004
AM.R8D8E.event.20260530T213312,R8D8E,AM.R8D8E.event.20260530T213312,Band-pass,signal_processing_baseline,-2.899810846276746,-3.273115820229619,-0.3733049739528731,0.937486549203165,,0.10895760190192948,0.00045106513989574354,0.37338363689033116
AM.R8D8E.event.20260530T213312,R8D8E,AM.R8D8E.event.20260530T213312,CovNorm-lambda0,self_supervised_case_study,-2.899810846276746,-6.440067464168507,-3.540256617891761,0.5135199465968489,,5.971924261506018,6.764159759822512,5.482724685844126
AM.R8D8E.event.20260530T213312,R8D8E,AM.R8D8E.event.20260530T213312,CovNorm-lambda0.1,self_supervised_case_study,-2.899810846276746,-5.099214097368947,-2.1994032510922006,0.5307500023980779,,5.133442497385366,6.3516837189187525,5.064065473592078
AM.R8D8E.event.20260530T213312,R8D8E,AM.R8D8E.event.20260530T213312,CovNorm-lambda0.5,self_supervised_case_study,-2.899810846276746,-3.7445131550750954,-0.8447023087983494,0.3739824595127983,,6.156987427640121,7.17588409289894,6.367727438578864
AM.R8D8E.event.20260530T213312,R8D8E,AM.R8D8E.event.20260530T213312,Identity,identity_baseline,-2.899810846276746,-2.899810846276746,0.0,1.0,,,,
AM.R8D8E.event.20260530T213312,R8D8E,AM.R8D8E.event.20260530T213312,Wiener-blind,deployable_signal_processing_baseline,-2.899810846276746,2.178489439082977,5.078300285359723,0.18167443685424245,0.16,10.283657899892747,13.503541979732246,13.781600446010502
AM.R8D8E.event.20260531T214211,R8D8E,AM.R8D8E.event.20260531T214211,Band-pass,signal_processing_baseline,-3.433180803740444,-4.133015299656323,-0.6998344959158791,0.84786263558874,,0.10513509810499695,0.00035180364584649513,0.21540548286727693
AM.R8D8E.event.20260531T214211,R8D8E,AM.R8D8E.event.20260531T214211,CovNorm-lambda0,self_supervised_case_study,-3.433180803740444,-9.309705576282196,-5.876524772541752,0.2810791151116662,,6.624660372277465,7.121576369259432,5.448452409117835
AM.R8D8E.event.20260531T214211,R8D8E,AM.R8D8E.event.20260531T214211,CovNorm-lambda0.1,self_supervised_case_study,-3.433180803740444,-6.427875397296332,-2.994694593555888,0.3503534260945562,,5.9643675139182095,6.273303760614518,4.865110432669435
AM.R8D8E.event.20260531T214211,R8D8E,AM.R8D8E.event.20260531T214211,CovNorm-lambda0.5,self_supervised_case_study,-3.433180803740444,-5.014996817021845,-1.5818160132814008,0.3525409976142454,,6.344609355211836,7.028757234011164,6.004959565642612
AM.R8D8E.event.20260531T214211,R8D8E,AM.R8D8E.event.20260531T214211,Identity,identity_baseline,-3.433180803740444,-3.433180803740444,0.0,1.0,,,,
AM.R8D8E.event.20260531T214211,R8D8E,AM.R8D8E.event.20260531T214211,Wiener-blind,deployable_signal_processing_baseline,-3.433180803740444,5.969395410103448,9.402576213843892,0.5238297014669187,0.67,12.04655528810004,16.540953482032055,20.803856496424423
AM.R92E0.event.20251020T170656,R92E0,AM.R92E0.event.20251020T170656,Band-pass,signal_processing_baseline,27.952336269119424,45.64424899962239,17.691912730502967,0.995498436244379,0.48,4.0209547842239735,0.0001238388548857638,1.6698306888838441
AM.R92E0.event.20251020T170656,R92E0,AM.R92E0.event.20251020T170656,CovNorm-lambda0,self_supervised_case_study,27.952336269119424,22.949538063581834,-5.002798205537591,0.358930774361588,-1.45,0.8537937332709848,-0.35471244238209737,4.940387103583172
AM.R92E0.event.20251020T170656,R92E0,AM.R92E0.event.20251020T170656,CovNorm-lambda0.1,self_supervised_case_study,27.952336269119424,27.38954394078042,-0.5627923283390039,0.41427605464960343,0.49,0.4205306033253106,-4.33159009122589,1.9199008665671915
AM.R92E0.event.20251020T170656,R92E0,AM.R92E0.event.20251020T170656,CovNorm-lambda0.5,self_supervised_case_study,27.952336269119424,20.933371099822278,-7.018965169297147,0.4559585808422554,0.91,-0.875420484387751,-5.328406315871573,0.8121442616138369
AM.R92E0.event.20251020T170656,R92E0,AM.R92E0.event.20251020T170656,Identity,identity_baseline,27.952336269119424,27.952336269119424,0.0,1.0,0.87,,,
AM.R92E0.event.20251020T170656,R92E0,AM.R92E0.event.20251020T170656,Wiener-blind,deployable_signal_processing_baseline,27.952336269119424,28.68164470854991,0.7293084394304863,1.0097691605063976,0.86,0.11195013290042626,-3.2042744164571648e-06,0.0013383831320520484
AM.R92E0.event.20251114T001801,R92E0,AM.R92E0.event.20251114T001801,Band-pass,signal_processing_baseline,-5.046566922546987,4.320462784446829,9.367029706993815,0.16791534146897938,-1.73,3.9805735456362705,0.00021933976095303193,1.4896847048634196
AM.R92E0.event.20251114T001801,R92E0,AM.R92E0.event.20251114T001801,CovNorm-lambda0,self_supervised_case_study,-5.046566922546987,-5.988663166176228,-0.9420962436292415,0.9214946932674946,,0.13538354581678122,-10.307436723471675,-6.62528443425316
AM.R92E0.event.20251114T001801,R92E0,AM.R92E0.event.20251114T001801,CovNorm-lambda0.1,self_supervised_case_study,-5.046566922546987,-5.016347761132582,0.030219161414404283,0.9360282954022063,,0.24432257739234317,-10.847380755444258,-7.376718430819992
AM.R92E0.event.20251114T001801,R92E0,AM.R92E0.event.20251114T001801,CovNorm-lambda0.5,self_supervised_case_study,-5.046566922546987,-4.643189868647469,0.4033770538995176,0.9688340308811447,,-1.22928767465959,-10.743155618046195,-8.841954277464538
AM.R92E0.event.20251114T001801,R92E0,AM.R92E0.event.20251114T001801,Identity,identity_baseline,-5.046566922546987,-5.046566922546987,0.0,1.0,,,,
AM.R92E0.event.20251114T001801,R92E0,AM.R92E0.event.20251114T001801,Wiener-blind,deployable_signal_processing_baseline,-5.046566922546987,-4.9688189770029645,0.0777479455440222,0.2896021744175622,,11.658950771142761,3.488204532563985,5.210737649052878
AM.R92E0.event.20260416T194641,R92E0,AM.R92E0.event.20260416T194641,Band-pass,signal_processing_baseline,22.403003129736597,36.68133465521136,14.278331525474762,0.9831806386084851,0.52,2.365671557599245,0.0005006561050270173,1.2815029948524044
AM.R92E0.event.20260416T194641,R92E0,AM.R92E0.event.20260416T194641,CovNorm-lambda0,self_supervised_case_study,22.403003129736597,20.099374892864702,-2.3036282368718943,0.2852850227675369,-0.03,7.047054743717812,6.378395611473067,13.865856885531192
AM.R92E0.event.20260416T194641,R92E0,AM.R92E0.event.20260416T194641,CovNorm-lambda0.1,self_supervised_case_study,22.403003129736597,19.2392458791879,-3.163757250548695,0.36129449305317657,0.01,4.351927586499598,1.7781288060953662,10.607253403115939
AM.R92E0.event.20260416T194641,R92E0,AM.R92E0.event.20260416T194641,CovNorm-lambda0.5,self_supervised_case_study,22.403003129736597,17.58880288907744,-4.814200240659158,0.4536554615716636,0.29,5.6376678311329655,0.8163334062500999,9.586509297317866
AM.R92E0.event.20260416T194641,R92E0,AM.R92E0.event.20260416T194641,Identity,identity_baseline,22.403003129736597,22.403003129736597,0.0,1.0,-0.11,,,
AM.R92E0.event.20260416T194641,R92E0,AM.R92E0.event.20260416T194641,Wiener-blind,deployable_signal_processing_baseline,22.403003129736597,22.891924614372382,0.4889214846357852,1.002508120976088,-0.11,0.20933970500937896,0.0010155496482093112,0.015283694119424575
AM.R92E0.event.20260426T043244,R92E0,AM.R92E0.event.20260426T043244,Band-pass,signal_processing_baseline,4.214002777043234,6.912829037169214,2.69882626012598,0.17382231658108815,0.98,2.7185176447012616,0.000289475589288833,1.401804681884192
AM.R92E0.event.20260426T043244,R92E0,AM.R92E0.event.20260426T043244,CovNorm-lambda0,self_supervised_case_study,4.214002777043234,3.8274414887573407,-0.3865612882858933,0.8057387928862932,-0.33,4.980448830117907,0.8280556756119598,4.060175092634058
AM.R92E0.event.20260426T043244,R92E0,AM.R92E0.event.20260426T043244,CovNorm-lambda0.1,self_supervised_case_study,4.214002777043234,2.203533768929992,-2.010469008113242,0.7348330686062204,-0.31,3.2784988712170375,-0.755769021272263,1.9590271887296147
AM.R92E0.event.20260426T043244,R92E0,AM.R92E0.event.20260426T043244,CovNorm-lambda0.5,self_supervised_case_study,4.214002777043234,4.302656175181,0.08865339813776618,0.609730916527054,-0.3,3.058935093839079,-1.3635053510238013,0.9731886487713722
AM.R92E0.event.20260426T043244,R92E0,AM.R92E0.event.20260426T043244,Identity,identity_baseline,4.214002777043234,4.214002777043234,0.0,1.0,-0.25,,,
AM.R92E0.event.20260426T043244,R92E0,AM.R92E0.event.20260426T043244,Wiener-blind,deployable_signal_processing_baseline,4.214002777043234,4.264672466075646,0.05066968903241165,0.753297979804456,-0.29,6.34757253839467,28.169486979676034,44.78618754246772
AM.R92E0.event.20260509T045335,R92E0,AM.R92E0.event.20260509T045335,Band-pass,signal_processing_baseline,2.0737614068929453,4.7552051334353855,2.6814437265424402,0.29167419165545183,-0.93,3.1618633517050596,0.00025855471763309903,2.336061051554115
AM.R92E0.event.20260509T045335,R92E0,AM.R92E0.event.20260509T045335,CovNorm-lambda0,self_supervised_case_study,2.0737614068929453,2.6054954064532136,0.5317339995602683,0.7347574405192552,-1.39,0.5606408589796931,-5.9717466856620876,0.7803359277512388
AM.R92E0.event.20260509T045335,R92E0,AM.R92E0.event.20260509T045335,CovNorm-lambda0.1,self_supervised_case_study,2.0737614068929453,1.7861743127054328,-0.2875870941875125,0.6813799579581776,-0.89,-0.05133405774006886,-6.434515212134275,0.7714318353594317
AM.R92E0.event.20260509T045335,R92E0,AM.R92E0.event.20260509T045335,CovNorm-lambda0.5,self_supervised_case_study,2.0737614068929453,2.0940333488412173,0.020271941948271976,0.6656404926653593,-1.32,-2.2060531772844727,-7.1250939819580985,-1.1215685641495068
AM.R92E0.event.20260509T045335,R92E0,AM.R92E0.event.20260509T045335,Identity,identity_baseline,2.0737614068929453,2.0737614068929453,0.0,1.0,-0.9,,,
AM.R92E0.event.20260509T045335,R92E0,AM.R92E0.event.20260509T045335,Wiener-blind,deployable_signal_processing_baseline,2.0737614068929453,3.2887745519249103,1.215013145031965,0.5639484155572374,-1.17,7.253337482324764,31.603306505768213,50.16882575699034
AM.R92E0.event.20260515T113354,R92E0,AM.R92E0.event.20260515T113354,Band-pass,signal_processing_baseline,6.468296273084108,11.27627376425444,4.807977491170333,0.24289147977142286,1.75,2.502895722728581,0.00023791654506730763,1.2773495564802253
AM.R92E0.event.20260515T113354,R92E0,AM.R92E0.event.20260515T113354,CovNorm-lambda0,self_supervised_case_study,6.468296273084108,6.820011122964561,0.35171484988045343,0.7006221374156438,0.04,4.457295415951984,-4.945354219238201,1.6882905467675293
AM.R92E0.event.20260515T113354,R92E0,AM.R92E0.event.20260515T113354,CovNorm-lambda0.1,self_supervised_case_study,6.468296273084108,5.756801132428412,-0.7114951406556962,0.71445406918798,0.05,4.054374803132755,-5.369778164998361,0.1491238552179269
AM.R92E0.event.20260515T113354,R92E0,AM.R92E0.event.20260515T113354,CovNorm-lambda0.5,self_supervised_case_study,6.468296273084108,4.926402712367539,-1.5418935607165691,0.5858230716855667,0.06,2.9708868139160534,-5.035830068192802,-1.7860620891830223
AM.R92E0.event.20260515T113354,R92E0,AM.R92E0.event.20260515T113354,Identity,identity_baseline,6.468296273084108,6.468296273084108,0.0,1.0,-0.03,,,
AM.R92E0.event.20260515T113354,R92E0,AM.R92E0.event.20260515T113354,Wiener-blind,deployable_signal_processing_baseline,6.468296273084108,7.141957808179489,0.6736615350953814,0.6492642300981998,-0.06,9.476250322610056,13.225279755470362,8.954233424483578
AM.R92E0.event.20260516T145948,R92E0,AM.R92E0.event.20260516T145948,Band-pass,signal_processing_baseline,4.1517056177254,7.049217994693075,2.8975123769676747,0.22950332654122876,0.57,3.7986584199169577,0.0011784636176216344,1.5951263178580106
AM.R92E0.event.20260516T145948,R92E0,AM.R92E0.event.20260516T145948,CovNorm-lambda0,self_supervised_case_study,4.1517056177254,4.714010046292407,0.5623044285670069,0.8577895965453871,1.0,3.476489747318334,-7.593718602655031,1.746340168657077
AM.R92E0.event.20260516T145948,R92E0,AM.R92E0.event.20260516T145948,CovNorm-lambda0.1,self_supervised_case_study,4.1517056177254,2.350783820559779,-1.8009217971656213,0.6979824726021999,1.06,1.5745082022743977,-8.954461173125557,-0.29075773889140827
AM.R92E0.event.20260516T145948,R92E0,AM.R92E0.event.20260516T145948,CovNorm-lambda0.5,self_supervised_case_study,4.1517056177254,3.3493136732346125,-0.8023919444907879,0.6639940475311653,1.02,2.0457332063394085,-7.893269958271547,-2.1677076281916867
AM.R92E0.event.20260516T145948,R92E0,AM.R92E0.event.20260516T145948,Identity,identity_baseline,4.1517056177254,4.1517056177254,0.0,1.0,0.98,,,
AM.R92E0.event.20260516T145948,R92E0,AM.R92E0.event.20260516T145948,Wiener-blind,deployable_signal_processing_baseline,4.1517056177254,4.7419623993246605,0.5902567815992601,0.5575472377878854,1.03,6.9364425978406645,16.095062262493926,14.634424199506086
AM.R92E0.event.20260520T141619,R92E0,AM.R92E0.event.20260520T141619,Band-pass,signal_processing_baseline,-1.0558670002889485,-0.25464407982533166,0.8012229204636169,0.4063621132385326,0.88,2.302972120580373,0.0002070120873232969,1.4108857719602348
AM.R92E0.event.20260520T141619,R92E0,AM.R92E0.event.20260520T141619,CovNorm-lambda0,self_supervised_case_study,-1.0558670002889485,1.168175038452319,2.224042038741268,0.547808586922087,,6.5809080105410915,0.05500253950329833,7.111256618723121
AM.R92E0.event.20260520T141619,R92E0,AM.R92E0.event.20260520T141619,CovNorm-lambda0.1,self_supervised_case_study,-1.0558670002889485,0.02510286754525377,1.0809698678342023,0.45609109630457717,,5.333549136400954,-1.4257230942167063,4.763708382992752
AM.R92E0.event.20260520T141619,R92E0,AM.R92E0.event.20260520T141619,CovNorm-lambda0.5,self_supervised_case_study,-1.0558670002889485,-1.0897782912293266,-0.033911290940378036,0.4276578921597169,,5.940260657910137,-0.08721123487988451,4.084519946426391
AM.R92E0.event.20260520T141619,R92E0,AM.R92E0.event.20260520T141619,Identity,identity_baseline,-1.0558670002889485,-1.0558670002889485,0.0,1.0,,,,
AM.R92E0.event.20260520T141619,R92E0,AM.R92E0.event.20260520T141619,Wiener-blind,deployable_signal_processing_baseline,-1.0558670002889485,3.5713599698987295,4.627226970187678,0.13854302608845387,,46.082265777849635,11.739712759512168,25.87527288786552
AM.R976A.event.20251124T163141,R976A,AM.R976A.event.20251124T163141,Band-pass,signal_processing_baseline,1.2089404992620063,1.2529485903812465,0.0440080911192402,0.9315640830527679,0.13,0.14111419893122096,0.0002475034351630719,0.7195149929905332
AM.R976A.event.20251124T163141,R976A,AM.R976A.event.20251124T163141,CovNorm-lambda0,self_supervised_case_study,1.2089404992620063,0.9542181495058717,-0.2547223497561346,0.5713056259048778,1.01,7.445553343768371,3.4819496132368855,11.340676269709297
AM.R976A.event.20251124T163141,R976A,AM.R976A.event.20251124T163141,CovNorm-lambda0.1,self_supervised_case_study,1.2089404992620063,1.2438872775819374,0.03494677831993109,0.5532858328589152,1.88,6.986027813096071,2.4652956152005507,10.117412663888922
AM.R976A.event.20251124T163141,R976A,AM.R976A.event.20251124T163141,CovNorm-lambda0.5,self_supervised_case_study,1.2089404992620063,0.8990783237221927,-0.30986217553981366,0.43602884924891605,1.87,7.948732047631952,3.353209764600552,10.36415163323874
AM.R976A.event.20251124T163141,R976A,AM.R976A.event.20251124T163141,Identity,identity_baseline,1.2089404992620063,1.2089404992620063,0.0,1.0,,,,
AM.R976A.event.20251124T163141,R976A,AM.R976A.event.20251124T163141,Wiener-blind,deployable_signal_processing_baseline,1.2089404992620063,3.2646812610008817,2.0557407617388757,0.2066848487917272,1.48,26.504018815064843,22.192131176527255,44.998362336812306
AM.R976A.event.20260208T120157,R976A,AM.R976A.event.20260208T120157,Band-pass,signal_processing_baseline,3.5127779131995163,1.4433703433842981,-2.069407569815218,0.7806606167840668,1.5,1.0131759538761271,0.00023317652411664093,0.40942910698061924
AM.R976A.event.20260208T120157,R976A,AM.R976A.event.20260208T120157,CovNorm-lambda0,self_supervised_case_study,3.5127779131995163,3.9527308695539496,0.4399529563544333,0.5078553980473277,0.77,5.7440429353825,-0.35434166705521736,9.570672741512125
AM.R976A.event.20260208T120157,R976A,AM.R976A.event.20260208T120157,CovNorm-lambda0.1,self_supervised_case_study,3.5127779131995163,3.514314294271441,0.001536381071924886,0.6446245522365655,,4.465122488498291,-1.7661425395150745,7.28692475176537
AM.R976A.event.20260208T120157,R976A,AM.R976A.event.20260208T120157,CovNorm-lambda0.5,self_supervised_case_study,3.5127779131995163,4.009502557206105,0.49672464400658844,0.6686707236699869,1.56,4.298990962270657,-1.908850847081072,5.86562061019729
AM.R976A.event.20260208T120157,R976A,AM.R976A.event.20260208T120157,Identity,identity_baseline,3.5127779131995163,3.5127779131995163,0.0,1.0,1.54,,,
AM.R976A.event.20260208T120157,R976A,AM.R976A.event.20260208T120157,Wiener-blind,deployable_signal_processing_baseline,3.5127779131995163,5.207967362489305,1.695189449289789,0.4987066527113931,0.77,6.504571017624499,11.802771547051284,18.79194670889315
AM.R976A.event.20260317T043013,R976A,AM.R976A.event.20260317T043013,Band-pass,signal_processing_baseline,3.7251202128720267,4.601443609066896,0.8763233961948695,0.9123590766333948,0.07,1.1363391082259597,0.00027681085344817596,0.5550791020960154
AM.R976A.event.20260317T043013,R976A,AM.R976A.event.20260317T043013,CovNorm-lambda0,self_supervised_case_study,3.7251202128720267,5.221818011464332,1.4966977985923058,0.6575441751002694,-0.54,6.037590261035516,2.0636429441364648,8.740477774741505
AM.R976A.event.20260317T043013,R976A,AM.R976A.event.20260317T043013,CovNorm-lambda0.1,self_supervised_case_study,3.7251202128720267,4.072007972439237,0.3468877595672102,0.6536011084776908,-0.56,5.476333324189976,1.0448105405287027,7.060256334462113
AM.R976A.event.20260317T043013,R976A,AM.R976A.event.20260317T043013,CovNorm-lambda0.5,self_supervised_case_study,3.7251202128720267,3.8842417920043184,0.15912157913229175,0.5739405760410043,-0.56,4.986855873769129,0.6019776363099687,6.276699094814544
AM.R976A.event.20260317T043013,R976A,AM.R976A.event.20260317T043013,Identity,identity_baseline,3.7251202128720267,3.7251202128720267,0.0,1.0,0.18,,,
AM.R976A.event.20260317T043013,R976A,AM.R976A.event.20260317T043013,Wiener-blind,deployable_signal_processing_baseline,3.7251202128720267,4.294431349816165,0.5693111369441382,0.7122820308339511,0.14,2.7618823757532915,6.610555921384427,9.079190034357902
AM.R976A.event.20260330T022422,R976A,AM.R976A.event.20260330T022422,Band-pass,signal_processing_baseline,3.7271595977783054,4.2216853392594365,0.49452574148113104,0.6817823090112056,0.4,1.5733883052599114,0.0005772397201800208,0.7021859717560027
AM.R976A.event.20260330T022422,R976A,AM.R976A.event.20260330T022422,CovNorm-lambda0,self_supervised_case_study,3.7271595977783054,6.062548982287565,2.3353893845092593,0.6399660797489732,0.41,4.348481001111661,0.5007608122918463,9.851179004386985
AM.R976A.event.20260330T022422,R976A,AM.R976A.event.20260330T022422,CovNorm-lambda0.1,self_supervised_case_study,3.7271595977783054,4.212178043110041,0.4850184453317352,0.7023704039641491,0.42,3.0334999421052924,-0.6614523503360191,8.307416069499345
AM.R976A.event.20260330T022422,R976A,AM.R976A.event.20260330T022422,CovNorm-lambda0.5,self_supervised_case_study,3.7271595977783054,4.560837388631526,0.8336777908532209,0.6169168689706862,0.42,2.5510420169317714,-1.3367569431627766,8.167012287339183
AM.R976A.event.20260330T022422,R976A,AM.R976A.event.20260330T022422,Identity,identity_baseline,3.7271595977783054,3.7271595977783054,0.0,1.0,0.38,,,
AM.R976A.event.20260330T022422,R976A,AM.R976A.event.20260330T022422,Wiener-blind,deployable_signal_processing_baseline,3.7271595977783054,4.934783347997289,1.2076237502189837,0.41465962517483385,0.39,11.359780821629572,22.150549435644162,31.339347638759985
AM.R976A.event.20260404T060056,R976A,AM.R976A.event.20260404T060056,Band-pass,signal_processing_baseline,-0.9144429706939688,0.010023096000690568,0.9244660666946594,0.6323132145825745,-0.33,1.0234954688924054,0.0002914892295458579,0.7519258363638112
AM.R976A.event.20260404T060056,R976A,AM.R976A.event.20260404T060056,CovNorm-lambda0,self_supervised_case_study,-0.9144429706939688,-1.1006920691769893,-0.1862490984830204,0.4695634391324063,,4.627642906080272,-1.331628627020086,6.701985037875819
AM.R976A.event.20260404T060056,R976A,AM.R976A.event.20260404T060056,CovNorm-lambda0.1,self_supervised_case_study,-0.9144429706939688,-1.4131414868775063,-0.49869851618353744,0.5428689918103456,,4.222633740215975,-1.9502465053193399,5.356153474960375
AM.R976A.event.20260404T060056,R976A,AM.R976A.event.20260404T060056,CovNorm-lambda0.5,self_supervised_case_study,-0.9144429706939688,-1.75554676679365,-0.8411037960996811,0.6930957858055157,,4.173771016081879,-1.762791290924703,4.705919500785694
AM.R976A.event.20260404T060056,R976A,AM.R976A.event.20260404T060056,Identity,identity_baseline,-0.9144429706939688,-0.9144429706939688,0.0,1.0,,,,
AM.R976A.event.20260404T060056,R976A,AM.R976A.event.20260404T060056,Wiener-blind,deployable_signal_processing_baseline,-0.9144429706939688,4.022992484730429,4.9374354554243975,0.14938183523922818,-0.24,43.18758814084185,17.087351203234025,17.912898101804917
AM.R976A.event.20260506T134830,R976A,AM.R976A.event.20260506T134830,Band-pass,signal_processing_baseline,0.6794893287048056,0.8189490975282498,0.13945976882344424,0.9300126541661572,0.37,0.14463520579232778,0.00045608696786399085,1.1755176469533737
AM.R976A.event.20260506T134830,R976A,AM.R976A.event.20260506T134830,CovNorm-lambda0,self_supervised_case_study,0.6794893287048056,1.5893631829168184,0.9098738542120128,0.505458896530148,0.48,9.674089126264446,6.681583756141326,13.680431035374562
AM.R976A.event.20260506T134830,R976A,AM.R976A.event.20260506T134830,CovNorm-lambda0.1,self_supervised_case_study,0.6794893287048056,2.049827225870252,1.3703378971654463,0.46730186058812223,0.27,9.650181716003926,5.844632068290487,12.940747070170351
AM.R976A.event.20260506T134830,R976A,AM.R976A.event.20260506T134830,CovNorm-lambda0.5,self_supervised_case_study,0.6794893287048056,0.9574181052119174,0.2779287765071118,0.3284268811053681,0.24,11.081248780090363,6.874111619360711,12.606269887393728
AM.R976A.event.20260506T134830,R976A,AM.R976A.event.20260506T134830,Identity,identity_baseline,0.6794893287048056,0.6794893287048056,0.0,1.0,0.39,,,
AM.R976A.event.20260506T134830,R976A,AM.R976A.event.20260506T134830,Wiener-blind,deployable_signal_processing_baseline,0.6794893287048056,2.322497481510302,1.6430081528054965,0.17809195759423244,0.18,16.29914617169123,20.989955642173392,21.173429350036994
AM.R976A.event.20260513T082209,R976A,AM.R976A.event.20260513T082209,Band-pass,signal_processing_baseline,-0.7182253398611087,-0.349282618274959,0.3689427215861497,0.9469307931953377,,0.21248249744324535,0.0001395548584512607,0.6427711616593159
AM.R976A.event.20260513T082209,R976A,AM.R976A.event.20260513T082209,CovNorm-lambda0,self_supervised_case_study,-0.7182253398611087,-0.4738832828307357,0.24434205703037298,0.4870304743086319,,6.093324555829916,5.115214696488106,11.826339476064746
AM.R976A.event.20260513T082209,R976A,AM.R976A.event.20260513T082209,CovNorm-lambda0.1,self_supervised_case_study,-0.7182253398611087,-0.8140200894062686,-0.09579474954515987,0.5274717530561222,,4.987090842293152,3.3387380251678245,9.818734703826072
AM.R976A.event.20260513T082209,R976A,AM.R976A.event.20260513T082209,CovNorm-lambda0.5,self_supervised_case_study,-0.7182253398611087,-0.2692853187111092,0.4489400211499995,0.40696192157929195,,6.39568762994777,4.0331310822215585,9.716710545764577
AM.R976A.event.20260513T082209,R976A,AM.R976A.event.20260513T082209,Identity,identity_baseline,-0.7182253398611087,-0.7182253398611087,0.0,1.0,,,,
AM.R976A.event.20260513T082209,R976A,AM.R976A.event.20260513T082209,Wiener-blind,deployable_signal_processing_baseline,-0.7182253398611087,6.6970940762831095,7.415319416144218,0.14840655851364232,-0.17,21.272111001754446,18.916907017772218,19.903201141254808
AM.R976A.event.20260531T181153,R976A,AM.R976A.event.20260531T181153,Band-pass,signal_processing_baseline,1.5241182726598272,2.1981585860421062,0.674040313382279,0.8640472510583532,0.76,0.48642981004689556,0.0006539032065438639,1.2996600998539531
AM.R976A.event.20260531T181153,R976A,AM.R976A.event.20260531T181153,CovNorm-lambda0,self_supervised_case_study,1.5241182726598272,-0.4686414249149289,-1.9927596975747561,0.3372282044223432,0.75,9.928460220289573,7.48595137714122,12.125851308873363
AM.R976A.event.20260531T181153,R976A,AM.R976A.event.20260531T181153,CovNorm-lambda0.1,self_supervised_case_study,1.5241182726598272,0.48629236924471014,-1.0378259034151172,0.3332464825891687,0.76,9.23824660124671,6.563751585376409,10.961423994407179
AM.R976A.event.20260531T181153,R976A,AM.R976A.event.20260531T181153,CovNorm-lambda0.5,self_supervised_case_study,1.5241182726598272,-0.6282208314359801,-2.152339104095807,0.18951601851738825,,10.70771164047441,8.09147047877005,13.953967025523175
AM.R976A.event.20260531T181153,R976A,AM.R976A.event.20260531T181153,Identity,identity_baseline,1.5241182726598272,1.5241182726598272,0.0,1.0,0.78,,,
AM.R976A.event.20260531T181153,R976A,AM.R976A.event.20260531T181153,Wiener-blind,deployable_signal_processing_baseline,1.5241182726598272,9.627038690448728,8.102920417788901,0.6364622625423083,-0.6,10.354014185441173,8.89140188339323,24.061429176688105
AM.R985F.event.20260216T200419,R985F,AM.R985F.event.20260216T200419,Band-pass,signal_processing_baseline,2.2812752852877054,2.669522314992344,0.38824702970463854,0.8604228810676028,,0.007088593271144992,0.00011464377764753898,0.3295389850850043
AM.R985F.event.20260216T200419,R985F,AM.R985F.event.20260216T200419,CovNorm-lambda0,self_supervised_case_study,2.2812752852877054,2.0789278274368383,-0.20234745785086705,0.2841071945509892,-0.05,8.481653632627726,10.326572008626648,2.2844637754089274
AM.R985F.event.20260216T200419,R985F,AM.R985F.event.20260216T200419,CovNorm-lambda0.1,self_supervised_case_study,2.2812752852877054,0.09784773084971018,-2.183427554437995,0.45405478364033786,-0.06,8.546033359142617,8.025647153758609,-1.1725629098481096
AM.R985F.event.20260216T200419,R985F,AM.R985F.event.20260216T200419,CovNorm-lambda0.5,self_supervised_case_study,2.2812752852877054,0.3507805159511117,-1.9304947693365937,0.48166027658343075,-0.04,7.22259880284674,7.121359192996345,-1.1316502192997635
AM.R985F.event.20260216T200419,R985F,AM.R985F.event.20260216T200419,Identity,identity_baseline,2.2812752852877054,2.2812752852877054,0.0,1.0,,,,
AM.R985F.event.20260216T200419,R985F,AM.R985F.event.20260216T200419,Wiener-blind,deployable_signal_processing_baseline,2.2812752852877054,3.727948408655645,1.4466731233679395,0.5472190082010523,,4.9944408248888434,9.744671270650711,10.540035948805238
AM.R985F.event.20260217T223612,R985F,AM.R985F.event.20260217T223612,Band-pass,signal_processing_baseline,22.027083359854565,23.27708963973558,1.2500062798810134,0.9745279968553806,0.56,0.013648614608006098,0.00025243583147210755,0.5982436260438969
AM.R985F.event.20260217T223612,R985F,AM.R985F.event.20260217T223612,CovNorm-lambda0,self_supervised_case_study,22.027083359854565,31.571372337492207,9.544288977637642,0.6428488564831177,-1.43,14.711098130402505,18.36812733073013,15.12272175123722
AM.R985F.event.20260217T223612,R985F,AM.R985F.event.20260217T223612,CovNorm-lambda0.1,self_supervised_case_study,22.027083359854565,30.583609602532697,8.556526242678132,0.6629506881738134,0.07,13.30513776010894,14.862631827980943,12.528373121677268
AM.R985F.event.20260217T223612,R985F,AM.R985F.event.20260217T223612,CovNorm-lambda0.5,self_supervised_case_study,22.027083359854565,26.079299398346677,4.052216038492112,0.7078718604290329,-0.4,10.564903576612496,12.331157012263176,8.039694553395528
AM.R985F.event.20260217T223612,R985F,AM.R985F.event.20260217T223612,Identity,identity_baseline,22.027083359854565,22.027083359854565,0.0,1.0,0.7,,,
AM.R985F.event.20260217T223612,R985F,AM.R985F.event.20260217T223612,Wiener-blind,deployable_signal_processing_baseline,22.027083359854565,25.94133876778973,3.9142554079351655,0.9497591322363343,0.55,0.09536865963397567,0.4988320220030409,3.5672192371244438
AM.R985F.event.20260225T201623,R985F,AM.R985F.event.20260225T201623,Band-pass,signal_processing_baseline,-3.0320326963965947,-3.2964601607814963,-0.2644274643849016,0.916260094594494,,0.0038292658390794974,0.0001884107959028923,0.32480496740657167
AM.R985F.event.20260225T201623,R985F,AM.R985F.event.20260225T201623,CovNorm-lambda0,self_supervised_case_study,-3.0320326963965947,-5.129911269098207,-2.097878572701612,0.40237825667836186,,8.596836225578109,7.029700620784567,5.342578595957479
AM.R985F.event.20260225T201623,R985F,AM.R985F.event.20260225T201623,CovNorm-lambda0.1,self_supervised_case_study,-3.0320326963965947,-4.113727191378146,-1.0816944949815515,0.5059519597299199,,8.670607136556466,6.602776771982761,4.350413094950301
AM.R985F.event.20260225T201623,R985F,AM.R985F.event.20260225T201623,CovNorm-lambda0.5,self_supervised_case_study,-3.0320326963965947,-3.8633104334232238,-0.8312777370266291,0.4178156255189152,,9.44901076893826,8.381598676330304,6.779105566607256
AM.R985F.event.20260225T201623,R985F,AM.R985F.event.20260225T201623,Identity,identity_baseline,-3.0320326963965947,-3.0320326963965947,0.0,1.0,,,,
AM.R985F.event.20260225T201623,R985F,AM.R985F.event.20260225T201623,Wiener-blind,deployable_signal_processing_baseline,-3.0320326963965947,2.026137273447251,5.058169969843846,0.04991551659321324,,109.63105265561227,124.37123463193007,111.85899128622691
AM.R985F.event.20260301T190037,R985F,AM.R985F.event.20260301T190037,Band-pass,signal_processing_baseline,6.573034520417414,8.164551349697714,1.5915168292803,0.9600859695270771,1.52,0.048950128076457024,0.00027274771442168934,2.238414336495524
AM.R985F.event.20260301T190037,R985F,AM.R985F.event.20260301T190037,CovNorm-lambda0,self_supervised_case_study,6.573034520417414,9.508952700410497,2.9359181799930827,0.26327417954192894,1.39,12.180790064887226,14.225940415678942,14.924383258016737
AM.R985F.event.20260301T190037,R985F,AM.R985F.event.20260301T190037,CovNorm-lambda0.1,self_supervised_case_study,6.573034520417414,9.30974364627177,2.7367091258543557,0.3324554250316781,0.16,10.429252373215803,12.111148142262195,13.899617331563997
AM.R985F.event.20260301T190037,R985F,AM.R985F.event.20260301T190037,CovNorm-lambda0.5,self_supervised_case_study,6.573034520417414,8.854315231616368,2.2812807111989546,0.46419652310024195,1.51,7.778878189787929,9.500813730609023,10.850049027806124
AM.R985F.event.20260301T190037,R985F,AM.R985F.event.20260301T190037,Identity,identity_baseline,6.573034520417414,6.573034520417414,0.0,1.0,1.79,,,
AM.R985F.event.20260301T190037,R985F,AM.R985F.event.20260301T190037,Wiener-blind,deployable_signal_processing_baseline,6.573034520417414,10.548736234063643,3.975701713646229,0.7680447938650616,0.35,0.3910882918338725,0.6649915751408993,7.737820790532258
AM.R985F.event.20260311T201711,R985F,AM.R985F.event.20260311T201711,Band-pass,signal_processing_baseline,22.672607442841613,23.71592591073911,1.043318467897496,1.103387249785466,1.85,0.021377960965081693,0.0003779057931356433,0.9847789672566085
AM.R985F.event.20260311T201711,R985F,AM.R985F.event.20260311T201711,CovNorm-lambda0,self_supervised_case_study,22.672607442841613,33.366911642710626,10.694304199869013,0.6744412358505552,0.73,16.59768703906899,16.734119323931044,16.872436919081455
AM.R985F.event.20260311T201711,R985F,AM.R985F.event.20260311T201711,CovNorm-lambda0.1,self_supervised_case_study,22.672607442841613,29.360245400441137,6.687637957599524,0.8245653837610956,1.35,14.870071739057858,14.36695799908324,15.789897451299316
AM.R985F.event.20260311T201711,R985F,AM.R985F.event.20260311T201711,CovNorm-lambda0.5,self_supervised_case_study,22.672607442841613,27.50007801554428,4.827470572702666,0.8639827754946922,1.22,12.610543827230638,11.177515529010336,12.318031741057538
AM.R985F.event.20260311T201711,R985F,AM.R985F.event.20260311T201711,Identity,identity_baseline,22.672607442841613,22.672607442841613,0.0,1.0,1.97,,,
AM.R985F.event.20260311T201711,R985F,AM.R985F.event.20260311T201711,Wiener-blind,deployable_signal_processing_baseline,22.672607442841613,25.34907242132272,2.676464978481107,0.871720994410367,1.95,0.032591167757681415,0.3202100552353107,3.4730828945471774
AM.R985F.event.20260325T201417,R985F,AM.R985F.event.20260325T201417,Band-pass,signal_processing_baseline,9.988448585974345,12.777926868551221,2.7894782825768765,0.9795782022193664,1.48,0.0054588945295352,0.0002480214779485294,2.0934641467056356
AM.R985F.event.20260325T201417,R985F,AM.R985F.event.20260325T201417,CovNorm-lambda0,self_supervised_case_study,9.988448585974345,15.74922457058186,5.760775984607516,0.5444633048350505,1.55,13.239327794623216,15.59970384045778,11.667783354158914
AM.R985F.event.20260325T201417,R985F,AM.R985F.event.20260325T201417,CovNorm-lambda0.1,self_supervised_case_study,9.988448585974345,13.941222944914388,3.9527743589400437,0.5143767663517842,1.35,10.350732046679502,13.023968024183512,10.811044391249135
AM.R985F.event.20260325T201417,R985F,AM.R985F.event.20260325T201417,CovNorm-lambda0.5,self_supervised_case_study,9.988448585974345,12.839937497874141,2.8514889118997964,0.4780814898674891,1.53,8.919255731697566,10.611678773167268,8.860702031606985
AM.R985F.event.20260325T201417,R985F,AM.R985F.event.20260325T201417,Identity,identity_baseline,9.988448585974345,9.988448585974345,0.0,1.0,1.57,,,
AM.R985F.event.20260325T201417,R985F,AM.R985F.event.20260325T201417,Wiener-blind,deployable_signal_processing_baseline,9.988448585974345,21.09310843744341,11.104659851469064,0.9802256408724175,1.41,0.29577534154037816,4.187366135891996,21.034495042866567
AM.R985F.event.20260412T150241,R985F,AM.R985F.event.20260412T150241,Band-pass,signal_processing_baseline,0.2388875326738063,0.6672814941135463,0.42839396143974,0.8264511171218099,-1.74,0.11426353578324794,0.00045393434131339906,0.3796581892941215
AM.R985F.event.20260412T150241,R985F,AM.R985F.event.20260412T150241,CovNorm-lambda0,self_supervised_case_study,0.2388875326738063,-0.33396714108947817,-0.5728546737632845,0.2707766549597887,-0.32,9.16697963843641,13.012939079335013,10.224545217471213
AM.R985F.event.20260412T150241,R985F,AM.R985F.event.20260412T150241,CovNorm-lambda0.1,self_supervised_case_study,0.2388875326738063,-1.3192700528949697,-1.558157585568776,0.4682385683313164,0.92,5.905598472794483,9.456391683758596,6.138056240364598
AM.R985F.event.20260412T150241,R985F,AM.R985F.event.20260412T150241,CovNorm-lambda0.5,self_supervised_case_study,0.2388875326738063,-0.6501611405789391,-0.8890486732527454,0.4462689862581599,-1.48,6.649375774463693,9.913475988702388,5.984914495054003
AM.R985F.event.20260412T150241,R985F,AM.R985F.event.20260412T150241,Identity,identity_baseline,0.2388875326738063,0.2388875326738063,0.0,1.0,-1.69,,,
AM.R985F.event.20260412T150241,R985F,AM.R985F.event.20260412T150241,Wiener-blind,deployable_signal_processing_baseline,0.2388875326738063,3.5749174942723982,3.3360299615985918,0.24655370606444377,,3.298599097512156,14.421011462475766,40.10815758324018
AM.R985F.event.20260507T174558,R985F,AM.R985F.event.20260507T174558,Band-pass,signal_processing_baseline,0.07592873213800184,0.031235677145325453,-0.044693054992676395,0.8756669935326414,,0.02363411385558076,0.0003391519773266619,0.15294083995469204
AM.R985F.event.20260507T174558,R985F,AM.R985F.event.20260507T174558,CovNorm-lambda0,self_supervised_case_study,0.07592873213800184,-6.141669486995741,-6.217598219133743,0.29840119707273965,,7.410397038491719,4.916190387700435,6.358956028200787
AM.R985F.event.20260507T174558,R985F,AM.R985F.event.20260507T174558,CovNorm-lambda0.1,self_supervised_case_study,0.07592873213800184,-3.926282595220027,-4.002211327358029,0.4453362767419986,,6.528604902078378,3.4246223519606205,5.447932610989368
AM.R985F.event.20260507T174558,R985F,AM.R985F.event.20260507T174558,CovNorm-lambda0.5,self_supervised_case_study,0.07592873213800184,-1.7235079682545158,-1.7994367003925176,0.49633629564417536,,7.43360704660148,4.641643512916455,7.480460205573471
AM.R985F.event.20260507T174558,R985F,AM.R985F.event.20260507T174558,Identity,identity_baseline,0.07592873213800184,0.07592873213800184,0.0,1.0,,,,
AM.R985F.event.20260507T174558,R985F,AM.R985F.event.20260507T174558,Wiener-blind,deployable_signal_processing_baseline,0.07592873213800184,5.800573262452079,5.724644530314077,0.45702832718468256,,2.758091349307433,4.240823266767627,16.79882337434351
AM.R9F13.event.20251025T012054,R9F13,AM.R9F13.event.20251025T012054,Band-pass,signal_processing_baseline,-0.5132071359178854,-0.5864788921573784,-0.073271756239493,0.9708615758054089,,0.04641473709234898,0.00025400728501479773,0.1915918318413217
AM.R9F13.event.20251025T012054,R9F13,AM.R9F13.event.20251025T012054,CovNorm-lambda0,self_supervised_case_study,-0.5132071359178854,-2.335756802399315,-1.8225496664814296,0.3289075773153395,,6.804995491465455,6.517458759249561,4.749079534377743
AM.R9F13.event.20251025T012054,R9F13,AM.R9F13.event.20251025T012054,CovNorm-lambda0.1,self_supervised_case_study,-0.5132071359178854,-1.6807593446974312,-1.1675522087795458,0.46287577150502035,,6.357084151879394,5.304703862990368,3.2141006886490877
AM.R9F13.event.20251025T012054,R9F13,AM.R9F13.event.20251025T012054,CovNorm-lambda0.5,self_supervised_case_study,-0.5132071359178854,-1.3059273514959038,-0.7927202155780184,0.3898768943997191,,6.247493820261682,5.499223790180388,3.52749563800988
AM.R9F13.event.20251025T012054,R9F13,AM.R9F13.event.20251025T012054,Identity,identity_baseline,-0.5132071359178854,-0.5132071359178854,0.0,1.0,,,,
AM.R9F13.event.20251025T012054,R9F13,AM.R9F13.event.20251025T012054,Wiener-blind,deployable_signal_processing_baseline,-0.5132071359178854,2.315449679450278,2.8286568153681633,0.11892818738661784,0.56,50.87873769859476,20.445133210230182,25.30879216803844
AM.R9F13.event.20251208T053145,R9F13,AM.R9F13.event.20251208T053145,Band-pass,signal_processing_baseline,0.9052436743817437,0.9399790822602874,0.03473540787854368,0.9976826980648216,,0.0860464283499807,0.00031277157171188155,0.06582768883889724
AM.R9F13.event.20251208T053145,R9F13,AM.R9F13.event.20251208T053145,CovNorm-lambda0,self_supervised_case_study,0.9052436743817437,-1.2992804077448077,-2.2045240821265515,0.46284226642370685,,7.27390807921779,7.642109942340994,2.8457757187364354
AM.R9F13.event.20251208T053145,R9F13,AM.R9F13.event.20251208T053145,CovNorm-lambda0.1,self_supervised_case_study,0.9052436743817437,-1.7334425379326963,-2.63868621231444,0.5180728634119011,,7.290701114721024,6.961321334792234,1.4700729166126214
AM.R9F13.event.20251208T053145,R9F13,AM.R9F13.event.20251208T053145,CovNorm-lambda0.5,self_supervised_case_study,0.9052436743817437,-1.8829976830534063,-2.78824135743515,0.45794287935302835,,7.33035634300906,7.151369193942538,2.038421106429485
AM.R9F13.event.20251208T053145,R9F13,AM.R9F13.event.20251208T053145,Identity,identity_baseline,0.9052436743817437,0.9052436743817437,0.0,1.0,,,,
AM.R9F13.event.20251208T053145,R9F13,AM.R9F13.event.20251208T053145,Wiener-blind,deployable_signal_processing_baseline,0.9052436743817437,3.744175701732665,2.8389320273509213,0.25886359230978,-0.81,15.147789218745073,31.956681799479373,17.046325461626733
AM.R9F13.event.20260113T083008,R9F13,AM.R9F13.event.20260113T083008,Band-pass,signal_processing_baseline,-2.457624002338505,-2.483789157441748,-0.02616515510324291,0.9810992066973299,-1.45,0.016098065015972444,0.00021098770590357351,0.21029898234763622
AM.R9F13.event.20260113T083008,R9F13,AM.R9F13.event.20260113T083008,CovNorm-lambda0,self_supervised_case_study,-2.457624002338505,-4.866203596175231,-2.4085795938367256,0.3464942300006191,,6.989255045051998,6.115818991556537,-1.4399957869043571
AM.R9F13.event.20260113T083008,R9F13,AM.R9F13.event.20260113T083008,CovNorm-lambda0.1,self_supervised_case_study,-2.457624002338505,-4.147598382876871,-1.689974380538366,0.4031350277074046,,7.002076816380348,5.6791645848695405,-2.7558531975690257
AM.R9F13.event.20260113T083008,R9F13,AM.R9F13.event.20260113T083008,CovNorm-lambda0.5,self_supervised_case_study,-2.457624002338505,-4.007111741571291,-1.5494877392327857,0.4383018610108893,,6.381475448327582,4.731447951485067,-2.0607819926108615
AM.R9F13.event.20260113T083008,R9F13,AM.R9F13.event.20260113T083008,Identity,identity_baseline,-2.457624002338505,-2.457624002338505,0.0,1.0,-1.45,,,
AM.R9F13.event.20260113T083008,R9F13,AM.R9F13.event.20260113T083008,Wiener-blind,deployable_signal_processing_baseline,-2.457624002338505,0.3278682068794539,2.785492209217959,0.06134861621368326,,31.228921894626396,22.974870185713012,18.708597977967514
AM.R9F13.event.20260121T091716,R9F13,AM.R9F13.event.20260121T091716,Band-pass,signal_processing_baseline,2.033591326107931,1.9163621477366,-0.11722917837133084,0.9547380172380471,0.33,0.049303597560409425,0.0001325191141097494,0.2772074929801082
AM.R9F13.event.20260121T091716,R9F13,AM.R9F13.event.20260121T091716,CovNorm-lambda0,self_supervised_case_study,2.033591326107931,-0.436119963710925,-2.469711289818856,0.34952945539742003,0.29,7.808874132059103,8.294114428622704,1.8008603506910708
AM.R9F13.event.20260121T091716,R9F13,AM.R9F13.event.20260121T091716,CovNorm-lambda0.1,self_supervised_case_study,2.033591326107931,0.40500377333270937,-1.6285875527752214,0.531294267794775,0.39,7.84171246979118,7.146997580134407,0.3326371508533382
AM.R9F13.event.20260121T091716,R9F13,AM.R9F13.event.20260121T091716,CovNorm-lambda0.5,self_supervised_case_study,2.033591326107931,-0.8111294985494689,-2.8447208246574,0.43013757755755855,0.44,8.075875372966236,7.0389291805568375,0.43154124849994785
AM.R9F13.event.20260121T091716,R9F13,AM.R9F13.event.20260121T091716,Identity,identity_baseline,2.033591326107931,2.033591326107931,0.0,1.0,0.33,,,
AM.R9F13.event.20260121T091716,R9F13,AM.R9F13.event.20260121T091716,Wiener-blind,deployable_signal_processing_baseline,2.033591326107931,6.255738648277083,4.2221473221691515,0.17887060747661784,0.13,24.31657834585458,17.226863749868553,7.69408742932923
AM.R9F13.event.20260221T124506,R9F13,AM.R9F13.event.20260221T124506,Band-pass,signal_processing_baseline,1.6288510916846455,1.612707927733275,-0.0161431639513705,0.9659377406237813,0.27,0.0845732549980444,0.00023468758452708803,0.13685817476287035
AM.R9F13.event.20260221T124506,R9F13,AM.R9F13.event.20260221T124506,CovNorm-lambda0,self_supervised_case_study,1.6288510916846455,1.2598876077834396,-0.3689634839012059,0.4355488916001601,0.52,9.188204950210402,7.977389250592069,4.62930401932828
AM.R9F13.event.20260221T124506,R9F13,AM.R9F13.event.20260221T124506,CovNorm-lambda0.1,self_supervised_case_study,1.6288510916846455,0.8262995620925115,-0.8025515295921339,0.5370913254329027,0.51,8.410503248979083,6.6179860000706965,2.6924084662974312
AM.R9F13.event.20260221T124506,R9F13,AM.R9F13.event.20260221T124506,CovNorm-lambda0.5,self_supervised_case_study,1.6288510916846455,-0.03718979954338978,-1.6660408912280353,0.43127615188306984,-1.81,7.742607062545919,6.458346692846614,2.6445432330668037
AM.R9F13.event.20260221T124506,R9F13,AM.R9F13.event.20260221T124506,Identity,identity_baseline,1.6288510916846455,1.6288510916846455,0.0,1.0,0.28,,,
AM.R9F13.event.20260221T124506,R9F13,AM.R9F13.event.20260221T124506,Wiener-blind,deployable_signal_processing_baseline,1.6288510916846455,3.5530943832455595,1.924243291560914,0.30535110167979457,0.05,18.305750903466066,15.518067246353388,15.02129350457298
AM.R9F13.event.20260304T002515,R9F13,AM.R9F13.event.20260304T002515,Band-pass,signal_processing_baseline,6.178937242040191,6.62036210859862,0.44142486655842905,1.007897365394,1.16,0.1692170658209349,0.00018124647588688841,0.16927639760473823
AM.R9F13.event.20260304T002515,R9F13,AM.R9F13.event.20260304T002515,CovNorm-lambda0,self_supervised_case_study,6.178937242040191,5.515476935371594,-0.6634603066685969,0.2791066025126587,,7.852110969301513,8.064158815937821,8.843532899379081
AM.R9F13.event.20260304T002515,R9F13,AM.R9F13.event.20260304T002515,CovNorm-lambda0.1,self_supervised_case_study,6.178937242040191,4.868330492527065,-1.3106067495131262,0.35279170293683526,,5.885591013834007,6.381515471487201,7.3886883989309515
AM.R9F13.event.20260304T002515,R9F13,AM.R9F13.event.20260304T002515,CovNorm-lambda0.5,self_supervised_case_study,6.178937242040191,3.4588583857205233,-2.7200788563196676,0.4173750770279874,,5.271493186956442,5.648910112176213,6.940457390252579
AM.R9F13.event.20260304T002515,R9F13,AM.R9F13.event.20260304T002515,Identity,identity_baseline,6.178937242040191,6.178937242040191,0.0,1.0,1.18,,,
AM.R9F13.event.20260304T002515,R9F13,AM.R9F13.event.20260304T002515,Wiener-blind,deployable_signal_processing_baseline,6.178937242040191,8.741028572101989,2.562091330061798,0.7370191787246317,0.95,9.40914022745458,2.9385027206737355,10.127325199428553
AM.R9F13.event.20260426T022606,R9F13,AM.R9F13.event.20260426T022606,Band-pass,signal_processing_baseline,-4.0128480064193495,-3.5322743570252784,0.4805736493940711,0.8419730888383575,,0.242746590736351,0.00038857540148592935,1.0211787611560743
AM.R9F13.event.20260426T022606,R9F13,AM.R9F13.event.20260426T022606,CovNorm-lambda0,self_supervised_case_study,-4.0128480064193495,-9.244761967854107,-5.231913961434757,0.24951765410612955,,8.724712985541567,9.497539110247237,10.184718256799648
AM.R9F13.event.20260426T022606,R9F13,AM.R9F13.event.20260426T022606,CovNorm-lambda0.1,self_supervised_case_study,-4.0128480064193495,-5.0121312455985825,-0.999283239179233,0.3477827970408458,,7.809124477621214,8.411188693303657,9.781304587684486
AM.R9F13.event.20260426T022606,R9F13,AM.R9F13.event.20260426T022606,CovNorm-lambda0.5,self_supervised_case_study,-4.0128480064193495,-4.5963808869444565,-0.583532880525107,0.25837166229005704,,10.109048738341684,10.380660791916686,11.159216923672153
AM.R9F13.event.20260426T022606,R9F13,AM.R9F13.event.20260426T022606,Identity,identity_baseline,-4.0128480064193495,-4.0128480064193495,0.0,1.0,,,,
AM.R9F13.event.20260426T022606,R9F13,AM.R9F13.event.20260426T022606,Wiener-blind,deployable_signal_processing_baseline,-4.0128480064193495,2.4245719120436484,6.437419918462998,0.03805638126940255,-1.47,14.828622650378435,20.961408576942386,79.11001916169953
AM.R9F13.event.20260505T003718,R9F13,AM.R9F13.event.20260505T003718,Band-pass,signal_processing_baseline,1.3037518707328224,1.282670034792286,-0.021081835940536475,1.047122281192985,1.57,0.06275964692198645,0.00023030840628271787,0.11486548334546635
AM.R9F13.event.20260505T003718,R9F13,AM.R9F13.event.20260505T003718,CovNorm-lambda0,self_supervised_case_study,1.3037518707328224,-0.6403428470666201,-1.9440947177994425,0.3289942838565549,1.84,8.337957606294353,7.601477820729883,6.759153054245889
AM.R9F13.event.20260505T003718,R9F13,AM.R9F13.event.20260505T003718,CovNorm-lambda0.1,self_supervised_case_study,1.3037518707328224,-1.3945508768203831,-2.6983027475532055,0.39113520033097615,1.76,7.325587813237,6.427459821510144,4.979452056320195
AM.R9F13.event.20260505T003718,R9F13,AM.R9F13.event.20260505T003718,CovNorm-lambda0.5,self_supervised_case_study,1.3037518707328224,-1.3176017288786814,-2.6213535996115036,0.3588826300587177,2.0,6.200703491662902,5.8026491315592414,4.836660754614363
AM.R9F13.event.20260505T003718,R9F13,AM.R9F13.event.20260505T003718,Identity,identity_baseline,1.3037518707328224,1.3037518707328224,0.0,1.0,1.58,,,
AM.R9F13.event.20260505T003718,R9F13,AM.R9F13.event.20260505T003718,Wiener-blind,deployable_signal_processing_baseline,1.3037518707328224,5.118385767969011,3.8146338972361886,0.2468742666548018,0.18,8.301895016700163,12.822653191291417,39.63835953753647
AM.RA825.event.20260420T224413,RA825,AM.RA825.event.20260420T224413,Band-pass,signal_processing_baseline,9.508948393995913,7.881387880498406,-1.6275605134975075,0.7983659503140769,0.13,0.18770592407585907,9.975434418281709e-05,0.5548393728240063
AM.RA825.event.20260420T224413,RA825,AM.RA825.event.20260420T224413,CovNorm-lambda0,self_supervised_case_study,9.508948393995913,5.63584069070595,-3.8731077032899632,0.3110117767549785,1.65,9.471516648688322,12.384399354172102,7.805676123626296
AM.RA825.event.20260420T224413,RA825,AM.RA825.event.20260420T224413,CovNorm-lambda0.1,self_supervised_case_study,9.508948393995913,3.7915450862073103,-5.717403307788603,0.3667882938929403,1.66,7.256504391317333,10.161852988122765,5.289498533699896
AM.RA825.event.20260420T224413,RA825,AM.RA825.event.20260420T224413,CovNorm-lambda0.5,self_supervised_case_study,9.508948393995913,4.211656962739895,-5.297291431256018,0.19420961424349456,1.65,11.712676184678472,14.421830037698824,9.533340515136171
AM.RA825.event.20260420T224413,RA825,AM.RA825.event.20260420T224413,Identity,identity_baseline,9.508948393995913,9.508948393995913,0.0,1.0,0.17,,,
AM.RA825.event.20260420T224413,RA825,AM.RA825.event.20260420T224413,Wiener-blind,deployable_signal_processing_baseline,9.508948393995913,12.752733938438904,3.243785544442991,0.8241361113383167,-0.07,33.914676423605904,10.436378642636582,2.379178517157246
AM.RA825.event.20260422T172416,RA825,AM.RA825.event.20260422T172416,Band-pass,signal_processing_baseline,7.975241058258237,7.108809432327401,-0.8664316259308356,0.8073748881466877,-0.92,0.7038222575747427,0.0006237964522306462,0.32583144567446704
AM.RA825.event.20260422T172416,RA825,AM.RA825.event.20260422T172416,CovNorm-lambda0,self_supervised_case_study,7.975241058258237,6.75108043756836,-1.2241606206898767,0.3852770535532155,0.71,10.90535547585426,9.414944739371405,13.174735276719629
AM.RA825.event.20260422T172416,RA825,AM.RA825.event.20260422T172416,CovNorm-lambda0.1,self_supervised_case_study,7.975241058258237,6.4614205860200205,-1.5138204722382165,0.34927058647126275,0.8,10.406806592710735,8.173441964442338,10.582011567112167
AM.RA825.event.20260422T172416,RA825,AM.RA825.event.20260422T172416,CovNorm-lambda0.5,self_supervised_case_study,7.975241058258237,4.775773645652696,-3.199467412605541,0.17758203323621558,0.76,11.298200159010547,10.448703435702567,12.150420224570496
AM.RA825.event.20260422T172416,RA825,AM.RA825.event.20260422T172416,Identity,identity_baseline,7.975241058258237,7.975241058258237,0.0,1.0,0.65,,,
AM.RA825.event.20260422T172416,RA825,AM.RA825.event.20260422T172416,Wiener-blind,deployable_signal_processing_baseline,7.975241058258237,10.732103965727402,2.7568629074691655,0.861834920954693,-1.3,19.629589598283914,20.02032639406572,5.363315029945416
AM.RA825.event.20260422T172539,RA825,AM.RA825.event.20260422T172539,Band-pass,signal_processing_baseline,10.66752888562135,10.166099094725713,-0.5014297908956369,0.8311749218076898,1.58,0.8032028864742587,0.00033381470773441213,0.5109006371323352
AM.RA825.event.20260422T172539,RA825,AM.RA825.event.20260422T172539,CovNorm-lambda0,self_supervised_case_study,10.66752888562135,8.725553311602596,-1.9419755740187536,0.34843999340943876,,8.555026141557493,7.074392515319577,10.348994760918961
AM.RA825.event.20260422T172539,RA825,AM.RA825.event.20260422T172539,CovNorm-lambda0.1,self_supervised_case_study,10.66752888562135,6.060844571747729,-4.606684313873621,0.41251256725490004,1.95,6.733559406374437,4.650989355905715,7.645776014132149
AM.RA825.event.20260422T172539,RA825,AM.RA825.event.20260422T172539,CovNorm-lambda0.5,self_supervised_case_study,10.66752888562135,4.781241779065929,-5.886287106555421,0.39535541493719983,-1.84,7.010751283277197,5.170933433290069,8.398435653207006
AM.RA825.event.20260422T172539,RA825,AM.RA825.event.20260422T172539,Identity,identity_baseline,10.66752888562135,10.66752888562135,0.0,1.0,-1.99,,,
AM.RA825.event.20260422T172539,RA825,AM.RA825.event.20260422T172539,Wiener-blind,deployable_signal_processing_baseline,10.66752888562135,14.782357104427003,4.114828218805654,0.5919802574879178,1.8,6.667432391087957,6.066427544179196,2.591675408240003
AM.RA825.event.20260424T193141,RA825,AM.RA825.event.20260424T193141,Band-pass,signal_processing_baseline,9.774604889839702,9.207751625407576,-0.566853264432126,0.7700198162468153,-0.33,1.049991767726889,0.0003394218797737822,1.0568156945367693
AM.RA825.event.20260424T193141,RA825,AM.RA825.event.20260424T193141,CovNorm-lambda0,self_supervised_case_study,9.774604889839702,7.576455599919061,-2.198149289920641,0.4498732511516733,-0.3,11.442232915751509,12.745763217327294,11.500722763468772
AM.RA825.event.20260424T193141,RA825,AM.RA825.event.20260424T193141,CovNorm-lambda0.1,self_supervised_case_study,9.774604889839702,7.674894832729576,-2.0997100571101264,0.3665457717578078,-0.15,9.30377544460568,9.149857431085465,11.409830923462756
AM.RA825.event.20260424T193141,RA825,AM.RA825.event.20260424T193141,CovNorm-lambda0.5,self_supervised_case_study,9.774604889839702,5.372478118476724,-4.402126771362979,0.3424705201980842,-0.18,10.399096255133498,11.212426434039996,10.16933449575623
AM.RA825.event.20260424T193141,RA825,AM.RA825.event.20260424T193141,Identity,identity_baseline,9.774604889839702,9.774604889839702,0.0,1.0,-0.33,,,
AM.RA825.event.20260424T193141,RA825,AM.RA825.event.20260424T193141,Wiener-blind,deployable_signal_processing_baseline,9.774604889839702,11.130704310603024,1.3560994207633215,0.7522296588525123,-0.35,15.183872864374058,7.734225877727771,3.400298468643865
AM.RA825.event.20260425T192159,RA825,AM.RA825.event.20260425T192159,Band-pass,signal_processing_baseline,9.99298372143318,9.784145992813517,-0.2088377286196632,0.9428852649230359,1.59,0.9025684302976758,0.00022227962370466574,0.45994665010635877
AM.RA825.event.20260425T192159,RA825,AM.RA825.event.20260425T192159,CovNorm-lambda0,self_supervised_case_study,9.99298372143318,9.524063743580426,-0.46891997785275485,0.3041115026103168,1.52,10.928816338452824,10.668758576697963,9.796835832401184
AM.RA825.event.20260425T192159,RA825,AM.RA825.event.20260425T192159,CovNorm-lambda0.1,self_supervised_case_study,9.99298372143318,7.37058959439273,-2.62239412704045,0.31876387112357585,1.16,8.99866621602136,7.927882065659809,6.462521863681013
AM.RA825.event.20260425T192159,RA825,AM.RA825.event.20260425T192159,CovNorm-lambda0.5,self_supervised_case_study,9.99298372143318,7.053934216762316,-2.939049504670865,0.3359602548895207,1.16,10.537145983290966,10.397561535098564,8.454753492864624
AM.RA825.event.20260425T192159,RA825,AM.RA825.event.20260425T192159,Identity,identity_baseline,9.99298372143318,9.99298372143318,0.0,1.0,1.63,,,
AM.RA825.event.20260425T192159,RA825,AM.RA825.event.20260425T192159,Wiener-blind,deployable_signal_processing_baseline,9.99298372143318,14.481075866194368,4.488092144761188,0.6607371053707387,1.05,11.570057944368587,11.934041707801867,1.901793423201693
AM.RA825.event.20260509T045930,RA825,AM.RA825.event.20260509T045930,Band-pass,signal_processing_baseline,-1.8090866327759059,2.6470664038354603,4.456153036611366,0.9783793999239336,1.02,0.568358878366444,0.00018213732168794925,1.4068000941609229
AM.RA825.event.20260509T045930,RA825,AM.RA825.event.20260509T045930,CovNorm-lambda0,self_supervised_case_study,-1.8090866327759059,2.6349966821560495,4.444083314931955,0.34511820872186444,1.15,8.184624875768721,11.6118747597413,15.392035694423512
AM.RA825.event.20260509T045930,RA825,AM.RA825.event.20260509T045930,CovNorm-lambda0.1,self_supervised_case_study,-1.8090866327759059,1.4782103952528638,3.2872970280287697,0.30305001103871054,1.36,6.750875856098761,9.485360526523358,14.174406101289078
AM.RA825.event.20260509T045930,RA825,AM.RA825.event.20260509T045930,CovNorm-lambda0.5,self_supervised_case_study,-1.8090866327759059,0.8927357510264429,2.701822383802349,0.29233929425498445,1.51,6.562560280309714,10.256794037455023,15.704135385291513
AM.RA825.event.20260509T045930,RA825,AM.RA825.event.20260509T045930,Identity,identity_baseline,-1.8090866327759059,-1.8090866327759059,0.0,1.0,1.13,,,
AM.RA825.event.20260509T045930,RA825,AM.RA825.event.20260509T045930,Wiener-blind,deployable_signal_processing_baseline,-1.8090866327759059,13.081244619390288,14.890331252166193,0.8492559958504406,0.76,1.006976246829263,8.730075258925085,89.04310526869426
AM.RA825.event.20260509T150700,RA825,AM.RA825.event.20260509T150700,Band-pass,signal_processing_baseline,-10.273303481074247,-8.473143427732202,1.8001600533420454,0.8780808136057907,,-0.01927852543351038,0.000460821824930256,1.2935293171910314
AM.RA825.event.20260509T150700,RA825,AM.RA825.event.20260509T150700,CovNorm-lambda0,self_supervised_case_study,-10.273303481074247,-13.868306115078655,-3.5950026340044072,0.4156265737639173,,5.881991507111375,10.068379844457434,10.264783581553134
AM.RA825.event.20260509T150700,RA825,AM.RA825.event.20260509T150700,CovNorm-lambda0.1,self_supervised_case_study,-10.273303481074247,-12.292714115960575,-2.019410634886327,0.35717297482561833,,4.625453046543879,9.326075660987682,10.098878305709375
AM.RA825.event.20260509T150700,RA825,AM.RA825.event.20260509T150700,CovNorm-lambda0.5,self_supervised_case_study,-10.273303481074247,-9.20716911970542,1.066134361368828,0.2901986625754398,,7.258890511682648,12.315684396581394,11.994856503208604
AM.RA825.event.20260509T150700,RA825,AM.RA825.event.20260509T150700,Identity,identity_baseline,-10.273303481074247,-10.273303481074247,0.0,1.0,,,,
AM.RA825.event.20260509T150700,RA825,AM.RA825.event.20260509T150700,Wiener-blind,deployable_signal_processing_baseline,-10.273303481074247,-6.988171987963017,3.2851314931112308,0.27522418921082464,,31.809984361909756,89.49245481119108,15.33556380019179
AM.RA825.event.20260521T190154,RA825,AM.RA825.event.20260521T190154,Band-pass,signal_processing_baseline,10.683303475411567,10.162914111379838,-0.520389364031729,0.8416202537563763,1.01,0.6553278011138574,0.0002292684483462474,0.9807092385811088
AM.RA825.event.20260521T190154,RA825,AM.RA825.event.20260521T190154,CovNorm-lambda0,self_supervised_case_study,10.683303475411567,12.112873430370215,1.429569954958648,0.4441084152367343,0.68,8.89684495661264,8.515479732500916,13.2125332663677
AM.RA825.event.20260521T190154,RA825,AM.RA825.event.20260521T190154,CovNorm-lambda0.1,self_supervised_case_study,10.683303475411567,9.29393347005522,-1.389370005356346,0.38486585376127147,0.78,7.288946475846593,6.711722120249559,11.13173564105882
AM.RA825.event.20260521T190154,RA825,AM.RA825.event.20260521T190154,CovNorm-lambda0.5,self_supervised_case_study,10.683303475411567,8.50571443018094,-2.1775890452306257,0.4018277500400638,0.78,9.364814996356934,8.990174744264252,11.940602720997433
AM.RA825.event.20260521T190154,RA825,AM.RA825.event.20260521T190154,Identity,identity_baseline,10.683303475411567,10.683303475411567,0.0,1.0,0.84,,,
AM.RA825.event.20260521T190154,RA825,AM.RA825.event.20260521T190154,Wiener-blind,deployable_signal_processing_baseline,10.683303475411567,14.221067303123824,3.537763827712258,0.8764365009680785,0.72,22.743386233500775,10.98924186495573,1.72037290982579
AM.RAB7F.event.20250602T231852,RAB7F,AM.RAB7F.event.20250602T231852,Band-pass,signal_processing_baseline,5.86134905306452,7.408489355268003,1.5471403022034833,0.8516129062731711,,1.2171334705701633,0.00020389051631852271,0.8715097231276357
AM.RAB7F.event.20250602T231852,RAB7F,AM.RAB7F.event.20250602T231852,CovNorm-lambda0,self_supervised_case_study,5.86134905306452,5.601391440392423,-0.25995761267209616,0.4546943258832119,,10.508936952031,11.048953870754454,12.430938756080801
AM.RAB7F.event.20250602T231852,RAB7F,AM.RAB7F.event.20250602T231852,CovNorm-lambda0.1,self_supervised_case_study,5.86134905306452,4.576197442790264,-1.285151610274256,0.44945194281953066,,7.4955054800206975,8.436609862783497,10.51662836779418
AM.RAB7F.event.20250602T231852,RAB7F,AM.RAB7F.event.20250602T231852,CovNorm-lambda0.5,self_supervised_case_study,5.86134905306452,4.416301661703466,-1.4450473913610535,0.46603872086601505,,5.473025460210084,5.377772264685373,7.282963008093252
AM.RAB7F.event.20250602T231852,RAB7F,AM.RAB7F.event.20250602T231852,Identity,identity_baseline,5.86134905306452,5.86134905306452,0.0,1.0,,,,
AM.RAB7F.event.20250602T231852,RAB7F,AM.RAB7F.event.20250602T231852,Wiener-blind,deployable_signal_processing_baseline,5.86134905306452,7.052099611240978,1.1907505581764584,0.7975880856982994,,1.0006503762436294,1.6103083464102912,9.340665340548744
AM.RAB7F.event.20250907T093655,RAB7F,AM.RAB7F.event.20250907T093655,Band-pass,signal_processing_baseline,-1.9346773864624833,-3.001419291927592,-1.0667419054651088,0.6466860054333073,,0.09915648225896072,0.00016532036668254297,0.9927282557190021
AM.RAB7F.event.20250907T093655,RAB7F,AM.RAB7F.event.20250907T093655,CovNorm-lambda0,self_supervised_case_study,-1.9346773864624833,-2.034038036391589,-0.09936064992910576,0.5189566974985659,,8.60695776571815,8.92265735580519,6.631497350581994
AM.RAB7F.event.20250907T093655,RAB7F,AM.RAB7F.event.20250907T093655,CovNorm-lambda0.1,self_supervised_case_study,-1.9346773864624833,-2.4865661104409282,-0.5518887239784449,0.39579653901210304,,9.05466925076246,8.689269266404645,6.489280321294008
AM.RAB7F.event.20250907T093655,RAB7F,AM.RAB7F.event.20250907T093655,CovNorm-lambda0.5,self_supervised_case_study,-1.9346773864624833,-1.8531699952803171,0.08150739118216621,0.3355314200578806,,9.873426209388867,11.251374787878063,8.004914578918221
AM.RAB7F.event.20250907T093655,RAB7F,AM.RAB7F.event.20250907T093655,Identity,identity_baseline,-1.9346773864624833,-1.9346773864624833,0.0,1.0,,,,
AM.RAB7F.event.20250907T093655,RAB7F,AM.RAB7F.event.20250907T093655,Wiener-blind,deployable_signal_processing_baseline,-1.9346773864624833,-0.289000910024729,1.6456764764377543,0.0474952172218825,-0.46,42.63692678460933,31.456789844734306,35.209082234351
AM.RAB7F.event.20260220T031127,RAB7F,AM.RAB7F.event.20260220T031127,Band-pass,signal_processing_baseline,5.561399081714653,8.580419314382977,3.019020232668325,0.6909551796386619,,0.09740426658722594,6.43156222547241e-05,0.6069180887682658
AM.RAB7F.event.20260220T031127,RAB7F,AM.RAB7F.event.20260220T031127,CovNorm-lambda0,self_supervised_case_study,5.561399081714653,7.790622910317206,2.229223828602554,0.59328120970455,,6.445306282093049,11.547193947572447,2.5969730182627617
AM.RAB7F.event.20260220T031127,RAB7F,AM.RAB7F.event.20260220T031127,CovNorm-lambda0.1,self_supervised_case_study,5.561399081714653,6.850196220499099,1.2887971387844468,0.5315669082166244,,6.9858935171057785,10.044659870380931,1.4789135207550401
AM.RAB7F.event.20260220T031127,RAB7F,AM.RAB7F.event.20260220T031127,CovNorm-lambda0.5,self_supervised_case_study,5.561399081714653,5.10230776253727,-0.4590913191773822,0.5577107502670718,0.58,3.723281896169367,11.269257592910762,1.9689962866619624
AM.RAB7F.event.20260220T031127,RAB7F,AM.RAB7F.event.20260220T031127,Identity,identity_baseline,5.561399081714653,5.561399081714653,0.0,1.0,,,,
AM.RAB7F.event.20260220T031127,RAB7F,AM.RAB7F.event.20260220T031127,Wiener-blind,deployable_signal_processing_baseline,5.561399081714653,19.3272515352985,13.765852453583848,0.26653432470713634,-0.68,3.5153108534084545,15.053371924199615,25.135092911009238
AM.RAB7F.event.20260406T075218,RAB7F,AM.RAB7F.event.20260406T075218,Band-pass,signal_processing_baseline,26.93974448362797,29.18231348172698,2.24256899809901,0.9465742090930377,0.65,-0.03197382031521351,0.00026285028555541896,0.809080893507295
AM.RAB7F.event.20260406T075218,RAB7F,AM.RAB7F.event.20260406T075218,CovNorm-lambda0,self_supervised_case_study,26.93974448362797,31.79061278911092,4.850868305482951,0.2682163352123388,,3.0095287996846403,16.629367702405546,18.90092444407461
AM.RAB7F.event.20260406T075218,RAB7F,AM.RAB7F.event.20260406T075218,CovNorm-lambda0.1,self_supervised_case_study,26.93974448362797,30.40206074391046,3.462316260282492,0.3146932858835814,-0.01,0.6392958297044011,12.208698074557907,15.324258350225477
AM.RAB7F.event.20260406T075218,RAB7F,AM.RAB7F.event.20260406T075218,CovNorm-lambda0.5,self_supervised_case_study,26.93974448362797,27.11667983119608,0.17693534756811147,0.41240695695815727,-1.47,-0.15155360289789144,10.97087695216286,14.210249738984096
AM.RAB7F.event.20260406T075218,RAB7F,AM.RAB7F.event.20260406T075218,Identity,identity_baseline,26.93974448362797,26.93974448362797,0.0,1.0,0.81,,,
AM.RAB7F.event.20260406T075218,RAB7F,AM.RAB7F.event.20260406T075218,Wiener-blind,deployable_signal_processing_baseline,26.93974448362797,28.26687132519652,1.3271268415685498,0.9857216062483318,0.81,0.00021436999207266995,0.011134762411675103,0.49198420425281203
AM.RAB7F.event.20260424T121138,RAB7F,AM.RAB7F.event.20260424T121138,Band-pass,signal_processing_baseline,-0.3049076090959043,-0.09097007424538063,0.2139375348505237,0.6040671291977419,,0.022402098613042303,0.0002089212263142058,1.299226003560962
AM.RAB7F.event.20260424T121138,RAB7F,AM.RAB7F.event.20260424T121138,CovNorm-lambda0,self_supervised_case_study,-0.3049076090959043,-2.029509800858056,-1.7246021917621515,0.37411784207959997,-1.56,8.475026701655224,8.124855941477549,3.6761822802005106
AM.RAB7F.event.20260424T121138,RAB7F,AM.RAB7F.event.20260424T121138,CovNorm-lambda0.1,self_supervised_case_study,-0.3049076090959043,-2.374873161118603,-2.0699655520226985,0.38459996240750055,-1.48,7.383231795475204,7.495326659566541,3.6023613667725782
AM.RAB7F.event.20260424T121138,RAB7F,AM.RAB7F.event.20260424T121138,CovNorm-lambda0.5,self_supervised_case_study,-0.3049076090959043,-1.802347961217774,-1.4974403521218695,0.3124308575073981,-1.26,8.893291368924482,8.96446127681933,5.16019180501006
AM.RAB7F.event.20260424T121138,RAB7F,AM.RAB7F.event.20260424T121138,Identity,identity_baseline,-0.3049076090959043,-0.3049076090959043,0.0,1.0,-1.51,,,
AM.RAB7F.event.20260424T121138,RAB7F,AM.RAB7F.event.20260424T121138,Wiener-blind,deployable_signal_processing_baseline,-0.3049076090959043,1.268610918824207,1.5735185279201112,0.22069416113279317,-0.3,19.979864867426745,17.010387102979447,16.202139188844527
AM.RAB7F.event.20260516T150229,RAB7F,AM.RAB7F.event.20260516T150229,Band-pass,signal_processing_baseline,-2.7654878180262257,-3.927018539402633,-1.1615307213764074,0.6272973980538074,,0.11124241458215998,0.0002361921850703051,0.6585915604588245
AM.RAB7F.event.20260516T150229,RAB7F,AM.RAB7F.event.20260516T150229,CovNorm-lambda0,self_supervised_case_study,-2.7654878180262257,-6.89167258970889,-4.126184771682665,0.22291816837931053,,4.08205467664009,7.56496848473202,4.749716092386373
AM.RAB7F.event.20260516T150229,RAB7F,AM.RAB7F.event.20260516T150229,CovNorm-lambda0.1,self_supervised_case_study,-2.7654878180262257,-5.464724557144934,-2.6992367391187084,0.3214116936179107,,3.83493992883287,6.776407124523399,4.031351700937901
AM.RAB7F.event.20260516T150229,RAB7F,AM.RAB7F.event.20260516T150229,CovNorm-lambda0.5,self_supervised_case_study,-2.7654878180262257,-4.736481791960364,-1.9709939739341387,0.2882417033776089,,4.699901759733408,8.683857140286662,5.896824770024719
AM.RAB7F.event.20260516T150229,RAB7F,AM.RAB7F.event.20260516T150229,Identity,identity_baseline,-2.7654878180262257,-2.7654878180262257,0.0,1.0,,,,
AM.RAB7F.event.20260516T150229,RAB7F,AM.RAB7F.event.20260516T150229,Wiener-blind,deployable_signal_processing_baseline,-2.7654878180262257,5.992962802275793,8.758450620302018,0.08914065182037871,0.03,10.67757681593354,22.439815893207918,54.00569545438801
AM.RAB7F.event.20260520T060120,RAB7F,AM.RAB7F.event.20260520T060120,Band-pass,signal_processing_baseline,15.601062719035372,17.640506146856637,2.039443427821265,0.7698209213012573,0.79,0.144322852935025,0.00017101120698738567,0.6006731894763236
AM.RAB7F.event.20260520T060120,RAB7F,AM.RAB7F.event.20260520T060120,CovNorm-lambda0,self_supervised_case_study,15.601062719035372,26.333365533051776,10.732302814016403,0.6052107990492565,-1.13,7.193749109701295,14.921996458315428,10.682414373775531
AM.RAB7F.event.20260520T060120,RAB7F,AM.RAB7F.event.20260520T060120,CovNorm-lambda0.1,self_supervised_case_study,15.601062719035372,25.619359231179576,10.018296512144204,0.6371614613804505,0.82,7.500182961053512,12.570395627023371,6.948736807931124
AM.RAB7F.event.20260520T060120,RAB7F,AM.RAB7F.event.20260520T060120,CovNorm-lambda0.5,self_supervised_case_study,15.601062719035372,23.894426527750717,8.293363808715345,0.7648375853381466,-0.13,4.429882440866218,9.755480726335513,5.690132202098035
AM.RAB7F.event.20260520T060120,RAB7F,AM.RAB7F.event.20260520T060120,Identity,identity_baseline,15.601062719035372,15.601062719035372,0.0,1.0,1.22,,,
AM.RAB7F.event.20260520T060120,RAB7F,AM.RAB7F.event.20260520T060120,Wiener-blind,deployable_signal_processing_baseline,15.601062719035372,17.738526187926894,2.1374634688915215,0.8113465292004495,0.74,1.8351538302880754,12.463418729703369,16.907135800516404
AM.RAB7F.event.20260529T143845,RAB7F,AM.RAB7F.event.20260529T143845,Band-pass,signal_processing_baseline,-0.4981005843510599,-0.28294549177005074,0.21515509258100918,0.6502044038943912,-0.61,0.2794910179069442,0.00022349296096790456,0.7332873515991564
AM.RAB7F.event.20260529T143845,RAB7F,AM.RAB7F.event.20260529T143845,CovNorm-lambda0,self_supervised_case_study,-0.4981005843510599,-3.117377458956006,-2.619276874604946,0.34044220785305745,-0.65,7.842519151611998,8.274908412001281,4.472112884373913
AM.RAB7F.event.20260529T143845,RAB7F,AM.RAB7F.event.20260529T143845,CovNorm-lambda0.1,self_supervised_case_study,-0.4981005843510599,-2.140465936499431,-1.6423653521483712,0.42997309040131876,-0.64,6.5025198932092705,6.716481463771875,4.332516619280094
AM.RAB7F.event.20260529T143845,RAB7F,AM.RAB7F.event.20260529T143845,CovNorm-lambda0.5,self_supervised_case_study,-0.4981005843510599,-1.5311226058711007,-1.0330220215200407,0.3509003342867159,,7.920771823738433,7.7946109421915635,5.161772497956108
AM.RAB7F.event.20260529T143845,RAB7F,AM.RAB7F.event.20260529T143845,Identity,identity_baseline,-0.4981005843510599,-0.4981005843510599,0.0,1.0,-0.61,,,
AM.RAB7F.event.20260529T143845,RAB7F,AM.RAB7F.event.20260529T143845,Wiener-blind,deployable_signal_processing_baseline,-0.4981005843510599,-0.7078506300469187,-0.2097500456958588,0.18448708834568872,-0.58,23.259734728359188,15.122113372641616,13.643145317669678
AM.RAC20.event.20260425T073930,RAC20,AM.RAC20.event.20260425T073930,Band-pass,signal_processing_baseline,-0.3574459906802249,7.783108325247316,8.14055431592754,0.26041418826472346,0.54,2.9128100574330813,4.9565444979086656e-05,1.5032910663008519
AM.RAC20.event.20260425T073930,RAC20,AM.RAC20.event.20260425T073930,CovNorm-lambda0,self_supervised_case_study,-0.3574459906802249,-1.4083736356784784,-1.0509276449982534,0.6004166214149878,-0.64,3.4029126677492663,-5.3087803929613315,3.5614176220769114
AM.RAC20.event.20260425T073930,RAC20,AM.RAC20.event.20260425T073930,CovNorm-lambda0.1,self_supervised_case_study,-0.3574459906802249,-1.8156603595974896,-1.4582143689172646,0.7194920311836523,-0.57,1.654993980987846,-6.653459834805415,1.6243137702941197
AM.RAC20.event.20260425T073930,RAC20,AM.RAC20.event.20260425T073930,CovNorm-lambda0.5,self_supervised_case_study,-0.3574459906802249,-1.666220108618694,-1.308774117938469,0.7159753766863297,-0.3,0.25448684099263197,-5.27594254846994,0.7484220048365927
AM.RAC20.event.20260425T073930,RAC20,AM.RAC20.event.20260425T073930,Identity,identity_baseline,-0.3574459906802249,-0.3574459906802249,0.0,1.0,-0.53,,,
AM.RAC20.event.20260425T073930,RAC20,AM.RAC20.event.20260425T073930,Wiener-blind,deployable_signal_processing_baseline,-0.3574459906802249,2.683383927967668,3.040829918647893,0.3961015401482827,-0.46,5.391924778773152,1.1074073732493641,5.314767167050364
AM.RAC20.event.20260425T121222,RAC20,AM.RAC20.event.20260425T121222,Band-pass,signal_processing_baseline,-2.6289683661512697,0.010100037199684365,2.639068403350954,0.3795559794429064,-0.41,2.930555082203283,0.0007103952236263558,0.9778872965907874
AM.RAC20.event.20260425T121222,RAC20,AM.RAC20.event.20260425T121222,CovNorm-lambda0,self_supervised_case_study,-2.6289683661512697,-3.2549592775409,-0.6259909113896303,0.5213342316945655,-1.62,1.9782273076123769,-4.846236200846385,1.7144502773137138
AM.RAC20.event.20260425T121222,RAC20,AM.RAC20.event.20260425T121222,CovNorm-lambda0.1,self_supervised_case_study,-2.6289683661512697,-4.418071886843179,-1.789103520691909,0.6623206188835818,-1.75,1.2332753598822466,-5.617211809464448,0.19853784684165912
AM.RAC20.event.20260425T121222,RAC20,AM.RAC20.event.20260425T121222,CovNorm-lambda0.5,self_supervised_case_study,-2.6289683661512697,-4.258640809850942,-1.629672443699672,0.6401930571087804,,1.3015924893193336,-3.017754928742939,0.9784657852283493
AM.RAC20.event.20260425T121222,RAC20,AM.RAC20.event.20260425T121222,Identity,identity_baseline,-2.6289683661512697,-2.6289683661512697,0.0,1.0,-0.31,,,
AM.RAC20.event.20260425T121222,RAC20,AM.RAC20.event.20260425T121222,Wiener-blind,deployable_signal_processing_baseline,-2.6289683661512697,0.6468986065113091,3.2758669726625786,0.1925355441999235,-0.53,22.22370764849153,17.476397893176095,14.529654706504536
AM.RAC20.event.20260501T081841,RAC20,AM.RAC20.event.20260501T081841,Band-pass,signal_processing_baseline,11.48736946129143,5.6915334585546615,-5.795836002736768,0.22004504535538918,-0.73,3.4062204351448897,0.0006354189651971799,1.8470105181162075
AM.RAC20.event.20260501T081841,RAC20,AM.RAC20.event.20260501T081841,CovNorm-lambda0,self_supervised_case_study,11.48736946129143,13.923660923872582,2.4362914625811527,0.6391165974474702,-0.52,3.714588236715143,-8.231796804570257,0.06691507675090254
AM.RAC20.event.20260501T081841,RAC20,AM.RAC20.event.20260501T081841,CovNorm-lambda0.1,self_supervised_case_study,11.48736946129143,11.052558262378248,-0.4348111989131809,0.7784693037415844,-0.51,2.612646139669155,-9.499834568254874,-1.3753938874447698
AM.RAC20.event.20260501T081841,RAC20,AM.RAC20.event.20260501T081841,CovNorm-lambda0.5,self_supervised_case_study,11.48736946129143,10.528106788403552,-0.9592626728878777,0.9551782536059549,-0.42,1.7204207109727996,-9.306192028308876,-3.0832985207609074
AM.RAC20.event.20260501T081841,RAC20,AM.RAC20.event.20260501T081841,Identity,identity_baseline,11.48736946129143,11.48736946129143,0.0,1.0,-0.49,,,
AM.RAC20.event.20260501T081841,RAC20,AM.RAC20.event.20260501T081841,Wiener-blind,deployable_signal_processing_baseline,11.48736946129143,14.15349119035737,2.6661217290659405,0.6844338966595395,-0.59,1.7089112086984315,16.658876002667924,18.643738435920465
AM.RAC20.event.20260504T031325,RAC20,AM.RAC20.event.20260504T031325,Band-pass,signal_processing_baseline,0.061992780469560624,0.862777449014416,0.8007846685448554,0.8521751350099244,-0.53,1.6586026340479194,0.000722788866255996,0.695869288436577
AM.RAC20.event.20260504T031325,RAC20,AM.RAC20.event.20260504T031325,CovNorm-lambda0,self_supervised_case_study,0.061992780469560624,-3.156674240858674,-3.2186670213282347,0.20060983596872778,,-1.6627505057391827,9.590755387539806,11.362251191329497
AM.RAC20.event.20260504T031325,RAC20,AM.RAC20.event.20260504T031325,CovNorm-lambda0.1,self_supervised_case_study,0.061992780469560624,-3.427501500316581,-3.4894942807861415,0.24149636457020426,-1.52,-2.7544166430030805,6.939891212489087,9.967260168960964
AM.RAC20.event.20260504T031325,RAC20,AM.RAC20.event.20260504T031325,CovNorm-lambda0.5,self_supervised_case_study,0.061992780469560624,-1.6791241110041737,-1.7411168914737343,0.36362057676161874,0.2,-2.9514272450220904,7.81048802162817,7.096314711717635
AM.RAC20.event.20260504T031325,RAC20,AM.RAC20.event.20260504T031325,Identity,identity_baseline,0.061992780469560624,0.061992780469560624,0.0,1.0,-0.16,,,
AM.RAC20.event.20260504T031325,RAC20,AM.RAC20.event.20260504T031325,Wiener-blind,deployable_signal_processing_baseline,0.061992780469560624,2.008205512591849,1.9462127321222886,0.12464939844388587,-0.5,25.365476256554572,22.919951544868372,35.76140216161998
AM.RAC20.event.20260509T045848,RAC20,AM.RAC20.event.20260509T045848,Band-pass,signal_processing_baseline,16.20732711798851,24.110070004633066,7.902742886644557,0.8944971851067773,-0.41,2.2650223309818274,0.00028881228750614725,1.0499525637527194
AM.RAC20.event.20260509T045848,RAC20,AM.RAC20.event.20260509T045848,CovNorm-lambda0,self_supervised_case_study,16.20732711798851,22.436828090882205,6.229500972893696,0.6560387186557896,-1.4,10.260642976210134,5.823371297799568,12.12395436063774
AM.RAC20.event.20260509T045848,RAC20,AM.RAC20.event.20260509T045848,CovNorm-lambda0.1,self_supervised_case_study,16.20732711798851,18.374210587700585,2.166883469712076,0.5987651350937337,-0.24,7.191451753968981,2.5328292337057583,9.837335573805033
AM.RAC20.event.20260509T045848,RAC20,AM.RAC20.event.20260509T045848,CovNorm-lambda0.5,self_supervised_case_study,16.20732711798851,18.328658773330336,2.1213316553418267,0.6221664969654986,-1.34,5.646093850971378,1.8347703808163225,7.991735461500904
AM.RAC20.event.20260509T045848,RAC20,AM.RAC20.event.20260509T045848,Identity,identity_baseline,16.20732711798851,16.20732711798851,0.0,1.0,0.2,,,
AM.RAC20.event.20260509T045848,RAC20,AM.RAC20.event.20260509T045848,Wiener-blind,deployable_signal_processing_baseline,16.20732711798851,21.189556973405622,4.982229855417113,1.0304265928436127,-0.06,0.4170637725975363,0.10237466715059068,3.757548161515851
AM.RAC20.event.20260515T110739,RAC20,AM.RAC20.event.20260515T110739,Band-pass,signal_processing_baseline,0.7266979886675975,0.5546642721603503,-0.1720337165072472,0.30573597931704205,,1.6992754126477025,-2.1152035403266232e-05,0.4963271817766923
AM.RAC20.event.20260515T110739,RAC20,AM.RAC20.event.20260515T110739,CovNorm-lambda0,self_supervised_case_study,0.7266979886675975,0.9959440313450751,0.26924604267747765,0.5221420857174608,,-1.6848466854396398,-0.8909460757946208,6.859592837443496
AM.RAC20.event.20260515T110739,RAC20,AM.RAC20.event.20260515T110739,CovNorm-lambda0.1,self_supervised_case_study,0.7266979886675975,0.060599405488571054,-0.6660985831790265,0.5849042974962079,,-2.0898699496293234,-1.9821133241989257,6.248066869597603
AM.RAC20.event.20260515T110739,RAC20,AM.RAC20.event.20260515T110739,CovNorm-lambda0.5,self_supervised_case_study,0.7266979886675975,-0.005037065808301247,-0.7317350544758987,0.6699485377113886,,-1.7848203526354833,0.051323531431681335,4.980572821506677
AM.RAC20.event.20260515T110739,RAC20,AM.RAC20.event.20260515T110739,Identity,identity_baseline,0.7266979886675975,0.7266979886675975,0.0,1.0,,,,
AM.RAC20.event.20260515T110739,RAC20,AM.RAC20.event.20260515T110739,Wiener-blind,deployable_signal_processing_baseline,0.7266979886675975,7.187394155257855,6.460696166590258,0.6470228998251565,,17.015081873329944,17.745333173750407,14.62709185204499
AM.RAC20.event.20260525T085423,RAC20,AM.RAC20.event.20260525T085423,Band-pass,signal_processing_baseline,0.07973368511907968,-1.867268955662695,-1.9470026407817747,0.4863772312968123,,2.437236688652754,0.00016896165137292177,0.7812732501114098
AM.RAC20.event.20260525T085423,RAC20,AM.RAC20.event.20260525T085423,CovNorm-lambda0,self_supervised_case_study,0.07973368511907968,3.3808699458838487,3.301136260764769,0.33332784018987965,1.16,2.1625631922934625,6.108926032468257,11.0569145060666
AM.RAC20.event.20260525T085423,RAC20,AM.RAC20.event.20260525T085423,CovNorm-lambda0.1,self_supervised_case_study,0.07973368511907968,2.0543833978654806,1.9746497127464009,0.4054209723555454,1.27,1.6877535893811009,4.415103748904923,8.979226130963202
AM.RAC20.event.20260525T085423,RAC20,AM.RAC20.event.20260525T085423,CovNorm-lambda0.5,self_supervised_case_study,0.07973368511907968,-0.1274917495503105,-0.2072254346693902,0.581682621841037,,0.7870461250503892,5.282038237736318,7.7084828692022205
AM.RAC20.event.20260525T085423,RAC20,AM.RAC20.event.20260525T085423,Identity,identity_baseline,0.07973368511907968,0.07973368511907968,0.0,1.0,,,,
AM.RAC20.event.20260525T085423,RAC20,AM.RAC20.event.20260525T085423,Wiener-blind,deployable_signal_processing_baseline,0.07973368511907968,5.044294678346175,4.964560993227095,0.2701281223186031,0.98,27.681829544693443,62.35866365694304,15.468606087441488
AM.RAC20.event.20260528T114956,RAC20,AM.RAC20.event.20260528T114956,Band-pass,signal_processing_baseline,2.3450181317833403,-0.08691847041895297,-2.4319366022022932,0.32542240492504115,,1.9231301646786527,6.891372852370951e-05,1.2305893454689418
AM.RAC20.event.20260528T114956,RAC20,AM.RAC20.event.20260528T114956,CovNorm-lambda0,self_supervised_case_study,2.3450181317833403,3.8369573524164435,1.4919392206331032,0.7673570407454187,0.66,2.4590154586883197,-5.732981303356194,4.657615790713186
AM.RAC20.event.20260528T114956,RAC20,AM.RAC20.event.20260528T114956,CovNorm-lambda0.1,self_supervised_case_study,2.3450181317833403,2.405295149388941,0.06027701760560067,0.810466495374784,0.79,2.0073235252422466,-6.027478217798126,4.164996449979879
AM.RAC20.event.20260528T114956,RAC20,AM.RAC20.event.20260528T114956,CovNorm-lambda0.5,self_supervised_case_study,2.3450181317833403,1.9604461369814081,-0.38457199480193216,0.8333033465188291,0.87,1.355127434001299,-5.202439712075229,2.570987726361279
AM.RAC20.event.20260528T114956,RAC20,AM.RAC20.event.20260528T114956,Identity,identity_baseline,2.3450181317833403,2.3450181317833403,0.0,1.0,1.0,,,
AM.RAC20.event.20260528T114956,RAC20,AM.RAC20.event.20260528T114956,Wiener-blind,deployable_signal_processing_baseline,2.3450181317833403,2.3377591928901524,-0.00725893889318785,0.19658720049473993,0.82,23.628764960849974,24.140616739109536,34.199536309503785
AM.RB0FB.event.20260420T080958,RB0FB,AM.RB0FB.event.20260420T080958,Band-pass,signal_processing_baseline,1.1814717962972747,0.5238467625625232,-0.6576250337347516,0.69419007602558,-0.71,0.6732732103402633,0.00019139603281393344,0.9364123478035209
AM.RB0FB.event.20260420T080958,RB0FB,AM.RB0FB.event.20260420T080958,CovNorm-lambda0,self_supervised_case_study,1.1814717962972747,-0.9944408255821433,-2.175912621879418,0.41771957248718605,1.02,6.57612369085405,5.459162510542019,8.146414769051846
AM.RB0FB.event.20260420T080958,RB0FB,AM.RB0FB.event.20260420T080958,CovNorm-lambda0.1,self_supervised_case_study,1.1814717962972747,0.5537846084377486,-0.6276871878595262,0.40861761853886897,,5.00680758034289,2.4532301828638707,6.798577057609141
AM.RB0FB.event.20260420T080958,RB0FB,AM.RB0FB.event.20260420T080958,CovNorm-lambda0.5,self_supervised_case_study,1.1814717962972747,0.481788129006697,-0.6996836672905777,0.4723473958146299,,2.5258338692124247,0.3238541407696875,4.636956788263466
AM.RB0FB.event.20260420T080958,RB0FB,AM.RB0FB.event.20260420T080958,Identity,identity_baseline,1.1814717962972747,1.1814717962972747,0.0,1.0,,,,
AM.RB0FB.event.20260420T080958,RB0FB,AM.RB0FB.event.20260420T080958,Wiener-blind,deployable_signal_processing_baseline,1.1814717962972747,2.07781191271374,0.8963401164164655,0.3850015802642421,1.3,12.129608024427755,7.860297967548912,12.053734515393643
AM.RB0FB.event.20260425T081543,RB0FB,AM.RB0FB.event.20260425T081543,Band-pass,signal_processing_baseline,-3.926890573117789,-4.469076654248733,-0.5421860811309438,1.0070359142401277,,0.0637468184412031,0.000632855587963936,0.24362992071584677
AM.RB0FB.event.20260425T081543,RB0FB,AM.RB0FB.event.20260425T081543,CovNorm-lambda0,self_supervised_case_study,-3.926890573117789,-10.031603321364548,-6.104712748246759,0.22895648933765506,,6.826794889533921,9.06817560459663,6.269332841744114
AM.RB0FB.event.20260425T081543,RB0FB,AM.RB0FB.event.20260425T081543,CovNorm-lambda0.1,self_supervised_case_study,-3.926890573117789,-7.546948072097823,-3.6200574989800343,0.4381414569767392,,5.392716819185163,5.666995041253286,1.355440019161934
AM.RB0FB.event.20260425T081543,RB0FB,AM.RB0FB.event.20260425T081543,CovNorm-lambda0.5,self_supervised_case_study,-3.926890573117789,-5.622869379088002,-1.6959788059702134,0.49725668630087455,,3.073382953793766,5.953291207633927,3.396803800258885
AM.RB0FB.event.20260425T081543,RB0FB,AM.RB0FB.event.20260425T081543,Identity,identity_baseline,-3.926890573117789,-3.926890573117789,0.0,1.0,,,,
AM.RB0FB.event.20260425T081543,RB0FB,AM.RB0FB.event.20260425T081543,Wiener-blind,deployable_signal_processing_baseline,-3.926890573117789,1.4988353980215017,5.425725971139291,0.1659349270613335,-1.53,24.622606412215124,86.1239208941766,23.612866328031505
AM.RB0FB.event.20260504T152430,RB0FB,AM.RB0FB.event.20260504T152430,Band-pass,signal_processing_baseline,2.786997028130154,0.5213266723314037,-2.2656703557987505,0.6846419472266759,,0.0012849783733807762,0.00024262426318754867,0.15620580501976913
AM.RB0FB.event.20260504T152430,RB0FB,AM.RB0FB.event.20260504T152430,CovNorm-lambda0,self_supervised_case_study,2.786997028130154,-1.2085108233014206,-3.995507851431575,0.3403532454016451,,6.930011665288736,7.294742046474107,-0.3567646888160831
AM.RB0FB.event.20260504T152430,RB0FB,AM.RB0FB.event.20260504T152430,CovNorm-lambda0.1,self_supervised_case_study,2.786997028130154,-1.1657649298890553,-3.9527619580192095,0.36665013344529807,,6.464201374521861,6.423951474932944,-2.2217108479366425
AM.RB0FB.event.20260504T152430,RB0FB,AM.RB0FB.event.20260504T152430,CovNorm-lambda0.5,self_supervised_case_study,2.786997028130154,-0.9253391624979641,-3.7123361906281183,0.3770909587308885,,6.162189346628078,6.014782498083714,-1.9591126243320185
AM.RB0FB.event.20260504T152430,RB0FB,AM.RB0FB.event.20260504T152430,Identity,identity_baseline,2.786997028130154,2.786997028130154,0.0,1.0,1.56,,,
AM.RB0FB.event.20260504T152430,RB0FB,AM.RB0FB.event.20260504T152430,Wiener-blind,deployable_signal_processing_baseline,2.786997028130154,19.685307310552616,16.89831028242246,0.591767955848463,0.07,30.82171939970098,50.30448981291742,13.263898973027437
AM.RB0FB.event.20260509T045317,RB0FB,AM.RB0FB.event.20260509T045317,Band-pass,signal_processing_baseline,-2.611266565395856,-2.7334909916883516,-0.12222442629249564,1.1074372340072538,-0.47,0.1962981555480642,0.0002959548438811927,0.41239504705722424
AM.RB0FB.event.20260509T045317,RB0FB,AM.RB0FB.event.20260509T045317,CovNorm-lambda0,self_supervised_case_study,-2.611266565395856,-3.711176271823837,-1.0999097064279808,0.29454529277048574,0.07,5.7968303109275,9.909495828687774,10.577918101638781
AM.RB0FB.event.20260509T045317,RB0FB,AM.RB0FB.event.20260509T045317,CovNorm-lambda0.1,self_supervised_case_study,-2.611266565395856,-4.329621756458205,-1.718355191062349,0.4240277620075894,-0.26,3.478107597278582,6.883111814541312,6.626501338256435
AM.RB0FB.event.20260509T045317,RB0FB,AM.RB0FB.event.20260509T045317,CovNorm-lambda0.5,self_supervised_case_study,-2.611266565395856,-3.597792785778757,-0.9865262203829008,0.42991608480227184,0.43,2.910323171490267,5.705484466456517,7.544508594835382
AM.RB0FB.event.20260509T045317,RB0FB,AM.RB0FB.event.20260509T045317,Identity,identity_baseline,-2.611266565395856,-2.611266565395856,0.0,1.0,-0.48,,,
AM.RB0FB.event.20260509T045317,RB0FB,AM.RB0FB.event.20260509T045317,Wiener-blind,deployable_signal_processing_baseline,-2.611266565395856,1.0312700774207293,3.6425366428165855,0.05533238410858395,-0.71,49.89889242445745,60.87261265050938,98.45063003114238
AM.RB0FB.event.20260516T145512,RB0FB,AM.RB0FB.event.20260516T145512,Band-pass,signal_processing_baseline,6.2520010382515565,4.517393809209624,-1.7346072290419325,0.8952863046846984,-0.7,-0.007297373379514839,0.00021623916783291175,0.19724901644375428
AM.RB0FB.event.20260516T145512,RB0FB,AM.RB0FB.event.20260516T145512,CovNorm-lambda0,self_supervised_case_study,6.2520010382515565,0.24542131652099908,-6.006579721730557,0.31213002251203914,-0.64,6.211840750911609,8.691811551452306,3.9168267706670385
AM.RB0FB.event.20260516T145512,RB0FB,AM.RB0FB.event.20260516T145512,CovNorm-lambda0.1,self_supervised_case_study,6.2520010382515565,0.9002820194342194,-5.351719018817337,0.398593945823797,-0.64,5.476167550826246,7.065155693611025,0.9217547411841785
AM.RB0FB.event.20260516T145512,RB0FB,AM.RB0FB.event.20260516T145512,CovNorm-lambda0.5,self_supervised_case_study,6.2520010382515565,0.7097199799928591,-5.542281058258697,0.3649026246024523,-0.57,4.613534846493923,7.158077286481853,1.7553518072282754
AM.RB0FB.event.20260516T145512,RB0FB,AM.RB0FB.event.20260516T145512,Identity,identity_baseline,6.2520010382515565,6.2520010382515565,0.0,1.0,-0.69,,,
AM.RB0FB.event.20260516T145512,RB0FB,AM.RB0FB.event.20260516T145512,Wiener-blind,deployable_signal_processing_baseline,6.2520010382515565,10.453505855268393,4.201504817016836,0.6169679395256498,-0.69,18.94354803475391,11.539553070192248,8.048324028798438
AM.RB0FB.event.20260519T180629,RB0FB,AM.RB0FB.event.20260519T180629,Band-pass,signal_processing_baseline,-0.3704592547447312,-0.6143142313148665,-0.24385497657013533,0.9523641014187427,,-0.012886010776951999,0.0004217056753996258,0.20370982760042763
AM.RB0FB.event.20260519T180629,RB0FB,AM.RB0FB.event.20260519T180629,CovNorm-lambda0,self_supervised_case_study,-0.3704592547447312,-2.077540226725825,-1.707080971981094,0.49949282507368753,,5.923245165947935,7.31679771835762,-0.04235054777595456
AM.RB0FB.event.20260519T180629,RB0FB,AM.RB0FB.event.20260519T180629,CovNorm-lambda0.1,self_supervised_case_study,-0.3704592547447312,-1.8799808230631898,-1.5095215683184586,0.4979044653935877,,5.770082771644016,6.924279627468614,-0.5003897528128279
AM.RB0FB.event.20260519T180629,RB0FB,AM.RB0FB.event.20260519T180629,CovNorm-lambda0.5,self_supervised_case_study,-0.3704592547447312,-1.7885635183130435,-1.4181042635683123,0.5105319015502512,,6.3124596553232974,6.993008302257889,-0.15922294872391
AM.RB0FB.event.20260519T180629,RB0FB,AM.RB0FB.event.20260519T180629,Identity,identity_baseline,-0.3704592547447312,-0.3704592547447312,0.0,1.0,,,,
AM.RB0FB.event.20260519T180629,RB0FB,AM.RB0FB.event.20260519T180629,Wiener-blind,deployable_signal_processing_baseline,-0.3704592547447312,0.7318780097300271,1.1023372644747584,0.23780859131847612,-0.02,10.06493997339158,15.689464137898286,11.847695645030036
AM.RB0FB.event.20260525T220155,RB0FB,AM.RB0FB.event.20260525T220155,Band-pass,signal_processing_baseline,11.836246427204198,6.361250524879752,-5.474995902324446,0.6930314913668132,-0.79,-0.01917140221807506,0.00029203161448484777,0.2006415116980831
AM.RB0FB.event.20260525T220155,RB0FB,AM.RB0FB.event.20260525T220155,CovNorm-lambda0,self_supervised_case_study,11.836246427204198,13.176844699986194,1.340598272781996,0.7911732969778733,-0.96,4.271998164553569,5.654187908328684,4.174099169211105
AM.RB0FB.event.20260525T220155,RB0FB,AM.RB0FB.event.20260525T220155,CovNorm-lambda0.1,self_supervised_case_study,11.836246427204198,12.676393120058794,0.8401466928545958,0.7408993528395735,-0.68,3.839006993864628,4.681423452108222,1.4603043504898146
AM.RB0FB.event.20260525T220155,RB0FB,AM.RB0FB.event.20260525T220155,CovNorm-lambda0.5,self_supervised_case_study,11.836246427204198,9.845010207629883,-1.991236219574315,0.6765987046008837,-0.88,2.899851730466715,4.101418068135209,0.9038016388407164
AM.RB0FB.event.20260525T220155,RB0FB,AM.RB0FB.event.20260525T220155,Identity,identity_baseline,11.836246427204198,11.836246427204198,0.0,1.0,-0.44,,,
AM.RB0FB.event.20260525T220155,RB0FB,AM.RB0FB.event.20260525T220155,Wiener-blind,deployable_signal_processing_baseline,11.836246427204198,16.355524668312874,4.519278241108676,1.001413158996055,-1.39,26.22021885962434,25.643447629921464,21.245024353953458
AM.RB0FB.event.20260531T214508,RB0FB,AM.RB0FB.event.20260531T214508,Band-pass,signal_processing_baseline,-1.187542008434051,-1.4202326730691532,-0.23269066463510213,0.9928291818001388,-1.81,0.014274854275488488,0.0004428221127259642,0.11478693697702286
AM.RB0FB.event.20260531T214508,RB0FB,AM.RB0FB.event.20260531T214508,CovNorm-lambda0,self_supervised_case_study,-1.187542008434051,-3.3189591395485345,-2.1314171311144836,0.5555250929394946,-1.85,4.269002430671911,7.652165098764463,4.099558649873534
AM.RB0FB.event.20260531T214508,RB0FB,AM.RB0FB.event.20260531T214508,CovNorm-lambda0.1,self_supervised_case_study,-1.187542008434051,-2.426553843144032,-1.239011834709981,0.5288361583108121,-1.75,4.229316692501237,7.082841280336847,2.9293426066090653
AM.RB0FB.event.20260531T214508,RB0FB,AM.RB0FB.event.20260531T214508,CovNorm-lambda0.5,self_supervised_case_study,-1.187542008434051,-1.9162688054462147,-0.7287267970121636,0.48145078505652517,-1.7,4.271420434220484,7.185812365544602,3.475370774221459
AM.RB0FB.event.20260531T214508,RB0FB,AM.RB0FB.event.20260531T214508,Identity,identity_baseline,-1.187542008434051,-1.187542008434051,0.0,1.0,-1.81,,,
AM.RB0FB.event.20260531T214508,RB0FB,AM.RB0FB.event.20260531T214508,Wiener-blind,deployable_signal_processing_baseline,-1.187542008434051,4.324184974163664,5.5117269825977155,0.32127502519923923,-0.35,7.607261486963936,19.39992669421718,28.583977654951923
AM.RB53D.event.20260414T163731,RB53D,AM.RB53D.event.20260414T163731,Band-pass,signal_processing_baseline,0.7975184877547131,0.9227941839643121,0.125275696209599,0.8424582666884036,,0.33070060252728334,0.00036536477969288244,0.8073727056742387
AM.RB53D.event.20260414T163731,RB53D,AM.RB53D.event.20260414T163731,CovNorm-lambda0,self_supervised_case_study,0.7975184877547131,1.1882017287711186,0.3906832410164055,0.18326083140768987,,10.306331394178434,11.417259978794656,15.359492359897487
AM.RB53D.event.20260414T163731,RB53D,AM.RB53D.event.20260414T163731,CovNorm-lambda0.1,self_supervised_case_study,0.7975184877547131,0.8179576862216811,0.020439198466967956,0.2779360728593656,,7.750487701016866,8.42104925027017,12.874556236958353
AM.RB53D.event.20260414T163731,RB53D,AM.RB53D.event.20260414T163731,CovNorm-lambda0.5,self_supervised_case_study,0.7975184877547131,0.5941230336390881,-0.20339545411562499,0.33407495111711594,,8.377636619974592,9.602949899642637,12.400720189468215
AM.RB53D.event.20260414T163731,RB53D,AM.RB53D.event.20260414T163731,Identity,identity_baseline,0.7975184877547131,0.7975184877547131,0.0,1.0,,,,
AM.RB53D.event.20260414T163731,RB53D,AM.RB53D.event.20260414T163731,Wiener-blind,deployable_signal_processing_baseline,0.7975184877547131,6.4356168280857995,5.638098340331086,0.366491076067864,,1.011961900298134,5.013131319397863,15.622712260402045
AM.RB53D.event.20260420T080941,RB53D,AM.RB53D.event.20260420T080941,Band-pass,signal_processing_baseline,-0.5451767117571259,-0.05668824521710575,0.48848846654002015,0.6525591064302635,,3.5953024735071417,0.00040804469310453734,1.050584155690021
AM.RB53D.event.20260420T080941,RB53D,AM.RB53D.event.20260420T080941,CovNorm-lambda0,self_supervised_case_study,-0.5451767117571259,-0.8035924370972747,-0.2584157253401488,0.7173884221601291,,0.16807682379442093,-6.683800108621227,0.029046747166166398
AM.RB53D.event.20260420T080941,RB53D,AM.RB53D.event.20260420T080941,CovNorm-lambda0.1,self_supervised_case_study,-0.5451767117571259,-1.670594018843167,-1.1254173070860412,0.9342349830661857,,-0.3637298588653633,-7.340915754237838,-0.5586887773940027
AM.RB53D.event.20260420T080941,RB53D,AM.RB53D.event.20260420T080941,CovNorm-lambda0.5,self_supervised_case_study,-0.5451767117571259,-0.1021879718098358,0.4429887399472901,1.0036688370186722,,-1.0988175660687836,-6.070542933239939,-1.607359833342325
AM.RB53D.event.20260420T080941,RB53D,AM.RB53D.event.20260420T080941,Identity,identity_baseline,-0.5451767117571259,-0.5451767117571259,0.0,1.0,,,,
AM.RB53D.event.20260420T080941,RB53D,AM.RB53D.event.20260420T080941,Wiener-blind,deployable_signal_processing_baseline,-0.5451767117571259,-0.9452814485671511,-0.40010473681002523,0.2604914063454802,,18.846187634399367,13.039868508313793,21.699744715805547
AM.RB53D.event.20260504T152554,RB53D,AM.RB53D.event.20260504T152554,Band-pass,signal_processing_baseline,6.504437624313065,2.016467060934465,-4.4879705633786,0.5824865070660178,0.36,0.4445518710696528,0.00034177501397153237,0.5864862391226651
AM.RB53D.event.20260504T152554,RB53D,AM.RB53D.event.20260504T152554,CovNorm-lambda0,self_supervised_case_study,6.504437624313065,10.477810163544813,3.9733725392317485,0.4915252803527904,-0.94,3.630746889238669,7.034491124003542,11.334476468908639
AM.RB53D.event.20260504T152554,RB53D,AM.RB53D.event.20260504T152554,CovNorm-lambda0.1,self_supervised_case_study,6.504437624313065,8.809460902430784,2.3050232781177193,0.591440784531105,-0.91,2.3062172929880007,5.250681196907631,9.993185861351009
AM.RB53D.event.20260504T152554,RB53D,AM.RB53D.event.20260504T152554,CovNorm-lambda0.5,self_supervised_case_study,6.504437624313065,7.208784811479516,0.7043471871664515,0.7184151008598622,1.86,-0.7063354155236462,3.5833901047014574,6.2200927497747145
AM.RB53D.event.20260504T152554,RB53D,AM.RB53D.event.20260504T152554,Identity,identity_baseline,6.504437624313065,6.504437624313065,0.0,1.0,-0.69,,,
AM.RB53D.event.20260504T152554,RB53D,AM.RB53D.event.20260504T152554,Wiener-blind,deployable_signal_processing_baseline,6.504437624313065,9.329879408463407,2.8254417841503425,0.7713223226092583,-0.82,6.989746286230044,22.248606217143237,11.154691473868374
AM.RB53D.event.20260515T113457,RB53D,AM.RB53D.event.20260515T113457,Band-pass,signal_processing_baseline,2.4435631740444945,0.434473675872324,-2.0090894981721705,0.7678253242490015,-0.56,1.1342155984424511,0.00048348616169312605,1.0854260648173408
AM.RB53D.event.20260515T113457,RB53D,AM.RB53D.event.20260515T113457,CovNorm-lambda0,self_supervised_case_study,2.4435631740444945,4.791816916656469,2.3482537426119743,0.3478058709313387,1.97,4.29145695086262,4.40978049473246,10.402164754123362
AM.RB53D.event.20260515T113457,RB53D,AM.RB53D.event.20260515T113457,CovNorm-lambda0.1,self_supervised_case_study,2.4435631740444945,3.5713496762024253,1.1277865021579307,0.5155181331213006,,2.1866182911446637,1.857152620312999,8.189619073040006
AM.RB53D.event.20260515T113457,RB53D,AM.RB53D.event.20260515T113457,CovNorm-lambda0.5,self_supervised_case_study,2.4435631740444945,2.4912410580990736,0.04767788405457907,0.7149639647515514,,0.9031066034614419,2.120047926493173,6.404960145082396
AM.RB53D.event.20260515T113457,RB53D,AM.RB53D.event.20260515T113457,Identity,identity_baseline,2.4435631740444945,2.4435631740444945,0.0,1.0,,,,
AM.RB53D.event.20260515T113457,RB53D,AM.RB53D.event.20260515T113457,Wiener-blind,deployable_signal_processing_baseline,2.4435631740444945,5.010766325404925,2.56720315136043,0.31185609405940085,,10.216027845134148,17.371314861793504,23.007883340826794
AM.RB53D.event.20260516T145535,RB53D,AM.RB53D.event.20260516T145535,Band-pass,signal_processing_baseline,8.977794337583374,2.533470164256274,-6.4443241733271,0.49906290893243516,0.43,1.6264177775902822,0.000326459296112563,0.6183579466782998
AM.RB53D.event.20260516T145535,RB53D,AM.RB53D.event.20260516T145535,CovNorm-lambda0,self_supervised_case_study,8.977794337583374,15.89145165090516,6.913657313321787,0.7053366430232155,0.51,1.0580940614013425,4.341330614032729,12.50691797226492
AM.RB53D.event.20260516T145535,RB53D,AM.RB53D.event.20260516T145535,CovNorm-lambda0.1,self_supervised_case_study,8.977794337583374,14.294251906318287,5.316457568734913,0.7480840453313526,-0.59,-0.7347473393284903,2.3275793092272377,11.149895708823491
AM.RB53D.event.20260516T145535,RB53D,AM.RB53D.event.20260516T145535,CovNorm-lambda0.5,self_supervised_case_study,8.977794337583374,11.54213531679947,2.5643409792160963,0.7163551096547915,-0.72,-1.887610918411874,2.146801976723662,8.791683855184269
AM.RB53D.event.20260516T145535,RB53D,AM.RB53D.event.20260516T145535,Identity,identity_baseline,8.977794337583374,8.977794337583374,0.0,1.0,1.35,,,
AM.RB53D.event.20260516T145535,RB53D,AM.RB53D.event.20260516T145535,Wiener-blind,deployable_signal_processing_baseline,8.977794337583374,14.890417060660193,5.912622723076819,0.9157928498185174,-0.61,3.0363212650397955,18.19248809611699,16.056764830304896
AM.RB53D.event.20260525T220239,RB53D,AM.RB53D.event.20260525T220239,Band-pass,signal_processing_baseline,18.128019712021022,11.612416736288122,-6.5156029757329,0.4649164829011099,-1.85,1.8388710743394732,0.0005708937074509057,0.777036447016323
AM.RB53D.event.20260525T220239,RB53D,AM.RB53D.event.20260525T220239,CovNorm-lambda0,self_supervised_case_study,18.128019712021022,20.265626785816252,2.1376070737952304,0.8396098226014624,-1.15,4.940315961666148,6.489895265520286,12.120872911156441
AM.RB53D.event.20260525T220239,RB53D,AM.RB53D.event.20260525T220239,CovNorm-lambda0.1,self_supervised_case_study,18.128019712021022,20.752958723944857,2.6249390119238356,0.7905474259334989,-1.13,3.051510507154544,5.160976686325028,11.070465546368913
AM.RB53D.event.20260525T220239,RB53D,AM.RB53D.event.20260525T220239,CovNorm-lambda0.5,self_supervised_case_study,18.128019712021022,15.777601930221074,-2.3504177817999476,0.8620508357775454,,1.562842228483282,4.306780673503067,7.763569791103041
AM.RB53D.event.20260525T220239,RB53D,AM.RB53D.event.20260525T220239,Identity,identity_baseline,18.128019712021022,18.128019712021022,0.0,1.0,-1.0,,,
AM.RB53D.event.20260525T220239,RB53D,AM.RB53D.event.20260525T220239,Wiener-blind,deployable_signal_processing_baseline,18.128019712021022,20.46816205217741,2.340142340156387,0.9859737896635559,-1.07,1.3551783145047367,32.12977102929526,19.730493554864157
AM.RB53D.event.20260530T213348,RB53D,AM.RB53D.event.20260530T213348,Band-pass,signal_processing_baseline,1.832680859014787,3.370349044788345,1.5376681857735581,0.46129488853989936,1.26,2.500586054424191,0.00037914547096147246,0.7426635692445148
AM.RB53D.event.20260530T213348,RB53D,AM.RB53D.event.20260530T213348,CovNorm-lambda0,self_supervised_case_study,1.832680859014787,1.014490354337333,-0.818190504677454,0.6824227109897781,-0.04,-0.38800370111705496,-1.4669403763038111,5.120326774480936
AM.RB53D.event.20260530T213348,RB53D,AM.RB53D.event.20260530T213348,CovNorm-lambda0.1,self_supervised_case_study,1.832680859014787,0.8954632290553942,-0.9372176299593927,0.7038218592122698,-0.08,-0.6791210460418732,-2.8707437549714823,4.914727383134786
AM.RB53D.event.20260530T213348,RB53D,AM.RB53D.event.20260530T213348,CovNorm-lambda0.5,self_supervised_case_study,1.832680859014787,0.47547006205644926,-1.3572107969583378,0.7381114779565825,-0.21,-1.545842391673963,-2.785948647570619,3.2829403951231786
AM.RB53D.event.20260530T213348,RB53D,AM.RB53D.event.20260530T213348,Identity,identity_baseline,1.832680859014787,1.832680859014787,0.0,1.0,-0.3,,,
AM.RB53D.event.20260530T213348,RB53D,AM.RB53D.event.20260530T213348,Wiener-blind,deployable_signal_processing_baseline,1.832680859014787,2.2641850215957553,0.43150416258096835,0.7289233713120026,-0.33,7.913060379798888,20.43878708802271,19.351239542675582
AM.RB53D.event.20260531T214550,RB53D,AM.RB53D.event.20260531T214550,Band-pass,signal_processing_baseline,6.271778003559913,1.2194225974700585,-5.052355406089854,0.3163158177530291,,1.5845183790788664,0.00042629735491218104,0.8353502304193728
AM.RB53D.event.20260531T214550,RB53D,AM.RB53D.event.20260531T214550,CovNorm-lambda0,self_supervised_case_study,6.271778003559913,10.682552721678192,4.4107747181182795,0.7273273643078794,-0.3,0.9660792063950624,3.734313007317977,8.284345543126326
AM.RB53D.event.20260531T214550,RB53D,AM.RB53D.event.20260531T214550,CovNorm-lambda0.1,self_supervised_case_study,6.271778003559913,9.041309767432987,2.769531763873074,0.7293635190248517,-0.06,0.8762963151728084,3.101589647741059,7.72862586607302
AM.RB53D.event.20260531T214550,RB53D,AM.RB53D.event.20260531T214550,CovNorm-lambda0.5,self_supervised_case_study,6.271778003559913,6.67551865513097,0.40374065157105754,0.7088733726882759,-0.32,-0.7223200278947584,2.9007891099267287,5.519771462258999
AM.RB53D.event.20260531T214550,RB53D,AM.RB53D.event.20260531T214550,Identity,identity_baseline,6.271778003559913,6.271778003559913,0.0,1.0,0.02,,,
AM.RB53D.event.20260531T214550,RB53D,AM.RB53D.event.20260531T214550,Wiener-blind,deployable_signal_processing_baseline,6.271778003559913,10.399884917880652,4.128106914320739,0.8043644605145513,-0.2,7.305414790832284,45.9065913800066,13.688592186362968
AM.RC131.event.20251020T170827,RC131,AM.RC131.event.20251020T170827,Band-pass,signal_processing_baseline,-0.5459197203480454,3.0645351505556158,3.610454870903661,0.24938154090168393,,3.7386740498992914,0.0012381676030069583,0.8910783048532087
AM.RC131.event.20251020T170827,RC131,AM.RC131.event.20251020T170827,CovNorm-lambda0,self_supervised_case_study,-0.5459197203480454,-0.41731067140076766,0.1286090489472777,0.9898759975863487,-1.07,1.7564446001162406,-6.058510987800901,5.441985003490552
AM.RC131.event.20251020T170827,RC131,AM.RC131.event.20251020T170827,CovNorm-lambda0.1,self_supervised_case_study,-0.5459197203480454,-1.3384786322392472,-0.7925589118912019,0.7315435355479698,-1.34,1.1044117560680762,-8.384154354259525,3.913492988011896
AM.RC131.event.20251020T170827,RC131,AM.RC131.event.20251020T170827,CovNorm-lambda0.5,self_supervised_case_study,-0.5459197203480454,-0.6308897535189775,-0.0849700331709321,0.7800928411413315,-1.27,0.2320707718435617,-9.302503782157864,0.9139651913580185
AM.RC131.event.20251020T170827,RC131,AM.RC131.event.20251020T170827,Identity,identity_baseline,-0.5459197203480454,-0.5459197203480454,0.0,1.0,-1.29,,,
AM.RC131.event.20251020T170827,RC131,AM.RC131.event.20251020T170827,Wiener-blind,deployable_signal_processing_baseline,-0.5459197203480454,4.679336637528997,5.225256357877043,0.14881416998540548,0.29,12.709618511105864,6.08184485051535,11.59182763103839
AM.RC131.event.20251114T001758,RC131,AM.RC131.event.20251114T001758,Band-pass,signal_processing_baseline,-1.6981277144582487,2.0957834164386506,3.793911130896899,0.5664352571527573,0.05,2.3590443519768365,0.000408794953222632,0.7292473851316958
AM.RC131.event.20251114T001758,RC131,AM.RC131.event.20251114T001758,CovNorm-lambda0,self_supervised_case_study,-1.6981277144582487,-1.7075154491351041,-0.009387734676855386,0.7929157707271528,,1.6548867436443888,-2.1430116881058665,8.64637931548889
AM.RC131.event.20251114T001758,RC131,AM.RC131.event.20251114T001758,CovNorm-lambda0.1,self_supervised_case_study,-1.6981277144582487,-2.4575207619421664,-0.7593930474839177,0.6732609518746956,,1.3161379589459778,-3.1698031112257916,7.829577616156301
AM.RC131.event.20251114T001758,RC131,AM.RC131.event.20251114T001758,CovNorm-lambda0.5,self_supervised_case_study,-1.6981277144582487,-1.188432238092386,0.5096954763658628,0.7180769929356319,,-0.3024424430299677,-4.0053581083599346,5.989665150839245
AM.RC131.event.20251114T001758,RC131,AM.RC131.event.20251114T001758,Identity,identity_baseline,-1.6981277144582487,-1.6981277144582487,0.0,1.0,,,,
AM.RC131.event.20251114T001758,RC131,AM.RC131.event.20251114T001758,Wiener-blind,deployable_signal_processing_baseline,-1.6981277144582487,3.1371686839709327,4.835296398429182,0.20467023555686764,-0.08,8.633577362749106,11.213362811159309,16.967673496210512
AM.RC131.event.20260121T091830,RC131,AM.RC131.event.20260121T091830,Band-pass,signal_processing_baseline,1.4861107235992177,-0.3943088621194252,-1.8804195857186428,0.6787715274564591,-1.14,0.8980567382104052,0.0003480924931328999,0.7938633227998598
AM.RC131.event.20260121T091830,RC131,AM.RC131.event.20260121T091830,CovNorm-lambda0,self_supervised_case_study,1.4861107235992177,3.3658908611329936,1.879780137533776,0.3530394865722405,,7.792752829220131,4.662441019063055,13.51987878553834
AM.RC131.event.20260121T091830,RC131,AM.RC131.event.20260121T091830,CovNorm-lambda0.1,self_supervised_case_study,1.4861107235992177,2.2976692913007115,0.8115585677014938,0.3406994486380848,,6.149119044837826,2.9910731065480323,12.514597861264354
AM.RC131.event.20260121T091830,RC131,AM.RC131.event.20260121T091830,CovNorm-lambda0.5,self_supervised_case_study,1.4861107235992177,1.0525110438751897,-0.433599679724028,0.405056129919139,,5.944801805468974,4.103939768350249,9.857108515656014
AM.RC131.event.20260121T091830,RC131,AM.RC131.event.20260121T091830,Identity,identity_baseline,1.4861107235992177,1.4861107235992177,0.0,1.0,,,,
AM.RC131.event.20260121T091830,RC131,AM.RC131.event.20260121T091830,Wiener-blind,deployable_signal_processing_baseline,1.4861107235992177,3.5401355949728424,2.054024871373625,0.19207792657350925,,10.186214226790995,9.865956235402102,16.779497888116182
AM.RC131.event.20260426T072506,RC131,AM.RC131.event.20260426T072506,Band-pass,signal_processing_baseline,23.224669051257543,31.94045188999345,8.715782838735908,0.8527457701025984,1.19,1.7504052253514841,0.0008243409866343848,1.1272753147064745
AM.RC131.event.20260426T072506,RC131,AM.RC131.event.20260426T072506,CovNorm-lambda0,self_supervised_case_study,23.224669051257543,19.705535666007304,-3.519133385250239,0.2148945989788374,1.31,1.326553174858432,4.249068257061605,18.913215825414387
AM.RC131.event.20260426T072506,RC131,AM.RC131.event.20260426T072506,CovNorm-lambda0.1,self_supervised_case_study,23.224669051257543,18.281332024959536,-4.943337026298007,0.34276469066910376,1.72,-0.9680296051814476,-1.0444276226153917,15.893270080237286
AM.RC131.event.20260426T072506,RC131,AM.RC131.event.20260426T072506,CovNorm-lambda0.5,self_supervised_case_study,23.224669051257543,21.439912886333843,-1.7847561649236994,0.29875637091178775,-0.88,-3.172342628396771,-2.1961482821597627,13.703274109608609
AM.RC131.event.20260426T072506,RC131,AM.RC131.event.20260426T072506,Identity,identity_baseline,23.224669051257543,23.224669051257543,0.0,1.0,-0.79,,,
AM.RC131.event.20260426T072506,RC131,AM.RC131.event.20260426T072506,Wiener-blind,deployable_signal_processing_baseline,23.224669051257543,23.252858863673133,0.028189812415590154,1.0002789488283093,-0.79,0.011258077091381687,2.774577069711896e-05,0.003353402518860512
AM.RC131.event.20260504T062243,RC131,AM.RC131.event.20260504T062243,Band-pass,signal_processing_baseline,8.506344792603599,7.244335364762268,-1.2620094278413312,0.3600801772456253,-0.74,0.5610232335310255,0.0008581466518279749,0.4641389421688055
AM.RC131.event.20260504T062243,RC131,AM.RC131.event.20260504T062243,CovNorm-lambda0,self_supervised_case_study,8.506344792603599,8.074428549452616,-0.4319162431509831,0.5569294946395966,-0.66,4.363929454581244,6.9693335121281565,13.136281194971678
AM.RC131.event.20260504T062243,RC131,AM.RC131.event.20260504T062243,CovNorm-lambda0.1,self_supervised_case_study,8.506344792603599,6.219719185389614,-2.286625607213985,0.5688983793279947,-0.66,2.685946760722272,4.509621062932471,9.58741042395009
AM.RC131.event.20260504T062243,RC131,AM.RC131.event.20260504T062243,CovNorm-lambda0.5,self_supervised_case_study,8.506344792603599,5.588054666054866,-2.918290126548733,0.3966717429904866,-0.17,2.860792260451641,4.451754118293605,9.047103716308273
AM.RC131.event.20260504T062243,RC131,AM.RC131.event.20260504T062243,Identity,identity_baseline,8.506344792603599,8.506344792603599,0.0,1.0,-0.36,,,
AM.RC131.event.20260504T062243,RC131,AM.RC131.event.20260504T062243,Wiener-blind,deployable_signal_processing_baseline,8.506344792603599,10.446771820294874,1.9404270276912747,0.9156614211406371,-0.13,3.65430286772513,6.23183582478435,9.874602726975217
AM.RC131.event.20260509T045319,RC131,AM.RC131.event.20260509T045319,Band-pass,signal_processing_baseline,7.6767334693705545,9.270489261616879,1.5937557922463244,0.6301042478326767,-0.19,2.887864414811327,0.0005321982434272691,0.9792952482676994
AM.RC131.event.20260509T045319,RC131,AM.RC131.event.20260509T045319,CovNorm-lambda0,self_supervised_case_study,7.6767334693705545,11.330043094187152,3.6533096248165977,0.7088030920789254,-0.08,4.035770594702047,-2.1509391136782505,8.724878767265869
AM.RC131.event.20260509T045319,RC131,AM.RC131.event.20260509T045319,CovNorm-lambda0.1,self_supervised_case_study,7.6767334693705545,9.567637544837652,1.8909040754670974,0.6219629823045218,-0.84,2.4212112239334753,-3.354482321430453,6.845615922069979
AM.RC131.event.20260509T045319,RC131,AM.RC131.event.20260509T045319,CovNorm-lambda0.5,self_supervised_case_study,7.6767334693705545,7.333299370849193,-0.3434340985213611,0.4443556942015348,-0.01,1.2779763445054169,-4.972884398732276,5.349332586348147
AM.RC131.event.20260509T045319,RC131,AM.RC131.event.20260509T045319,Identity,identity_baseline,7.6767334693705545,7.6767334693705545,0.0,1.0,0.04,,,
AM.RC131.event.20260509T045319,RC131,AM.RC131.event.20260509T045319,Wiener-blind,deployable_signal_processing_baseline,7.6767334693705545,13.437470629049384,5.76073715967883,0.970940289917622,-0.04,2.9220625021909648,15.198620685963812,18.24836966719567
AM.RC131.event.20260515T113324,RC131,AM.RC131.event.20260515T113324,Band-pass,signal_processing_baseline,11.061473408127661,2.4728253146269408,-8.58864809350072,0.2221078465936357,1.48,2.0036464173803723,0.0006549586489504468,0.8834589979392434
AM.RC131.event.20260515T113324,RC131,AM.RC131.event.20260515T113324,CovNorm-lambda0,self_supervised_case_study,11.061473408127661,13.03295392724018,1.9714805191125198,0.8407326261686092,1.24,5.52712740645957,-1.4752120823457597,11.270934709994327
AM.RC131.event.20260515T113324,RC131,AM.RC131.event.20260515T113324,CovNorm-lambda0.1,self_supervised_case_study,11.061473408127661,11.432270461749475,0.37079705362181414,0.8410281924984241,1.2,4.346533815957183,-2.2946305093412858,10.288678717550148
AM.RC131.event.20260515T113324,RC131,AM.RC131.event.20260515T113324,CovNorm-lambda0.5,self_supervised_case_study,11.061473408127661,10.17515393467422,-0.8863194734534403,0.5601780481277868,1.58,3.1507630680516834,-3.420097298040846,7.807677443059007
AM.RC131.event.20260515T113324,RC131,AM.RC131.event.20260515T113324,Identity,identity_baseline,11.061473408127661,11.061473408127661,0.0,1.0,-1.57,,,
AM.RC131.event.20260515T113324,RC131,AM.RC131.event.20260515T113324,Wiener-blind,deployable_signal_processing_baseline,11.061473408127661,12.923534030146058,1.8620606220183973,0.9273622398645734,1.57,4.763703034035227,16.238305717795043,7.895012062080094
AM.RC131.event.20260516T150032,RC131,AM.RC131.event.20260516T150032,Band-pass,signal_processing_baseline,8.331989669778542,9.982629131520996,1.650639461742454,0.52601788600049,1.31,1.6168083473556567,0.0005587424055710789,1.2222232106007052
AM.RC131.event.20260516T150032,RC131,AM.RC131.event.20260516T150032,CovNorm-lambda0,self_supervised_case_study,8.331989669778542,12.259905570844376,3.927915901065834,0.632910704274953,0.79,1.5529459571941713,-3.5100370851485754,8.210451070239108
AM.RC131.event.20260516T150032,RC131,AM.RC131.event.20260516T150032,CovNorm-lambda0.1,self_supervised_case_study,8.331989669778542,9.712481220303788,1.380491550525246,0.6147428860145152,1.24,1.0036679916256757,-3.494269840587775,6.8330727298655605
AM.RC131.event.20260516T150032,RC131,AM.RC131.event.20260516T150032,CovNorm-lambda0.5,self_supervised_case_study,8.331989669778542,6.5197150928753,-1.812274576903242,0.37529186140018106,1.63,-0.8500019198996543,-5.509078988812121,4.7357258652460095
AM.RC131.event.20260516T150032,RC131,AM.RC131.event.20260516T150032,Identity,identity_baseline,8.331989669778542,8.331989669778542,0.0,1.0,1.62,,,
AM.RC131.event.20260516T150032,RC131,AM.RC131.event.20260516T150032,Wiener-blind,deployable_signal_processing_baseline,8.331989669778542,13.905047688025281,5.573058018246739,0.9323824202165268,-0.13,4.320554024407074,26.570002918599936,24.56215134260457
AM.RC2BF.event.20260414T020642,RC2BF,AM.RC2BF.event.20260414T020642,Band-pass,signal_processing_baseline,-0.8992047773952684,-2.570308785247395,-1.6711040078521266,0.3749982691425394,-1.6,3.1331645213359534,0.0004234711481971057,1.8995881918543889
AM.RC2BF.event.20260414T020642,RC2BF,AM.RC2BF.event.20260414T020642,CovNorm-lambda0,self_supervised_case_study,-0.8992047773952684,-0.8193691524984182,0.07983562489685014,0.552639629475613,-0.24,6.185717355392882,-3.301307453327586,6.411521458590158
AM.RC2BF.event.20260414T020642,RC2BF,AM.RC2BF.event.20260414T020642,CovNorm-lambda0.1,self_supervised_case_study,-0.8992047773952684,-1.9139228118131635,-1.014718034417895,0.5889566496922812,-0.21,4.403708213344551,-4.725418531525836,3.867781033209821
AM.RC2BF.event.20260414T020642,RC2BF,AM.RC2BF.event.20260414T020642,CovNorm-lambda0.5,self_supervised_case_study,-0.8992047773952684,-1.25338802040348,-0.3541832430082116,0.4477328789455575,-0.14,6.720008738727157,-2.1667342067353457,3.7661131427655667
AM.RC2BF.event.20260414T020642,RC2BF,AM.RC2BF.event.20260414T020642,Identity,identity_baseline,-0.8992047773952684,-0.8992047773952684,0.0,1.0,-0.26,,,
AM.RC2BF.event.20260414T020642,RC2BF,AM.RC2BF.event.20260414T020642,Wiener-blind,deployable_signal_processing_baseline,-0.8992047773952684,0.7903319146474331,1.6895366920427015,0.09156296227525275,-0.26,31.76055213103109,30.045526793704614,23.370885168026504
AM.RC2BF.event.20260419T144453,RC2BF,AM.RC2BF.event.20260419T144453,Band-pass,signal_processing_baseline,0.4234348205364967,0.4925836927684362,0.0691488722319395,0.17419253932600753,,3.159397589824645,0.00022244920633693622,2.552240096930492
AM.RC2BF.event.20260419T144453,RC2BF,AM.RC2BF.event.20260419T144453,CovNorm-lambda0,self_supervised_case_study,0.4234348205364967,2.163268823763436,1.7398340032269393,0.6898558031168838,0.95,5.6195204152212055,-6.190770788771615,6.813734285521271
AM.RC2BF.event.20260419T144453,RC2BF,AM.RC2BF.event.20260419T144453,CovNorm-lambda0.1,self_supervised_case_study,0.4234348205364967,0.014617579657925388,-0.40881724087857135,0.4819440861837382,1.14,4.7796103174526445,-6.220873966638069,4.208195297173838
AM.RC2BF.event.20260419T144453,RC2BF,AM.RC2BF.event.20260419T144453,CovNorm-lambda0.5,self_supervised_case_study,0.4234348205364967,-0.36496647060903936,-0.788401291145536,0.4095563343150835,1.13,5.191476422258675,-5.615034996433891,3.5681599556052817
AM.RC2BF.event.20260419T144453,RC2BF,AM.RC2BF.event.20260419T144453,Identity,identity_baseline,0.4234348205364967,0.4234348205364967,0.0,1.0,1.14,,,
AM.RC2BF.event.20260419T144453,RC2BF,AM.RC2BF.event.20260419T144453,Wiener-blind,deployable_signal_processing_baseline,0.4234348205364967,2.8783981965729577,2.454963376036461,0.1090015769479889,1.01,34.615099951245305,19.110797524943482,21.764610618114528
AM.RC2BF.event.20260501T020030,RC2BF,AM.RC2BF.event.20260501T020030,Band-pass,signal_processing_baseline,-0.7432989656628348,0.18102148360566409,0.9243204492684989,0.516002624415373,,1.9607472172729663,0.0006618252866731406,1.39492511486665
AM.RC2BF.event.20260501T020030,RC2BF,AM.RC2BF.event.20260501T020030,CovNorm-lambda0,self_supervised_case_study,-0.7432989656628348,-2.6626759648073657,-1.9193769991445309,0.6857361570432277,,7.090254395702076,-0.9872359048188799,5.924450347429644
AM.RC2BF.event.20260501T020030,RC2BF,AM.RC2BF.event.20260501T020030,CovNorm-lambda0.1,self_supervised_case_study,-0.7432989656628348,-2.4444871514567907,-1.701188185793956,0.6106030106951745,,4.936643438340404,-2.7461757260496817,3.3195332328652594
AM.RC2BF.event.20260501T020030,RC2BF,AM.RC2BF.event.20260501T020030,CovNorm-lambda0.5,self_supervised_case_study,-0.7432989656628348,-1.2881842824825003,-0.5448853168196655,0.45168358779389833,0.04,5.028903216669074,-2.407518721724262,1.648972517547793
AM.RC2BF.event.20260501T020030,RC2BF,AM.RC2BF.event.20260501T020030,Identity,identity_baseline,-0.7432989656628348,-0.7432989656628348,0.0,1.0,0.04,,,
AM.RC2BF.event.20260501T020030,RC2BF,AM.RC2BF.event.20260501T020030,Wiener-blind,deployable_signal_processing_baseline,-0.7432989656628348,2.931943476518662,3.6752424421814966,0.318959241072167,1.34,25.695968273470736,13.39764560514068,12.179306940856742
AM.RC2BF.event.20260501T081805,RC2BF,AM.RC2BF.event.20260501T081805,Band-pass,signal_processing_baseline,0.5704179782290655,0.2417068620645529,-0.32871111616451254,0.3258715115474603,,2.586513216556329,0.00010410082524284554,2.8229025254157887
AM.RC2BF.event.20260501T081805,RC2BF,AM.RC2BF.event.20260501T081805,CovNorm-lambda0,self_supervised_case_study,0.5704179782290655,0.16814880937877472,-0.40226916885029074,0.45682527468025047,-1.76,4.671855814220068,-7.70640713299304,-0.6011421018359234
AM.RC2BF.event.20260501T081805,RC2BF,AM.RC2BF.event.20260501T081805,CovNorm-lambda0.1,self_supervised_case_study,0.5704179782290655,-0.20819859029747234,-0.7786165685265378,0.49433527877801403,-1.74,3.1500252818957946,-9.450238403494824,-2.3065696202836405
AM.RC2BF.event.20260501T081805,RC2BF,AM.RC2BF.event.20260501T081805,CovNorm-lambda0.5,self_supervised_case_study,0.5704179782290655,-0.5860566903905242,-1.1564746686195897,0.406945060898271,-1.76,4.459030362850211,-7.491721568880959,-1.7821488301079047
AM.RC2BF.event.20260501T081805,RC2BF,AM.RC2BF.event.20260501T081805,Identity,identity_baseline,0.5704179782290655,0.5704179782290655,0.0,1.0,-1.61,,,
AM.RC2BF.event.20260501T081805,RC2BF,AM.RC2BF.event.20260501T081805,Wiener-blind,deployable_signal_processing_baseline,0.5704179782290655,6.472444811924932,5.902026833695866,0.2896039582112151,,27.91521350399565,18.967574834339015,27.80883926414477
AM.RC2BF.event.20260510T182423,RC2BF,AM.RC2BF.event.20260510T182423,Band-pass,signal_processing_baseline,11.421522210034851,-0.4232404562744834,-11.844762666309334,0.38482355875419216,-1.2,1.1316045549144043,0.00035703114447892514,2.360635048530233
AM.RC2BF.event.20260510T182423,RC2BF,AM.RC2BF.event.20260510T182423,CovNorm-lambda0,self_supervised_case_study,11.421522210034851,7.451225518310185,-3.9702966917246663,0.4075709309645815,-1.25,5.734593787943415,-1.3052431582090438,9.313933511611284
AM.RC2BF.event.20260510T182423,RC2BF,AM.RC2BF.event.20260510T182423,CovNorm-lambda0.1,self_supervised_case_study,11.421522210034851,5.57743245407686,-5.844089755957992,0.4752378563618994,-1.26,4.293007858909312,-2.4228347256723857,8.178945511467745
AM.RC2BF.event.20260510T182423,RC2BF,AM.RC2BF.event.20260510T182423,CovNorm-lambda0.5,self_supervised_case_study,11.421522210034851,6.598465740563668,-4.823056469471183,0.30955838975068645,-1.25,7.652784502220754,1.1716412129332712,11.825480548200721
AM.RC2BF.event.20260510T182423,RC2BF,AM.RC2BF.event.20260510T182423,Identity,identity_baseline,11.421522210034851,11.421522210034851,0.0,1.0,-1.2,,,
AM.RC2BF.event.20260510T182423,RC2BF,AM.RC2BF.event.20260510T182423,Wiener-blind,deployable_signal_processing_baseline,11.421522210034851,13.74183255860661,2.320310348571759,0.5646783971603667,-1.2,15.786238967720202,9.217339408163967,43.63222339681704
AM.RC2BF.event.20260512T113748,RC2BF,AM.RC2BF.event.20260512T113748,Band-pass,signal_processing_baseline,1.398136775850936,1.559096803657376,0.16096002780644003,0.432638418353715,,2.6497534735537607,0.0003992014353271436,2.9218996161073387
AM.RC2BF.event.20260512T113748,RC2BF,AM.RC2BF.event.20260512T113748,CovNorm-lambda0,self_supervised_case_study,1.398136775850936,0.8841966351727566,-0.5139401406781794,0.49287440649820025,,4.557579908337477,-5.320615925021868,6.858214705942937
AM.RC2BF.event.20260512T113748,RC2BF,AM.RC2BF.event.20260512T113748,CovNorm-lambda0.1,self_supervised_case_study,1.398136775850936,0.82158024520008,-0.576556530650856,0.4800229061063012,,2.177451971751662,-6.63069027880709,4.409428607253357
AM.RC2BF.event.20260512T113748,RC2BF,AM.RC2BF.event.20260512T113748,CovNorm-lambda0.5,self_supervised_case_study,1.398136775850936,0.7676923618577034,-0.6304444139932326,0.42372208879518974,,4.381815771228548,-4.400669776156405,4.79010552846282
AM.RC2BF.event.20260512T113748,RC2BF,AM.RC2BF.event.20260512T113748,Identity,identity_baseline,1.398136775850936,1.398136775850936,0.0,1.0,,,,
AM.RC2BF.event.20260512T113748,RC2BF,AM.RC2BF.event.20260512T113748,Wiener-blind,deployable_signal_processing_baseline,1.398136775850936,3.472634519389805,2.074497743538869,0.16054087720104093,,23.700165522325232,14.672665878302519,23.86306311712313
AM.RC2BF.event.20260513T104510,RC2BF,AM.RC2BF.event.20260513T104510,Band-pass,signal_processing_baseline,0.39668632548880695,-0.1581822688408127,-0.5548685943296197,0.22484192035971529,-1.58,2.447355435718891,0.0002913897145117774,2.8156258279619504
AM.RC2BF.event.20260513T104510,RC2BF,AM.RC2BF.event.20260513T104510,CovNorm-lambda0,self_supervised_case_study,0.39668632548880695,-0.6956904122116775,-1.0923767377004845,0.7173251419514038,-0.2,4.59515918132542,-7.82712604361046,5.568497898441453
AM.RC2BF.event.20260513T104510,RC2BF,AM.RC2BF.event.20260513T104510,CovNorm-lambda0.1,self_supervised_case_study,0.39668632548880695,8.393525546592377e-05,-0.39660239023334104,0.6217029533650146,-0.07,2.8719060205304197,-9.38791397839519,3.6784974710233094
AM.RC2BF.event.20260513T104510,RC2BF,AM.RC2BF.event.20260513T104510,CovNorm-lambda0.5,self_supervised_case_study,0.39668632548880695,-0.0022690577047204657,-0.3989553831935274,0.4542961902826781,-0.08,4.052329519206157,-7.351879413164203,3.7740262965971176
AM.RC2BF.event.20260513T104510,RC2BF,AM.RC2BF.event.20260513T104510,Identity,identity_baseline,0.39668632548880695,0.39668632548880695,0.0,1.0,0.03,,,
AM.RC2BF.event.20260513T104510,RC2BF,AM.RC2BF.event.20260513T104510,Wiener-blind,deployable_signal_processing_baseline,0.39668632548880695,1.5028852451800665,1.1061989196912596,0.11679372476052367,,28.734929955700476,21.189996996481263,23.73372397888812
AM.RC2BF.event.20260521T190158,RC2BF,AM.RC2BF.event.20260521T190158,Band-pass,signal_processing_baseline,-1.5997384955080027,-0.04098289892829176,1.558755596579711,0.6243941353619163,,1.7867384616129407,0.00027116384260439326,2.1335009665913454
AM.RC2BF.event.20260521T190158,RC2BF,AM.RC2BF.event.20260521T190158,CovNorm-lambda0,self_supervised_case_study,-1.5997384955080027,-2.2117791606245674,-0.6120406651165646,0.5747459303246539,,6.376710206326543,-0.40420060074275305,6.371592928609651
AM.RC2BF.event.20260521T190158,RC2BF,AM.RC2BF.event.20260521T190158,CovNorm-lambda0.1,self_supervised_case_study,-1.5997384955080027,-2.5054184952387586,-0.9056799997307559,0.49272451915162,,5.116467515881014,-1.9814346004566747,5.494201116777323
AM.RC2BF.event.20260521T190158,RC2BF,AM.RC2BF.event.20260521T190158,CovNorm-lambda0.5,self_supervised_case_study,-1.5997384955080027,-1.4696586806647267,0.13007981484327602,0.4671622135618549,,5.3267497189769335,-1.1733995556348733,3.977144765559936
AM.RC2BF.event.20260521T190158,RC2BF,AM.RC2BF.event.20260521T190158,Identity,identity_baseline,-1.5997384955080027,-1.5997384955080027,0.0,1.0,,,,
AM.RC2BF.event.20260521T190158,RC2BF,AM.RC2BF.event.20260521T190158,Wiener-blind,deployable_signal_processing_baseline,-1.5997384955080027,3.057117020549467,4.65685551605747,0.14689540333496748,,32.209816054857164,7.447787720248478,26.046934507947416
AM.RCBF0.event.20260304T002452,RCBF0,AM.RCBF0.event.20260304T002452,Band-pass,signal_processing_baseline,-3.4483260102683766,-3.889033523158451,-0.4407075128900746,0.6199271002793493,,0.2165138826912012,0.00037934561054806144,0.7550803503661555
AM.RCBF0.event.20260304T002452,RCBF0,AM.RCBF0.event.20260304T002452,CovNorm-lambda0,self_supervised_case_study,-3.4483260102683766,-1.2604009460241206,2.187925064244256,0.2476215742560093,,10.66203929780128,9.21042669391155,16.7750851960635
AM.RCBF0.event.20260304T002452,RCBF0,AM.RCBF0.event.20260304T002452,CovNorm-lambda0.1,self_supervised_case_study,-3.4483260102683766,-1.8015128168386332,1.6468131934297434,0.34115269976274615,,9.02121931150151,7.843594950429575,12.733863062383072
AM.RCBF0.event.20260304T002452,RCBF0,AM.RCBF0.event.20260304T002452,CovNorm-lambda0.5,self_supervised_case_study,-3.4483260102683766,-1.8767828614819235,1.571543148786453,0.3434077316085672,,7.61864049143055,6.922535225656514,12.43145780663204
AM.RCBF0.event.20260304T002452,RCBF0,AM.RCBF0.event.20260304T002452,Identity,identity_baseline,-3.4483260102683766,-3.4483260102683766,0.0,1.0,,,,
AM.RCBF0.event.20260304T002452,RCBF0,AM.RCBF0.event.20260304T002452,Wiener-blind,deployable_signal_processing_baseline,-3.4483260102683766,1.853269833970016,5.301595844238393,0.09939401956191518,-0.41,15.700936956477236,24.87643843849912,22.73155511745806
AM.RCBF0.event.20260309T230546,RCBF0,AM.RCBF0.event.20260309T230546,Band-pass,signal_processing_baseline,12.775339517001239,19.032099485100023,6.256759968098784,0.71032954706805,-1.52,-0.011243028366941132,0.00034262043738847366,0.3402547556363411
AM.RCBF0.event.20260309T230546,RCBF0,AM.RCBF0.event.20260309T230546,CovNorm-lambda0,self_supervised_case_study,12.775339517001239,12.70260364135694,-0.07273587564429818,0.8573594082386493,,7.276878189728605,11.500241802541955,11.111152740236447
AM.RCBF0.event.20260309T230546,RCBF0,AM.RCBF0.event.20260309T230546,CovNorm-lambda0.1,self_supervised_case_study,12.775339517001239,12.524161839485846,-0.2511776775153933,0.8539459388703291,,4.867022737580157,9.368628397443398,10.239049042142867
AM.RCBF0.event.20260309T230546,RCBF0,AM.RCBF0.event.20260309T230546,CovNorm-lambda0.5,self_supervised_case_study,12.775339517001239,10.729680607503527,-2.0456589094977122,0.8593280426175158,-1.69,-1.4094494558922717,4.420742404644581,6.613360939089104
AM.RCBF0.event.20260309T230546,RCBF0,AM.RCBF0.event.20260309T230546,Identity,identity_baseline,12.775339517001239,12.775339517001239,0.0,1.0,-1.29,,,
AM.RCBF0.event.20260309T230546,RCBF0,AM.RCBF0.event.20260309T230546,Wiener-blind,deployable_signal_processing_baseline,12.775339517001239,12.849384928548194,0.07404541154695465,0.9923815612295468,-1.32,0.01951510824557009,0.5661913689348009,4.3000051687802765
AM.RCBF0.event.20260325T071436,RCBF0,AM.RCBF0.event.20260325T071436,Band-pass,signal_processing_baseline,2.4964661468903055,3.2709536383381845,0.774487491447879,0.9472438535850026,1.86,0.1300748173067632,0.0001726056795402179,0.3916246541097331
AM.RCBF0.event.20260325T071436,RCBF0,AM.RCBF0.event.20260325T071436,CovNorm-lambda0,self_supervised_case_study,2.4964661468903055,3.228881845870722,0.7324156989804163,0.5145037734825378,1.93,7.7153051176138066,7.933320644351045,7.764290301650263
AM.RCBF0.event.20260325T071436,RCBF0,AM.RCBF0.event.20260325T071436,CovNorm-lambda0.1,self_supervised_case_study,2.4964661468903055,1.8235478192036005,-0.672918327686705,0.5576777142230951,,6.814786945264642,6.2451773078247,5.20336404832591
AM.RCBF0.event.20260325T071436,RCBF0,AM.RCBF0.event.20260325T071436,CovNorm-lambda0.5,self_supervised_case_study,2.4964661468903055,1.4500308803012893,-1.0464352665890162,0.48779217045635265,,5.776432881386486,5.837139230475174,5.058257491000265
AM.RCBF0.event.20260325T071436,RCBF0,AM.RCBF0.event.20260325T071436,Identity,identity_baseline,2.4964661468903055,2.4964661468903055,0.0,1.0,1.9,,,
AM.RCBF0.event.20260325T071436,RCBF0,AM.RCBF0.event.20260325T071436,Wiener-blind,deployable_signal_processing_baseline,2.4964661468903055,4.8958328809397695,2.399366734049464,0.5543278072706193,1.8,6.322111865343828,12.863737572243528,29.173679374643495
AM.RCBF0.event.20260326T084126,RCBF0,AM.RCBF0.event.20260326T084126,Band-pass,signal_processing_baseline,2.172443457719035,2.255479125083097,0.08303566736406198,0.9518851631095818,1.31,0.187699205937102,0.00031138534149660184,0.2404979660728209
AM.RCBF0.event.20260326T084126,RCBF0,AM.RCBF0.event.20260326T084126,CovNorm-lambda0,self_supervised_case_study,2.172443457719035,0.8964991076333544,-1.2759443500856806,0.34494383941691986,1.47,8.621981876539026,9.722879407404792,8.113075138000477
AM.RCBF0.event.20260326T084126,RCBF0,AM.RCBF0.event.20260326T084126,CovNorm-lambda0.1,self_supervised_case_study,2.172443457719035,-0.08010219513334312,-2.252545652852378,0.41424305227291064,1.48,7.257642091760229,7.8812135207689495,5.9269705875678875
AM.RCBF0.event.20260326T084126,RCBF0,AM.RCBF0.event.20260326T084126,CovNorm-lambda0.5,self_supervised_case_study,2.172443457719035,-0.5381954121602524,-2.710638869879287,0.30563686184471794,1.52,6.7713627551850735,8.148238140669736,6.488212116380797
AM.RCBF0.event.20260326T084126,RCBF0,AM.RCBF0.event.20260326T084126,Identity,identity_baseline,2.172443457719035,2.172443457719035,0.0,1.0,-1.05,,,
AM.RCBF0.event.20260326T084126,RCBF0,AM.RCBF0.event.20260326T084126,Wiener-blind,deployable_signal_processing_baseline,2.172443457719035,4.51346699775551,2.3410235400364754,0.19822254086011362,0.5,6.6280703868888615,12.218538690449085,14.873378786960073
AM.RCBF0.event.20260426T022420,RCBF0,AM.RCBF0.event.20260426T022420,Band-pass,signal_processing_baseline,20.249778930779,24.862069740395793,4.612290809616791,0.8162651001859857,1.79,0.5745483730382234,0.00027896495983558935,1.0361784972520012
AM.RCBF0.event.20260426T022420,RCBF0,AM.RCBF0.event.20260426T022420,CovNorm-lambda0,self_supervised_case_study,20.249778930779,24.460739197616274,4.210960266837272,0.24678740690184536,1.97,10.68782707754464,5.5541172100115,12.254306297464817
AM.RCBF0.event.20260426T022420,RCBF0,AM.RCBF0.event.20260426T022420,CovNorm-lambda0.1,self_supervised_case_study,20.249778930779,22.46457235385413,2.214793423075129,0.43470130163036885,1.75,8.298574900988257,3.2482568955374944,10.780943642941608
AM.RCBF0.event.20260426T022420,RCBF0,AM.RCBF0.event.20260426T022420,CovNorm-lambda0.5,self_supervised_case_study,20.249778930779,22.887302331268614,2.637523400489613,0.6405446103758624,0.1,6.6527184121107465,0.8433383361482103,8.349981160002912
AM.RCBF0.event.20260426T022420,RCBF0,AM.RCBF0.event.20260426T022420,Identity,identity_baseline,20.249778930779,20.249778930779,0.0,1.0,1.93,,,
AM.RCBF0.event.20260426T022420,RCBF0,AM.RCBF0.event.20260426T022420,Wiener-blind,deployable_signal_processing_baseline,20.249778930779,20.941163265834298,0.6913843350552966,0.8832722390423516,1.92,0.09747898310312945,0.13323933535464932,2.1246111124039584
AM.RCBF0.event.20260520T141621,RCBF0,AM.RCBF0.event.20260520T141621,Band-pass,signal_processing_baseline,1.494019947517772,1.9480394898710627,0.4540195423532907,0.8966446427192618,-1.72,0.09411559562673909,0.00010758062303943098,0.4996423234377744
AM.RCBF0.event.20260520T141621,RCBF0,AM.RCBF0.event.20260520T141621,CovNorm-lambda0,self_supervised_case_study,1.494019947517772,3.3823033455598024,1.8882833980420304,0.2087415458797559,,9.246435822627602,9.716999454388242,8.928588444394377
AM.RCBF0.event.20260520T141621,RCBF0,AM.RCBF0.event.20260520T141621,CovNorm-lambda0.1,self_supervised_case_study,1.494019947517772,1.3609700716059936,-0.13304987591177841,0.34706940504428785,-1.49,6.875010959743487,7.019127902793282,6.546116029689003
AM.RCBF0.event.20260520T141621,RCBF0,AM.RCBF0.event.20260520T141621,CovNorm-lambda0.5,self_supervised_case_study,1.494019947517772,1.816743102447089,0.322723154929317,0.3985614290982299,-1.36,7.618508248711669,7.948214996239358,7.421226813172179
AM.RCBF0.event.20260520T141621,RCBF0,AM.RCBF0.event.20260520T141621,Identity,identity_baseline,1.494019947517772,1.494019947517772,0.0,1.0,-1.7,,,
AM.RCBF0.event.20260520T141621,RCBF0,AM.RCBF0.event.20260520T141621,Wiener-blind,deployable_signal_processing_baseline,1.494019947517772,3.4499700288632056,1.9559500813454336,0.5542861408078101,-1.48,17.983170690389514,9.651390054562194,6.107929132848447
AM.RCBF0.event.20260523T001457,RCBF0,AM.RCBF0.event.20260523T001457,Band-pass,signal_processing_baseline,-0.5413364226402535,-0.8118647845457838,-0.2705283619055303,0.8060947098484229,1.27,0.21441373912394637,0.00036488804874070104,0.4725345578893278
AM.RCBF0.event.20260523T001457,RCBF0,AM.RCBF0.event.20260523T001457,CovNorm-lambda0,self_supervised_case_study,-0.5413364226402535,1.9765382430751632,2.517874665715417,0.3374480196984361,1.27,7.460704141494037,6.254367303794351,13.298601693214069
AM.RCBF0.event.20260523T001457,RCBF0,AM.RCBF0.event.20260523T001457,CovNorm-lambda0.1,self_supervised_case_study,-0.5413364226402535,-0.3020767617632154,0.2392596608770381,0.368293325002102,1.28,6.6114368834274515,4.36766103212353,9.162718693697089
AM.RCBF0.event.20260523T001457,RCBF0,AM.RCBF0.event.20260523T001457,CovNorm-lambda0.5,self_supervised_case_study,-0.5413364226402535,0.05891313574785631,0.6002495583881098,0.4556330331635871,1.28,6.352591556697725,4.823213046687093,9.926022847480185
AM.RCBF0.event.20260523T001457,RCBF0,AM.RCBF0.event.20260523T001457,Identity,identity_baseline,-0.5413364226402535,-0.5413364226402535,0.0,1.0,1.28,,,
AM.RCBF0.event.20260523T001457,RCBF0,AM.RCBF0.event.20260523T001457,Wiener-blind,deployable_signal_processing_baseline,-0.5413364226402535,1.9199688310585645,2.461305253698818,0.2228108881259992,1.25,11.416711982887088,33.270450892040905,68.11523973177958
AM.RCBF0.event.20260525T152710,RCBF0,AM.RCBF0.event.20260525T152710,Band-pass,signal_processing_baseline,0.9434947067409188,1.248220599457168,0.30472589271624917,0.9460500149600791,0.22,0.14469933728604853,0.00022882495554101166,0.8926177621465522
AM.RCBF0.event.20260525T152710,RCBF0,AM.RCBF0.event.20260525T152710,CovNorm-lambda0,self_supervised_case_study,0.9434947067409188,0.8887313608487486,-0.054763345892170245,0.2020857440226248,0.64,10.362701230961932,8.769942688881672,14.175671907687748
AM.RCBF0.event.20260525T152710,RCBF0,AM.RCBF0.event.20260525T152710,CovNorm-lambda0.1,self_supervised_case_study,0.9434947067409188,0.9336551831246016,-0.009839523616317236,0.292126616733319,0.32,9.314077988679687,6.833678668308022,10.557138328437674
AM.RCBF0.event.20260525T152710,RCBF0,AM.RCBF0.event.20260525T152710,CovNorm-lambda0.5,self_supervised_case_study,0.9434947067409188,-0.43467329604325594,-1.3781680027841747,0.256831019303996,,10.808962512022182,8.163540487099032,11.596592563403618
AM.RCBF0.event.20260525T152710,RCBF0,AM.RCBF0.event.20260525T152710,Identity,identity_baseline,0.9434947067409188,0.9434947067409188,0.0,1.0,0.24,,,
AM.RCBF0.event.20260525T152710,RCBF0,AM.RCBF0.event.20260525T152710,Wiener-blind,deployable_signal_processing_baseline,0.9434947067409188,3.7628886799006227,2.8193939731597037,0.5723894488119894,-0.26,18.348792078998375,15.59277514750915,7.96594707807905
AM.RCCE6.event.20260527T041736,RCCE6,AM.RCCE6.event.20260527T041736,Band-pass,signal_processing_baseline,26.439728306576566,39.60402749113833,13.164299184561767,0.981624081487143,-1.11,-0.4663290256122863,0.0002861672302469397,1.4940961556913166
AM.RCCE6.event.20260527T041736,RCCE6,AM.RCCE6.event.20260527T041736,CovNorm-lambda0,self_supervised_case_study,26.439728306576566,25.49963880466425,-0.9400895019123148,0.5983135675882159,-0.01,-21.563683584077154,-3.4159670581882704,6.362159894473121
AM.RCCE6.event.20260527T041736,RCCE6,AM.RCCE6.event.20260527T041736,CovNorm-lambda0.1,self_supervised_case_study,26.439728306576566,25.118321917957726,-1.3214063886188399,0.5990734060765007,0.07,-24.314730056929363,-6.99856966434664,3.210971342662502
AM.RCCE6.event.20260527T041736,RCCE6,AM.RCCE6.event.20260527T041736,CovNorm-lambda0.5,self_supervised_case_study,26.439728306576566,23.269525438842006,-3.1702028677345595,0.6173398356851106,-0.28,-22.78054786694858,-7.5683137466972825,2.696735574543038
AM.RCCE6.event.20260527T041736,RCCE6,AM.RCCE6.event.20260527T041736,Identity,identity_baseline,26.439728306576566,26.439728306576566,0.0,1.0,0.61,,,
AM.RCCE6.event.20260527T041736,RCCE6,AM.RCCE6.event.20260527T041736,Wiener-blind,deployable_signal_processing_baseline,26.439728306576566,36.76509684180233,10.325368535225767,1.0083904677662403,-0.15,9.988462112967378e-06,9.980938295697443e-05,0.003310891588226885
AM.RCCE6.event.20260531T055104,RCCE6,AM.RCCE6.event.20260531T055104,Band-pass,signal_processing_baseline,2.9092241027098558,16.490802459634768,13.581578356924911,0.8536426384255896,0.54,0.2771687590728537,0.0005665181908519526,1.673037867473021
AM.RCCE6.event.20260531T055104,RCCE6,AM.RCCE6.event.20260531T055104,CovNorm-lambda0,self_supervised_case_study,2.9092241027098558,1.147207355768208,-1.7620167469416477,0.48366511346635355,1.15,-2.6844645192923093,1.037399258696787,12.208717373317251
AM.RCCE6.event.20260531T055104,RCCE6,AM.RCCE6.event.20260531T055104,CovNorm-lambda0.1,self_supervised_case_study,2.9092241027098558,0.365105492225001,-2.5441186104848548,0.5019299874844149,,-3.841426962985637,-1.1371455351352482,10.21058596973296
AM.RCCE6.event.20260531T055104,RCCE6,AM.RCCE6.event.20260531T055104,CovNorm-lambda0.5,self_supervised_case_study,2.9092241027098558,0.7105852475770174,-2.198638855132838,0.3455221718971053,,-3.748547885253052,-2.643661490246631,12.156507830063825
AM.RCCE6.event.20260531T055104,RCCE6,AM.RCCE6.event.20260531T055104,Identity,identity_baseline,2.9092241027098558,2.9092241027098558,0.0,1.0,1.09,,,
AM.RCCE6.event.20260531T055104,RCCE6,AM.RCCE6.event.20260531T055104,Wiener-blind,deployable_signal_processing_baseline,2.9092241027098558,10.532361977536516,7.62313787482666,0.8540766918630408,0.5,0.4341540565036967,0.2209607736352326,7.222798127108466
AM.RCCE6.event.20260531T074114,RCCE6,AM.RCCE6.event.20260531T074114,Band-pass,signal_processing_baseline,15.981169579585401,28.953981793733938,12.972812214148536,0.9348194026739849,-0.45,-0.432267395880748,0.00018984448596046893,3.0013843812484566
AM.RCCE6.event.20260531T074114,RCCE6,AM.RCCE6.event.20260531T074114,CovNorm-lambda0,self_supervised_case_study,15.981169579585401,15.397923128794462,-0.5832464507909396,0.20387248899819493,-0.55,-0.17876682911646938,3.4032482202209082,11.356115774783058
AM.RCCE6.event.20260531T074114,RCCE6,AM.RCCE6.event.20260531T074114,CovNorm-lambda0.1,self_supervised_case_study,15.981169579585401,15.091856277701188,-0.8893133018842132,0.262667335225319,-0.53,-4.494652780099268,-1.1541828647071422,5.468743309753717
AM.RCCE6.event.20260531T074114,RCCE6,AM.RCCE6.event.20260531T074114,CovNorm-lambda0.5,self_supervised_case_study,15.981169579585401,13.00494164811591,-2.9762279314694915,0.17962285893290386,0.15,-6.1726895755397315,-3.1297831109980216,7.07146218655308
AM.RCCE6.event.20260531T074114,RCCE6,AM.RCCE6.event.20260531T074114,Identity,identity_baseline,15.981169579585401,15.981169579585401,0.0,1.0,0.03,,,
AM.RCCE6.event.20260531T074114,RCCE6,AM.RCCE6.event.20260531T074114,Wiener-blind,deployable_signal_processing_baseline,15.981169579585401,28.04816810121286,12.066998521627458,0.9866674306312204,-0.05,0.001880806050573211,0.0011622136020305073,0.00962322466570011
AM.RCCE6.event.20260531T213430,RCCE6,AM.RCCE6.event.20260531T213430,Band-pass,signal_processing_baseline,36.38780690092385,50.86792416659857,14.480117265674721,0.8799782138810212,-0.2,0.27425915059313094,0.0005963858434498795,1.9033067717551309
AM.RCCE6.event.20260531T213430,RCCE6,AM.RCCE6.event.20260531T213430,CovNorm-lambda0,self_supervised_case_study,36.38780690092385,26.07371575766245,-10.3140911432614,0.36212721567945044,0.33,-29.424130606800016,-14.40839418366014,0.8893351449943254
AM.RCCE6.event.20260531T213430,RCCE6,AM.RCCE6.event.20260531T213430,CovNorm-lambda0.1,self_supervised_case_study,36.38780690092385,22.594857484696654,-13.792949416227195,0.42512105415332313,0.35,-34.20698538648802,-17.579073960202425,-2.565677347900573
AM.RCCE6.event.20260531T213430,RCCE6,AM.RCCE6.event.20260531T213430,CovNorm-lambda0.5,self_supervised_case_study,36.38780690092385,22.63475608927049,-13.75305081165336,0.4739734215612332,0.38,-32.26104282352773,-17.884251935330965,-3.7825743950608763
AM.RCCE6.event.20260531T213430,RCCE6,AM.RCCE6.event.20260531T213430,Identity,identity_baseline,36.38780690092385,36.38780690092385,0.0,1.0,0.02,,,
AM.RCCE6.event.20260531T213430,RCCE6,AM.RCCE6.event.20260531T213430,Wiener-blind,deployable_signal_processing_baseline,36.38780690092385,36.42001000715418,0.032203106230333844,0.9999685028015133,0.02,-1.8287200061318202e-06,1.5864400373080524e-05,0.0012242642911793739
AM.RCCE6.event.20260531T214707,RCCE6,AM.RCCE6.event.20260531T214707,Band-pass,signal_processing_baseline,26.138907371463066,32.453003998496676,6.31409662703361,0.9034058645479754,0.24,0.08919889087481604,0.0005375251328196847,1.1745006090809424
AM.RCCE6.event.20260531T214707,RCCE6,AM.RCCE6.event.20260531T214707,CovNorm-lambda0,self_supervised_case_study,26.138907371463066,22.369533074441573,-3.7693742970214927,0.482813573306486,0.38,-0.5430020652963939,10.271311001404811,18.116651331051173
AM.RCCE6.event.20260531T214707,RCCE6,AM.RCCE6.event.20260531T214707,CovNorm-lambda0.1,self_supervised_case_study,26.138907371463066,22.250908975570688,-3.887998395892378,0.5204175777984384,0.23,-3.6854308367192803,5.8664162117025525,14.559039366780482
AM.RCCE6.event.20260531T214707,RCCE6,AM.RCCE6.event.20260531T214707,CovNorm-lambda0.5,self_supervised_case_study,26.138907371463066,22.708233885988637,-3.430673485474429,0.6724725789437265,0.39,-2.425254457439833,5.480292149341351,13.555317331488846
AM.RCCE6.event.20260531T214707,RCCE6,AM.RCCE6.event.20260531T214707,Identity,identity_baseline,26.138907371463066,26.138907371463066,0.0,1.0,0.62,,,
AM.RCCE6.event.20260531T214707,RCCE6,AM.RCCE6.event.20260531T214707,Wiener-blind,deployable_signal_processing_baseline,26.138907371463066,28.955922903373846,2.81701553191078,0.9878666161083365,0.58,3.777218268910776e-05,0.0012664332099911611,0.030988861765565808
AM.RCCE6.event.20260531T215223,RCCE6,AM.RCCE6.event.20260531T215223,Band-pass,signal_processing_baseline,28.879286986853497,35.30820914463049,6.4289221577769915,0.933630734616385,-0.37,0.12917360780010248,0.0005437529832524752,1.20088037771433
AM.RCCE6.event.20260531T215223,RCCE6,AM.RCCE6.event.20260531T215223,CovNorm-lambda0,self_supervised_case_study,28.879286986853497,20.039731410424896,-8.839555576428602,0.26239266294966296,0.5,-3.831142884690727,6.9481238944585515,15.967990904553387
AM.RCCE6.event.20260531T215223,RCCE6,AM.RCCE6.event.20260531T215223,CovNorm-lambda0.1,self_supervised_case_study,28.879286986853497,20.415292897521617,-8.46399408933188,0.3241111457503323,-0.1,-6.710156971966207,2.0702039399677643,13.26401199197286
AM.RCCE6.event.20260531T215223,RCCE6,AM.RCCE6.event.20260531T215223,CovNorm-lambda0.5,self_supervised_case_study,28.879286986853497,18.746507441194172,-10.132779545659325,0.3840655970227537,0.53,-7.506663414662936,1.706047920675936,11.147089747445754
AM.RCCE6.event.20260531T215223,RCCE6,AM.RCCE6.event.20260531T215223,Identity,identity_baseline,28.879286986853497,28.879286986853497,0.0,1.0,0.55,,,
AM.RCCE6.event.20260531T215223,RCCE6,AM.RCCE6.event.20260531T215223,Wiener-blind,deployable_signal_processing_baseline,28.879286986853497,30.34884274914831,1.4695557622948137,1.0010759197340466,0.52,8.059121019215685e-05,0.0006673470915564661,0.012949229494170053
AM.RCCE6.event.20260531T221010,RCCE6,AM.RCCE6.event.20260531T221010,Band-pass,signal_processing_baseline,14.255998891401031,20.928246660824513,6.672247769423482,0.8081239306474922,-0.11,0.04400934713872235,0.000512991870515811,1.4237238974871869
AM.RCCE6.event.20260531T221010,RCCE6,AM.RCCE6.event.20260531T221010,CovNorm-lambda0,self_supervised_case_study,14.255998891401031,16.55336841977665,2.2973695283756186,0.2706655401580664,-1.39,6.28085642873441,14.375005675041479,24.221095342633628
AM.RCCE6.event.20260531T221010,RCCE6,AM.RCCE6.event.20260531T221010,CovNorm-lambda0.1,self_supervised_case_study,14.255998891401031,14.759865880395393,0.5038669889943623,0.38799499054187775,-0.61,2.8255404580538084,11.960230400314652,21.039858434899745
AM.RCCE6.event.20260531T221010,RCCE6,AM.RCCE6.event.20260531T221010,CovNorm-lambda0.5,self_supervised_case_study,14.255998891401031,16.131612697131075,1.875613805730044,0.38626266239783735,0.04,1.1881836058664828,8.404331131537736,18.89921490185346
AM.RCCE6.event.20260531T221010,RCCE6,AM.RCCE6.event.20260531T221010,Identity,identity_baseline,14.255998891401031,14.255998891401031,0.0,1.0,0.0,,,
AM.RCCE6.event.20260531T221010,RCCE6,AM.RCCE6.event.20260531T221010,Wiener-blind,deployable_signal_processing_baseline,14.255998891401031,17.99732253509481,3.7413236436937787,0.9229836695843622,-0.03,0.0008987277852953501,0.009564782716596767,0.1829661509816115
AM.RCCE6.event.20260531T221901,RCCE6,AM.RCCE6.event.20260531T221901,Band-pass,signal_processing_baseline,6.22026835989847,13.020887247036883,6.8006188871384134,1.0321651132820067,-0.47,0.2026685631240569,0.0005580631605786598,1.453660133245961
AM.RCCE6.event.20260531T221901,RCCE6,AM.RCCE6.event.20260531T221901,CovNorm-lambda0,self_supervised_case_study,6.22026835989847,-0.1356981736778316,-6.355966533576302,0.2333748555983077,1.88,3.0550655132039886,4.975547267502455,13.171636466045006
AM.RCCE6.event.20260531T221901,RCCE6,AM.RCCE6.event.20260531T221901,CovNorm-lambda0.1,self_supervised_case_study,6.22026835989847,0.22407695700074903,-5.996191402897721,0.21629626490362758,1.88,0.14753191570477364,1.0271525289034127,10.995660526624198
AM.RCCE6.event.20260531T221901,RCCE6,AM.RCCE6.event.20260531T221901,CovNorm-lambda0.5,self_supervised_case_study,6.22026835989847,2.2726067198242914,-3.9476616400741786,0.1356437110240148,1.89,2.70088075720744,4.60313036075976,13.780930445805959
AM.RCCE6.event.20260531T221901,RCCE6,AM.RCCE6.event.20260531T221901,Identity,identity_baseline,6.22026835989847,6.22026835989847,0.0,1.0,1.17,,,
AM.RCCE6.event.20260531T221901,RCCE6,AM.RCCE6.event.20260531T221901,Wiener-blind,deployable_signal_processing_baseline,6.22026835989847,12.000675274452488,5.7804069145540184,1.036504189134804,-0.51,0.16803271504812775,0.5042619445236833,2.95749800253491
AM.RD349.event.20251224T035208,RD349,AM.RD349.event.20251224T035208,Band-pass,signal_processing_baseline,1.5204237006530668,2.3309952809026084,0.8105715802495417,0.7035219654749973,,0.016444364581240777,0.0009788772000897065,0.255086134938402
AM.RD349.event.20251224T035208,RD349,AM.RD349.event.20251224T035208,CovNorm-lambda0,self_supervised_case_study,1.5204237006530668,0.7725071882994771,-0.7479165123535897,0.18537110672085153,,6.91236284178277,8.191405339759447,7.23557703322723
AM.RD349.event.20251224T035208,RD349,AM.RD349.event.20251224T035208,CovNorm-lambda0.1,self_supervised_case_study,1.5204237006530668,0.6651525312082678,-0.855271169444799,0.3694179300150893,,5.428811018554441,6.699308132069821,5.581203010644772
AM.RD349.event.20251224T035208,RD349,AM.RD349.event.20251224T035208,CovNorm-lambda0.5,self_supervised_case_study,1.5204237006530668,-1.1343804299274198,-2.6548041305804864,0.4373759619583013,,5.436168908169111,6.6559166766407705,5.712814803492054
AM.RD349.event.20251224T035208,RD349,AM.RD349.event.20251224T035208,Identity,identity_baseline,1.5204237006530668,1.5204237006530668,0.0,1.0,,,,
AM.RD349.event.20251224T035208,RD349,AM.RD349.event.20251224T035208,Wiener-blind,deployable_signal_processing_baseline,1.5204237006530668,3.915825851129785,2.3954021504767185,0.25964092567349206,,23.71191133380854,34.80136030770244,11.602467714591803
AM.RD349.event.20260109T183936,RD349,AM.RD349.event.20260109T183936,Band-pass,signal_processing_baseline,-1.801052911409293,-2.6991704452431957,-0.8981175338339027,0.7988539087346426,,-0.20901996827285907,0.00025484822050605657,0.6758412564939218
AM.RD349.event.20260109T183936,RD349,AM.RD349.event.20260109T183936,CovNorm-lambda0,self_supervised_case_study,-1.801052911409293,-3.6390828930605186,-1.8380299816512256,0.2737350014454297,1.27,3.274565994605551,9.439478377112328,6.814910119067707
AM.RD349.event.20260109T183936,RD349,AM.RD349.event.20260109T183936,CovNorm-lambda0.1,self_supervised_case_study,-1.801052911409293,-3.700168342772783,-1.8991154313634901,0.42642783264225015,1.64,1.9191913906376128,8.197577175878633,5.8691035433607945
AM.RD349.event.20260109T183936,RD349,AM.RD349.event.20260109T183936,CovNorm-lambda0.5,self_supervised_case_study,-1.801052911409293,-3.5751131547609747,-1.7740602433516817,0.44838650381787265,,2.649318136620511,9.477771891470388,6.6907952099106325
AM.RD349.event.20260109T183936,RD349,AM.RD349.event.20260109T183936,Identity,identity_baseline,-1.801052911409293,-1.801052911409293,0.0,1.0,,,,
AM.RD349.event.20260109T183936,RD349,AM.RD349.event.20260109T183936,Wiener-blind,deployable_signal_processing_baseline,-1.801052911409293,1.1059934342300848,2.907046345639378,0.31508900155889125,,21.97270868043904,43.18652535289895,8.687022064469632
AM.RD349.event.20260205T195418,RD349,AM.RD349.event.20260205T195418,Band-pass,signal_processing_baseline,2.477122054695869,3.0923251200311928,0.6152030653353235,0.8467739555886136,-1.46,0.010639376947785628,0.0004638030703556833,0.4032388137240403
AM.RD349.event.20260205T195418,RD349,AM.RD349.event.20260205T195418,CovNorm-lambda0,self_supervised_case_study,2.477122054695869,5.735609322610285,3.258487267914416,0.31600296431538,-1.5,8.402551273386246,10.701516999303236,7.694838470126871
AM.RD349.event.20260205T195418,RD349,AM.RD349.event.20260205T195418,CovNorm-lambda0.1,self_supervised_case_study,2.477122054695869,1.7177291671988792,-0.75939288749699,0.3421620882856424,-1.36,7.269419504495001,8.498270854542012,5.096200588960923
AM.RD349.event.20260205T195418,RD349,AM.RD349.event.20260205T195418,CovNorm-lambda0.5,self_supervised_case_study,2.477122054695869,1.1115487247958216,-1.3655733299000476,0.33652725843365194,-1.13,8.868779050048259,9.250657556575952,5.797551853357365
AM.RD349.event.20260205T195418,RD349,AM.RD349.event.20260205T195418,Identity,identity_baseline,2.477122054695869,2.477122054695869,0.0,1.0,-1.47,,,
AM.RD349.event.20260205T195418,RD349,AM.RD349.event.20260205T195418,Wiener-blind,deployable_signal_processing_baseline,2.477122054695869,4.307045242509873,1.8299231878140039,0.6446776134626403,-1.49,5.242599841473186,12.484546628986052,17.053154997851703
AM.RD349.event.20260216T200456,RD349,AM.RD349.event.20260216T200456,Band-pass,signal_processing_baseline,7.666735282178787,6.226255999720279,-1.440479282458508,0.8471876475367094,-1.83,0.03135600634559147,0.0006553977059148645,0.31615457017954535
AM.RD349.event.20260216T200456,RD349,AM.RD349.event.20260216T200456,CovNorm-lambda0,self_supervised_case_study,7.666735282178787,10.612350460114527,2.94561517793574,0.2267390894590548,,7.20545691273854,9.918373520089375,8.190644065294599
AM.RD349.event.20260216T200456,RD349,AM.RD349.event.20260216T200456,CovNorm-lambda0.1,self_supervised_case_study,7.666735282178787,6.019675251131358,-1.6470600310474293,0.40982240626405864,-1.84,5.681047162925708,7.465270114870475,5.621791132089228
AM.RD349.event.20260216T200456,RD349,AM.RD349.event.20260216T200456,CovNorm-lambda0.5,self_supervised_case_study,7.666735282178787,4.478920763664757,-3.1878145185140303,0.40312995323188744,,6.559474503682317,7.790301463485427,5.657136574940683
AM.RD349.event.20260216T200456,RD349,AM.RD349.event.20260216T200456,Identity,identity_baseline,7.666735282178787,7.666735282178787,0.0,1.0,-1.79,,,
AM.RD349.event.20260216T200456,RD349,AM.RD349.event.20260216T200456,Wiener-blind,deployable_signal_processing_baseline,7.666735282178787,10.87424816998631,3.207512887807522,0.6244929867383583,0.57,17.452083948332177,13.369498516920508,9.08326195591981
AM.RD349.event.20260301T190036,RD349,AM.RD349.event.20260301T190036,Band-pass,signal_processing_baseline,4.184723974148482,4.782683215844436,0.5979592416959543,0.8274051133108423,1.13,0.02867521647742387,0.0009020732007272748,0.20831242277340864
AM.RD349.event.20260301T190036,RD349,AM.RD349.event.20260301T190036,CovNorm-lambda0,self_supervised_case_study,4.184723974148482,8.257963595969693,4.0732396218212115,0.36530577896232946,0.93,4.524396066944727,8.275275551340668,7.868805008937866
AM.RD349.event.20260301T190036,RD349,AM.RD349.event.20260301T190036,CovNorm-lambda0.1,self_supervised_case_study,4.184723974148482,3.9057203697723035,-0.2790036043761783,0.3335528667846263,1.12,3.3616368212589633,6.445825356975209,5.39573657115844
AM.RD349.event.20260301T190036,RD349,AM.RD349.event.20260301T190036,CovNorm-lambda0.5,self_supervised_case_study,4.184723974148482,3.3237701864486615,-0.8609537876998203,0.3932224103995049,1.16,3.7494472231841027,6.319039214508604,5.495514922047623
AM.RD349.event.20260301T190036,RD349,AM.RD349.event.20260301T190036,Identity,identity_baseline,4.184723974148482,4.184723974148482,0.0,1.0,1.13,,,
AM.RD349.event.20260301T190036,RD349,AM.RD349.event.20260301T190036,Wiener-blind,deployable_signal_processing_baseline,4.184723974148482,7.427622721878907,3.2428987477304254,0.8906827745475552,1.08,1.1749103217100765,7.465020700125233,14.520626302446273
AM.RD349.event.20260303T172507,RD349,AM.RD349.event.20260303T172507,Band-pass,signal_processing_baseline,0.13478461436096198,-1.4935996549994996,-1.6283842693604615,0.7760781419114556,,0.028931807375296992,0.0005732809188056056,0.5242851261957343
AM.RD349.event.20260303T172507,RD349,AM.RD349.event.20260303T172507,CovNorm-lambda0,self_supervised_case_study,0.13478461436096198,1.4949711931727296,1.3601865788117677,0.21992254416443888,,9.559267236344576,10.337821405806979,7.041703119574026
AM.RD349.event.20260303T172507,RD349,AM.RD349.event.20260303T172507,CovNorm-lambda0.1,self_supervised_case_study,0.13478461436096198,-0.6210292625506788,-0.7558138769116408,0.3400162794646286,,8.529759374331787,8.525666643591782,5.894934410256687
AM.RD349.event.20260303T172507,RD349,AM.RD349.event.20260303T172507,CovNorm-lambda0.5,self_supervised_case_study,0.13478461436096198,-1.56605915991145,-1.7008437742724118,0.38109455092431227,,9.073023807292692,8.740420099231082,6.5170024146055745
AM.RD349.event.20260303T172507,RD349,AM.RD349.event.20260303T172507,Identity,identity_baseline,0.13478461436096198,0.13478461436096198,0.0,1.0,,,,
AM.RD349.event.20260303T172507,RD349,AM.RD349.event.20260303T172507,Wiener-blind,deployable_signal_processing_baseline,0.13478461436096198,4.727130584221939,4.592345969860977,0.14219779536492927,0.58,43.63173233377855,33.957954237350556,45.4416689208985
AM.RD349.event.20260304T153528,RD349,AM.RD349.event.20260304T153528,Band-pass,signal_processing_baseline,-4.537543850469957,-4.898940131974835,-0.3613962815048781,0.9512953963692449,,-0.01337603569728884,0.001130245757241133,0.08177406149699061
AM.RD349.event.20260304T153528,RD349,AM.RD349.event.20260304T153528,CovNorm-lambda0,self_supervised_case_study,-4.537543850469957,-6.915009911469346,-2.3774660609993887,0.5308438222362104,,-6.637605562157238,3.160237900512817,4.101414518843444
AM.RD349.event.20260304T153528,RD349,AM.RD349.event.20260304T153528,CovNorm-lambda0.1,self_supervised_case_study,-4.537543850469957,-5.516894167545216,-0.9793503170752587,0.59490328376306,,-5.6722298274021155,3.7256793490692375,4.6137896868282295
AM.RD349.event.20260304T153528,RD349,AM.RD349.event.20260304T153528,CovNorm-lambda0.5,self_supervised_case_study,-4.537543850469957,-4.677697908765821,-0.14015405829586403,0.6675381153187251,,-5.187175388354075,3.8031179293750306,5.125452326838179
AM.RD349.event.20260304T153528,RD349,AM.RD349.event.20260304T153528,Identity,identity_baseline,-4.537543850469957,-4.537543850469957,0.0,1.0,,,,
AM.RD349.event.20260304T153528,RD349,AM.RD349.event.20260304T153528,Wiener-blind,deployable_signal_processing_baseline,-4.537543850469957,-0.5555841245423647,3.9819597259275925,0.0828405551597076,,59.45398083023633,107.05759125854712,98.27443014045689
AM.RD349.event.20260326T081116,RD349,AM.RD349.event.20260326T081116,Band-pass,signal_processing_baseline,-1.0289826570447222,-2.180279975301672,-1.1512973182569497,0.6979448994073018,-1.33,0.006898778487554252,0.001023823111732885,0.39258633185022
AM.RD349.event.20260326T081116,RD349,AM.RD349.event.20260326T081116,CovNorm-lambda0,self_supervised_case_study,-1.0289826570447222,0.39821723799086195,1.4271998950355842,0.16759034832167377,-1.0,9.219783618028451,8.84632158224899,8.230257619487702
AM.RD349.event.20260326T081116,RD349,AM.RD349.event.20260326T081116,CovNorm-lambda0.1,self_supervised_case_study,-1.0289826570447222,-0.8654857332123675,0.1634969238323547,0.3588842569860637,-1.36,8.031927962349998,7.621940041542736,6.09727706221048
AM.RD349.event.20260326T081116,RD349,AM.RD349.event.20260326T081116,CovNorm-lambda0.5,self_supervised_case_study,-1.0289826570447222,-0.2614874201394756,0.7674952369052466,0.35356566325057004,-1.0,8.45059297880517,8.108566977644964,6.201391375350833
AM.RD349.event.20260326T081116,RD349,AM.RD349.event.20260326T081116,Identity,identity_baseline,-1.0289826570447222,-1.0289826570447222,0.0,1.0,-1.24,,,
AM.RD349.event.20260326T081116,RD349,AM.RD349.event.20260326T081116,Wiener-blind,deployable_signal_processing_baseline,-1.0289826570447222,3.3043032989080237,4.333285955952746,0.16343901028829816,0.36,13.005222461358912,47.595478309681276,47.62022129092798
AM.RE8DB.event.20251028T084426,RE8DB,AM.RE8DB.event.20251028T084426,Band-pass,signal_processing_baseline,3.017655172036797,5.7297198555798845,2.7120646835430877,0.5974739624038344,0.14,0.8232044924367102,0.0004896592980513915,1.3836621963191365
AM.RE8DB.event.20251028T084426,RE8DB,AM.RE8DB.event.20251028T084426,CovNorm-lambda0,self_supervised_case_study,3.017655172036797,3.1668167059781975,0.14916153394140075,0.8833154355895266,0.65,4.936812908725905,-9.086202289733185,3.201225724051016
AM.RE8DB.event.20251028T084426,RE8DB,AM.RE8DB.event.20251028T084426,CovNorm-lambda0.1,self_supervised_case_study,3.017655172036797,1.6706714184369944,-1.3469837535998024,0.8773286485452194,0.65,3.2703759877154206,-10.402642187905832,0.788594699972608
AM.RE8DB.event.20251028T084426,RE8DB,AM.RE8DB.event.20251028T084426,CovNorm-lambda0.5,self_supervised_case_study,3.017655172036797,2.1474134149054356,-0.8702417571313612,0.991803976669342,0.67,2.3094731404893554,-10.539061852538312,-0.6622586499107794
AM.RE8DB.event.20251028T084426,RE8DB,AM.RE8DB.event.20251028T084426,Identity,identity_baseline,3.017655172036797,3.017655172036797,0.0,1.0,0.68,,,
AM.RE8DB.event.20251028T084426,RE8DB,AM.RE8DB.event.20251028T084426,Wiener-blind,deployable_signal_processing_baseline,3.017655172036797,5.205852277373006,2.188197105336209,0.6754654180063182,0.08,3.6879605225295458,1.8084902776696932,12.21189467282975
AM.RE8DB.event.20251121T033551,RE8DB,AM.RE8DB.event.20251121T033551,Band-pass,signal_processing_baseline,1.0865775471121417,-0.24130755952211771,-1.3278851066342594,0.3516967835509241,,2.3830935786443828,0.0003578533558773769,1.2299348193735897
AM.RE8DB.event.20251121T033551,RE8DB,AM.RE8DB.event.20251121T033551,CovNorm-lambda0,self_supervised_case_study,1.0865775471121417,1.6694066347995264,0.5828290876873847,0.7760859695750335,-1.62,3.503758691737604,-11.633935278624115,-2.5904922521310145
AM.RE8DB.event.20251121T033551,RE8DB,AM.RE8DB.event.20251121T033551,CovNorm-lambda0.1,self_supervised_case_study,1.0865775471121417,0.785124771941572,-0.3014527751705697,0.7237034542521528,-1.58,3.110845829178183,-11.919639080992448,-2.420093452439884
AM.RE8DB.event.20251121T033551,RE8DB,AM.RE8DB.event.20251121T033551,CovNorm-lambda0.5,self_supervised_case_study,1.0865775471121417,1.0098768673063498,-0.07670067980579187,0.7142365038845789,-1.63,1.935237625204964,-12.095936601673879,-3.1703603824728184
AM.RE8DB.event.20251121T033551,RE8DB,AM.RE8DB.event.20251121T033551,Identity,identity_baseline,1.0865775471121417,1.0865775471121417,0.0,1.0,-1.65,,,
AM.RE8DB.event.20251121T033551,RE8DB,AM.RE8DB.event.20251121T033551,Wiener-blind,deployable_signal_processing_baseline,1.0865775471121417,4.390293271526024,3.303715724413882,0.16139466888439502,-0.23,28.1881501306985,24.245151071932458,20.13933064178485
AM.RE8DB.event.20251221T070425,RE8DB,AM.RE8DB.event.20251221T070425,Band-pass,signal_processing_baseline,2.352824138533772,3.603668991844965,1.250844853311193,0.6938934628157736,-0.53,2.1695963210018494,-0.0001188681287647492,1.3969354727672945
AM.RE8DB.event.20251221T070425,RE8DB,AM.RE8DB.event.20251221T070425,CovNorm-lambda0,self_supervised_case_study,2.352824138533772,2.7241608990914545,0.3713367605576825,0.8335666621070134,0.55,4.329168524492032,-8.577493487125198,-0.019187430509310193
AM.RE8DB.event.20251221T070425,RE8DB,AM.RE8DB.event.20251221T070425,CovNorm-lambda0.1,self_supervised_case_study,2.352824138533772,1.3071275670044413,-1.0456965715293307,0.7598775380203937,0.77,2.818750826294035,-10.04865455334238,-1.0294974002357422
AM.RE8DB.event.20251221T070425,RE8DB,AM.RE8DB.event.20251221T070425,CovNorm-lambda0.5,self_supervised_case_study,2.352824138533772,1.8106608188238988,-0.5421633197098732,0.813942886789042,0.77,2.0912839642564136,-10.067971993863365,-1.8234619568122954
AM.RE8DB.event.20251221T070425,RE8DB,AM.RE8DB.event.20251221T070425,Identity,identity_baseline,2.352824138533772,2.352824138533772,0.0,1.0,0.71,,,
AM.RE8DB.event.20251221T070425,RE8DB,AM.RE8DB.event.20251221T070425,Wiener-blind,deployable_signal_processing_baseline,2.352824138533772,6.308544068981641,3.955719930447869,0.4626419811817426,-0.64,9.944705718254234,8.428875514964423,21.338244676841082
AM.RE8DB.event.20251227T104252,RE8DB,AM.RE8DB.event.20251227T104252,Band-pass,signal_processing_baseline,16.07647668565116,18.35861068593339,2.2821340002822303,0.4583285124301299,-0.66,1.4358422426742725,0.0001467798461402255,1.2554806937256753
AM.RE8DB.event.20251227T104252,RE8DB,AM.RE8DB.event.20251227T104252,CovNorm-lambda0,self_supervised_case_study,16.07647668565116,14.289160300524236,-1.787316385126923,0.5722726407674603,-1.06,5.826254386699039,-10.244504786469143,6.646893580185363
AM.RE8DB.event.20251227T104252,RE8DB,AM.RE8DB.event.20251227T104252,CovNorm-lambda0.1,self_supervised_case_study,16.07647668565116,14.23529328039802,-1.8411834052531386,0.5607315635650407,-0.91,5.207300193238954,-10.063887744969213,4.854097944329155
AM.RE8DB.event.20251227T104252,RE8DB,AM.RE8DB.event.20251227T104252,CovNorm-lambda0.5,self_supervised_case_study,16.07647668565116,12.279750916888608,-3.796725768762551,0.5857175135208608,,2.0040854015554337,-11.169759621318372,2.170927745741969
AM.RE8DB.event.20251227T104252,RE8DB,AM.RE8DB.event.20251227T104252,Identity,identity_baseline,16.07647668565116,16.07647668565116,0.0,1.0,-0.37,,,
AM.RE8DB.event.20251227T104252,RE8DB,AM.RE8DB.event.20251227T104252,Wiener-blind,deployable_signal_processing_baseline,16.07647668565116,16.317599175751653,0.24112249010049425,0.9670850317347802,-0.57,0.16154745294175896,0.6829557015794179,15.36548118925098
AM.RE8DB.event.20260120T230945,RE8DB,AM.RE8DB.event.20260120T230945,Band-pass,signal_processing_baseline,-0.5777967947909523,-0.6672475209727529,-0.08945072618180061,0.7177774713665749,-0.2,0.29392353471449706,0.0002041256801668217,0.5885351315265529
AM.RE8DB.event.20260120T230945,RE8DB,AM.RE8DB.event.20260120T230945,CovNorm-lambda0,self_supervised_case_study,-0.5777967947909523,-1.811854608820421,-1.2340578140294687,0.6485427557950117,0.57,4.8403192057867646,0.15842538548995827,2.401731735633263
AM.RE8DB.event.20260120T230945,RE8DB,AM.RE8DB.event.20260120T230945,CovNorm-lambda0.1,self_supervised_case_study,-0.5777967947909523,-2.1262254930816704,-1.548428698290718,0.6122980038242394,0.57,4.320412267824642,-0.6948550928580786,1.4583933553356163
AM.RE8DB.event.20260120T230945,RE8DB,AM.RE8DB.event.20260120T230945,CovNorm-lambda0.5,self_supervised_case_study,-0.5777967947909523,-2.3866642620507523,-1.8088674672598,0.6091652062550393,,4.238172668259853,-0.1486686824980742,1.8650359835040937
AM.RE8DB.event.20260120T230945,RE8DB,AM.RE8DB.event.20260120T230945,Identity,identity_baseline,-0.5777967947909523,-0.5777967947909523,0.0,1.0,0.57,,,
AM.RE8DB.event.20260120T230945,RE8DB,AM.RE8DB.event.20260120T230945,Wiener-blind,deployable_signal_processing_baseline,-0.5777967947909523,1.4865821878702952,2.0643789826612475,0.1089320827491531,-1.23,32.63247419910871,22.289117165304173,14.664356509678816
AM.RE8DB.event.20260219T111639,RE8DB,AM.RE8DB.event.20260219T111639,Band-pass,signal_processing_baseline,15.667124990797767,15.753268678847425,0.086143688049658,0.9178722406316752,-0.61,0.4526384856566686,0.00014697305018143768,1.2308115703699458
AM.RE8DB.event.20260219T111639,RE8DB,AM.RE8DB.event.20260219T111639,CovNorm-lambda0,self_supervised_case_study,15.667124990797767,14.66999937003435,-0.9971256207634163,0.2353556014168657,-1.09,13.831605424013361,2.056639624611685,12.004875442271926
AM.RE8DB.event.20260219T111639,RE8DB,AM.RE8DB.event.20260219T111639,CovNorm-lambda0.1,self_supervised_case_study,15.667124990797767,14.952892978165696,-0.7142320126320705,0.358275886924981,-0.92,9.61081340211291,-1.8154513326879262,8.518977139619155
AM.RE8DB.event.20260219T111639,RE8DB,AM.RE8DB.event.20260219T111639,CovNorm-lambda0.5,self_supervised_case_study,15.667124990797767,12.403281635852752,-3.263843354945015,0.2735251617810724,-1.56,7.492907154830881,-4.254625879148128,5.421624480159807
AM.RE8DB.event.20260219T111639,RE8DB,AM.RE8DB.event.20260219T111639,Identity,identity_baseline,15.667124990797767,15.667124990797767,0.0,1.0,-0.52,,,
AM.RE8DB.event.20260219T111639,RE8DB,AM.RE8DB.event.20260219T111639,Wiener-blind,deployable_signal_processing_baseline,15.667124990797767,16.080304804114125,0.4131798133163578,1.0049447809942682,-0.55,1.634279282501432,0.004364553254261538,0.014902372479523635
AM.RE8DB.event.20260423T203420,RE8DB,AM.RE8DB.event.20260423T203420,Band-pass,signal_processing_baseline,-1.2583418012708314,-0.5352433056966576,0.7230984955741738,1.0227660248348496,-1.13,0.6511751440339927,0.00031414202665646637,1.148223034695883
AM.RE8DB.event.20260423T203420,RE8DB,AM.RE8DB.event.20260423T203420,CovNorm-lambda0,self_supervised_case_study,-1.2583418012708314,-1.6781877166154011,-0.4198459153445697,0.7288378111250099,-0.89,2.98647795412816,-8.393468553987335,1.8864567575443338
AM.RE8DB.event.20260423T203420,RE8DB,AM.RE8DB.event.20260423T203420,CovNorm-lambda0.1,self_supervised_case_study,-1.2583418012708314,-1.6666651107841979,-0.4083233095133665,0.7542203187350897,-0.93,2.8874842757304298,-7.901781539405945,1.1692215293859125
AM.RE8DB.event.20260423T203420,RE8DB,AM.RE8DB.event.20260423T203420,CovNorm-lambda0.5,self_supervised_case_study,-1.2583418012708314,-1.1002085948938476,0.1581332063769838,0.7722633478796243,-0.89,0.5577026280687448,-9.62354083794333,-1.0115186175108724
AM.RE8DB.event.20260423T203420,RE8DB,AM.RE8DB.event.20260423T203420,Identity,identity_baseline,-1.2583418012708314,-1.2583418012708314,0.0,1.0,-0.88,,,
AM.RE8DB.event.20260423T203420,RE8DB,AM.RE8DB.event.20260423T203420,Wiener-blind,deployable_signal_processing_baseline,-1.2583418012708314,3.3229123902381303,4.581254191508962,0.7313344702569573,-0.91,5.444999046473323,4.367620941573457,21.882143716128642
AM.RE8DB.event.20260531T055209,RE8DB,AM.RE8DB.event.20260531T055209,Band-pass,signal_processing_baseline,0.18635742900436697,0.3455337745257785,0.15917634552141152,0.6496790572139571,1.08,1.6768845409784605,0.00025220026825919524,1.3138184659351366
AM.RE8DB.event.20260531T055209,RE8DB,AM.RE8DB.event.20260531T055209,CovNorm-lambda0,self_supervised_case_study,0.18635742900436697,1.1005800864782187,0.9142226574738517,0.6376966886891392,-0.25,3.9785446585801574,-6.258474469738725,2.7315798230415034
AM.RE8DB.event.20260531T055209,RE8DB,AM.RE8DB.event.20260531T055209,CovNorm-lambda0.1,self_supervised_case_study,0.18635742900436697,0.8188827996152199,0.6325253706108529,0.7088501275145737,,3.1964423821759027,-7.201354040915383,2.315124650748164
AM.RE8DB.event.20260531T055209,RE8DB,AM.RE8DB.event.20260531T055209,CovNorm-lambda0.5,self_supervised_case_study,0.18635742900436697,-0.47293923319796005,-0.6592966622023271,0.7972454458748487,,2.1410119178810016,-7.599598582325328,0.3368604918503945
AM.RE8DB.event.20260531T055209,RE8DB,AM.RE8DB.event.20260531T055209,Identity,identity_baseline,0.18635742900436697,0.18635742900436697,0.0,1.0,,,,
AM.RE8DB.event.20260531T055209,RE8DB,AM.RE8DB.event.20260531T055209,Wiener-blind,deployable_signal_processing_baseline,0.18635742900436697,0.6436004875481393,0.4572430585437723,0.14528317639534258,,18.324639816399134,18.67775048173551,21.533647869640532
