case_id,network,station,location,channel_pattern,start_time,end_time,event_noise_role,target_snr_db,hidden_onset_s,sampling_rate_hz,preprocessing_config_id,deterministic_pairing_id,provider,fdsn_source,event_source_id,noise_network,noise_station,noise_location,noise_channel_pattern,noise_start_time,noise_end_time,noise_provider,noise_fdsn_source,noise_source_id,noise_construction_rule_id,noise_chunk_samples,noise_used_samples,noise_output_sample_start,noise_output_sample_stop
1,AM,R0BD5,00,EH?,2026-04-11T22:54:13.623000Z,2026-04-11T22:54:48.623000Z,event_template,-5.0,59.53,100.0,preprocessing_v1_0_6,controlled-v1-case-0001,RASPISHAKE,https://data.raspberryshake.org/fdsnws/dataselect/1/query,AM.R0BD5.event.20260411T225413,AM;AM;AM,RC131;R8219;RA825,00;00;00,EH?;EH?;EH?,2025-06-06T15:29:57.254000Z;2025-06-04T00:48:11.742000Z;2025-06-06T00:40:39.859000Z,2025-06-06T15:33:04.164000Z;2025-06-04T00:51:17.582000Z;2025-06-06T00:43:43.459000Z,RASPISHAKE;RASPISHAKE;RASPISHAKE,https://data.raspberryshake.org/fdsnws/dataselect/1/query;https://data.raspberryshake.org/fdsnws/dataselect/1/query;https://data.raspberryshake.org/fdsnws/dataselect/1/query,AM.RC131.noise.20250606T153000;AM.R8219.noise.20250604T004815;AM.RA825.noise.20250606T004041,ordered_three_chunk_concat_v1,3500;3500;3500,3500;3500;2000,0;3500;7000,3500;7000;9000
2,AM,R0BD5,00,EH?,2026-04-11T22:54:13.623000Z,2026-04-11T22:54:48.623000Z,event_template,0.0,59.53,100.0,preprocessing_v1_0_6,controlled-v1-case-0002,RASPISHAKE,https://data.raspberryshake.org/fdsnws/dataselect/1/query,AM.R0BD5.event.20260411T225413,AM;AM;AM,RC131;R8219;RA825,00;00;00,EH?;EH?;EH?,2025-06-06T15:29:57.254000Z;2025-06-04T00:48:11.742000Z;2025-06-06T00:40:39.859000Z,2025-06-06T15:33:04.164000Z;2025-06-04T00:51:17.582000Z;2025-06-06T00:43:43.459000Z,RASPISHAKE;RASPISHAKE;RASPISHAKE,https://data.raspberryshake.org/fdsnws/dataselect/1/query;https://data.raspberryshake.org/fdsnws/dataselect/1/query;https://data.raspberryshake.org/fdsnws/dataselect/1/query,AM.RC131.noise.20250606T153000;AM.R8219.noise.20250604T004815;AM.RA825.noise.20250606T004041,ordered_three_chunk_concat_v1,3500;3500;3500,3500;3500;2000,0;3500;7000,3500;7000;9000
3,AM,R0BD5,00,EH?,2026-04-11T22:54:13.623000Z,2026-04-11T22:54:48.623000Z,event_template,5.0,59.53,100.0,preprocessing_v1_0_6,controlled-v1-case-0003,RASPISHAKE,https://data.raspberryshake.org/fdsnws/dataselect/1/query,AM.R0BD5.event.20260411T225413,AM;AM;AM,RC131;R8219;RA825,00;00;00,EH?;EH?;EH?,2025-06-06T15:29:57.254000Z;2025-06-04T00:48:11.742000Z;2025-06-06T00:40:39.859000Z,2025-06-06T15:33:04.164000Z;2025-06-04T00:51:17.582000Z;2025-06-06T00:43:43.459000Z,RASPISHAKE;RASPISHAKE;RASPISHAKE,https://data.raspberryshake.org/fdsnws/dataselect/1/query;https://data.raspberryshake.org/fdsnws/dataselect/1/query;https://data.raspberryshake.org/fdsnws/dataselect/1/query,AM.RC131.noise.20250606T153000;AM.R8219.noise.20250604T004815;AM.RA825.noise.20250606T004041,ordered_three_chunk_concat_v1,3500;3500;3500,3500;3500;2000,0;3500;7000,3500;7000;9000
4,AM,R0BD5,00,EH?,2026-04-12T03:53:54.893000Z,2026-04-12T03:54:29.893000Z,event_template,-5.0,28.27,100.0,preprocessing_v1_0_6,controlled-v1-case-0004,RASPISHAKE,https://data.raspberryshake.org/fdsnws/dataselect/1/query,AM.R0BD5.event.20260412T035354,AM;AM;AM,RC131;RCBF0;R7813,00;00;00,EH?;EH?;EH?,2025-06-05T10:07:21.144000Z;2025-06-04T04:12:22.066000Z;2025-06-06T16:03:37.125000Z,2025-06-05T10:10:26.554000Z;2025-06-04T04:15:26.466000Z;2025-06-06T16:06:43.355000Z,RASPISHAKE;RASPISHAKE;RASPISHAKE,https://data.raspberryshake.org/fdsnws/dataselect/1/query;https://data.raspberryshake.org/fdsnws/dataselect/1/query;https://data.raspberryshake.org/fdsnws/dataselect/1/query,AM.RC131.noise.20250605T100724;AM.RCBF0.noise.20250604T041225;AM.R7813.noise.20250606T160341,ordered_three_chunk_concat_v1,3500;3500;3500,3500;3500;2000,0;3500;7000,3500;7000;9000
5,AM,R0BD5,00,EH?,2026-04-12T03:53:54.893000Z,2026-04-12T03:54:29.893000Z,event_template,0.0,28.27,100.0,preprocessing_v1_0_6,controlled-v1-case-0005,RASPISHAKE,https://data.raspberryshake.org/fdsnws/dataselect/1/query,AM.R0BD5.event.20260412T035354,AM;AM;AM,RC131;RCBF0;R7813,00;00;00,EH?;EH?;EH?,2025-06-05T10:07:21.144000Z;2025-06-04T04:12:22.066000Z;2025-06-06T16:03:37.125000Z,2025-06-05T10:10:26.554000Z;2025-06-04T04:15:26.466000Z;2025-06-06T16:06:43.355000Z,RASPISHAKE;RASPISHAKE;RASPISHAKE,https://data.raspberryshake.org/fdsnws/dataselect/1/query;https://data.raspberryshake.org/fdsnws/dataselect/1/query;https://data.raspberryshake.org/fdsnws/dataselect/1/query,AM.RC131.noise.20250605T100724;AM.RCBF0.noise.20250604T041225;AM.R7813.noise.20250606T160341,ordered_three_chunk_concat_v1,3500;3500;3500,3500;3500;2000,0;3500;7000,3500;7000;9000
6,AM,R0BD5,00,EH?,2026-04-12T03:53:54.893000Z,2026-04-12T03:54:29.893000Z,event_template,5.0,28.27,100.0,preprocessing_v1_0_6,controlled-v1-case-0006,RASPISHAKE,https://data.raspberryshake.org/fdsnws/dataselect/1/query,AM.R0BD5.event.20260412T035354,AM;AM;AM,RC131;RCBF0;R7813,00;00;00,EH?;EH?;EH?,2025-06-05T10:07:21.144000Z;2025-06-04T04:12:22.066000Z;2025-06-06T16:03:37.125000Z,2025-06-05T10:10:26.554000Z;2025-06-04T04:15:26.466000Z;2025-06-06T16:06:43.355000Z,RASPISHAKE;RASPISHAKE;RASPISHAKE,https://data.raspberryshake.org/fdsnws/dataselect/1/query;https://data.raspberryshake.org/fdsnws/dataselect/1/query;https://data.raspberryshake.org/fdsnws/dataselect/1/query,AM.RC131.noise.20250605T100724;AM.RCBF0.noise.20250604T041225;AM.R7813.noise.20250606T160341,ordered_three_chunk_concat_v1,3500;3500;3500,3500;3500;2000,0;3500;7000,3500;7000;9000
7,AM,R0BD5,00,EH?,2026-04-14T21:06:29.845000Z,2026-04-14T21:07:04.845000Z,event_template,-5.0,18.76,100.0,preprocessing_v1_0_6,controlled-v1-case-0007,RASPISHAKE,https://data.raspberryshake.org/fdsnws/dataselect/1/query,AM.R0BD5.event.20260414T210629,AM;AM;AM,RCCE6;RD349;R663D,00;00;00,EH?;EH?;EH?,2025-09-02T17:22:53.102000Z;2025-06-03T22:23:39.088000Z;2025-08-07T00:00:23.930000Z,2025-09-02T17:25:56.642000Z;2025-06-03T22:26:44.658000Z;2025-08-07T00:03:28.130000Z,RASPISHAKE;RASPISHAKE;RASPISHAKE,https://data.raspberryshake.org/fdsnws/dataselect/1/query;https://data.raspberryshake.org/fdsnws/dataselect/1/query;https://data.raspberryshake.org/fdsnws/dataselect/1/query,AM.RCCE6.noise.20250902T172254;AM.RD349.noise.20250603T222341;AM.R663D.noise.20250807T000025,ordered_three_chunk_concat_v1,3500;3500;3500,3500;3500;2000,0;3500;7000,3500;7000;9000
8,AM,R0BD5,00,EH?,2026-04-14T21:06:29.845000Z,2026-04-14T21:07:04.845000Z,event_template,0.0,18.76,100.0,preprocessing_v1_0_6,controlled-v1-case-0008,RASPISHAKE,https://data.raspberryshake.org/fdsnws/dataselect/1/query,AM.R0BD5.event.20260414T210629,AM;AM;AM,RCCE6;RD349;R663D,00;00;00,EH?;EH?;EH?,2025-09-02T17:22:53.102000Z;2025-06-03T22:23:39.088000Z;2025-08-07T00:00:23.930000Z,2025-09-02T17:25:56.642000Z;2025-06-03T22:26:44.658000Z;2025-08-07T00:03:28.130000Z,RASPISHAKE;RASPISHAKE;RASPISHAKE,https://data.raspberryshake.org/fdsnws/dataselect/1/query;https://data.raspberryshake.org/fdsnws/dataselect/1/query;https://data.raspberryshake.org/fdsnws/dataselect/1/query,AM.RCCE6.noise.20250902T172254;AM.RD349.noise.20250603T222341;AM.R663D.noise.20250807T000025,ordered_three_chunk_concat_v1,3500;3500;3500,3500;3500;2000,0;3500;7000,3500;7000;9000
9,AM,R0BD5,00,EH?,2026-04-14T21:06:29.845000Z,2026-04-14T21:07:04.845000Z,event_template,5.0,18.76,100.0,preprocessing_v1_0_6,controlled-v1-case-0009,RASPISHAKE,https://data.raspberryshake.org/fdsnws/dataselect/1/query,AM.R0BD5.event.20260414T210629,AM;AM;AM,RCCE6;RD349;R663D,00;00;00,EH?;EH?;EH?,2025-09-02T17:22:53.102000Z;2025-06-03T22:23:39.088000Z;2025-08-07T00:00:23.930000Z,2025-09-02T17:25:56.642000Z;2025-06-03T22:26:44.658000Z;2025-08-07T00:03:28.130000Z,RASPISHAKE;RASPISHAKE;RASPISHAKE,https://data.raspberryshake.org/fdsnws/dataselect/1/query;https://data.raspberryshake.org/fdsnws/dataselect/1/query;https://data.raspberryshake.org/fdsnws/dataselect/1/query,AM.RCCE6.noise.20250902T172254;AM.RD349.noise.20250603T222341;AM.R663D.noise.20250807T000025,ordered_three_chunk_concat_v1,3500;3500;3500,3500;3500;2000,0;3500;7000,3500;7000;9000
10,AM,R0BD5,00,EH?,2026-04-18T21:29:20.327000Z,2026-04-18T21:29:55.327000Z,event_template,-5.0,19.65,100.0,preprocessing_v1_0_6,controlled-v1-case-0010,RASPISHAKE,https://data.raspberryshake.org/fdsnws/dataselect/1/query,AM.R0BD5.event.20260418T212920,AM;AM;AM,R2004;R24AE;RAB7F,00;00;00,EH?;EH?;EH?,2025-06-09T03:14:05.981000Z;2025-06-07T09:11:17.524000Z;2025-06-25T19:41:42.390000Z,2025-06-09T03:17:09.391000Z;2025-06-07T09:14:22.714000Z;2025-06-25T19:44:47.650000Z,RASPISHAKE;RASPISHAKE;RASPISHAKE,https://data.raspberryshake.org/fdsnws/dataselect/1/query;https://data.raspberryshake.org/fdsnws/dataselect/1/query;https://data.raspberryshake.org/fdsnws/dataselect/1/query,AM.R2004.noise.20250609T031408;AM.R24AE.noise.20250607T091120;AM.RAB7F.noise.20250625T194145,ordered_three_chunk_concat_v1,3500;3500;3500,3500;3500;2000,0;3500;7000,3500;7000;9000
11,AM,R0BD5,00,EH?,2026-04-18T21:29:20.327000Z,2026-04-18T21:29:55.327000Z,event_template,0.0,19.65,100.0,preprocessing_v1_0_6,controlled-v1-case-0011,RASPISHAKE,https://data.raspberryshake.org/fdsnws/dataselect/1/query,AM.R0BD5.event.20260418T212920,AM;AM;AM,R2004;R24AE;RAB7F,00;00;00,EH?;EH?;EH?,2025-06-09T03:14:05.981000Z;2025-06-07T09:11:17.524000Z;2025-06-25T19:41:42.390000Z,2025-06-09T03:17:09.391000Z;2025-06-07T09:14:22.714000Z;2025-06-25T19:44:47.650000Z,RASPISHAKE;RASPISHAKE;RASPISHAKE,https://data.raspberryshake.org/fdsnws/dataselect/1/query;https://data.raspberryshake.org/fdsnws/dataselect/1/query;https://data.raspberryshake.org/fdsnws/dataselect/1/query,AM.R2004.noise.20250609T031408;AM.R24AE.noise.20250607T091120;AM.RAB7F.noise.20250625T194145,ordered_three_chunk_concat_v1,3500;3500;3500,3500;3500;2000,0;3500;7000,3500;7000;9000
12,AM,R0BD5,00,EH?,2026-04-18T21:29:20.327000Z,2026-04-18T21:29:55.327000Z,event_template,5.0,19.65,100.0,preprocessing_v1_0_6,controlled-v1-case-0012,RASPISHAKE,https://data.raspberryshake.org/fdsnws/dataselect/1/query,AM.R0BD5.event.20260418T212920,AM;AM;AM,R2004;R24AE;RAB7F,00;00;00,EH?;EH?;EH?,2025-06-09T03:14:05.981000Z;2025-06-07T09:11:17.524000Z;2025-06-25T19:41:42.390000Z,2025-06-09T03:17:09.391000Z;2025-06-07T09:14:22.714000Z;2025-06-25T19:44:47.650000Z,RASPISHAKE;RASPISHAKE;RASPISHAKE,https://data.raspberryshake.org/fdsnws/dataselect/1/query;https://data.raspberryshake.org/fdsnws/dataselect/1/query;https://data.raspberryshake.org/fdsnws/dataselect/1/query,AM.R2004.noise.20250609T031408;AM.R24AE.noise.20250607T091120;AM.RAB7F.noise.20250625T194145,ordered_three_chunk_concat_v1,3500;3500;3500,3500;3500;2000,0;3500;7000,3500;7000;9000
13,AM,R0BD5,00,EH?,2026-04-29T06:30:54.752000Z,2026-04-29T06:31:29.752000Z,event_template,-5.0,60.05,100.0,preprocessing_v1_0_6,controlled-v1-case-0013,RASPISHAKE,https://data.raspberryshake.org/fdsnws/dataselect/1/query,AM.R0BD5.event.20260429T063054,AM;AM;AM,R7813;RB0FB;RA825,00;00;00,EH?;EH?;EH?,2025-06-02T14:31:39.265000Z;2025-06-01T06:27:36.792000Z;2025-06-10T08:34:06.999000Z,2025-06-02T14:34:46.845000Z;2025-06-01T06:30:44.812000Z;2025-06-10T08:37:11.879000Z,RASPISHAKE;RASPISHAKE;RASPISHAKE,https://data.raspberryshake.org/fdsnws/dataselect/1/query;https://data.raspberryshake.org/fdsnws/dataselect/1/query;https://data.raspberryshake.org/fdsnws/dataselect/1/query,AM.R7813.noise.20250602T143144;AM.RB0FB.noise.20250601T062741;AM.RA825.noise.20250610T083409,ordered_three_chunk_concat_v1,3500;3500;3500,3500;3500;2000,0;3500;7000,3500;7000;9000
14,AM,R0BD5,00,EH?,2026-04-29T06:30:54.752000Z,2026-04-29T06:31:29.752000Z,event_template,0.0,60.05,100.0,preprocessing_v1_0_6,controlled-v1-case-0014,RASPISHAKE,https://data.raspberryshake.org/fdsnws/dataselect/1/query,AM.R0BD5.event.20260429T063054,AM;AM;AM,R7813;RB0FB;RA825,00;00;00,EH?;EH?;EH?,2025-06-02T14:31:39.265000Z;2025-06-01T06:27:36.792000Z;2025-06-10T08:34:06.999000Z,2025-06-02T14:34:46.845000Z;2025-06-01T06:30:44.812000Z;2025-06-10T08:37:11.879000Z,RASPISHAKE;RASPISHAKE;RASPISHAKE,https://data.raspberryshake.org/fdsnws/dataselect/1/query;https://data.raspberryshake.org/fdsnws/dataselect/1/query;https://data.raspberryshake.org/fdsnws/dataselect/1/query,AM.R7813.noise.20250602T143144;AM.RB0FB.noise.20250601T062741;AM.RA825.noise.20250610T083409,ordered_three_chunk_concat_v1,3500;3500;3500,3500;3500;2000,0;3500;7000,3500;7000;9000
15,AM,R0BD5,00,EH?,2026-04-29T06:30:54.752000Z,2026-04-29T06:31:29.752000Z,event_template,5.0,60.05,100.0,preprocessing_v1_0_6,controlled-v1-case-0015,RASPISHAKE,https://data.raspberryshake.org/fdsnws/dataselect/1/query,AM.R0BD5.event.20260429T063054,AM;AM;AM,R7813;RB0FB;RA825,00;00;00,EH?;EH?;EH?,2025-06-02T14:31:39.265000Z;2025-06-01T06:27:36.792000Z;2025-06-10T08:34:06.999000Z,2025-06-02T14:34:46.845000Z;2025-06-01T06:30:44.812000Z;2025-06-10T08:37:11.879000Z,RASPISHAKE;RASPISHAKE;RASPISHAKE,https://data.raspberryshake.org/fdsnws/dataselect/1/query;https://data.raspberryshake.org/fdsnws/dataselect/1/query;https://data.raspberryshake.org/fdsnws/dataselect/1/query,AM.R7813.noise.20250602T143144;AM.RB0FB.noise.20250601T062741;AM.RA825.noise.20250610T083409,ordered_three_chunk_concat_v1,3500;3500;3500,3500;3500;2000,0;3500;7000,3500;7000;9000
16,AM,R0BD5,00,EH?,2026-05-09T09:11:24.310000Z,2026-05-09T09:11:59.310000Z,event_template,-5.0,42.76,100.0,preprocessing_v1_0_6,controlled-v1-case-0016,RASPISHAKE,https://data.raspberryshake.org/fdsnws/dataselect/1/query,AM.R0BD5.event.20260509T091124,AM;AM;AM,R87FD;R8D8E;RC2BF,00;00;00,EH?;EH?;EH?,2025-06-01T06:27:39.791000Z;2025-08-28T07:29:08.690000Z;2025-06-06T15:29:57.606000Z,2025-06-01T06:30:44.811000Z;2025-08-28T07:32:14.700000Z;2025-06-06T15:33:03.936000Z,RASPISHAKE;RASPISHAKE;RASPISHAKE,https://data.raspberryshake.org/fdsnws/dataselect/1/query;https://data.raspberryshake.org/fdsnws/dataselect/1/query;https://data.raspberryshake.org/fdsnws/dataselect/1/query,AM.R87FD.noise.20250601T062741;AM.R8D8E.noise.20250828T072911;AM.RC2BF.noise.20250606T153000,ordered_three_chunk_concat_v1,3500;3500;3500,3500;3500;2000,0;3500;7000,3500;7000;9000
17,AM,R0BD5,00,EH?,2026-05-09T09:11:24.310000Z,2026-05-09T09:11:59.310000Z,event_template,0.0,42.76,100.0,preprocessing_v1_0_6,controlled-v1-case-0017,RASPISHAKE,https://data.raspberryshake.org/fdsnws/dataselect/1/query,AM.R0BD5.event.20260509T091124,AM;AM;AM,R87FD;R8D8E;RC2BF,00;00;00,EH?;EH?;EH?,2025-06-01T06:27:39.791000Z;2025-08-28T07:29:08.690000Z;2025-06-06T15:29:57.606000Z,2025-06-01T06:30:44.811000Z;2025-08-28T07:32:14.700000Z;2025-06-06T15:33:03.936000Z,RASPISHAKE;RASPISHAKE;RASPISHAKE,https://data.raspberryshake.org/fdsnws/dataselect/1/query;https://data.raspberryshake.org/fdsnws/dataselect/1/query;https://data.raspberryshake.org/fdsnws/dataselect/1/query,AM.R87FD.noise.20250601T062741;AM.R8D8E.noise.20250828T072911;AM.RC2BF.noise.20250606T153000,ordered_three_chunk_concat_v1,3500;3500;3500,3500;3500;2000,0;3500;7000,3500;7000;9000
18,AM,R0BD5,00,EH?,2026-05-09T09:11:24.310000Z,2026-05-09T09:11:59.310000Z,event_template,5.0,42.76,100.0,preprocessing_v1_0_6,controlled-v1-case-0018,RASPISHAKE,https://data.raspberryshake.org/fdsnws/dataselect/1/query,AM.R0BD5.event.20260509T091124,AM;AM;AM,R87FD;R8D8E;RC2BF,00;00;00,EH?;EH?;EH?,2025-06-01T06:27:39.791000Z;2025-08-28T07:29:08.690000Z;2025-06-06T15:29:57.606000Z,2025-06-01T06:30:44.811000Z;2025-08-28T07:32:14.700000Z;2025-06-06T15:33:03.936000Z,RASPISHAKE;RASPISHAKE;RASPISHAKE,https://data.raspberryshake.org/fdsnws/dataselect/1/query;https://data.raspberryshake.org/fdsnws/dataselect/1/query;https://data.raspberryshake.org/fdsnws/dataselect/1/query,AM.R87FD.noise.20250601T062741;AM.R8D8E.noise.20250828T072911;AM.RC2BF.noise.20250606T153000,ordered_three_chunk_concat_v1,3500;3500;3500,3500;3500;2000,0;3500;7000,3500;7000;9000
19,AM,R0BD5,00,EH?,2026-05-22T17:18:11.144000Z,2026-05-22T17:18:46.144000Z,event_template,-5.0,61.51,100.0,preprocessing_v1_0_6,controlled-v1-case-0019,RASPISHAKE,https://data.raspberryshake.org/fdsnws/dataselect/1/query,AM.R0BD5.event.20260522T171811,AM;AM;AM,RAB7F;R7813;RCBF0,00;00;00,EH?;EH?;EH?,2025-06-26T05:33:52.569000Z;2025-06-04T17:28:26.845000Z;2025-06-03T19:32:20.716000Z,2025-06-26T05:36:56.959000Z;2025-06-04T17:31:34.875000Z;2025-06-03T19:35:26.336000Z,RASPISHAKE;RASPISHAKE;RASPISHAKE,https://data.raspberryshake.org/fdsnws/dataselect/1/query;https://data.raspberryshake.org/fdsnws/dataselect/1/query;https://data.raspberryshake.org/fdsnws/dataselect/1/query,AM.RAB7F.noise.20250626T053355;AM.R7813.noise.20250604T172830;AM.RCBF0.noise.20250603T193222,ordered_three_chunk_concat_v1,3500;3500;3500,3500;3500;2000,0;3500;7000,3500;7000;9000
20,AM,R0BD5,00,EH?,2026-05-22T17:18:11.144000Z,2026-05-22T17:18:46.144000Z,event_template,0.0,61.51,100.0,preprocessing_v1_0_6,controlled-v1-case-0020,RASPISHAKE,https://data.raspberryshake.org/fdsnws/dataselect/1/query,AM.R0BD5.event.20260522T171811,AM;AM;AM,RAB7F;R7813;RCBF0,00;00;00,EH?;EH?;EH?,2025-06-26T05:33:52.569000Z;2025-06-04T17:28:26.845000Z;2025-06-03T19:32:20.716000Z,2025-06-26T05:36:56.959000Z;2025-06-04T17:31:34.875000Z;2025-06-03T19:35:26.336000Z,RASPISHAKE;RASPISHAKE;RASPISHAKE,https://data.raspberryshake.org/fdsnws/dataselect/1/query;https://data.raspberryshake.org/fdsnws/dataselect/1/query;https://data.raspberryshake.org/fdsnws/dataselect/1/query,AM.RAB7F.noise.20250626T053355;AM.R7813.noise.20250604T172830;AM.RCBF0.noise.20250603T193222,ordered_three_chunk_concat_v1,3500;3500;3500,3500;3500;2000,0;3500;7000,3500;7000;9000
21,AM,R0BD5,00,EH?,2026-05-22T17:18:11.144000Z,2026-05-22T17:18:46.144000Z,event_template,5.0,61.51,100.0,preprocessing_v1_0_6,controlled-v1-case-0021,RASPISHAKE,https://data.raspberryshake.org/fdsnws/dataselect/1/query,AM.R0BD5.event.20260522T171811,AM;AM;AM,RAB7F;R7813;RCBF0,00;00;00,EH?;EH?;EH?,2025-06-26T05:33:52.569000Z;2025-06-04T17:28:26.845000Z;2025-06-03T19:32:20.716000Z,2025-06-26T05:36:56.959000Z;2025-06-04T17:31:34.875000Z;2025-06-03T19:35:26.336000Z,RASPISHAKE;RASPISHAKE;RASPISHAKE,https://data.raspberryshake.org/fdsnws/dataselect/1/query;https://data.raspberryshake.org/fdsnws/dataselect/1/query;https://data.raspberryshake.org/fdsnws/dataselect/1/query,AM.RAB7F.noise.20250626T053355;AM.R7813.noise.20250604T172830;AM.RCBF0.noise.20250603T193222,ordered_three_chunk_concat_v1,3500;3500;3500,3500;3500;2000,0;3500;7000,3500;7000;9000
22,AM,R0BD5,00,EH?,2026-05-26T14:08:04.624000Z,2026-05-26T14:08:39.624000Z,event_template,-5.0,44.63,100.0,preprocessing_v1_0_6,controlled-v1-case-0022,RASPISHAKE,https://data.raspberryshake.org/fdsnws/dataselect/1/query,AM.R0BD5.event.20260526T140804,AM;AM;AM,R2004;RB0FB;R663D,00;00;00,EH?;EH?;EH?,2025-06-07T14:44:16.571000Z;2025-06-07T23:52:56.932000Z;2025-07-31T19:10:52.850000Z,2025-06-07T14:47:20.591000Z;2025-06-07T23:56:02.102000Z;2025-07-31T19:13:57.310000Z,RASPISHAKE;RASPISHAKE;RASPISHAKE,https://data.raspberryshake.org/fdsnws/dataselect/1/query;https://data.raspberryshake.org/fdsnws/dataselect/1/query;https://data.raspberryshake.org/fdsnws/dataselect/1/query,AM.R2004.noise.20250607T144418;AM.RB0FB.noise.20250607T235259;AM.R663D.noise.20250731T191055,ordered_three_chunk_concat_v1,3500;3500;3500,3500;3500;2000,0;3500;7000,3500;7000;9000
23,AM,R0BD5,00,EH?,2026-05-26T14:08:04.624000Z,2026-05-26T14:08:39.624000Z,event_template,0.0,44.63,100.0,preprocessing_v1_0_6,controlled-v1-case-0023,RASPISHAKE,https://data.raspberryshake.org/fdsnws/dataselect/1/query,AM.R0BD5.event.20260526T140804,AM;AM;AM,R2004;RB0FB;R663D,00;00;00,EH?;EH?;EH?,2025-06-07T14:44:16.571000Z;2025-06-07T23:52:56.932000Z;2025-07-31T19:10:52.850000Z,2025-06-07T14:47:20.591000Z;2025-06-07T23:56:02.102000Z;2025-07-31T19:13:57.310000Z,RASPISHAKE;RASPISHAKE;RASPISHAKE,https://data.raspberryshake.org/fdsnws/dataselect/1/query;https://data.raspberryshake.org/fdsnws/dataselect/1/query;https://data.raspberryshake.org/fdsnws/dataselect/1/query,AM.R2004.noise.20250607T144418;AM.RB0FB.noise.20250607T235259;AM.R663D.noise.20250731T191055,ordered_three_chunk_concat_v1,3500;3500;3500,3500;3500;2000,0;3500;7000,3500;7000;9000
24,AM,R0BD5,00,EH?,2026-05-26T14:08:04.624000Z,2026-05-26T14:08:39.624000Z,event_template,5.0,44.63,100.0,preprocessing_v1_0_6,controlled-v1-case-0024,RASPISHAKE,https://data.raspberryshake.org/fdsnws/dataselect/1/query,AM.R0BD5.event.20260526T140804,AM;AM;AM,R2004;RB0FB;R663D,00;00;00,EH?;EH?;EH?,2025-06-07T14:44:16.571000Z;2025-06-07T23:52:56.932000Z;2025-07-31T19:10:52.850000Z,2025-06-07T14:47:20.591000Z;2025-06-07T23:56:02.102000Z;2025-07-31T19:13:57.310000Z,RASPISHAKE;RASPISHAKE;RASPISHAKE,https://data.raspberryshake.org/fdsnws/dataselect/1/query;https://data.raspberryshake.org/fdsnws/dataselect/1/query;https://data.raspberryshake.org/fdsnws/dataselect/1/query,AM.R2004.noise.20250607T144418;AM.RB0FB.noise.20250607T235259;AM.R663D.noise.20250731T191055,ordered_three_chunk_concat_v1,3500;3500;3500,3500;3500;2000,0;3500;7000,3500;7000;9000
25,AM,R0ECF,00,EH?,2026-01-20T07:29:50.437000Z,2026-01-20T07:30:25.437000Z,event_template,-5.0,19.38,100.0,preprocessing_v1_0_6,controlled-v1-case-0025,RASPISHAKE,https://data.raspberryshake.org/fdsnws/dataselect/1/query,AM.R0ECF.event.20260120T072950,AM;AM;AM,R0ECF;R0ECF;R0ECF,00;00;00,EH?;EH?;EH?,2025-06-03T22:23:40.107000Z;2025-06-07T23:29:25.927000Z;2025-06-05T12:58:04.167000Z,2025-06-03T22:26:42.427000Z;2025-06-07T23:32:29.087000Z;2025-06-05T13:01:06.637000Z,RASPISHAKE;RASPISHAKE;RASPISHAKE,https://data.raspberryshake.org/fdsnws/dataselect/1/query;https://data.raspberryshake.org/fdsnws/dataselect/1/query;https://data.raspberryshake.org/fdsnws/dataselect/1/query,AM.R0ECF.noise.20250603T222341;AM.R0ECF.noise.20250607T232927;AM.R0ECF.noise.20250605T125804,ordered_three_chunk_concat_v1,3500;3500;3500,3500;3500;2000,0;3500;7000,3500;7000;9000
26,AM,R0ECF,00,EH?,2026-01-20T07:29:50.437000Z,2026-01-20T07:30:25.437000Z,event_template,0.0,19.38,100.0,preprocessing_v1_0_6,controlled-v1-case-0026,RASPISHAKE,https://data.raspberryshake.org/fdsnws/dataselect/1/query,AM.R0ECF.event.20260120T072950,AM;AM;AM,R0ECF;R0ECF;R0ECF,00;00;00,EH?;EH?;EH?,2025-06-03T22:23:40.107000Z;2025-06-07T23:29:25.927000Z;2025-06-05T12:58:04.167000Z,2025-06-03T22:26:42.427000Z;2025-06-07T23:32:29.087000Z;2025-06-05T13:01:06.637000Z,RASPISHAKE;RASPISHAKE;RASPISHAKE,https://data.raspberryshake.org/fdsnws/dataselect/1/query;https://data.raspberryshake.org/fdsnws/dataselect/1/query;https://data.raspberryshake.org/fdsnws/dataselect/1/query,AM.R0ECF.noise.20250603T222341;AM.R0ECF.noise.20250607T232927;AM.R0ECF.noise.20250605T125804,ordered_three_chunk_concat_v1,3500;3500;3500,3500;3500;2000,0;3500;7000,3500;7000;9000
27,AM,R0ECF,00,EH?,2026-01-20T07:29:50.437000Z,2026-01-20T07:30:25.437000Z,event_template,5.0,19.38,100.0,preprocessing_v1_0_6,controlled-v1-case-0027,RASPISHAKE,https://data.raspberryshake.org/fdsnws/dataselect/1/query,AM.R0ECF.event.20260120T072950,AM;AM;AM,R0ECF;R0ECF;R0ECF,00;00;00,EH?;EH?;EH?,2025-06-03T22:23:40.107000Z;2025-06-07T23:29:25.927000Z;2025-06-05T12:58:04.167000Z,2025-06-03T22:26:42.427000Z;2025-06-07T23:32:29.087000Z;2025-06-05T13:01:06.637000Z,RASPISHAKE;RASPISHAKE;RASPISHAKE,https://data.raspberryshake.org/fdsnws/dataselect/1/query;https://data.raspberryshake.org/fdsnws/dataselect/1/query;https://data.raspberryshake.org/fdsnws/dataselect/1/query,AM.R0ECF.noise.20250603T222341;AM.R0ECF.noise.20250607T232927;AM.R0ECF.noise.20250605T125804,ordered_three_chunk_concat_v1,3500;3500;3500,3500;3500;2000,0;3500;7000,3500;7000;9000
28,AM,R0ECF,00,EH?,2026-02-08T12:04:25.104000Z,2026-02-08T12:05:00.104000Z,event_template,-5.0,54.12,100.0,preprocessing_v1_0_6,controlled-v1-case-0028,RASPISHAKE,https://data.raspberryshake.org/fdsnws/dataselect/1/query,AM.R0ECF.event.20260208T120425,AM;AM;AM,R0ECF;R0ECF;R0ECF,00;00;00,EH?;EH?;EH?,2025-06-10T22:22:11.657000Z;2025-06-04T00:48:15.317000Z;2025-06-02T14:31:43.057000Z,2025-06-10T22:25:15.217000Z;2025-06-04T00:51:17.577000Z;2025-06-02T14:34:45.857000Z,RASPISHAKE;RASPISHAKE;RASPISHAKE,https://data.raspberryshake.org/fdsnws/dataselect/1/query;https://data.raspberryshake.org/fdsnws/dataselect/1/query;https://data.raspberryshake.org/fdsnws/dataselect/1/query,AM.R0ECF.noise.20250610T222213;AM.R0ECF.noise.20250604T004815;AM.R0ECF.noise.20250602T143144,ordered_three_chunk_concat_v1,3500;3500;3500,3500;3500;2000,0;3500;7000,3500;7000;9000
29,AM,R0ECF,00,EH?,2026-02-08T12:04:25.104000Z,2026-02-08T12:05:00.104000Z,event_template,0.0,54.12,100.0,preprocessing_v1_0_6,controlled-v1-case-0029,RASPISHAKE,https://data.raspberryshake.org/fdsnws/dataselect/1/query,AM.R0ECF.event.20260208T120425,AM;AM;AM,R0ECF;R0ECF;R0ECF,00;00;00,EH?;EH?;EH?,2025-06-10T22:22:11.657000Z;2025-06-04T00:48:15.317000Z;2025-06-02T14:31:43.057000Z,2025-06-10T22:25:15.217000Z;2025-06-04T00:51:17.577000Z;2025-06-02T14:34:45.857000Z,RASPISHAKE;RASPISHAKE;RASPISHAKE,https://data.raspberryshake.org/fdsnws/dataselect/1/query;https://data.raspberryshake.org/fdsnws/dataselect/1/query;https://data.raspberryshake.org/fdsnws/dataselect/1/query,AM.R0ECF.noise.20250610T222213;AM.R0ECF.noise.20250604T004815;AM.R0ECF.noise.20250602T143144,ordered_three_chunk_concat_v1,3500;3500;3500,3500;3500;2000,0;3500;7000,3500;7000;9000
30,AM,R0ECF,00,EH?,2026-02-08T12:04:25.104000Z,2026-02-08T12:05:00.104000Z,event_template,5.0,54.12,100.0,preprocessing_v1_0_6,controlled-v1-case-0030,RASPISHAKE,https://data.raspberryshake.org/fdsnws/dataselect/1/query,AM.R0ECF.event.20260208T120425,AM;AM;AM,R0ECF;R0ECF;R0ECF,00;00;00,EH?;EH?;EH?,2025-06-10T22:22:11.657000Z;2025-06-04T00:48:15.317000Z;2025-06-02T14:31:43.057000Z,2025-06-10T22:25:15.217000Z;2025-06-04T00:51:17.577000Z;2025-06-02T14:34:45.857000Z,RASPISHAKE;RASPISHAKE;RASPISHAKE,https://data.raspberryshake.org/fdsnws/dataselect/1/query;https://data.raspberryshake.org/fdsnws/dataselect/1/query;https://data.raspberryshake.org/fdsnws/dataselect/1/query,AM.R0ECF.noise.20250610T222213;AM.R0ECF.noise.20250604T004815;AM.R0ECF.noise.20250602T143144,ordered_three_chunk_concat_v1,3500;3500;3500,3500;3500;2000,0;3500;7000,3500;7000;9000
31,AM,R0ECF,00,EH?,2026-02-23T05:21:56.154000Z,2026-02-23T05:22:31.154000Z,event_template,-5.0,35.17,100.0,preprocessing_v1_0_6,controlled-v1-case-0031,RASPISHAKE,https://data.raspberryshake.org/fdsnws/dataselect/1/query,AM.R0ECF.event.20260223T052156,AM;AM;AM,R0ECF;R0ECF;R0ECF,00;00;00,EH?;EH?;EH?,2025-06-03T13:01:09.457000Z;2025-06-06T02:58:34.127000Z;2025-06-09T17:16:44.467000Z,2025-06-03T13:04:12.117000Z;2025-06-06T03:01:36.917000Z;2025-06-09T17:19:48.937000Z,RASPISHAKE;RASPISHAKE;RASPISHAKE,https://data.raspberryshake.org/fdsnws/dataselect/1/query;https://data.raspberryshake.org/fdsnws/dataselect/1/query;https://data.raspberryshake.org/fdsnws/dataselect/1/query,AM.R0ECF.noise.20250603T130111;AM.R0ECF.noise.20250606T025835;AM.R0ECF.noise.20250609T171646,ordered_three_chunk_concat_v1,3500;3500;3500,3500;3500;2000,0;3500;7000,3500;7000;9000
32,AM,R0ECF,00,EH?,2026-02-23T05:21:56.154000Z,2026-02-23T05:22:31.154000Z,event_template,0.0,35.17,100.0,preprocessing_v1_0_6,controlled-v1-case-0032,RASPISHAKE,https://data.raspberryshake.org/fdsnws/dataselect/1/query,AM.R0ECF.event.20260223T052156,AM;AM;AM,R0ECF;R0ECF;R0ECF,00;00;00,EH?;EH?;EH?,2025-06-03T13:01:09.457000Z;2025-06-06T02:58:34.127000Z;2025-06-09T17:16:44.467000Z,2025-06-03T13:04:12.117000Z;2025-06-06T03:01:36.917000Z;2025-06-09T17:19:48.937000Z,RASPISHAKE;RASPISHAKE;RASPISHAKE,https://data.raspberryshake.org/fdsnws/dataselect/1/query;https://data.raspberryshake.org/fdsnws/dataselect/1/query;https://data.raspberryshake.org/fdsnws/dataselect/1/query,AM.R0ECF.noise.20250603T130111;AM.R0ECF.noise.20250606T025835;AM.R0ECF.noise.20250609T171646,ordered_three_chunk_concat_v1,3500;3500;3500,3500;3500;2000,0;3500;7000,3500;7000;9000
33,AM,R0ECF,00,EH?,2026-02-23T05:21:56.154000Z,2026-02-23T05:22:31.154000Z,event_template,5.0,35.17,100.0,preprocessing_v1_0_6,controlled-v1-case-0033,RASPISHAKE,https://data.raspberryshake.org/fdsnws/dataselect/1/query,AM.R0ECF.event.20260223T052156,AM;AM;AM,R0ECF;R0ECF;R0ECF,00;00;00,EH?;EH?;EH?,2025-06-03T13:01:09.457000Z;2025-06-06T02:58:34.127000Z;2025-06-09T17:16:44.467000Z,2025-06-03T13:04:12.117000Z;2025-06-06T03:01:36.917000Z;2025-06-09T17:19:48.937000Z,RASPISHAKE;RASPISHAKE;RASPISHAKE,https://data.raspberryshake.org/fdsnws/dataselect/1/query;https://data.raspberryshake.org/fdsnws/dataselect/1/query;https://data.raspberryshake.org/fdsnws/dataselect/1/query,AM.R0ECF.noise.20250603T130111;AM.R0ECF.noise.20250606T025835;AM.R0ECF.noise.20250609T171646,ordered_three_chunk_concat_v1,3500;3500;3500,3500;3500;2000,0;3500;7000,3500;7000;9000
34,AM,R0ECF,00,EH?,2026-03-17T04:32:41.454000Z,2026-03-17T04:33:16.454000Z,event_template,-5.0,60.22,100.0,preprocessing_v1_0_6,controlled-v1-case-0034,RASPISHAKE,https://data.raspberryshake.org/fdsnws/dataselect/1/query,AM.R0ECF.event.20260317T043241,AM;AM;AM,R0ECF;R0ECF;R0ECF,00;00;00,EH?;EH?;EH?,2025-06-02T14:31:43.057000Z;2025-06-05T12:58:04.167000Z;2025-06-04T20:32:04.577000Z,2025-06-02T14:34:45.857000Z;2025-06-05T13:01:06.637000Z;2025-06-04T20:35:07.087000Z,RASPISHAKE;RASPISHAKE;RASPISHAKE,https://data.raspberryshake.org/fdsnws/dataselect/1/query;https://data.raspberryshake.org/fdsnws/dataselect/1/query;https://data.raspberryshake.org/fdsnws/dataselect/1/query,AM.R0ECF.noise.20250602T143144;AM.R0ECF.noise.20250605T125804;AM.R0ECF.noise.20250604T203205,ordered_three_chunk_concat_v1,3500;3500;3500,3500;3500;2000,0;3500;7000,3500;7000;9000
35,AM,R0ECF,00,EH?,2026-03-17T04:32:41.454000Z,2026-03-17T04:33:16.454000Z,event_template,0.0,60.22,100.0,preprocessing_v1_0_6,controlled-v1-case-0035,RASPISHAKE,https://data.raspberryshake.org/fdsnws/dataselect/1/query,AM.R0ECF.event.20260317T043241,AM;AM;AM,R0ECF;R0ECF;R0ECF,00;00;00,EH?;EH?;EH?,2025-06-02T14:31:43.057000Z;2025-06-05T12:58:04.167000Z;2025-06-04T20:32:04.577000Z,2025-06-02T14:34:45.857000Z;2025-06-05T13:01:06.637000Z;2025-06-04T20:35:07.087000Z,RASPISHAKE;RASPISHAKE;RASPISHAKE,https://data.raspberryshake.org/fdsnws/dataselect/1/query;https://data.raspberryshake.org/fdsnws/dataselect/1/query;https://data.raspberryshake.org/fdsnws/dataselect/1/query,AM.R0ECF.noise.20250602T143144;AM.R0ECF.noise.20250605T125804;AM.R0ECF.noise.20250604T203205,ordered_three_chunk_concat_v1,3500;3500;3500,3500;3500;2000,0;3500;7000,3500;7000;9000
36,AM,R0ECF,00,EH?,2026-03-17T04:32:41.454000Z,2026-03-17T04:33:16.454000Z,event_template,5.0,60.22,100.0,preprocessing_v1_0_6,controlled-v1-case-0036,RASPISHAKE,https://data.raspberryshake.org/fdsnws/dataselect/1/query,AM.R0ECF.event.20260317T043241,AM;AM;AM,R0ECF;R0ECF;R0ECF,00;00;00,EH?;EH?;EH?,2025-06-02T14:31:43.057000Z;2025-06-05T12:58:04.167000Z;2025-06-04T20:32:04.577000Z,2025-06-02T14:34:45.857000Z;2025-06-05T13:01:06.637000Z;2025-06-04T20:35:07.087000Z,RASPISHAKE;RASPISHAKE;RASPISHAKE,https://data.raspberryshake.org/fdsnws/dataselect/1/query;https://data.raspberryshake.org/fdsnws/dataselect/1/query;https://data.raspberryshake.org/fdsnws/dataselect/1/query,AM.R0ECF.noise.20250602T143144;AM.R0ECF.noise.20250605T125804;AM.R0ECF.noise.20250604T203205,ordered_three_chunk_concat_v1,3500;3500;3500,3500;3500;2000,0;3500;7000,3500;7000;9000
37,AM,R0ECF,00,EH?,2026-03-26T14:31:55.584000Z,2026-03-26T14:32:30.584000Z,event_template,-5.0,36.35,100.0,preprocessing_v1_0_6,controlled-v1-case-0037,RASPISHAKE,https://data.raspberryshake.org/fdsnws/dataselect/1/query,AM.R0ECF.event.20260326T143155,AM;AM;AM,R0ECF;R0ECF;R0ECF,00;00;00,EH?;EH?;EH?,2025-06-04T04:12:24.357000Z;2025-06-01T00:58:50.777000Z;2025-06-03T22:23:40.107000Z,2025-06-04T04:15:26.927000Z;2025-06-01T01:01:54.767000Z;2025-06-03T22:26:42.427000Z,RASPISHAKE;RASPISHAKE;RASPISHAKE,https://data.raspberryshake.org/fdsnws/dataselect/1/query;https://data.raspberryshake.org/fdsnws/dataselect/1/query;https://data.raspberryshake.org/fdsnws/dataselect/1/query,AM.R0ECF.noise.20250604T041225;AM.R0ECF.noise.20250601T005852;AM.R0ECF.noise.20250603T222341,ordered_three_chunk_concat_v1,3500;3500;3500,3500;3500;2000,0;3500;7000,3500;7000;9000
38,AM,R0ECF,00,EH?,2026-03-26T14:31:55.584000Z,2026-03-26T14:32:30.584000Z,event_template,0.0,36.35,100.0,preprocessing_v1_0_6,controlled-v1-case-0038,RASPISHAKE,https://data.raspberryshake.org/fdsnws/dataselect/1/query,AM.R0ECF.event.20260326T143155,AM;AM;AM,R0ECF;R0ECF;R0ECF,00;00;00,EH?;EH?;EH?,2025-06-04T04:12:24.357000Z;2025-06-01T00:58:50.777000Z;2025-06-03T22:23:40.107000Z,2025-06-04T04:15:26.927000Z;2025-06-01T01:01:54.767000Z;2025-06-03T22:26:42.427000Z,RASPISHAKE;RASPISHAKE;RASPISHAKE,https://data.raspberryshake.org/fdsnws/dataselect/1/query;https://data.raspberryshake.org/fdsnws/dataselect/1/query;https://data.raspberryshake.org/fdsnws/dataselect/1/query,AM.R0ECF.noise.20250604T041225;AM.R0ECF.noise.20250601T005852;AM.R0ECF.noise.20250603T222341,ordered_three_chunk_concat_v1,3500;3500;3500,3500;3500;2000,0;3500;7000,3500;7000;9000
39,AM,R0ECF,00,EH?,2026-03-26T14:31:55.584000Z,2026-03-26T14:32:30.584000Z,event_template,5.0,36.35,100.0,preprocessing_v1_0_6,controlled-v1-case-0039,RASPISHAKE,https://data.raspberryshake.org/fdsnws/dataselect/1/query,AM.R0ECF.event.20260326T143155,AM;AM;AM,R0ECF;R0ECF;R0ECF,00;00;00,EH?;EH?;EH?,2025-06-04T04:12:24.357000Z;2025-06-01T00:58:50.777000Z;2025-06-03T22:23:40.107000Z,2025-06-04T04:15:26.927000Z;2025-06-01T01:01:54.767000Z;2025-06-03T22:26:42.427000Z,RASPISHAKE;RASPISHAKE;RASPISHAKE,https://data.raspberryshake.org/fdsnws/dataselect/1/query;https://data.raspberryshake.org/fdsnws/dataselect/1/query;https://data.raspberryshake.org/fdsnws/dataselect/1/query,AM.R0ECF.noise.20250604T041225;AM.R0ECF.noise.20250601T005852;AM.R0ECF.noise.20250603T222341,ordered_three_chunk_concat_v1,3500;3500;3500,3500;3500;2000,0;3500;7000,3500;7000;9000
40,AM,R0ECF,00,EH?,2026-04-01T11:28:29.774000Z,2026-04-01T11:29:04.774000Z,event_template,-5.0,31.84,100.0,preprocessing_v1_0_6,controlled-v1-case-0040,RASPISHAKE,https://data.raspberryshake.org/fdsnws/dataselect/1/query,AM.R0ECF.event.20260401T112829,AM;AM;AM,R0ECF;R0ECF;R0ECF,00;00;00,EH?;EH?;EH?,2025-06-02T21:51:36.067000Z;2025-06-02T19:28:38.277000Z;2025-06-04T17:28:29.207000Z,2025-06-02T21:54:38.927000Z;2025-06-02T19:31:41.347000Z;2025-06-04T17:31:31.537000Z,RASPISHAKE;RASPISHAKE;RASPISHAKE,https://data.raspberryshake.org/fdsnws/dataselect/1/query;https://data.raspberryshake.org/fdsnws/dataselect/1/query;https://data.raspberryshake.org/fdsnws/dataselect/1/query,AM.R0ECF.noise.20250602T215137;AM.R0ECF.noise.20250602T192840;AM.R0ECF.noise.20250604T172830,ordered_three_chunk_concat_v1,3500;3500;3500,3500;3500;2000,0;3500;7000,3500;7000;9000
41,AM,R0ECF,00,EH?,2026-04-01T11:28:29.774000Z,2026-04-01T11:29:04.774000Z,event_template,0.0,31.84,100.0,preprocessing_v1_0_6,controlled-v1-case-0041,RASPISHAKE,https://data.raspberryshake.org/fdsnws/dataselect/1/query,AM.R0ECF.event.20260401T112829,AM;AM;AM,R0ECF;R0ECF;R0ECF,00;00;00,EH?;EH?;EH?,2025-06-02T21:51:36.067000Z;2025-06-02T19:28:38.277000Z;2025-06-04T17:28:29.207000Z,2025-06-02T21:54:38.927000Z;2025-06-02T19:31:41.347000Z;2025-06-04T17:31:31.537000Z,RASPISHAKE;RASPISHAKE;RASPISHAKE,https://data.raspberryshake.org/fdsnws/dataselect/1/query;https://data.raspberryshake.org/fdsnws/dataselect/1/query;https://data.raspberryshake.org/fdsnws/dataselect/1/query,AM.R0ECF.noise.20250602T215137;AM.R0ECF.noise.20250602T192840;AM.R0ECF.noise.20250604T172830,ordered_three_chunk_concat_v1,3500;3500;3500,3500;3500;2000,0;3500;7000,3500;7000;9000
42,AM,R0ECF,00,EH?,2026-04-01T11:28:29.774000Z,2026-04-01T11:29:04.774000Z,event_template,5.0,31.84,100.0,preprocessing_v1_0_6,controlled-v1-case-0042,RASPISHAKE,https://data.raspberryshake.org/fdsnws/dataselect/1/query,AM.R0ECF.event.20260401T112829,AM;AM;AM,R0ECF;R0ECF;R0ECF,00;00;00,EH?;EH?;EH?,2025-06-02T21:51:36.067000Z;2025-06-02T19:28:38.277000Z;2025-06-04T17:28:29.207000Z,2025-06-02T21:54:38.927000Z;2025-06-02T19:31:41.347000Z;2025-06-04T17:31:31.537000Z,RASPISHAKE;RASPISHAKE;RASPISHAKE,https://data.raspberryshake.org/fdsnws/dataselect/1/query;https://data.raspberryshake.org/fdsnws/dataselect/1/query;https://data.raspberryshake.org/fdsnws/dataselect/1/query,AM.R0ECF.noise.20250602T215137;AM.R0ECF.noise.20250602T192840;AM.R0ECF.noise.20250604T172830,ordered_three_chunk_concat_v1,3500;3500;3500,3500;3500;2000,0;3500;7000,3500;7000;9000
43,AM,R0ECF,00,EH?,2026-04-20T08:05:59.674000Z,2026-04-20T08:06:34.674000Z,event_template,-5.0,21.06,100.0,preprocessing_v1_0_6,controlled-v1-case-0043,RASPISHAKE,https://data.raspberryshake.org/fdsnws/dataselect/1/query,AM.R0ECF.event.20260420T080559,AM;AM;AM,R0ECF;R0ECF;R0ECF,00;00;00,EH?;EH?;EH?,2025-06-02T14:31:43.057000Z;2025-06-08T15:34:41.937000Z;2025-06-10T08:34:06.857000Z,2025-06-02T14:34:45.857000Z;2025-06-08T15:37:43.237000Z;2025-06-10T08:37:11.797000Z,RASPISHAKE;RASPISHAKE;RASPISHAKE,https://data.raspberryshake.org/fdsnws/dataselect/1/query;https://data.raspberryshake.org/fdsnws/dataselect/1/query;https://data.raspberryshake.org/fdsnws/dataselect/1/query,AM.R0ECF.noise.20250602T143144;AM.R0ECF.noise.20250608T153442;AM.R0ECF.noise.20250610T083409,ordered_three_chunk_concat_v1,3500;3500;3500,3500;3500;2000,0;3500;7000,3500;7000;9000
44,AM,R0ECF,00,EH?,2026-04-20T08:05:59.674000Z,2026-04-20T08:06:34.674000Z,event_template,0.0,21.06,100.0,preprocessing_v1_0_6,controlled-v1-case-0044,RASPISHAKE,https://data.raspberryshake.org/fdsnws/dataselect/1/query,AM.R0ECF.event.20260420T080559,AM;AM;AM,R0ECF;R0ECF;R0ECF,00;00;00,EH?;EH?;EH?,2025-06-02T14:31:43.057000Z;2025-06-08T15:34:41.937000Z;2025-06-10T08:34:06.857000Z,2025-06-02T14:34:45.857000Z;2025-06-08T15:37:43.237000Z;2025-06-10T08:37:11.797000Z,RASPISHAKE;RASPISHAKE;RASPISHAKE,https://data.raspberryshake.org/fdsnws/dataselect/1/query;https://data.raspberryshake.org/fdsnws/dataselect/1/query;https://data.raspberryshake.org/fdsnws/dataselect/1/query,AM.R0ECF.noise.20250602T143144;AM.R0ECF.noise.20250608T153442;AM.R0ECF.noise.20250610T083409,ordered_three_chunk_concat_v1,3500;3500;3500,3500;3500;2000,0;3500;7000,3500;7000;9000
45,AM,R0ECF,00,EH?,2026-04-20T08:05:59.674000Z,2026-04-20T08:06:34.674000Z,event_template,5.0,21.06,100.0,preprocessing_v1_0_6,controlled-v1-case-0045,RASPISHAKE,https://data.raspberryshake.org/fdsnws/dataselect/1/query,AM.R0ECF.event.20260420T080559,AM;AM;AM,R0ECF;R0ECF;R0ECF,00;00;00,EH?;EH?;EH?,2025-06-02T14:31:43.057000Z;2025-06-08T15:34:41.937000Z;2025-06-10T08:34:06.857000Z,2025-06-02T14:34:45.857000Z;2025-06-08T15:37:43.237000Z;2025-06-10T08:37:11.797000Z,RASPISHAKE;RASPISHAKE;RASPISHAKE,https://data.raspberryshake.org/fdsnws/dataselect/1/query;https://data.raspberryshake.org/fdsnws/dataselect/1/query;https://data.raspberryshake.org/fdsnws/dataselect/1/query,AM.R0ECF.noise.20250602T143144;AM.R0ECF.noise.20250608T153442;AM.R0ECF.noise.20250610T083409,ordered_three_chunk_concat_v1,3500;3500;3500,3500;3500;2000,0;3500;7000,3500;7000;9000
46,AM,R0ECF,00,EH?,2026-05-25T22:02:18.944000Z,2026-05-25T22:02:53.944000Z,event_template,-5.0,50.92,100.0,preprocessing_v1_0_6,controlled-v1-case-0046,RASPISHAKE,https://data.raspberryshake.org/fdsnws/dataselect/1/query,AM.R0ECF.event.20260525T220218,AM;AM;AM,R0ECF;R0ECF;R0ECF,00;00;00,EH?;EH?;EH?,2025-06-03T13:01:09.457000Z;2025-06-04T04:12:24.357000Z;2025-06-05T12:58:04.167000Z,2025-06-03T13:04:12.117000Z;2025-06-04T04:15:26.927000Z;2025-06-05T13:01:06.637000Z,RASPISHAKE;RASPISHAKE;RASPISHAKE,https://data.raspberryshake.org/fdsnws/dataselect/1/query;https://data.raspberryshake.org/fdsnws/dataselect/1/query;https://data.raspberryshake.org/fdsnws/dataselect/1/query,AM.R0ECF.noise.20250603T130111;AM.R0ECF.noise.20250604T041225;AM.R0ECF.noise.20250605T125804,ordered_three_chunk_concat_v1,3500;3500;3500,3500;3500;2000,0;3500;7000,3500;7000;9000
47,AM,R0ECF,00,EH?,2026-05-25T22:02:18.944000Z,2026-05-25T22:02:53.944000Z,event_template,0.0,50.92,100.0,preprocessing_v1_0_6,controlled-v1-case-0047,RASPISHAKE,https://data.raspberryshake.org/fdsnws/dataselect/1/query,AM.R0ECF.event.20260525T220218,AM;AM;AM,R0ECF;R0ECF;R0ECF,00;00;00,EH?;EH?;EH?,2025-06-03T13:01:09.457000Z;2025-06-04T04:12:24.357000Z;2025-06-05T12:58:04.167000Z,2025-06-03T13:04:12.117000Z;2025-06-04T04:15:26.927000Z;2025-06-05T13:01:06.637000Z,RASPISHAKE;RASPISHAKE;RASPISHAKE,https://data.raspberryshake.org/fdsnws/dataselect/1/query;https://data.raspberryshake.org/fdsnws/dataselect/1/query;https://data.raspberryshake.org/fdsnws/dataselect/1/query,AM.R0ECF.noise.20250603T130111;AM.R0ECF.noise.20250604T041225;AM.R0ECF.noise.20250605T125804,ordered_three_chunk_concat_v1,3500;3500;3500,3500;3500;2000,0;3500;7000,3500;7000;9000
48,AM,R0ECF,00,EH?,2026-05-25T22:02:18.944000Z,2026-05-25T22:02:53.944000Z,event_template,5.0,50.92,100.0,preprocessing_v1_0_6,controlled-v1-case-0048,RASPISHAKE,https://data.raspberryshake.org/fdsnws/dataselect/1/query,AM.R0ECF.event.20260525T220218,AM;AM;AM,R0ECF;R0ECF;R0ECF,00;00;00,EH?;EH?;EH?,2025-06-03T13:01:09.457000Z;2025-06-04T04:12:24.357000Z;2025-06-05T12:58:04.167000Z,2025-06-03T13:04:12.117000Z;2025-06-04T04:15:26.927000Z;2025-06-05T13:01:06.637000Z,RASPISHAKE;RASPISHAKE;RASPISHAKE,https://data.raspberryshake.org/fdsnws/dataselect/1/query;https://data.raspberryshake.org/fdsnws/dataselect/1/query;https://data.raspberryshake.org/fdsnws/dataselect/1/query,AM.R0ECF.noise.20250603T130111;AM.R0ECF.noise.20250604T041225;AM.R0ECF.noise.20250605T125804,ordered_three_chunk_concat_v1,3500;3500;3500,3500;3500;2000,0;3500;7000,3500;7000;9000
49,AM,R2004,00,EH?,2025-09-23T17:48:58.781000Z,2025-09-23T17:49:33.781000Z,event_template,-5.0,37.15,100.0,preprocessing_v1_0_6,controlled-v1-case-0049,RASPISHAKE,https://data.raspberryshake.org/fdsnws/dataselect/1/query,AM.R2004.event.20250923T174858,AM;AM;AM,R2004;R2004;R2004,00;00;00,EH?;EH?;EH?,2025-06-09T17:16:44.851000Z;2025-06-05T12:58:02.921000Z;2025-06-04T04:12:22.731000Z,2025-06-09T17:19:48.371000Z;2025-06-05T13:01:06.271000Z;2025-06-04T04:15:26.611000Z,RASPISHAKE;RASPISHAKE;RASPISHAKE,https://data.raspberryshake.org/fdsnws/dataselect/1/query;https://data.raspberryshake.org/fdsnws/dataselect/1/query;https://data.raspberryshake.org/fdsnws/dataselect/1/query,AM.R2004.noise.20250609T171646;AM.R2004.noise.20250605T125804;AM.R2004.noise.20250604T041225,ordered_three_chunk_concat_v1,3500;3500;3500,3500;3500;2000,0;3500;7000,3500;7000;9000
50,AM,R2004,00,EH?,2025-09-23T17:48:58.781000Z,2025-09-23T17:49:33.781000Z,event_template,0.0,37.15,100.0,preprocessing_v1_0_6,controlled-v1-case-0050,RASPISHAKE,https://data.raspberryshake.org/fdsnws/dataselect/1/query,AM.R2004.event.20250923T174858,AM;AM;AM,R2004;R2004;R2004,00;00;00,EH?;EH?;EH?,2025-06-09T17:16:44.851000Z;2025-06-05T12:58:02.921000Z;2025-06-04T04:12:22.731000Z,2025-06-09T17:19:48.371000Z;2025-06-05T13:01:06.271000Z;2025-06-04T04:15:26.611000Z,RASPISHAKE;RASPISHAKE;RASPISHAKE,https://data.raspberryshake.org/fdsnws/dataselect/1/query;https://data.raspberryshake.org/fdsnws/dataselect/1/query;https://data.raspberryshake.org/fdsnws/dataselect/1/query,AM.R2004.noise.20250609T171646;AM.R2004.noise.20250605T125804;AM.R2004.noise.20250604T041225,ordered_three_chunk_concat_v1,3500;3500;3500,3500;3500;2000,0;3500;7000,3500;7000;9000
51,AM,R2004,00,EH?,2025-09-23T17:48:58.781000Z,2025-09-23T17:49:33.781000Z,event_template,5.0,37.15,100.0,preprocessing_v1_0_6,controlled-v1-case-0051,RASPISHAKE,https://data.raspberryshake.org/fdsnws/dataselect/1/query,AM.R2004.event.20250923T174858,AM;AM;AM,R2004;R2004;R2004,00;00;00,EH?;EH?;EH?,2025-06-09T17:16:44.851000Z;2025-06-05T12:58:02.921000Z;2025-06-04T04:12:22.731000Z,2025-06-09T17:19:48.371000Z;2025-06-05T13:01:06.271000Z;2025-06-04T04:15:26.611000Z,RASPISHAKE;RASPISHAKE;RASPISHAKE,https://data.raspberryshake.org/fdsnws/dataselect/1/query;https://data.raspberryshake.org/fdsnws/dataselect/1/query;https://data.raspberryshake.org/fdsnws/dataselect/1/query,AM.R2004.noise.20250609T171646;AM.R2004.noise.20250605T125804;AM.R2004.noise.20250604T041225,ordered_three_chunk_concat_v1,3500;3500;3500,3500;3500;2000,0;3500;7000,3500;7000;9000
52,AM,R2004,00,EH?,2025-10-22T00:13:47.981000Z,2025-10-22T00:14:22.981000Z,event_template,-5.0,51.75,100.0,preprocessing_v1_0_6,controlled-v1-case-0052,RASPISHAKE,https://data.raspberryshake.org/fdsnws/dataselect/1/query,AM.R2004.event.20251022T001347,AM;AM;AM,R2004;R2004;R2004,00;00;00,EH?;EH?;EH?,2025-06-04T17:28:28.941000Z;2025-06-07T23:52:58.251000Z;2025-06-08T09:18:51.751000Z,2025-06-04T17:31:32.951000Z;2025-06-07T23:56:00.511000Z;2025-06-08T09:21:54.941000Z,RASPISHAKE;RASPISHAKE;RASPISHAKE,https://data.raspberryshake.org/fdsnws/dataselect/1/query;https://data.raspberryshake.org/fdsnws/dataselect/1/query;https://data.raspberryshake.org/fdsnws/dataselect/1/query,AM.R2004.noise.20250604T172830;AM.R2004.noise.20250607T235259;AM.R2004.noise.20250608T091852,ordered_three_chunk_concat_v1,3500;3500;3500,3500;3500;2000,0;3500;7000,3500;7000;9000
53,AM,R2004,00,EH?,2025-10-22T00:13:47.981000Z,2025-10-22T00:14:22.981000Z,event_template,0.0,51.75,100.0,preprocessing_v1_0_6,controlled-v1-case-0053,RASPISHAKE,https://data.raspberryshake.org/fdsnws/dataselect/1/query,AM.R2004.event.20251022T001347,AM;AM;AM,R2004;R2004;R2004,00;00;00,EH?;EH?;EH?,2025-06-04T17:28:28.941000Z;2025-06-07T23:52:58.251000Z;2025-06-08T09:18:51.751000Z,2025-06-04T17:31:32.951000Z;2025-06-07T23:56:00.511000Z;2025-06-08T09:21:54.941000Z,RASPISHAKE;RASPISHAKE;RASPISHAKE,https://data.raspberryshake.org/fdsnws/dataselect/1/query;https://data.raspberryshake.org/fdsnws/dataselect/1/query;https://data.raspberryshake.org/fdsnws/dataselect/1/query,AM.R2004.noise.20250604T172830;AM.R2004.noise.20250607T235259;AM.R2004.noise.20250608T091852,ordered_three_chunk_concat_v1,3500;3500;3500,3500;3500;2000,0;3500;7000,3500;7000;9000
54,AM,R2004,00,EH?,2025-10-22T00:13:47.981000Z,2025-10-22T00:14:22.981000Z,event_template,5.0,51.75,100.0,preprocessing_v1_0_6,controlled-v1-case-0054,RASPISHAKE,https://data.raspberryshake.org/fdsnws/dataselect/1/query,AM.R2004.event.20251022T001347,AM;AM;AM,R2004;R2004;R2004,00;00;00,EH?;EH?;EH?,2025-06-04T17:28:28.941000Z;2025-06-07T23:52:58.251000Z;2025-06-08T09:18:51.751000Z,2025-06-04T17:31:32.951000Z;2025-06-07T23:56:00.511000Z;2025-06-08T09:21:54.941000Z,RASPISHAKE;RASPISHAKE;RASPISHAKE,https://data.raspberryshake.org/fdsnws/dataselect/1/query;https://data.raspberryshake.org/fdsnws/dataselect/1/query;https://data.raspberryshake.org/fdsnws/dataselect/1/query,AM.R2004.noise.20250604T172830;AM.R2004.noise.20250607T235259;AM.R2004.noise.20250608T091852,ordered_three_chunk_concat_v1,3500;3500;3500,3500;3500;2000,0;3500;7000,3500;7000;9000
55,AM,R2004,00,EH?,2025-10-27T19:59:42.741000Z,2025-10-27T20:00:17.741000Z,event_template,-5.0,42.55,100.0,preprocessing_v1_0_6,controlled-v1-case-0055,RASPISHAKE,https://data.raspberryshake.org/fdsnws/dataselect/1/query,AM.R2004.event.20251027T195942,AM;AM;AM,R2004;R2004;R2004,00;00;00,EH?;EH?;EH?,2025-06-01T00:23:43.171000Z;2025-06-02T14:31:42.031000Z;2025-06-07T09:11:18.491000Z,2025-06-01T00:26:47.031000Z;2025-06-02T14:34:45.391000Z;2025-06-07T09:14:22.241000Z,RASPISHAKE;RASPISHAKE;RASPISHAKE,https://data.raspberryshake.org/fdsnws/dataselect/1/query;https://data.raspberryshake.org/fdsnws/dataselect/1/query;https://data.raspberryshake.org/fdsnws/dataselect/1/query,AM.R2004.noise.20250601T002345;AM.R2004.noise.20250602T143144;AM.R2004.noise.20250607T091120,ordered_three_chunk_concat_v1,3500;3500;3500,3500;3500;2000,0;3500;7000,3500;7000;9000
56,AM,R2004,00,EH?,2025-10-27T19:59:42.741000Z,2025-10-27T20:00:17.741000Z,event_template,0.0,42.55,100.0,preprocessing_v1_0_6,controlled-v1-case-0056,RASPISHAKE,https://data.raspberryshake.org/fdsnws/dataselect/1/query,AM.R2004.event.20251027T195942,AM;AM;AM,R2004;R2004;R2004,00;00;00,EH?;EH?;EH?,2025-06-01T00:23:43.171000Z;2025-06-02T14:31:42.031000Z;2025-06-07T09:11:18.491000Z,2025-06-01T00:26:47.031000Z;2025-06-02T14:34:45.391000Z;2025-06-07T09:14:22.241000Z,RASPISHAKE;RASPISHAKE;RASPISHAKE,https://data.raspberryshake.org/fdsnws/dataselect/1/query;https://data.raspberryshake.org/fdsnws/dataselect/1/query;https://data.raspberryshake.org/fdsnws/dataselect/1/query,AM.R2004.noise.20250601T002345;AM.R2004.noise.20250602T143144;AM.R2004.noise.20250607T091120,ordered_three_chunk_concat_v1,3500;3500;3500,3500;3500;2000,0;3500;7000,3500;7000;9000
57,AM,R2004,00,EH?,2025-10-27T19:59:42.741000Z,2025-10-27T20:00:17.741000Z,event_template,5.0,42.55,100.0,preprocessing_v1_0_6,controlled-v1-case-0057,RASPISHAKE,https://data.raspberryshake.org/fdsnws/dataselect/1/query,AM.R2004.event.20251027T195942,AM;AM;AM,R2004;R2004;R2004,00;00;00,EH?;EH?;EH?,2025-06-01T00:23:43.171000Z;2025-06-02T14:31:42.031000Z;2025-06-07T09:11:18.491000Z,2025-06-01T00:26:47.031000Z;2025-06-02T14:34:45.391000Z;2025-06-07T09:14:22.241000Z,RASPISHAKE;RASPISHAKE;RASPISHAKE,https://data.raspberryshake.org/fdsnws/dataselect/1/query;https://data.raspberryshake.org/fdsnws/dataselect/1/query;https://data.raspberryshake.org/fdsnws/dataselect/1/query,AM.R2004.noise.20250601T002345;AM.R2004.noise.20250602T143144;AM.R2004.noise.20250607T091120,ordered_three_chunk_concat_v1,3500;3500;3500,3500;3500;2000,0;3500;7000,3500;7000;9000
58,AM,R2004,00,EH?,2025-12-05T19:40:39.886000Z,2025-12-05T19:41:14.886000Z,event_template,-5.0,29.69,100.0,preprocessing_v1_0_6,controlled-v1-case-0058,RASPISHAKE,https://data.raspberryshake.org/fdsnws/dataselect/1/query,AM.R2004.event.20251205T194039,AM;AM;AM,R2004;R2004;R2004,00;00;00,EH?;EH?;EH?,2025-06-08T16:29:17.141000Z;2025-06-07T14:44:16.571000Z;2025-06-09T07:25:47.151000Z,2025-06-08T16:32:20.121000Z;2025-06-07T14:47:20.591000Z;2025-06-09T07:28:50.241000Z,RASPISHAKE;RASPISHAKE;RASPISHAKE,https://data.raspberryshake.org/fdsnws/dataselect/1/query;https://data.raspberryshake.org/fdsnws/dataselect/1/query;https://data.raspberryshake.org/fdsnws/dataselect/1/query,AM.R2004.noise.20250608T162917;AM.R2004.noise.20250607T144418;AM.R2004.noise.20250609T072549,ordered_three_chunk_concat_v1,3500;3500;3500,3500;3500;2000,0;3500;7000,3500;7000;9000
59,AM,R2004,00,EH?,2025-12-05T19:40:39.886000Z,2025-12-05T19:41:14.886000Z,event_template,0.0,29.69,100.0,preprocessing_v1_0_6,controlled-v1-case-0059,RASPISHAKE,https://data.raspberryshake.org/fdsnws/dataselect/1/query,AM.R2004.event.20251205T194039,AM;AM;AM,R2004;R2004;R2004,00;00;00,EH?;EH?;EH?,2025-06-08T16:29:17.141000Z;2025-06-07T14:44:16.571000Z;2025-06-09T07:25:47.151000Z,2025-06-08T16:32:20.121000Z;2025-06-07T14:47:20.591000Z;2025-06-09T07:28:50.241000Z,RASPISHAKE;RASPISHAKE;RASPISHAKE,https://data.raspberryshake.org/fdsnws/dataselect/1/query;https://data.raspberryshake.org/fdsnws/dataselect/1/query;https://data.raspberryshake.org/fdsnws/dataselect/1/query,AM.R2004.noise.20250608T162917;AM.R2004.noise.20250607T144418;AM.R2004.noise.20250609T072549,ordered_three_chunk_concat_v1,3500;3500;3500,3500;3500;2000,0;3500;7000,3500;7000;9000
60,AM,R2004,00,EH?,2025-12-05T19:40:39.886000Z,2025-12-05T19:41:14.886000Z,event_template,5.0,29.69,100.0,preprocessing_v1_0_6,controlled-v1-case-0060,RASPISHAKE,https://data.raspberryshake.org/fdsnws/dataselect/1/query,AM.R2004.event.20251205T194039,AM;AM;AM,R2004;R2004;R2004,00;00;00,EH?;EH?;EH?,2025-06-08T16:29:17.141000Z;2025-06-07T14:44:16.571000Z;2025-06-09T07:25:47.151000Z,2025-06-08T16:32:20.121000Z;2025-06-07T14:47:20.591000Z;2025-06-09T07:28:50.241000Z,RASPISHAKE;RASPISHAKE;RASPISHAKE,https://data.raspberryshake.org/fdsnws/dataselect/1/query;https://data.raspberryshake.org/fdsnws/dataselect/1/query;https://data.raspberryshake.org/fdsnws/dataselect/1/query,AM.R2004.noise.20250608T162917;AM.R2004.noise.20250607T144418;AM.R2004.noise.20250609T072549,ordered_three_chunk_concat_v1,3500;3500;3500,3500;3500;2000,0;3500;7000,3500;7000;9000
61,AM,R2004,00,EH?,2025-12-17T23:14:37.437000Z,2025-12-17T23:15:12.437000Z,event_template,-5.0,28.35,100.0,preprocessing_v1_0_6,controlled-v1-case-0061,RASPISHAKE,https://data.raspberryshake.org/fdsnws/dataselect/1/query,AM.R2004.event.20251217T231437,AM;AM;AM,R2004;R2004;R2004,00;00;00,EH?;EH?;EH?,2025-06-07T23:52:58.251000Z;2025-06-10T11:38:06.901000Z;2025-06-05T12:58:02.921000Z,2025-06-07T23:56:00.511000Z;2025-06-10T11:41:10.311000Z;2025-06-05T13:01:06.271000Z,RASPISHAKE;RASPISHAKE;RASPISHAKE,https://data.raspberryshake.org/fdsnws/dataselect/1/query;https://data.raspberryshake.org/fdsnws/dataselect/1/query;https://data.raspberryshake.org/fdsnws/dataselect/1/query,AM.R2004.noise.20250607T235259;AM.R2004.noise.20250610T113808;AM.R2004.noise.20250605T125804,ordered_three_chunk_concat_v1,3500;3500;3500,3500;3500;2000,0;3500;7000,3500;7000;9000
62,AM,R2004,00,EH?,2025-12-17T23:14:37.437000Z,2025-12-17T23:15:12.437000Z,event_template,0.0,28.35,100.0,preprocessing_v1_0_6,controlled-v1-case-0062,RASPISHAKE,https://data.raspberryshake.org/fdsnws/dataselect/1/query,AM.R2004.event.20251217T231437,AM;AM;AM,R2004;R2004;R2004,00;00;00,EH?;EH?;EH?,2025-06-07T23:52:58.251000Z;2025-06-10T11:38:06.901000Z;2025-06-05T12:58:02.921000Z,2025-06-07T23:56:00.511000Z;2025-06-10T11:41:10.311000Z;2025-06-05T13:01:06.271000Z,RASPISHAKE;RASPISHAKE;RASPISHAKE,https://data.raspberryshake.org/fdsnws/dataselect/1/query;https://data.raspberryshake.org/fdsnws/dataselect/1/query;https://data.raspberryshake.org/fdsnws/dataselect/1/query,AM.R2004.noise.20250607T235259;AM.R2004.noise.20250610T113808;AM.R2004.noise.20250605T125804,ordered_three_chunk_concat_v1,3500;3500;3500,3500;3500;2000,0;3500;7000,3500;7000;9000
63,AM,R2004,00,EH?,2025-12-17T23:14:37.437000Z,2025-12-17T23:15:12.437000Z,event_template,5.0,28.35,100.0,preprocessing_v1_0_6,controlled-v1-case-0063,RASPISHAKE,https://data.raspberryshake.org/fdsnws/dataselect/1/query,AM.R2004.event.20251217T231437,AM;AM;AM,R2004;R2004;R2004,00;00;00,EH?;EH?;EH?,2025-06-07T23:52:58.251000Z;2025-06-10T11:38:06.901000Z;2025-06-05T12:58:02.921000Z,2025-06-07T23:56:00.511000Z;2025-06-10T11:41:10.311000Z;2025-06-05T13:01:06.271000Z,RASPISHAKE;RASPISHAKE;RASPISHAKE,https://data.raspberryshake.org/fdsnws/dataselect/1/query;https://data.raspberryshake.org/fdsnws/dataselect/1/query;https://data.raspberryshake.org/fdsnws/dataselect/1/query,AM.R2004.noise.20250607T235259;AM.R2004.noise.20250610T113808;AM.R2004.noise.20250605T125804,ordered_three_chunk_concat_v1,3500;3500;3500,3500;3500;2000,0;3500;7000,3500;7000;9000
64,AM,R2004,00,EH?,2025-12-31T14:39:54.298000Z,2025-12-31T14:40:29.298000Z,event_template,-5.0,24.45,100.0,preprocessing_v1_0_6,controlled-v1-case-0064,RASPISHAKE,https://data.raspberryshake.org/fdsnws/dataselect/1/query,AM.R2004.event.20251231T143954,AM;AM;AM,R2004;R2004;R2004,00;00;00,EH?;EH?;EH?,2025-06-02T17:28:15.361000Z;2025-06-02T19:28:38.331000Z;2025-06-09T03:14:05.981000Z,2025-06-02T17:31:19.071000Z;2025-06-02T19:31:41.711000Z;2025-06-09T03:17:09.391000Z,RASPISHAKE;RASPISHAKE;RASPISHAKE,https://data.raspberryshake.org/fdsnws/dataselect/1/query;https://data.raspberryshake.org/fdsnws/dataselect/1/query;https://data.raspberryshake.org/fdsnws/dataselect/1/query,AM.R2004.noise.20250602T172817;AM.R2004.noise.20250602T192840;AM.R2004.noise.20250609T031408,ordered_three_chunk_concat_v1,3500;3500;3500,3500;3500;2000,0;3500;7000,3500;7000;9000
65,AM,R2004,00,EH?,2025-12-31T14:39:54.298000Z,2025-12-31T14:40:29.298000Z,event_template,0.0,24.45,100.0,preprocessing_v1_0_6,controlled-v1-case-0065,RASPISHAKE,https://data.raspberryshake.org/fdsnws/dataselect/1/query,AM.R2004.event.20251231T143954,AM;AM;AM,R2004;R2004;R2004,00;00;00,EH?;EH?;EH?,2025-06-02T17:28:15.361000Z;2025-06-02T19:28:38.331000Z;2025-06-09T03:14:05.981000Z,2025-06-02T17:31:19.071000Z;2025-06-02T19:31:41.711000Z;2025-06-09T03:17:09.391000Z,RASPISHAKE;RASPISHAKE;RASPISHAKE,https://data.raspberryshake.org/fdsnws/dataselect/1/query;https://data.raspberryshake.org/fdsnws/dataselect/1/query;https://data.raspberryshake.org/fdsnws/dataselect/1/query,AM.R2004.noise.20250602T172817;AM.R2004.noise.20250602T192840;AM.R2004.noise.20250609T031408,ordered_three_chunk_concat_v1,3500;3500;3500,3500;3500;2000,0;3500;7000,3500;7000;9000
66,AM,R2004,00,EH?,2025-12-31T14:39:54.298000Z,2025-12-31T14:40:29.298000Z,event_template,5.0,24.45,100.0,preprocessing_v1_0_6,controlled-v1-case-0066,RASPISHAKE,https://data.raspberryshake.org/fdsnws/dataselect/1/query,AM.R2004.event.20251231T143954,AM;AM;AM,R2004;R2004;R2004,00;00;00,EH?;EH?;EH?,2025-06-02T17:28:15.361000Z;2025-06-02T19:28:38.331000Z;2025-06-09T03:14:05.981000Z,2025-06-02T17:31:19.071000Z;2025-06-02T19:31:41.711000Z;2025-06-09T03:17:09.391000Z,RASPISHAKE;RASPISHAKE;RASPISHAKE,https://data.raspberryshake.org/fdsnws/dataselect/1/query;https://data.raspberryshake.org/fdsnws/dataselect/1/query;https://data.raspberryshake.org/fdsnws/dataselect/1/query,AM.R2004.noise.20250602T172817;AM.R2004.noise.20250602T192840;AM.R2004.noise.20250609T031408,ordered_three_chunk_concat_v1,3500;3500;3500,3500;3500;2000,0;3500;7000,3500;7000;9000
67,AM,R2004,00,EH?,2026-01-01T06:54:51.928000Z,2026-01-01T06:55:26.928000Z,event_template,-5.0,19.44,100.0,preprocessing_v1_0_6,controlled-v1-case-0067,RASPISHAKE,https://data.raspberryshake.org/fdsnws/dataselect/1/query,AM.R2004.event.20260101T065451,AM;AM;AM,R2004;R2004;R2004,00;00;00,EH?;EH?;EH?,2025-06-07T23:52:58.251000Z;2025-06-10T08:34:07.841000Z;2025-06-07T09:11:18.491000Z,2025-06-07T23:56:00.511000Z;2025-06-10T08:37:11.001000Z;2025-06-07T09:14:22.241000Z,RASPISHAKE;RASPISHAKE;RASPISHAKE,https://data.raspberryshake.org/fdsnws/dataselect/1/query;https://data.raspberryshake.org/fdsnws/dataselect/1/query;https://data.raspberryshake.org/fdsnws/dataselect/1/query,AM.R2004.noise.20250607T235259;AM.R2004.noise.20250610T083409;AM.R2004.noise.20250607T091120,ordered_three_chunk_concat_v1,3500;3500;3500,3500;3500;2000,0;3500;7000,3500;7000;9000
68,AM,R2004,00,EH?,2026-01-01T06:54:51.928000Z,2026-01-01T06:55:26.928000Z,event_template,0.0,19.44,100.0,preprocessing_v1_0_6,controlled-v1-case-0068,RASPISHAKE,https://data.raspberryshake.org/fdsnws/dataselect/1/query,AM.R2004.event.20260101T065451,AM;AM;AM,R2004;R2004;R2004,00;00;00,EH?;EH?;EH?,2025-06-07T23:52:58.251000Z;2025-06-10T08:34:07.841000Z;2025-06-07T09:11:18.491000Z,2025-06-07T23:56:00.511000Z;2025-06-10T08:37:11.001000Z;2025-06-07T09:14:22.241000Z,RASPISHAKE;RASPISHAKE;RASPISHAKE,https://data.raspberryshake.org/fdsnws/dataselect/1/query;https://data.raspberryshake.org/fdsnws/dataselect/1/query;https://data.raspberryshake.org/fdsnws/dataselect/1/query,AM.R2004.noise.20250607T235259;AM.R2004.noise.20250610T083409;AM.R2004.noise.20250607T091120,ordered_three_chunk_concat_v1,3500;3500;3500,3500;3500;2000,0;3500;7000,3500;7000;9000
69,AM,R2004,00,EH?,2026-01-01T06:54:51.928000Z,2026-01-01T06:55:26.928000Z,event_template,5.0,19.44,100.0,preprocessing_v1_0_6,controlled-v1-case-0069,RASPISHAKE,https://data.raspberryshake.org/fdsnws/dataselect/1/query,AM.R2004.event.20260101T065451,AM;AM;AM,R2004;R2004;R2004,00;00;00,EH?;EH?;EH?,2025-06-07T23:52:58.251000Z;2025-06-10T08:34:07.841000Z;2025-06-07T09:11:18.491000Z,2025-06-07T23:56:00.511000Z;2025-06-10T08:37:11.001000Z;2025-06-07T09:14:22.241000Z,RASPISHAKE;RASPISHAKE;RASPISHAKE,https://data.raspberryshake.org/fdsnws/dataselect/1/query;https://data.raspberryshake.org/fdsnws/dataselect/1/query;https://data.raspberryshake.org/fdsnws/dataselect/1/query,AM.R2004.noise.20250607T235259;AM.R2004.noise.20250610T083409;AM.R2004.noise.20250607T091120,ordered_three_chunk_concat_v1,3500;3500;3500,3500;3500;2000,0;3500;7000,3500;7000;9000
70,AM,R2004,00,EH?,2026-01-02T14:04:46.298000Z,2026-01-02T14:05:21.298000Z,event_template,-5.0,42.0,100.0,preprocessing_v1_0_6,controlled-v1-case-0070,RASPISHAKE,https://data.raspberryshake.org/fdsnws/dataselect/1/query,AM.R2004.event.20260102T140446,AM;AM;AM,R2004;R2004;R2004,00;00;00,EH?;EH?;EH?,2025-06-03T00:03:54.391000Z;2025-06-08T16:25:05.731000Z;2025-06-04T04:12:22.731000Z,2025-06-03T00:06:57.941000Z;2025-06-08T16:28:09.471000Z;2025-06-04T04:15:26.611000Z,RASPISHAKE;RASPISHAKE;RASPISHAKE,https://data.raspberryshake.org/fdsnws/dataselect/1/query;https://data.raspberryshake.org/fdsnws/dataselect/1/query;https://data.raspberryshake.org/fdsnws/dataselect/1/query,AM.R2004.noise.20250603T000356;AM.R2004.noise.20250608T162507;AM.R2004.noise.20250604T041225,ordered_three_chunk_concat_v1,3500;3500;3500,3500;3500;2000,0;3500;7000,3500;7000;9000
71,AM,R2004,00,EH?,2026-01-02T14:04:46.298000Z,2026-01-02T14:05:21.298000Z,event_template,0.0,42.0,100.0,preprocessing_v1_0_6,controlled-v1-case-0071,RASPISHAKE,https://data.raspberryshake.org/fdsnws/dataselect/1/query,AM.R2004.event.20260102T140446,AM;AM;AM,R2004;R2004;R2004,00;00;00,EH?;EH?;EH?,2025-06-03T00:03:54.391000Z;2025-06-08T16:25:05.731000Z;2025-06-04T04:12:22.731000Z,2025-06-03T00:06:57.941000Z;2025-06-08T16:28:09.471000Z;2025-06-04T04:15:26.611000Z,RASPISHAKE;RASPISHAKE;RASPISHAKE,https://data.raspberryshake.org/fdsnws/dataselect/1/query;https://data.raspberryshake.org/fdsnws/dataselect/1/query;https://data.raspberryshake.org/fdsnws/dataselect/1/query,AM.R2004.noise.20250603T000356;AM.R2004.noise.20250608T162507;AM.R2004.noise.20250604T041225,ordered_three_chunk_concat_v1,3500;3500;3500,3500;3500;2000,0;3500;7000,3500;7000;9000
72,AM,R2004,00,EH?,2026-01-02T14:04:46.298000Z,2026-01-02T14:05:21.298000Z,event_template,5.0,42.0,100.0,preprocessing_v1_0_6,controlled-v1-case-0072,RASPISHAKE,https://data.raspberryshake.org/fdsnws/dataselect/1/query,AM.R2004.event.20260102T140446,AM;AM;AM,R2004;R2004;R2004,00;00;00,EH?;EH?;EH?,2025-06-03T00:03:54.391000Z;2025-06-08T16:25:05.731000Z;2025-06-04T04:12:22.731000Z,2025-06-03T00:06:57.941000Z;2025-06-08T16:28:09.471000Z;2025-06-04T04:15:26.611000Z,RASPISHAKE;RASPISHAKE;RASPISHAKE,https://data.raspberryshake.org/fdsnws/dataselect/1/query;https://data.raspberryshake.org/fdsnws/dataselect/1/query;https://data.raspberryshake.org/fdsnws/dataselect/1/query,AM.R2004.noise.20250603T000356;AM.R2004.noise.20250608T162507;AM.R2004.noise.20250604T041225,ordered_three_chunk_concat_v1,3500;3500;3500,3500;3500;2000,0;3500;7000,3500;7000;9000
73,AM,R24AE,00,EH?,2026-05-10T03:14:55.862000Z,2026-05-10T03:15:30.862000Z,event_template,-5.0,26.91,100.0,preprocessing_v1_0_6,controlled-v1-case-0073,RASPISHAKE,https://data.raspberryshake.org/fdsnws/dataselect/1/query,AM.R24AE.event.20260510T031455,AM;AM;AM,R24AE;R24AE;R24AE,00;00;00,EH?;EH?;EH?,2025-06-08T09:18:49.184000Z;2025-06-09T03:14:05.214000Z;2025-06-04T20:32:02.864000Z,2025-06-08T09:21:54.864000Z;2025-06-09T03:17:11.414000Z;2025-06-04T20:35:08.594000Z,RASPISHAKE;RASPISHAKE;RASPISHAKE,https://data.raspberryshake.org/fdsnws/dataselect/1/query;https://data.raspberryshake.org/fdsnws/dataselect/1/query;https://data.raspberryshake.org/fdsnws/dataselect/1/query,AM.R24AE.noise.20250608T091852;AM.R24AE.noise.20250609T031408;AM.R24AE.noise.20250604T203205,ordered_three_chunk_concat_v1,3500;3500;3500,3500;3500;2000,0;3500;7000,3500;7000;9000
74,AM,R24AE,00,EH?,2026-05-10T03:14:55.862000Z,2026-05-10T03:15:30.862000Z,event_template,0.0,26.91,100.0,preprocessing_v1_0_6,controlled-v1-case-0074,RASPISHAKE,https://data.raspberryshake.org/fdsnws/dataselect/1/query,AM.R24AE.event.20260510T031455,AM;AM;AM,R24AE;R24AE;R24AE,00;00;00,EH?;EH?;EH?,2025-06-08T09:18:49.184000Z;2025-06-09T03:14:05.214000Z;2025-06-04T20:32:02.864000Z,2025-06-08T09:21:54.864000Z;2025-06-09T03:17:11.414000Z;2025-06-04T20:35:08.594000Z,RASPISHAKE;RASPISHAKE;RASPISHAKE,https://data.raspberryshake.org/fdsnws/dataselect/1/query;https://data.raspberryshake.org/fdsnws/dataselect/1/query;https://data.raspberryshake.org/fdsnws/dataselect/1/query,AM.R24AE.noise.20250608T091852;AM.R24AE.noise.20250609T031408;AM.R24AE.noise.20250604T203205,ordered_three_chunk_concat_v1,3500;3500;3500,3500;3500;2000,0;3500;7000,3500;7000;9000
75,AM,R24AE,00,EH?,2026-05-10T03:14:55.862000Z,2026-05-10T03:15:30.862000Z,event_template,5.0,26.91,100.0,preprocessing_v1_0_6,controlled-v1-case-0075,RASPISHAKE,https://data.raspberryshake.org/fdsnws/dataselect/1/query,AM.R24AE.event.20260510T031455,AM;AM;AM,R24AE;R24AE;R24AE,00;00;00,EH?;EH?;EH?,2025-06-08T09:18:49.184000Z;2025-06-09T03:14:05.214000Z;2025-06-04T20:32:02.864000Z,2025-06-08T09:21:54.864000Z;2025-06-09T03:17:11.414000Z;2025-06-04T20:35:08.594000Z,RASPISHAKE;RASPISHAKE;RASPISHAKE,https://data.raspberryshake.org/fdsnws/dataselect/1/query;https://data.raspberryshake.org/fdsnws/dataselect/1/query;https://data.raspberryshake.org/fdsnws/dataselect/1/query,AM.R24AE.noise.20250608T091852;AM.R24AE.noise.20250609T031408;AM.R24AE.noise.20250604T203205,ordered_three_chunk_concat_v1,3500;3500;3500,3500;3500;2000,0;3500;7000,3500;7000;9000
76,AM,R24AE,00,EH?,2026-05-10T07:11:52.652000Z,2026-05-10T07:12:27.652000Z,event_template,-5.0,49.8,100.0,preprocessing_v1_0_6,controlled-v1-case-0076,RASPISHAKE,https://data.raspberryshake.org/fdsnws/dataselect/1/query,AM.R24AE.event.20260510T071152,AM;AM;AM,R24AE;R24AE;R24AE,00;00;00,EH?;EH?;EH?,2025-06-08T09:18:49.184000Z;2025-06-10T22:22:11.014000Z;2025-06-08T16:25:04.474000Z,2025-06-08T09:21:54.864000Z;2025-06-10T22:25:16.204000Z;2025-06-08T16:28:08.304000Z,RASPISHAKE;RASPISHAKE;RASPISHAKE,https://data.raspberryshake.org/fdsnws/dataselect/1/query;https://data.raspberryshake.org/fdsnws/dataselect/1/query;https://data.raspberryshake.org/fdsnws/dataselect/1/query,AM.R24AE.noise.20250608T091852;AM.R24AE.noise.20250610T222213;AM.R24AE.noise.20250608T162507,ordered_three_chunk_concat_v1,3500;3500;3500,3500;3500;2000,0;3500;7000,3500;7000;9000
77,AM,R24AE,00,EH?,2026-05-10T07:11:52.652000Z,2026-05-10T07:12:27.652000Z,event_template,0.0,49.8,100.0,preprocessing_v1_0_6,controlled-v1-case-0077,RASPISHAKE,https://data.raspberryshake.org/fdsnws/dataselect/1/query,AM.R24AE.event.20260510T071152,AM;AM;AM,R24AE;R24AE;R24AE,00;00;00,EH?;EH?;EH?,2025-06-08T09:18:49.184000Z;2025-06-10T22:22:11.014000Z;2025-06-08T16:25:04.474000Z,2025-06-08T09:21:54.864000Z;2025-06-10T22:25:16.204000Z;2025-06-08T16:28:08.304000Z,RASPISHAKE;RASPISHAKE;RASPISHAKE,https://data.raspberryshake.org/fdsnws/dataselect/1/query;https://data.raspberryshake.org/fdsnws/dataselect/1/query;https://data.raspberryshake.org/fdsnws/dataselect/1/query,AM.R24AE.noise.20250608T091852;AM.R24AE.noise.20250610T222213;AM.R24AE.noise.20250608T162507,ordered_three_chunk_concat_v1,3500;3500;3500,3500;3500;2000,0;3500;7000,3500;7000;9000
78,AM,R24AE,00,EH?,2026-05-10T07:11:52.652000Z,2026-05-10T07:12:27.652000Z,event_template,5.0,49.8,100.0,preprocessing_v1_0_6,controlled-v1-case-0078,RASPISHAKE,https://data.raspberryshake.org/fdsnws/dataselect/1/query,AM.R24AE.event.20260510T071152,AM;AM;AM,R24AE;R24AE;R24AE,00;00;00,EH?;EH?;EH?,2025-06-08T09:18:49.184000Z;2025-06-10T22:22:11.014000Z;2025-06-08T16:25:04.474000Z,2025-06-08T09:21:54.864000Z;2025-06-10T22:25:16.204000Z;2025-06-08T16:28:08.304000Z,RASPISHAKE;RASPISHAKE;RASPISHAKE,https://data.raspberryshake.org/fdsnws/dataselect/1/query;https://data.raspberryshake.org/fdsnws/dataselect/1/query;https://data.raspberryshake.org/fdsnws/dataselect/1/query,AM.R24AE.noise.20250608T091852;AM.R24AE.noise.20250610T222213;AM.R24AE.noise.20250608T162507,ordered_three_chunk_concat_v1,3500;3500;3500,3500;3500;2000,0;3500;7000,3500;7000;9000
79,AM,R24AE,00,EH?,2026-05-10T18:22:51.892000Z,2026-05-10T18:23:26.892000Z,event_template,-5.0,52.09,100.0,preprocessing_v1_0_6,controlled-v1-case-0079,RASPISHAKE,https://data.raspberryshake.org/fdsnws/dataselect/1/query,AM.R24AE.event.20260510T182251,AM;AM;AM,R24AE;R24AE;R24AE,00;00;00,EH?;EH?;EH?,2025-06-01T06:27:39.594000Z;2025-06-10T08:34:05.654000Z;2025-06-01T00:23:41.884000Z,2025-06-01T06:30:43.074000Z;2025-06-10T08:37:13.034000Z;2025-06-01T00:26:46.424000Z,RASPISHAKE;RASPISHAKE;RASPISHAKE,https://data.raspberryshake.org/fdsnws/dataselect/1/query;https://data.raspberryshake.org/fdsnws/dataselect/1/query;https://data.raspberryshake.org/fdsnws/dataselect/1/query,AM.R24AE.noise.20250601T062741;AM.R24AE.noise.20250610T083409;AM.R24AE.noise.20250601T002345,ordered_three_chunk_concat_v1,3500;3500;3500,3500;3500;2000,0;3500;7000,3500;7000;9000
80,AM,R24AE,00,EH?,2026-05-10T18:22:51.892000Z,2026-05-10T18:23:26.892000Z,event_template,0.0,52.09,100.0,preprocessing_v1_0_6,controlled-v1-case-0080,RASPISHAKE,https://data.raspberryshake.org/fdsnws/dataselect/1/query,AM.R24AE.event.20260510T182251,AM;AM;AM,R24AE;R24AE;R24AE,00;00;00,EH?;EH?;EH?,2025-06-01T06:27:39.594000Z;2025-06-10T08:34:05.654000Z;2025-06-01T00:23:41.884000Z,2025-06-01T06:30:43.074000Z;2025-06-10T08:37:13.034000Z;2025-06-01T00:26:46.424000Z,RASPISHAKE;RASPISHAKE;RASPISHAKE,https://data.raspberryshake.org/fdsnws/dataselect/1/query;https://data.raspberryshake.org/fdsnws/dataselect/1/query;https://data.raspberryshake.org/fdsnws/dataselect/1/query,AM.R24AE.noise.20250601T062741;AM.R24AE.noise.20250610T083409;AM.R24AE.noise.20250601T002345,ordered_three_chunk_concat_v1,3500;3500;3500,3500;3500;2000,0;3500;7000,3500;7000;9000
81,AM,R24AE,00,EH?,2026-05-10T18:22:51.892000Z,2026-05-10T18:23:26.892000Z,event_template,5.0,52.09,100.0,preprocessing_v1_0_6,controlled-v1-case-0081,RASPISHAKE,https://data.raspberryshake.org/fdsnws/dataselect/1/query,AM.R24AE.event.20260510T182251,AM;AM;AM,R24AE;R24AE;R24AE,00;00;00,EH?;EH?;EH?,2025-06-01T06:27:39.594000Z;2025-06-10T08:34:05.654000Z;2025-06-01T00:23:41.884000Z,2025-06-01T06:30:43.074000Z;2025-06-10T08:37:13.034000Z;2025-06-01T00:26:46.424000Z,RASPISHAKE;RASPISHAKE;RASPISHAKE,https://data.raspberryshake.org/fdsnws/dataselect/1/query;https://data.raspberryshake.org/fdsnws/dataselect/1/query;https://data.raspberryshake.org/fdsnws/dataselect/1/query,AM.R24AE.noise.20250601T062741;AM.R24AE.noise.20250610T083409;AM.R24AE.noise.20250601T002345,ordered_three_chunk_concat_v1,3500;3500;3500,3500;3500;2000,0;3500;7000,3500;7000;9000
82,AM,R24AE,00,EH?,2026-05-13T10:45:37.762000Z,2026-05-13T10:46:12.762000Z,event_template,-5.0,36.95,100.0,preprocessing_v1_0_6,controlled-v1-case-0082,RASPISHAKE,https://data.raspberryshake.org/fdsnws/dataselect/1/query,AM.R24AE.event.20260513T104537,AM;AM;AM,R24AE;R24AE;R24AE,00;00;00,EH?;EH?;EH?,2025-06-06T00:40:40.564000Z;2025-06-01T15:15:16.224000Z;2025-06-06T15:29:59.484000Z,2025-06-06T00:43:44.124000Z;2025-06-01T15:18:21.724000Z;2025-06-06T15:33:02.684000Z,RASPISHAKE;RASPISHAKE;RASPISHAKE,https://data.raspberryshake.org/fdsnws/dataselect/1/query;https://data.raspberryshake.org/fdsnws/dataselect/1/query;https://data.raspberryshake.org/fdsnws/dataselect/1/query,AM.R24AE.noise.20250606T004041;AM.R24AE.noise.20250601T151518;AM.R24AE.noise.20250606T153000,ordered_three_chunk_concat_v1,3500;3500;3500,3500;3500;2000,0;3500;7000,3500;7000;9000
83,AM,R24AE,00,EH?,2026-05-13T10:45:37.762000Z,2026-05-13T10:46:12.762000Z,event_template,0.0,36.95,100.0,preprocessing_v1_0_6,controlled-v1-case-0083,RASPISHAKE,https://data.raspberryshake.org/fdsnws/dataselect/1/query,AM.R24AE.event.20260513T104537,AM;AM;AM,R24AE;R24AE;R24AE,00;00;00,EH?;EH?;EH?,2025-06-06T00:40:40.564000Z;2025-06-01T15:15:16.224000Z;2025-06-06T15:29:59.484000Z,2025-06-06T00:43:44.124000Z;2025-06-01T15:18:21.724000Z;2025-06-06T15:33:02.684000Z,RASPISHAKE;RASPISHAKE;RASPISHAKE,https://data.raspberryshake.org/fdsnws/dataselect/1/query;https://data.raspberryshake.org/fdsnws/dataselect/1/query;https://data.raspberryshake.org/fdsnws/dataselect/1/query,AM.R24AE.noise.20250606T004041;AM.R24AE.noise.20250601T151518;AM.R24AE.noise.20250606T153000,ordered_three_chunk_concat_v1,3500;3500;3500,3500;3500;2000,0;3500;7000,3500;7000;9000
84,AM,R24AE,00,EH?,2026-05-13T10:45:37.762000Z,2026-05-13T10:46:12.762000Z,event_template,5.0,36.95,100.0,preprocessing_v1_0_6,controlled-v1-case-0084,RASPISHAKE,https://data.raspberryshake.org/fdsnws/dataselect/1/query,AM.R24AE.event.20260513T104537,AM;AM;AM,R24AE;R24AE;R24AE,00;00;00,EH?;EH?;EH?,2025-06-06T00:40:40.564000Z;2025-06-01T15:15:16.224000Z;2025-06-06T15:29:59.484000Z,2025-06-06T00:43:44.124000Z;2025-06-01T15:18:21.724000Z;2025-06-06T15:33:02.684000Z,RASPISHAKE;RASPISHAKE;RASPISHAKE,https://data.raspberryshake.org/fdsnws/dataselect/1/query;https://data.raspberryshake.org/fdsnws/dataselect/1/query;https://data.raspberryshake.org/fdsnws/dataselect/1/query,AM.R24AE.noise.20250606T004041;AM.R24AE.noise.20250601T151518;AM.R24AE.noise.20250606T153000,ordered_three_chunk_concat_v1,3500;3500;3500,3500;3500;2000,0;3500;7000,3500;7000;9000
85,AM,R24AE,00,EH?,2026-05-15T11:07:54.162000Z,2026-05-15T11:08:29.162000Z,event_template,-5.0,25.46,100.0,preprocessing_v1_0_6,controlled-v1-case-0085,RASPISHAKE,https://data.raspberryshake.org/fdsnws/dataselect/1/query,AM.R24AE.event.20260515T110754,AM;AM;AM,R24AE;R24AE;R24AE,00;00;00,EH?;EH?;EH?,2025-06-09T12:34:53.994000Z;2025-06-10T22:22:11.014000Z;2025-06-01T00:58:50.174000Z,2025-06-09T12:37:58.814000Z;2025-06-10T22:25:16.204000Z;2025-06-01T01:01:55.274000Z,RASPISHAKE;RASPISHAKE;RASPISHAKE,https://data.raspberryshake.org/fdsnws/dataselect/1/query;https://data.raspberryshake.org/fdsnws/dataselect/1/query;https://data.raspberryshake.org/fdsnws/dataselect/1/query,AM.R24AE.noise.20250609T123456;AM.R24AE.noise.20250610T222213;AM.R24AE.noise.20250601T005852,ordered_three_chunk_concat_v1,3500;3500;3500,3500;3500;2000,0;3500;7000,3500;7000;9000
86,AM,R24AE,00,EH?,2026-05-15T11:07:54.162000Z,2026-05-15T11:08:29.162000Z,event_template,0.0,25.46,100.0,preprocessing_v1_0_6,controlled-v1-case-0086,RASPISHAKE,https://data.raspberryshake.org/fdsnws/dataselect/1/query,AM.R24AE.event.20260515T110754,AM;AM;AM,R24AE;R24AE;R24AE,00;00;00,EH?;EH?;EH?,2025-06-09T12:34:53.994000Z;2025-06-10T22:22:11.014000Z;2025-06-01T00:58:50.174000Z,2025-06-09T12:37:58.814000Z;2025-06-10T22:25:16.204000Z;2025-06-01T01:01:55.274000Z,RASPISHAKE;RASPISHAKE;RASPISHAKE,https://data.raspberryshake.org/fdsnws/dataselect/1/query;https://data.raspberryshake.org/fdsnws/dataselect/1/query;https://data.raspberryshake.org/fdsnws/dataselect/1/query,AM.R24AE.noise.20250609T123456;AM.R24AE.noise.20250610T222213;AM.R24AE.noise.20250601T005852,ordered_three_chunk_concat_v1,3500;3500;3500,3500;3500;2000,0;3500;7000,3500;7000;9000
87,AM,R24AE,00,EH?,2026-05-15T11:07:54.162000Z,2026-05-15T11:08:29.162000Z,event_template,5.0,25.46,100.0,preprocessing_v1_0_6,controlled-v1-case-0087,RASPISHAKE,https://data.raspberryshake.org/fdsnws/dataselect/1/query,AM.R24AE.event.20260515T110754,AM;AM;AM,R24AE;R24AE;R24AE,00;00;00,EH?;EH?;EH?,2025-06-09T12:34:53.994000Z;2025-06-10T22:22:11.014000Z;2025-06-01T00:58:50.174000Z,2025-06-09T12:37:58.814000Z;2025-06-10T22:25:16.204000Z;2025-06-01T01:01:55.274000Z,RASPISHAKE;RASPISHAKE;RASPISHAKE,https://data.raspberryshake.org/fdsnws/dataselect/1/query;https://data.raspberryshake.org/fdsnws/dataselect/1/query;https://data.raspberryshake.org/fdsnws/dataselect/1/query,AM.R24AE.noise.20250609T123456;AM.R24AE.noise.20250610T222213;AM.R24AE.noise.20250601T005852,ordered_three_chunk_concat_v1,3500;3500;3500,3500;3500;2000,0;3500;7000,3500;7000;9000
88,AM,R24AE,00,EH?,2026-05-17T06:28:21.672000Z,2026-05-17T06:28:56.672000Z,event_template,-5.0,51.56,100.0,preprocessing_v1_0_6,controlled-v1-case-0088,RASPISHAKE,https://data.raspberryshake.org/fdsnws/dataselect/1/query,AM.R24AE.event.20260517T062821,AM;AM;AM,R24AE;R24AE;R24AE,00;00;00,EH?;EH?;EH?,2025-06-06T00:40:40.564000Z;2025-06-05T20:40:21.064000Z;2025-06-04T00:48:14.584000Z,2025-06-06T00:43:44.124000Z;2025-06-05T20:43:25.704000Z;2025-06-04T00:51:19.014000Z,RASPISHAKE;RASPISHAKE;RASPISHAKE,https://data.raspberryshake.org/fdsnws/dataselect/1/query;https://data.raspberryshake.org/fdsnws/dataselect/1/query;https://data.raspberryshake.org/fdsnws/dataselect/1/query,AM.R24AE.noise.20250606T004041;AM.R24AE.noise.20250605T204023;AM.R24AE.noise.20250604T004815,ordered_three_chunk_concat_v1,3500;3500;3500,3500;3500;2000,0;3500;7000,3500;7000;9000
89,AM,R24AE,00,EH?,2026-05-17T06:28:21.672000Z,2026-05-17T06:28:56.672000Z,event_template,0.0,51.56,100.0,preprocessing_v1_0_6,controlled-v1-case-0089,RASPISHAKE,https://data.raspberryshake.org/fdsnws/dataselect/1/query,AM.R24AE.event.20260517T062821,AM;AM;AM,R24AE;R24AE;R24AE,00;00;00,EH?;EH?;EH?,2025-06-06T00:40:40.564000Z;2025-06-05T20:40:21.064000Z;2025-06-04T00:48:14.584000Z,2025-06-06T00:43:44.124000Z;2025-06-05T20:43:25.704000Z;2025-06-04T00:51:19.014000Z,RASPISHAKE;RASPISHAKE;RASPISHAKE,https://data.raspberryshake.org/fdsnws/dataselect/1/query;https://data.raspberryshake.org/fdsnws/dataselect/1/query;https://data.raspberryshake.org/fdsnws/dataselect/1/query,AM.R24AE.noise.20250606T004041;AM.R24AE.noise.20250605T204023;AM.R24AE.noise.20250604T004815,ordered_three_chunk_concat_v1,3500;3500;3500,3500;3500;2000,0;3500;7000,3500;7000;9000
90,AM,R24AE,00,EH?,2026-05-17T06:28:21.672000Z,2026-05-17T06:28:56.672000Z,event_template,5.0,51.56,100.0,preprocessing_v1_0_6,controlled-v1-case-0090,RASPISHAKE,https://data.raspberryshake.org/fdsnws/dataselect/1/query,AM.R24AE.event.20260517T062821,AM;AM;AM,R24AE;R24AE;R24AE,00;00;00,EH?;EH?;EH?,2025-06-06T00:40:40.564000Z;2025-06-05T20:40:21.064000Z;2025-06-04T00:48:14.584000Z,2025-06-06T00:43:44.124000Z;2025-06-05T20:43:25.704000Z;2025-06-04T00:51:19.014000Z,RASPISHAKE;RASPISHAKE;RASPISHAKE,https://data.raspberryshake.org/fdsnws/dataselect/1/query;https://data.raspberryshake.org/fdsnws/dataselect/1/query;https://data.raspberryshake.org/fdsnws/dataselect/1/query,AM.R24AE.noise.20250606T004041;AM.R24AE.noise.20250605T204023;AM.R24AE.noise.20250604T004815,ordered_three_chunk_concat_v1,3500;3500;3500,3500;3500;2000,0;3500;7000,3500;7000;9000
91,AM,R24AE,00,EH?,2026-05-21T19:00:57.642000Z,2026-05-21T19:01:32.642000Z,event_template,-5.0,44.18,100.0,preprocessing_v1_0_6,controlled-v1-case-0091,RASPISHAKE,https://data.raspberryshake.org/fdsnws/dataselect/1/query,AM.R24AE.event.20260521T190057,AM;AM;AM,R24AE;R24AE;R24AE,00;00;00,EH?;EH?;EH?,2025-06-09T12:34:53.994000Z;2025-06-06T15:29:59.484000Z;2025-06-07T23:52:58.204000Z,2025-06-09T12:37:58.814000Z;2025-06-06T15:33:02.684000Z;2025-06-07T23:56:02.694000Z,RASPISHAKE;RASPISHAKE;RASPISHAKE,https://data.raspberryshake.org/fdsnws/dataselect/1/query;https://data.raspberryshake.org/fdsnws/dataselect/1/query;https://data.raspberryshake.org/fdsnws/dataselect/1/query,AM.R24AE.noise.20250609T123456;AM.R24AE.noise.20250606T153000;AM.R24AE.noise.20250607T235259,ordered_three_chunk_concat_v1,3500;3500;3500,3500;3500;2000,0;3500;7000,3500;7000;9000
92,AM,R24AE,00,EH?,2026-05-21T19:00:57.642000Z,2026-05-21T19:01:32.642000Z,event_template,0.0,44.18,100.0,preprocessing_v1_0_6,controlled-v1-case-0092,RASPISHAKE,https://data.raspberryshake.org/fdsnws/dataselect/1/query,AM.R24AE.event.20260521T190057,AM;AM;AM,R24AE;R24AE;R24AE,00;00;00,EH?;EH?;EH?,2025-06-09T12:34:53.994000Z;2025-06-06T15:29:59.484000Z;2025-06-07T23:52:58.204000Z,2025-06-09T12:37:58.814000Z;2025-06-06T15:33:02.684000Z;2025-06-07T23:56:02.694000Z,RASPISHAKE;RASPISHAKE;RASPISHAKE,https://data.raspberryshake.org/fdsnws/dataselect/1/query;https://data.raspberryshake.org/fdsnws/dataselect/1/query;https://data.raspberryshake.org/fdsnws/dataselect/1/query,AM.R24AE.noise.20250609T123456;AM.R24AE.noise.20250606T153000;AM.R24AE.noise.20250607T235259,ordered_three_chunk_concat_v1,3500;3500;3500,3500;3500;2000,0;3500;7000,3500;7000;9000
93,AM,R24AE,00,EH?,2026-05-21T19:00:57.642000Z,2026-05-21T19:01:32.642000Z,event_template,5.0,44.18,100.0,preprocessing_v1_0_6,controlled-v1-case-0093,RASPISHAKE,https://data.raspberryshake.org/fdsnws/dataselect/1/query,AM.R24AE.event.20260521T190057,AM;AM;AM,R24AE;R24AE;R24AE,00;00;00,EH?;EH?;EH?,2025-06-09T12:34:53.994000Z;2025-06-06T15:29:59.484000Z;2025-06-07T23:52:58.204000Z,2025-06-09T12:37:58.814000Z;2025-06-06T15:33:02.684000Z;2025-06-07T23:56:02.694000Z,RASPISHAKE;RASPISHAKE;RASPISHAKE,https://data.raspberryshake.org/fdsnws/dataselect/1/query;https://data.raspberryshake.org/fdsnws/dataselect/1/query;https://data.raspberryshake.org/fdsnws/dataselect/1/query,AM.R24AE.noise.20250609T123456;AM.R24AE.noise.20250606T153000;AM.R24AE.noise.20250607T235259,ordered_three_chunk_concat_v1,3500;3500;3500,3500;3500;2000,0;3500;7000,3500;7000;9000
94,AM,R24AE,00,EH?,2026-05-28T11:49:14.332000Z,2026-05-28T11:49:49.332000Z,event_template,-5.0,50.28,100.0,preprocessing_v1_0_6,controlled-v1-case-0094,RASPISHAKE,https://data.raspberryshake.org/fdsnws/dataselect/1/query,AM.R24AE.event.20260528T114914,AM;AM;AM,R24AE;R24AE;R24AE,00;00;00,EH?;EH?;EH?,2025-06-04T00:48:14.584000Z;2025-06-04T17:28:29.494000Z;2025-06-04T20:32:02.864000Z,2025-06-04T00:51:19.014000Z;2025-06-04T17:31:34.204000Z;2025-06-04T20:35:08.594000Z,RASPISHAKE;RASPISHAKE;RASPISHAKE,https://data.raspberryshake.org/fdsnws/dataselect/1/query;https://data.raspberryshake.org/fdsnws/dataselect/1/query;https://data.raspberryshake.org/fdsnws/dataselect/1/query,AM.R24AE.noise.20250604T004815;AM.R24AE.noise.20250604T172830;AM.R24AE.noise.20250604T203205,ordered_three_chunk_concat_v1,3500;3500;3500,3500;3500;2000,0;3500;7000,3500;7000;9000
95,AM,R24AE,00,EH?,2026-05-28T11:49:14.332000Z,2026-05-28T11:49:49.332000Z,event_template,0.0,50.28,100.0,preprocessing_v1_0_6,controlled-v1-case-0095,RASPISHAKE,https://data.raspberryshake.org/fdsnws/dataselect/1/query,AM.R24AE.event.20260528T114914,AM;AM;AM,R24AE;R24AE;R24AE,00;00;00,EH?;EH?;EH?,2025-06-04T00:48:14.584000Z;2025-06-04T17:28:29.494000Z;2025-06-04T20:32:02.864000Z,2025-06-04T00:51:19.014000Z;2025-06-04T17:31:34.204000Z;2025-06-04T20:35:08.594000Z,RASPISHAKE;RASPISHAKE;RASPISHAKE,https://data.raspberryshake.org/fdsnws/dataselect/1/query;https://data.raspberryshake.org/fdsnws/dataselect/1/query;https://data.raspberryshake.org/fdsnws/dataselect/1/query,AM.R24AE.noise.20250604T004815;AM.R24AE.noise.20250604T172830;AM.R24AE.noise.20250604T203205,ordered_three_chunk_concat_v1,3500;3500;3500,3500;3500;2000,0;3500;7000,3500;7000;9000
96,AM,R24AE,00,EH?,2026-05-28T11:49:14.332000Z,2026-05-28T11:49:49.332000Z,event_template,5.0,50.28,100.0,preprocessing_v1_0_6,controlled-v1-case-0096,RASPISHAKE,https://data.raspberryshake.org/fdsnws/dataselect/1/query,AM.R24AE.event.20260528T114914,AM;AM;AM,R24AE;R24AE;R24AE,00;00;00,EH?;EH?;EH?,2025-06-04T00:48:14.584000Z;2025-06-04T17:28:29.494000Z;2025-06-04T20:32:02.864000Z,2025-06-04T00:51:19.014000Z;2025-06-04T17:31:34.204000Z;2025-06-04T20:35:08.594000Z,RASPISHAKE;RASPISHAKE;RASPISHAKE,https://data.raspberryshake.org/fdsnws/dataselect/1/query;https://data.raspberryshake.org/fdsnws/dataselect/1/query;https://data.raspberryshake.org/fdsnws/dataselect/1/query,AM.R24AE.noise.20250604T004815;AM.R24AE.noise.20250604T172830;AM.R24AE.noise.20250604T203205,ordered_three_chunk_concat_v1,3500;3500;3500,3500;3500;2000,0;3500;7000,3500;7000;9000
97,AM,R3B66,00,EH?,2026-01-28T04:00:37.807000Z,2026-01-28T04:01:12.807000Z,event_template,-5.0,50.28,100.0,preprocessing_v1_0_6,controlled-v1-case-0097,RASPISHAKE,https://data.raspberryshake.org/fdsnws/dataselect/1/query,AM.R3B66.event.20260128T040037,AM;AM;AM,R3B66;R3B66;R3B66,00;00;00,EH?;EH?;EH?,2025-06-01T00:23:41.208000Z;2025-06-09T07:25:46.988000Z;2025-06-04T20:32:02.408000Z,2025-06-01T00:26:47.388000Z;2025-06-09T07:28:52.108000Z;2025-06-04T20:35:07.558000Z,RASPISHAKE;RASPISHAKE;RASPISHAKE,https://data.raspberryshake.org/fdsnws/dataselect/1/query;https://data.raspberryshake.org/fdsnws/dataselect/1/query;https://data.raspberryshake.org/fdsnws/dataselect/1/query,AM.R3B66.noise.20250601T002345;AM.R3B66.noise.20250609T072549;AM.R3B66.noise.20250604T203205,ordered_three_chunk_concat_v1,3500;3500;3500,3500;3500;2000,0;3500;7000,3500;7000;9000
98,AM,R3B66,00,EH?,2026-01-28T04:00:37.807000Z,2026-01-28T04:01:12.807000Z,event_template,0.0,50.28,100.0,preprocessing_v1_0_6,controlled-v1-case-0098,RASPISHAKE,https://data.raspberryshake.org/fdsnws/dataselect/1/query,AM.R3B66.event.20260128T040037,AM;AM;AM,R3B66;R3B66;R3B66,00;00;00,EH?;EH?;EH?,2025-06-01T00:23:41.208000Z;2025-06-09T07:25:46.988000Z;2025-06-04T20:32:02.408000Z,2025-06-01T00:26:47.388000Z;2025-06-09T07:28:52.108000Z;2025-06-04T20:35:07.558000Z,RASPISHAKE;RASPISHAKE;RASPISHAKE,https://data.raspberryshake.org/fdsnws/dataselect/1/query;https://data.raspberryshake.org/fdsnws/dataselect/1/query;https://data.raspberryshake.org/fdsnws/dataselect/1/query,AM.R3B66.noise.20250601T002345;AM.R3B66.noise.20250609T072549;AM.R3B66.noise.20250604T203205,ordered_three_chunk_concat_v1,3500;3500;3500,3500;3500;2000,0;3500;7000,3500;7000;9000
99,AM,R3B66,00,EH?,2026-01-28T04:00:37.807000Z,2026-01-28T04:01:12.807000Z,event_template,5.0,50.28,100.0,preprocessing_v1_0_6,controlled-v1-case-0099,RASPISHAKE,https://data.raspberryshake.org/fdsnws/dataselect/1/query,AM.R3B66.event.20260128T040037,AM;AM;AM,R3B66;R3B66;R3B66,00;00;00,EH?;EH?;EH?,2025-06-01T00:23:41.208000Z;2025-06-09T07:25:46.988000Z;2025-06-04T20:32:02.408000Z,2025-06-01T00:26:47.388000Z;2025-06-09T07:28:52.108000Z;2025-06-04T20:35:07.558000Z,RASPISHAKE;RASPISHAKE;RASPISHAKE,https://data.raspberryshake.org/fdsnws/dataselect/1/query;https://data.raspberryshake.org/fdsnws/dataselect/1/query;https://data.raspberryshake.org/fdsnws/dataselect/1/query,AM.R3B66.noise.20250601T002345;AM.R3B66.noise.20250609T072549;AM.R3B66.noise.20250604T203205,ordered_three_chunk_concat_v1,3500;3500;3500,3500;3500;2000,0;3500;7000,3500;7000;9000
100,AM,R3B66,00,EH?,2026-05-04T15:25:58.713000Z,2026-05-04T15:26:33.713000Z,event_template,-5.0,44.35,100.0,preprocessing_v1_0_6,controlled-v1-case-0100,RASPISHAKE,https://data.raspberryshake.org/fdsnws/dataselect/1/query,AM.R3B66.event.20260504T152558,AM;AM;AM,R3B66;R3B66;R3B66,00;00;00,EH?;EH?;EH?,2025-06-02T21:51:33.638000Z;2025-06-01T00:58:48.848000Z;2025-06-01T00:23:41.208000Z,2025-06-02T21:54:40.968000Z;2025-06-01T01:01:54.688000Z;2025-06-01T00:26:47.388000Z,RASPISHAKE;RASPISHAKE;RASPISHAKE,https://data.raspberryshake.org/fdsnws/dataselect/1/query;https://data.raspberryshake.org/fdsnws/dataselect/1/query;https://data.raspberryshake.org/fdsnws/dataselect/1/query,AM.R3B66.noise.20250602T215137;AM.R3B66.noise.20250601T005852;AM.R3B66.noise.20250601T002345,ordered_three_chunk_concat_v1,3500;3500;3500,3500;3500;2000,0;3500;7000,3500;7000;9000
101,AM,R3B66,00,EH?,2026-05-04T15:25:58.713000Z,2026-05-04T15:26:33.713000Z,event_template,0.0,44.35,100.0,preprocessing_v1_0_6,controlled-v1-case-0101,RASPISHAKE,https://data.raspberryshake.org/fdsnws/dataselect/1/query,AM.R3B66.event.20260504T152558,AM;AM;AM,R3B66;R3B66;R3B66,00;00;00,EH?;EH?;EH?,2025-06-02T21:51:33.638000Z;2025-06-01T00:58:48.848000Z;2025-06-01T00:23:41.208000Z,2025-06-02T21:54:40.968000Z;2025-06-01T01:01:54.688000Z;2025-06-01T00:26:47.388000Z,RASPISHAKE;RASPISHAKE;RASPISHAKE,https://data.raspberryshake.org/fdsnws/dataselect/1/query;https://data.raspberryshake.org/fdsnws/dataselect/1/query;https://data.raspberryshake.org/fdsnws/dataselect/1/query,AM.R3B66.noise.20250602T215137;AM.R3B66.noise.20250601T005852;AM.R3B66.noise.20250601T002345,ordered_three_chunk_concat_v1,3500;3500;3500,3500;3500;2000,0;3500;7000,3500;7000;9000
102,AM,R3B66,00,EH?,2026-05-04T15:25:58.713000Z,2026-05-04T15:26:33.713000Z,event_template,5.0,44.35,100.0,preprocessing_v1_0_6,controlled-v1-case-0102,RASPISHAKE,https://data.raspberryshake.org/fdsnws/dataselect/1/query,AM.R3B66.event.20260504T152558,AM;AM;AM,R3B66;R3B66;R3B66,00;00;00,EH?;EH?;EH?,2025-06-02T21:51:33.638000Z;2025-06-01T00:58:48.848000Z;2025-06-01T00:23:41.208000Z,2025-06-02T21:54:40.968000Z;2025-06-01T01:01:54.688000Z;2025-06-01T00:26:47.388000Z,RASPISHAKE;RASPISHAKE;RASPISHAKE,https://data.raspberryshake.org/fdsnws/dataselect/1/query;https://data.raspberryshake.org/fdsnws/dataselect/1/query;https://data.raspberryshake.org/fdsnws/dataselect/1/query,AM.R3B66.noise.20250602T215137;AM.R3B66.noise.20250601T005852;AM.R3B66.noise.20250601T002345,ordered_three_chunk_concat_v1,3500;3500;3500,3500;3500;2000,0;3500;7000,3500;7000;9000
103,AM,R3B66,00,EH?,2026-05-09T04:53:14.223000Z,2026-05-09T04:53:49.223000Z,event_template,-5.0,28.65,100.0,preprocessing_v1_0_6,controlled-v1-case-0103,RASPISHAKE,https://data.raspberryshake.org/fdsnws/dataselect/1/query,AM.R3B66.event.20260509T045314,AM;AM;AM,R3B66;R3B66;R3B66,00;00;00,EH?;EH?;EH?,2025-06-04T00:48:12.918000Z;2025-06-06T15:29:58.788000Z;2025-06-04T20:32:02.408000Z,2025-06-04T00:51:18.048000Z;2025-06-06T15:33:02.738000Z;2025-06-04T20:35:07.558000Z,RASPISHAKE;RASPISHAKE;RASPISHAKE,https://data.raspberryshake.org/fdsnws/dataselect/1/query;https://data.raspberryshake.org/fdsnws/dataselect/1/query;https://data.raspberryshake.org/fdsnws/dataselect/1/query,AM.R3B66.noise.20250604T004815;AM.R3B66.noise.20250606T153000;AM.R3B66.noise.20250604T203205,ordered_three_chunk_concat_v1,3500;3500;3500,3500;3500;2000,0;3500;7000,3500;7000;9000
104,AM,R3B66,00,EH?,2026-05-09T04:53:14.223000Z,2026-05-09T04:53:49.223000Z,event_template,0.0,28.65,100.0,preprocessing_v1_0_6,controlled-v1-case-0104,RASPISHAKE,https://data.raspberryshake.org/fdsnws/dataselect/1/query,AM.R3B66.event.20260509T045314,AM;AM;AM,R3B66;R3B66;R3B66,00;00;00,EH?;EH?;EH?,2025-06-04T00:48:12.918000Z;2025-06-06T15:29:58.788000Z;2025-06-04T20:32:02.408000Z,2025-06-04T00:51:18.048000Z;2025-06-06T15:33:02.738000Z;2025-06-04T20:35:07.558000Z,RASPISHAKE;RASPISHAKE;RASPISHAKE,https://data.raspberryshake.org/fdsnws/dataselect/1/query;https://data.raspberryshake.org/fdsnws/dataselect/1/query;https://data.raspberryshake.org/fdsnws/dataselect/1/query,AM.R3B66.noise.20250604T004815;AM.R3B66.noise.20250606T153000;AM.R3B66.noise.20250604T203205,ordered_three_chunk_concat_v1,3500;3500;3500,3500;3500;2000,0;3500;7000,3500;7000;9000
105,AM,R3B66,00,EH?,2026-05-09T04:53:14.223000Z,2026-05-09T04:53:49.223000Z,event_template,5.0,28.65,100.0,preprocessing_v1_0_6,controlled-v1-case-0105,RASPISHAKE,https://data.raspberryshake.org/fdsnws/dataselect/1/query,AM.R3B66.event.20260509T045314,AM;AM;AM,R3B66;R3B66;R3B66,00;00;00,EH?;EH?;EH?,2025-06-04T00:48:12.918000Z;2025-06-06T15:29:58.788000Z;2025-06-04T20:32:02.408000Z,2025-06-04T00:51:18.048000Z;2025-06-06T15:33:02.738000Z;2025-06-04T20:35:07.558000Z,RASPISHAKE;RASPISHAKE;RASPISHAKE,https://data.raspberryshake.org/fdsnws/dataselect/1/query;https://data.raspberryshake.org/fdsnws/dataselect/1/query;https://data.raspberryshake.org/fdsnws/dataselect/1/query,AM.R3B66.noise.20250604T004815;AM.R3B66.noise.20250606T153000;AM.R3B66.noise.20250604T203205,ordered_three_chunk_concat_v1,3500;3500;3500,3500;3500;2000,0;3500;7000,3500;7000;9000
106,AM,R3B66,00,EH?,2026-05-15T11:35:02.883000Z,2026-05-15T11:35:37.883000Z,event_template,-5.0,21.58,100.0,preprocessing_v1_0_6,controlled-v1-case-0106,RASPISHAKE,https://data.raspberryshake.org/fdsnws/dataselect/1/query,AM.R3B66.event.20260515T113502,AM;AM;AM,R3B66;R3B66;R3B66,00;00;00,EH?;EH?;EH?,2025-06-02T14:31:42.038000Z;2025-06-10T11:38:05.218000Z;2025-06-07T23:29:25.228000Z,2025-06-02T14:34:46.398000Z;2025-06-10T11:41:11.978000Z;2025-06-07T23:32:29.868000Z,RASPISHAKE;RASPISHAKE;RASPISHAKE,https://data.raspberryshake.org/fdsnws/dataselect/1/query;https://data.raspberryshake.org/fdsnws/dataselect/1/query;https://data.raspberryshake.org/fdsnws/dataselect/1/query,AM.R3B66.noise.20250602T143144;AM.R3B66.noise.20250610T113808;AM.R3B66.noise.20250607T232927,ordered_three_chunk_concat_v1,3500;3500;3500,3500;3500;2000,0;3500;7000,3500;7000;9000
107,AM,R3B66,00,EH?,2026-05-15T11:35:02.883000Z,2026-05-15T11:35:37.883000Z,event_template,0.0,21.58,100.0,preprocessing_v1_0_6,controlled-v1-case-0107,RASPISHAKE,https://data.raspberryshake.org/fdsnws/dataselect/1/query,AM.R3B66.event.20260515T113502,AM;AM;AM,R3B66;R3B66;R3B66,00;00;00,EH?;EH?;EH?,2025-06-02T14:31:42.038000Z;2025-06-10T11:38:05.218000Z;2025-06-07T23:29:25.228000Z,2025-06-02T14:34:46.398000Z;2025-06-10T11:41:11.978000Z;2025-06-07T23:32:29.868000Z,RASPISHAKE;RASPISHAKE;RASPISHAKE,https://data.raspberryshake.org/fdsnws/dataselect/1/query;https://data.raspberryshake.org/fdsnws/dataselect/1/query;https://data.raspberryshake.org/fdsnws/dataselect/1/query,AM.R3B66.noise.20250602T143144;AM.R3B66.noise.20250610T113808;AM.R3B66.noise.20250607T232927,ordered_three_chunk_concat_v1,3500;3500;3500,3500;3500;2000,0;3500;7000,3500;7000;9000
108,AM,R3B66,00,EH?,2026-05-15T11:35:02.883000Z,2026-05-15T11:35:37.883000Z,event_template,5.0,21.58,100.0,preprocessing_v1_0_6,controlled-v1-case-0108,RASPISHAKE,https://data.raspberryshake.org/fdsnws/dataselect/1/query,AM.R3B66.event.20260515T113502,AM;AM;AM,R3B66;R3B66;R3B66,00;00;00,EH?;EH?;EH?,2025-06-02T14:31:42.038000Z;2025-06-10T11:38:05.218000Z;2025-06-07T23:29:25.228000Z,2025-06-02T14:34:46.398000Z;2025-06-10T11:41:11.978000Z;2025-06-07T23:32:29.868000Z,RASPISHAKE;RASPISHAKE;RASPISHAKE,https://data.raspberryshake.org/fdsnws/dataselect/1/query;https://data.raspberryshake.org/fdsnws/dataselect/1/query;https://data.raspberryshake.org/fdsnws/dataselect/1/query,AM.R3B66.noise.20250602T143144;AM.R3B66.noise.20250610T113808;AM.R3B66.noise.20250607T232927,ordered_three_chunk_concat_v1,3500;3500;3500,3500;3500;2000,0;3500;7000,3500;7000;9000
109,AM,R3B66,00,EH?,2026-05-16T14:55:24.143000Z,2026-05-16T14:55:59.143000Z,event_template,-5.0,26.13,100.0,preprocessing_v1_0_6,controlled-v1-case-0109,RASPISHAKE,https://data.raspberryshake.org/fdsnws/dataselect/1/query,AM.R3B66.event.20260516T145524,AM;AM;AM,R3B66;R3B66;R3B66,00;00;00,EH?;EH?;EH?,2025-06-04T20:32:02.408000Z;2025-06-06T00:40:40.678000Z;2025-06-08T16:25:03.638000Z,2025-06-04T20:35:07.558000Z;2025-06-06T00:43:44.098000Z;2025-06-08T16:28:09.558000Z,RASPISHAKE;RASPISHAKE;RASPISHAKE,https://data.raspberryshake.org/fdsnws/dataselect/1/query;https://data.raspberryshake.org/fdsnws/dataselect/1/query;https://data.raspberryshake.org/fdsnws/dataselect/1/query,AM.R3B66.noise.20250604T203205;AM.R3B66.noise.20250606T004041;AM.R3B66.noise.20250608T162507,ordered_three_chunk_concat_v1,3500;3500;3500,3500;3500;2000,0;3500;7000,3500;7000;9000
110,AM,R3B66,00,EH?,2026-05-16T14:55:24.143000Z,2026-05-16T14:55:59.143000Z,event_template,0.0,26.13,100.0,preprocessing_v1_0_6,controlled-v1-case-0110,RASPISHAKE,https://data.raspberryshake.org/fdsnws/dataselect/1/query,AM.R3B66.event.20260516T145524,AM;AM;AM,R3B66;R3B66;R3B66,00;00;00,EH?;EH?;EH?,2025-06-04T20:32:02.408000Z;2025-06-06T00:40:40.678000Z;2025-06-08T16:25:03.638000Z,2025-06-04T20:35:07.558000Z;2025-06-06T00:43:44.098000Z;2025-06-08T16:28:09.558000Z,RASPISHAKE;RASPISHAKE;RASPISHAKE,https://data.raspberryshake.org/fdsnws/dataselect/1/query;https://data.raspberryshake.org/fdsnws/dataselect/1/query;https://data.raspberryshake.org/fdsnws/dataselect/1/query,AM.R3B66.noise.20250604T203205;AM.R3B66.noise.20250606T004041;AM.R3B66.noise.20250608T162507,ordered_three_chunk_concat_v1,3500;3500;3500,3500;3500;2000,0;3500;7000,3500;7000;9000
111,AM,R3B66,00,EH?,2026-05-16T14:55:24.143000Z,2026-05-16T14:55:59.143000Z,event_template,5.0,26.13,100.0,preprocessing_v1_0_6,controlled-v1-case-0111,RASPISHAKE,https://data.raspberryshake.org/fdsnws/dataselect/1/query,AM.R3B66.event.20260516T145524,AM;AM;AM,R3B66;R3B66;R3B66,00;00;00,EH?;EH?;EH?,2025-06-04T20:32:02.408000Z;2025-06-06T00:40:40.678000Z;2025-06-08T16:25:03.638000Z,2025-06-04T20:35:07.558000Z;2025-06-06T00:43:44.098000Z;2025-06-08T16:28:09.558000Z,RASPISHAKE;RASPISHAKE;RASPISHAKE,https://data.raspberryshake.org/fdsnws/dataselect/1/query;https://data.raspberryshake.org/fdsnws/dataselect/1/query;https://data.raspberryshake.org/fdsnws/dataselect/1/query,AM.R3B66.noise.20250604T203205;AM.R3B66.noise.20250606T004041;AM.R3B66.noise.20250608T162507,ordered_three_chunk_concat_v1,3500;3500;3500,3500;3500;2000,0;3500;7000,3500;7000;9000
112,AM,R3B66,00,EH?,2026-05-25T22:02:34.513000Z,2026-05-25T22:03:09.513000Z,event_template,-5.0,45.69,100.0,preprocessing_v1_0_6,controlled-v1-case-0112,RASPISHAKE,https://data.raspberryshake.org/fdsnws/dataselect/1/query,AM.R3B66.event.20260525T220234,AM;AM;AM,R3B66;R3B66;R3B66,00;00;00,EH?;EH?;EH?,2025-06-04T20:32:02.408000Z;2025-06-10T22:22:11.208000Z;2025-06-03T19:32:19.038000Z,2025-06-04T20:35:07.558000Z;2025-06-10T22:25:16.908000Z;2025-06-03T19:35:25.958000Z,RASPISHAKE;RASPISHAKE;RASPISHAKE,https://data.raspberryshake.org/fdsnws/dataselect/1/query;https://data.raspberryshake.org/fdsnws/dataselect/1/query;https://data.raspberryshake.org/fdsnws/dataselect/1/query,AM.R3B66.noise.20250604T203205;AM.R3B66.noise.20250610T222213;AM.R3B66.noise.20250603T193222,ordered_three_chunk_concat_v1,3500;3500;3500,3500;3500;2000,0;3500;7000,3500;7000;9000
113,AM,R3B66,00,EH?,2026-05-25T22:02:34.513000Z,2026-05-25T22:03:09.513000Z,event_template,0.0,45.69,100.0,preprocessing_v1_0_6,controlled-v1-case-0113,RASPISHAKE,https://data.raspberryshake.org/fdsnws/dataselect/1/query,AM.R3B66.event.20260525T220234,AM;AM;AM,R3B66;R3B66;R3B66,00;00;00,EH?;EH?;EH?,2025-06-04T20:32:02.408000Z;2025-06-10T22:22:11.208000Z;2025-06-03T19:32:19.038000Z,2025-06-04T20:35:07.558000Z;2025-06-10T22:25:16.908000Z;2025-06-03T19:35:25.958000Z,RASPISHAKE;RASPISHAKE;RASPISHAKE,https://data.raspberryshake.org/fdsnws/dataselect/1/query;https://data.raspberryshake.org/fdsnws/dataselect/1/query;https://data.raspberryshake.org/fdsnws/dataselect/1/query,AM.R3B66.noise.20250604T203205;AM.R3B66.noise.20250610T222213;AM.R3B66.noise.20250603T193222,ordered_three_chunk_concat_v1,3500;3500;3500,3500;3500;2000,0;3500;7000,3500;7000;9000
114,AM,R3B66,00,EH?,2026-05-25T22:02:34.513000Z,2026-05-25T22:03:09.513000Z,event_template,5.0,45.69,100.0,preprocessing_v1_0_6,controlled-v1-case-0114,RASPISHAKE,https://data.raspberryshake.org/fdsnws/dataselect/1/query,AM.R3B66.event.20260525T220234,AM;AM;AM,R3B66;R3B66;R3B66,00;00;00,EH?;EH?;EH?,2025-06-04T20:32:02.408000Z;2025-06-10T22:22:11.208000Z;2025-06-03T19:32:19.038000Z,2025-06-04T20:35:07.558000Z;2025-06-10T22:25:16.908000Z;2025-06-03T19:35:25.958000Z,RASPISHAKE;RASPISHAKE;RASPISHAKE,https://data.raspberryshake.org/fdsnws/dataselect/1/query;https://data.raspberryshake.org/fdsnws/dataselect/1/query;https://data.raspberryshake.org/fdsnws/dataselect/1/query,AM.R3B66.noise.20250604T203205;AM.R3B66.noise.20250610T222213;AM.R3B66.noise.20250603T193222,ordered_three_chunk_concat_v1,3500;3500;3500,3500;3500;2000,0;3500;7000,3500;7000;9000
115,AM,R3B66,00,EH?,2026-05-30T21:33:37.883000Z,2026-05-30T21:34:12.883000Z,event_template,-5.0,34.01,100.0,preprocessing_v1_0_6,controlled-v1-case-0115,RASPISHAKE,https://data.raspberryshake.org/fdsnws/dataselect/1/query,AM.R3B66.event.20260530T213337,AM;AM;AM,R3B66;R3B66;R3B66,00;00;00,EH?;EH?;EH?,2025-06-04T20:32:02.408000Z;2025-06-06T00:40:40.678000Z;2025-06-03T00:03:52.838000Z,2025-06-04T20:35:07.558000Z;2025-06-06T00:43:44.098000Z;2025-06-03T00:06:59.988000Z,RASPISHAKE;RASPISHAKE;RASPISHAKE,https://data.raspberryshake.org/fdsnws/dataselect/1/query;https://data.raspberryshake.org/fdsnws/dataselect/1/query;https://data.raspberryshake.org/fdsnws/dataselect/1/query,AM.R3B66.noise.20250604T203205;AM.R3B66.noise.20250606T004041;AM.R3B66.noise.20250603T000356,ordered_three_chunk_concat_v1,3500;3500;3500,3500;3500;2000,0;3500;7000,3500;7000;9000
116,AM,R3B66,00,EH?,2026-05-30T21:33:37.883000Z,2026-05-30T21:34:12.883000Z,event_template,0.0,34.01,100.0,preprocessing_v1_0_6,controlled-v1-case-0116,RASPISHAKE,https://data.raspberryshake.org/fdsnws/dataselect/1/query,AM.R3B66.event.20260530T213337,AM;AM;AM,R3B66;R3B66;R3B66,00;00;00,EH?;EH?;EH?,2025-06-04T20:32:02.408000Z;2025-06-06T00:40:40.678000Z;2025-06-03T00:03:52.838000Z,2025-06-04T20:35:07.558000Z;2025-06-06T00:43:44.098000Z;2025-06-03T00:06:59.988000Z,RASPISHAKE;RASPISHAKE;RASPISHAKE,https://data.raspberryshake.org/fdsnws/dataselect/1/query;https://data.raspberryshake.org/fdsnws/dataselect/1/query;https://data.raspberryshake.org/fdsnws/dataselect/1/query,AM.R3B66.noise.20250604T203205;AM.R3B66.noise.20250606T004041;AM.R3B66.noise.20250603T000356,ordered_three_chunk_concat_v1,3500;3500;3500,3500;3500;2000,0;3500;7000,3500;7000;9000
117,AM,R3B66,00,EH?,2026-05-30T21:33:37.883000Z,2026-05-30T21:34:12.883000Z,event_template,5.0,34.01,100.0,preprocessing_v1_0_6,controlled-v1-case-0117,RASPISHAKE,https://data.raspberryshake.org/fdsnws/dataselect/1/query,AM.R3B66.event.20260530T213337,AM;AM;AM,R3B66;R3B66;R3B66,00;00;00,EH?;EH?;EH?,2025-06-04T20:32:02.408000Z;2025-06-06T00:40:40.678000Z;2025-06-03T00:03:52.838000Z,2025-06-04T20:35:07.558000Z;2025-06-06T00:43:44.098000Z;2025-06-03T00:06:59.988000Z,RASPISHAKE;RASPISHAKE;RASPISHAKE,https://data.raspberryshake.org/fdsnws/dataselect/1/query;https://data.raspberryshake.org/fdsnws/dataselect/1/query;https://data.raspberryshake.org/fdsnws/dataselect/1/query,AM.R3B66.noise.20250604T203205;AM.R3B66.noise.20250606T004041;AM.R3B66.noise.20250603T000356,ordered_three_chunk_concat_v1,3500;3500;3500,3500;3500;2000,0;3500;7000,3500;7000;9000
118,AM,R3B66,00,EH?,2026-05-31T21:45:45.963000Z,2026-05-31T21:46:20.963000Z,event_template,-5.0,52.4,100.0,preprocessing_v1_0_6,controlled-v1-case-0118,RASPISHAKE,https://data.raspberryshake.org/fdsnws/dataselect/1/query,AM.R3B66.event.20260531T214545,AM;AM;AM,R3B66;R3B66;R3B66,00;00;00,EH?;EH?;EH?,2025-06-06T15:29:58.788000Z;2025-06-08T15:34:40.868000Z;2025-06-08T16:25:03.638000Z,2025-06-06T15:33:02.738000Z;2025-06-08T15:37:45.438000Z;2025-06-08T16:28:09.558000Z,RASPISHAKE;RASPISHAKE;RASPISHAKE,https://data.raspberryshake.org/fdsnws/dataselect/1/query;https://data.raspberryshake.org/fdsnws/dataselect/1/query;https://data.raspberryshake.org/fdsnws/dataselect/1/query,AM.R3B66.noise.20250606T153000;AM.R3B66.noise.20250608T153442;AM.R3B66.noise.20250608T162507,ordered_three_chunk_concat_v1,3500;3500;3500,3500;3500;2000,0;3500;7000,3500;7000;9000
119,AM,R3B66,00,EH?,2026-05-31T21:45:45.963000Z,2026-05-31T21:46:20.963000Z,event_template,0.0,52.4,100.0,preprocessing_v1_0_6,controlled-v1-case-0119,RASPISHAKE,https://data.raspberryshake.org/fdsnws/dataselect/1/query,AM.R3B66.event.20260531T214545,AM;AM;AM,R3B66;R3B66;R3B66,00;00;00,EH?;EH?;EH?,2025-06-06T15:29:58.788000Z;2025-06-08T15:34:40.868000Z;2025-06-08T16:25:03.638000Z,2025-06-06T15:33:02.738000Z;2025-06-08T15:37:45.438000Z;2025-06-08T16:28:09.558000Z,RASPISHAKE;RASPISHAKE;RASPISHAKE,https://data.raspberryshake.org/fdsnws/dataselect/1/query;https://data.raspberryshake.org/fdsnws/dataselect/1/query;https://data.raspberryshake.org/fdsnws/dataselect/1/query,AM.R3B66.noise.20250606T153000;AM.R3B66.noise.20250608T153442;AM.R3B66.noise.20250608T162507,ordered_three_chunk_concat_v1,3500;3500;3500,3500;3500;2000,0;3500;7000,3500;7000;9000
120,AM,R3B66,00,EH?,2026-05-31T21:45:45.963000Z,2026-05-31T21:46:20.963000Z,event_template,5.0,52.4,100.0,preprocessing_v1_0_6,controlled-v1-case-0120,RASPISHAKE,https://data.raspberryshake.org/fdsnws/dataselect/1/query,AM.R3B66.event.20260531T214545,AM;AM;AM,R3B66;R3B66;R3B66,00;00;00,EH?;EH?;EH?,2025-06-06T15:29:58.788000Z;2025-06-08T15:34:40.868000Z;2025-06-08T16:25:03.638000Z,2025-06-06T15:33:02.738000Z;2025-06-08T15:37:45.438000Z;2025-06-08T16:28:09.558000Z,RASPISHAKE;RASPISHAKE;RASPISHAKE,https://data.raspberryshake.org/fdsnws/dataselect/1/query;https://data.raspberryshake.org/fdsnws/dataselect/1/query;https://data.raspberryshake.org/fdsnws/dataselect/1/query,AM.R3B66.noise.20250606T153000;AM.R3B66.noise.20250608T153442;AM.R3B66.noise.20250608T162507,ordered_three_chunk_concat_v1,3500;3500;3500,3500;3500;2000,0;3500;7000,3500;7000;9000
121,AM,R4DE2,00,EH?,2026-03-20T00:22:20.969000Z,2026-03-20T00:22:55.969000Z,event_template,-5.0,47.53,100.0,preprocessing_v1_0_6,controlled-v1-case-0121,RASPISHAKE,https://data.raspberryshake.org/fdsnws/dataselect/1/query,AM.R4DE2.event.20260320T002220,AM;AM;AM,R4DE2;R4DE2;R4DE2,00;00;00,EH?;EH?;EH?,2025-06-02T17:28:14.846000Z;2025-06-03T00:03:54.286000Z;2025-06-09T12:34:53.586000Z,2025-06-02T17:31:20.656000Z;2025-06-03T00:06:59.426000Z;2025-06-09T12:37:59.496000Z,RASPISHAKE;RASPISHAKE;RASPISHAKE,https://data.raspberryshake.org/fdsnws/dataselect/1/query;https://data.raspberryshake.org/fdsnws/dataselect/1/query;https://data.raspberryshake.org/fdsnws/dataselect/1/query,AM.R4DE2.noise.20250602T172817;AM.R4DE2.noise.20250603T000356;AM.R4DE2.noise.20250609T123456,ordered_three_chunk_concat_v1,3500;3500;3500,3500;3500;2000,0;3500;7000,3500;7000;9000
122,AM,R4DE2,00,EH?,2026-03-20T00:22:20.969000Z,2026-03-20T00:22:55.969000Z,event_template,0.0,47.53,100.0,preprocessing_v1_0_6,controlled-v1-case-0122,RASPISHAKE,https://data.raspberryshake.org/fdsnws/dataselect/1/query,AM.R4DE2.event.20260320T002220,AM;AM;AM,R4DE2;R4DE2;R4DE2,00;00;00,EH?;EH?;EH?,2025-06-02T17:28:14.846000Z;2025-06-03T00:03:54.286000Z;2025-06-09T12:34:53.586000Z,2025-06-02T17:31:20.656000Z;2025-06-03T00:06:59.426000Z;2025-06-09T12:37:59.496000Z,RASPISHAKE;RASPISHAKE;RASPISHAKE,https://data.raspberryshake.org/fdsnws/dataselect/1/query;https://data.raspberryshake.org/fdsnws/dataselect/1/query;https://data.raspberryshake.org/fdsnws/dataselect/1/query,AM.R4DE2.noise.20250602T172817;AM.R4DE2.noise.20250603T000356;AM.R4DE2.noise.20250609T123456,ordered_three_chunk_concat_v1,3500;3500;3500,3500;3500;2000,0;3500;7000,3500;7000;9000
123,AM,R4DE2,00,EH?,2026-03-20T00:22:20.969000Z,2026-03-20T00:22:55.969000Z,event_template,5.0,47.53,100.0,preprocessing_v1_0_6,controlled-v1-case-0123,RASPISHAKE,https://data.raspberryshake.org/fdsnws/dataselect/1/query,AM.R4DE2.event.20260320T002220,AM;AM;AM,R4DE2;R4DE2;R4DE2,00;00;00,EH?;EH?;EH?,2025-06-02T17:28:14.846000Z;2025-06-03T00:03:54.286000Z;2025-06-09T12:34:53.586000Z,2025-06-02T17:31:20.656000Z;2025-06-03T00:06:59.426000Z;2025-06-09T12:37:59.496000Z,RASPISHAKE;RASPISHAKE;RASPISHAKE,https://data.raspberryshake.org/fdsnws/dataselect/1/query;https://data.raspberryshake.org/fdsnws/dataselect/1/query;https://data.raspberryshake.org/fdsnws/dataselect/1/query,AM.R4DE2.noise.20250602T172817;AM.R4DE2.noise.20250603T000356;AM.R4DE2.noise.20250609T123456,ordered_three_chunk_concat_v1,3500;3500;3500,3500;3500;2000,0;3500;7000,3500;7000;9000
124,AM,R4DE2,00,EH?,2026-03-20T00:51:05.419000Z,2026-03-20T00:51:40.419000Z,event_template,-5.0,34.0,100.0,preprocessing_v1_0_6,controlled-v1-case-0124,RASPISHAKE,https://data.raspberryshake.org/fdsnws/dataselect/1/query,AM.R4DE2.event.20260320T005105,AM;AM;AM,R4DE2;R4DE2;R4DE2,00;00;00,EH?;EH?;EH?,2025-06-01T15:15:15.136000Z;2025-06-07T09:11:18.476000Z;2025-06-04T20:32:02.626000Z,2025-06-01T15:18:22.796000Z;2025-06-07T09:14:24.556000Z;2025-06-04T20:35:08.296000Z,RASPISHAKE;RASPISHAKE;RASPISHAKE,https://data.raspberryshake.org/fdsnws/dataselect/1/query;https://data.raspberryshake.org/fdsnws/dataselect/1/query;https://data.raspberryshake.org/fdsnws/dataselect/1/query,AM.R4DE2.noise.20250601T151518;AM.R4DE2.noise.20250607T091120;AM.R4DE2.noise.20250604T203205,ordered_three_chunk_concat_v1,3500;3500;3500,3500;3500;2000,0;3500;7000,3500;7000;9000
125,AM,R4DE2,00,EH?,2026-03-20T00:51:05.419000Z,2026-03-20T00:51:40.419000Z,event_template,0.0,34.0,100.0,preprocessing_v1_0_6,controlled-v1-case-0125,RASPISHAKE,https://data.raspberryshake.org/fdsnws/dataselect/1/query,AM.R4DE2.event.20260320T005105,AM;AM;AM,R4DE2;R4DE2;R4DE2,00;00;00,EH?;EH?;EH?,2025-06-01T15:15:15.136000Z;2025-06-07T09:11:18.476000Z;2025-06-04T20:32:02.626000Z,2025-06-01T15:18:22.796000Z;2025-06-07T09:14:24.556000Z;2025-06-04T20:35:08.296000Z,RASPISHAKE;RASPISHAKE;RASPISHAKE,https://data.raspberryshake.org/fdsnws/dataselect/1/query;https://data.raspberryshake.org/fdsnws/dataselect/1/query;https://data.raspberryshake.org/fdsnws/dataselect/1/query,AM.R4DE2.noise.20250601T151518;AM.R4DE2.noise.20250607T091120;AM.R4DE2.noise.20250604T203205,ordered_three_chunk_concat_v1,3500;3500;3500,3500;3500;2000,0;3500;7000,3500;7000;9000
126,AM,R4DE2,00,EH?,2026-03-20T00:51:05.419000Z,2026-03-20T00:51:40.419000Z,event_template,5.0,34.0,100.0,preprocessing_v1_0_6,controlled-v1-case-0126,RASPISHAKE,https://data.raspberryshake.org/fdsnws/dataselect/1/query,AM.R4DE2.event.20260320T005105,AM;AM;AM,R4DE2;R4DE2;R4DE2,00;00;00,EH?;EH?;EH?,2025-06-01T15:15:15.136000Z;2025-06-07T09:11:18.476000Z;2025-06-04T20:32:02.626000Z,2025-06-01T15:18:22.796000Z;2025-06-07T09:14:24.556000Z;2025-06-04T20:35:08.296000Z,RASPISHAKE;RASPISHAKE;RASPISHAKE,https://data.raspberryshake.org/fdsnws/dataselect/1/query;https://data.raspberryshake.org/fdsnws/dataselect/1/query;https://data.raspberryshake.org/fdsnws/dataselect/1/query,AM.R4DE2.noise.20250601T151518;AM.R4DE2.noise.20250607T091120;AM.R4DE2.noise.20250604T203205,ordered_three_chunk_concat_v1,3500;3500;3500,3500;3500;2000,0;3500;7000,3500;7000;9000
127,AM,R4DE2,00,EH?,2026-03-20T01:16:12.899000Z,2026-03-20T01:16:47.899000Z,event_template,-5.0,59.97,100.0,preprocessing_v1_0_6,controlled-v1-case-0127,RASPISHAKE,https://data.raspberryshake.org/fdsnws/dataselect/1/query,AM.R4DE2.event.20260320T011612,AM;AM;AM,R4DE2;R4DE2;R4DE2,00;00;00,EH?;EH?;EH?,2025-06-02T17:28:14.846000Z;2025-06-09T12:34:53.586000Z;2025-06-03T19:32:21.676000Z,2025-06-02T17:31:20.656000Z;2025-06-09T12:37:59.496000Z;2025-06-03T19:35:25.016000Z,RASPISHAKE;RASPISHAKE;RASPISHAKE,https://data.raspberryshake.org/fdsnws/dataselect/1/query;https://data.raspberryshake.org/fdsnws/dataselect/1/query;https://data.raspberryshake.org/fdsnws/dataselect/1/query,AM.R4DE2.noise.20250602T172817;AM.R4DE2.noise.20250609T123456;AM.R4DE2.noise.20250603T193222,ordered_three_chunk_concat_v1,3500;3500;3500,3500;3500;2000,0;3500;7000,3500;7000;9000
128,AM,R4DE2,00,EH?,2026-03-20T01:16:12.899000Z,2026-03-20T01:16:47.899000Z,event_template,0.0,59.97,100.0,preprocessing_v1_0_6,controlled-v1-case-0128,RASPISHAKE,https://data.raspberryshake.org/fdsnws/dataselect/1/query,AM.R4DE2.event.20260320T011612,AM;AM;AM,R4DE2;R4DE2;R4DE2,00;00;00,EH?;EH?;EH?,2025-06-02T17:28:14.846000Z;2025-06-09T12:34:53.586000Z;2025-06-03T19:32:21.676000Z,2025-06-02T17:31:20.656000Z;2025-06-09T12:37:59.496000Z;2025-06-03T19:35:25.016000Z,RASPISHAKE;RASPISHAKE;RASPISHAKE,https://data.raspberryshake.org/fdsnws/dataselect/1/query;https://data.raspberryshake.org/fdsnws/dataselect/1/query;https://data.raspberryshake.org/fdsnws/dataselect/1/query,AM.R4DE2.noise.20250602T172817;AM.R4DE2.noise.20250609T123456;AM.R4DE2.noise.20250603T193222,ordered_three_chunk_concat_v1,3500;3500;3500,3500;3500;2000,0;3500;7000,3500;7000;9000
129,AM,R4DE2,00,EH?,2026-03-20T01:16:12.899000Z,2026-03-20T01:16:47.899000Z,event_template,5.0,59.97,100.0,preprocessing_v1_0_6,controlled-v1-case-0129,RASPISHAKE,https://data.raspberryshake.org/fdsnws/dataselect/1/query,AM.R4DE2.event.20260320T011612,AM;AM;AM,R4DE2;R4DE2;R4DE2,00;00;00,EH?;EH?;EH?,2025-06-02T17:28:14.846000Z;2025-06-09T12:34:53.586000Z;2025-06-03T19:32:21.676000Z,2025-06-02T17:31:20.656000Z;2025-06-09T12:37:59.496000Z;2025-06-03T19:35:25.016000Z,RASPISHAKE;RASPISHAKE;RASPISHAKE,https://data.raspberryshake.org/fdsnws/dataselect/1/query;https://data.raspberryshake.org/fdsnws/dataselect/1/query;https://data.raspberryshake.org/fdsnws/dataselect/1/query,AM.R4DE2.noise.20250602T172817;AM.R4DE2.noise.20250609T123456;AM.R4DE2.noise.20250603T193222,ordered_three_chunk_concat_v1,3500;3500;3500,3500;3500;2000,0;3500;7000,3500;7000;9000
130,AM,R4DE2,00,EH?,2026-03-20T16:16:52.059000Z,2026-03-20T16:17:27.059000Z,event_template,-5.0,43.01,100.0,preprocessing_v1_0_6,controlled-v1-case-0130,RASPISHAKE,https://data.raspberryshake.org/fdsnws/dataselect/1/query,AM.R4DE2.event.20260320T161652,AM;AM;AM,R4DE2;R4DE2;R4DE2,00;00;00,EH?;EH?;EH?,2025-06-04T00:48:14.906000Z;2025-06-02T17:28:14.846000Z;2025-06-07T09:11:18.476000Z,2025-06-04T00:51:18.066000Z;2025-06-02T17:31:20.656000Z;2025-06-07T09:14:24.556000Z,RASPISHAKE;RASPISHAKE;RASPISHAKE,https://data.raspberryshake.org/fdsnws/dataselect/1/query;https://data.raspberryshake.org/fdsnws/dataselect/1/query;https://data.raspberryshake.org/fdsnws/dataselect/1/query,AM.R4DE2.noise.20250604T004815;AM.R4DE2.noise.20250602T172817;AM.R4DE2.noise.20250607T091120,ordered_three_chunk_concat_v1,3500;3500;3500,3500;3500;2000,0;3500;7000,3500;7000;9000
131,AM,R4DE2,00,EH?,2026-03-20T16:16:52.059000Z,2026-03-20T16:17:27.059000Z,event_template,0.0,43.01,100.0,preprocessing_v1_0_6,controlled-v1-case-0131,RASPISHAKE,https://data.raspberryshake.org/fdsnws/dataselect/1/query,AM.R4DE2.event.20260320T161652,AM;AM;AM,R4DE2;R4DE2;R4DE2,00;00;00,EH?;EH?;EH?,2025-06-04T00:48:14.906000Z;2025-06-02T17:28:14.846000Z;2025-06-07T09:11:18.476000Z,2025-06-04T00:51:18.066000Z;2025-06-02T17:31:20.656000Z;2025-06-07T09:14:24.556000Z,RASPISHAKE;RASPISHAKE;RASPISHAKE,https://data.raspberryshake.org/fdsnws/dataselect/1/query;https://data.raspberryshake.org/fdsnws/dataselect/1/query;https://data.raspberryshake.org/fdsnws/dataselect/1/query,AM.R4DE2.noise.20250604T004815;AM.R4DE2.noise.20250602T172817;AM.R4DE2.noise.20250607T091120,ordered_three_chunk_concat_v1,3500;3500;3500,3500;3500;2000,0;3500;7000,3500;7000;9000
132,AM,R4DE2,00,EH?,2026-03-20T16:16:52.059000Z,2026-03-20T16:17:27.059000Z,event_template,5.0,43.01,100.0,preprocessing_v1_0_6,controlled-v1-case-0132,RASPISHAKE,https://data.raspberryshake.org/fdsnws/dataselect/1/query,AM.R4DE2.event.20260320T161652,AM;AM;AM,R4DE2;R4DE2;R4DE2,00;00;00,EH?;EH?;EH?,2025-06-04T00:48:14.906000Z;2025-06-02T17:28:14.846000Z;2025-06-07T09:11:18.476000Z,2025-06-04T00:51:18.066000Z;2025-06-02T17:31:20.656000Z;2025-06-07T09:14:24.556000Z,RASPISHAKE;RASPISHAKE;RASPISHAKE,https://data.raspberryshake.org/fdsnws/dataselect/1/query;https://data.raspberryshake.org/fdsnws/dataselect/1/query;https://data.raspberryshake.org/fdsnws/dataselect/1/query,AM.R4DE2.noise.20250604T004815;AM.R4DE2.noise.20250602T172817;AM.R4DE2.noise.20250607T091120,ordered_three_chunk_concat_v1,3500;3500;3500,3500;3500;2000,0;3500;7000,3500;7000;9000
133,AM,R4DE2,00,EH?,2026-04-09T21:59:41.576000Z,2026-04-09T22:00:16.576000Z,event_template,-5.0,21.67,100.0,preprocessing_v1_0_6,controlled-v1-case-0133,RASPISHAKE,https://data.raspberryshake.org/fdsnws/dataselect/1/query,AM.R4DE2.event.20260409T215941,AM;AM;AM,R4DE2;R4DE2;R4DE2,00;00;00,EH?;EH?;EH?,2025-06-03T00:03:54.286000Z;2025-06-03T19:32:21.676000Z;2025-06-01T00:23:42.706000Z,2025-06-03T00:06:59.426000Z;2025-06-03T19:35:25.016000Z;2025-06-01T00:26:49.076000Z,RASPISHAKE;RASPISHAKE;RASPISHAKE,https://data.raspberryshake.org/fdsnws/dataselect/1/query;https://data.raspberryshake.org/fdsnws/dataselect/1/query;https://data.raspberryshake.org/fdsnws/dataselect/1/query,AM.R4DE2.noise.20250603T000356;AM.R4DE2.noise.20250603T193222;AM.R4DE2.noise.20250601T002345,ordered_three_chunk_concat_v1,3500;3500;3500,3500;3500;2000,0;3500;7000,3500;7000;9000
134,AM,R4DE2,00,EH?,2026-04-09T21:59:41.576000Z,2026-04-09T22:00:16.576000Z,event_template,0.0,21.67,100.0,preprocessing_v1_0_6,controlled-v1-case-0134,RASPISHAKE,https://data.raspberryshake.org/fdsnws/dataselect/1/query,AM.R4DE2.event.20260409T215941,AM;AM;AM,R4DE2;R4DE2;R4DE2,00;00;00,EH?;EH?;EH?,2025-06-03T00:03:54.286000Z;2025-06-03T19:32:21.676000Z;2025-06-01T00:23:42.706000Z,2025-06-03T00:06:59.426000Z;2025-06-03T19:35:25.016000Z;2025-06-01T00:26:49.076000Z,RASPISHAKE;RASPISHAKE;RASPISHAKE,https://data.raspberryshake.org/fdsnws/dataselect/1/query;https://data.raspberryshake.org/fdsnws/dataselect/1/query;https://data.raspberryshake.org/fdsnws/dataselect/1/query,AM.R4DE2.noise.20250603T000356;AM.R4DE2.noise.20250603T193222;AM.R4DE2.noise.20250601T002345,ordered_three_chunk_concat_v1,3500;3500;3500,3500;3500;2000,0;3500;7000,3500;7000;9000
135,AM,R4DE2,00,EH?,2026-04-09T21:59:41.576000Z,2026-04-09T22:00:16.576000Z,event_template,5.0,21.67,100.0,preprocessing_v1_0_6,controlled-v1-case-0135,RASPISHAKE,https://data.raspberryshake.org/fdsnws/dataselect/1/query,AM.R4DE2.event.20260409T215941,AM;AM;AM,R4DE2;R4DE2;R4DE2,00;00;00,EH?;EH?;EH?,2025-06-03T00:03:54.286000Z;2025-06-03T19:32:21.676000Z;2025-06-01T00:23:42.706000Z,2025-06-03T00:06:59.426000Z;2025-06-03T19:35:25.016000Z;2025-06-01T00:26:49.076000Z,RASPISHAKE;RASPISHAKE;RASPISHAKE,https://data.raspberryshake.org/fdsnws/dataselect/1/query;https://data.raspberryshake.org/fdsnws/dataselect/1/query;https://data.raspberryshake.org/fdsnws/dataselect/1/query,AM.R4DE2.noise.20250603T000356;AM.R4DE2.noise.20250603T193222;AM.R4DE2.noise.20250601T002345,ordered_three_chunk_concat_v1,3500;3500;3500,3500;3500;2000,0;3500;7000,3500;7000;9000
136,AM,R4DE2,00,EH?,2026-04-09T21:59:58.416000Z,2026-04-09T22:00:33.416000Z,event_template,-5.0,54.58,100.0,preprocessing_v1_0_6,controlled-v1-case-0136,RASPISHAKE,https://data.raspberryshake.org/fdsnws/dataselect/1/query,AM.R4DE2.event.20260409T215958,AM;AM;AM,R4DE2;R4DE2;R4DE2,00;00;00,EH?;EH?;EH?,2025-06-03T22:23:39.746000Z;2025-06-02T14:31:41.846000Z;2025-06-04T17:28:28.166000Z,2025-06-03T22:26:45.066000Z;2025-06-02T14:34:47.556000Z;2025-06-04T17:31:32.576000Z,RASPISHAKE;RASPISHAKE;RASPISHAKE,https://data.raspberryshake.org/fdsnws/dataselect/1/query;https://data.raspberryshake.org/fdsnws/dataselect/1/query;https://data.raspberryshake.org/fdsnws/dataselect/1/query,AM.R4DE2.noise.20250603T222341;AM.R4DE2.noise.20250602T143144;AM.R4DE2.noise.20250604T172830,ordered_three_chunk_concat_v1,3500;3500;3500,3500;3500;2000,0;3500;7000,3500;7000;9000
137,AM,R4DE2,00,EH?,2026-04-09T21:59:58.416000Z,2026-04-09T22:00:33.416000Z,event_template,0.0,54.58,100.0,preprocessing_v1_0_6,controlled-v1-case-0137,RASPISHAKE,https://data.raspberryshake.org/fdsnws/dataselect/1/query,AM.R4DE2.event.20260409T215958,AM;AM;AM,R4DE2;R4DE2;R4DE2,00;00;00,EH?;EH?;EH?,2025-06-03T22:23:39.746000Z;2025-06-02T14:31:41.846000Z;2025-06-04T17:28:28.166000Z,2025-06-03T22:26:45.066000Z;2025-06-02T14:34:47.556000Z;2025-06-04T17:31:32.576000Z,RASPISHAKE;RASPISHAKE;RASPISHAKE,https://data.raspberryshake.org/fdsnws/dataselect/1/query;https://data.raspberryshake.org/fdsnws/dataselect/1/query;https://data.raspberryshake.org/fdsnws/dataselect/1/query,AM.R4DE2.noise.20250603T222341;AM.R4DE2.noise.20250602T143144;AM.R4DE2.noise.20250604T172830,ordered_three_chunk_concat_v1,3500;3500;3500,3500;3500;2000,0;3500;7000,3500;7000;9000
138,AM,R4DE2,00,EH?,2026-04-09T21:59:58.416000Z,2026-04-09T22:00:33.416000Z,event_template,5.0,54.58,100.0,preprocessing_v1_0_6,controlled-v1-case-0138,RASPISHAKE,https://data.raspberryshake.org/fdsnws/dataselect/1/query,AM.R4DE2.event.20260409T215958,AM;AM;AM,R4DE2;R4DE2;R4DE2,00;00;00,EH?;EH?;EH?,2025-06-03T22:23:39.746000Z;2025-06-02T14:31:41.846000Z;2025-06-04T17:28:28.166000Z,2025-06-03T22:26:45.066000Z;2025-06-02T14:34:47.556000Z;2025-06-04T17:31:32.576000Z,RASPISHAKE;RASPISHAKE;RASPISHAKE,https://data.raspberryshake.org/fdsnws/dataselect/1/query;https://data.raspberryshake.org/fdsnws/dataselect/1/query;https://data.raspberryshake.org/fdsnws/dataselect/1/query,AM.R4DE2.noise.20250603T222341;AM.R4DE2.noise.20250602T143144;AM.R4DE2.noise.20250604T172830,ordered_three_chunk_concat_v1,3500;3500;3500,3500;3500;2000,0;3500;7000,3500;7000;9000
139,AM,R4DE2,00,EH?,2026-04-10T13:17:22.656000Z,2026-04-10T13:17:57.656000Z,event_template,-5.0,60.1,100.0,preprocessing_v1_0_6,controlled-v1-case-0139,RASPISHAKE,https://data.raspberryshake.org/fdsnws/dataselect/1/query,AM.R4DE2.event.20260410T131722,AM;AM;AM,R4DE2;R4DE2;R4DE2,00;00;00,EH?;EH?;EH?,2025-06-03T19:32:21.676000Z;2025-06-01T00:23:42.706000Z;2025-06-09T03:14:04.736000Z,2025-06-03T19:35:25.016000Z;2025-06-01T00:26:49.076000Z;2025-06-09T03:17:11.746000Z,RASPISHAKE;RASPISHAKE;RASPISHAKE,https://data.raspberryshake.org/fdsnws/dataselect/1/query;https://data.raspberryshake.org/fdsnws/dataselect/1/query;https://data.raspberryshake.org/fdsnws/dataselect/1/query,AM.R4DE2.noise.20250603T193222;AM.R4DE2.noise.20250601T002345;AM.R4DE2.noise.20250609T031408,ordered_three_chunk_concat_v1,3500;3500;3500,3500;3500;2000,0;3500;7000,3500;7000;9000
140,AM,R4DE2,00,EH?,2026-04-10T13:17:22.656000Z,2026-04-10T13:17:57.656000Z,event_template,0.0,60.1,100.0,preprocessing_v1_0_6,controlled-v1-case-0140,RASPISHAKE,https://data.raspberryshake.org/fdsnws/dataselect/1/query,AM.R4DE2.event.20260410T131722,AM;AM;AM,R4DE2;R4DE2;R4DE2,00;00;00,EH?;EH?;EH?,2025-06-03T19:32:21.676000Z;2025-06-01T00:23:42.706000Z;2025-06-09T03:14:04.736000Z,2025-06-03T19:35:25.016000Z;2025-06-01T00:26:49.076000Z;2025-06-09T03:17:11.746000Z,RASPISHAKE;RASPISHAKE;RASPISHAKE,https://data.raspberryshake.org/fdsnws/dataselect/1/query;https://data.raspberryshake.org/fdsnws/dataselect/1/query;https://data.raspberryshake.org/fdsnws/dataselect/1/query,AM.R4DE2.noise.20250603T193222;AM.R4DE2.noise.20250601T002345;AM.R4DE2.noise.20250609T031408,ordered_three_chunk_concat_v1,3500;3500;3500,3500;3500;2000,0;3500;7000,3500;7000;9000
141,AM,R4DE2,00,EH?,2026-04-10T13:17:22.656000Z,2026-04-10T13:17:57.656000Z,event_template,5.0,60.1,100.0,preprocessing_v1_0_6,controlled-v1-case-0141,RASPISHAKE,https://data.raspberryshake.org/fdsnws/dataselect/1/query,AM.R4DE2.event.20260410T131722,AM;AM;AM,R4DE2;R4DE2;R4DE2,00;00;00,EH?;EH?;EH?,2025-06-03T19:32:21.676000Z;2025-06-01T00:23:42.706000Z;2025-06-09T03:14:04.736000Z,2025-06-03T19:35:25.016000Z;2025-06-01T00:26:49.076000Z;2025-06-09T03:17:11.746000Z,RASPISHAKE;RASPISHAKE;RASPISHAKE,https://data.raspberryshake.org/fdsnws/dataselect/1/query;https://data.raspberryshake.org/fdsnws/dataselect/1/query;https://data.raspberryshake.org/fdsnws/dataselect/1/query,AM.R4DE2.noise.20250603T193222;AM.R4DE2.noise.20250601T002345;AM.R4DE2.noise.20250609T031408,ordered_three_chunk_concat_v1,3500;3500;3500,3500;3500;2000,0;3500;7000,3500;7000;9000
142,AM,R4DE2,00,EH?,2026-04-16T16:55:58.036000Z,2026-04-16T16:56:33.036000Z,event_template,-5.0,61.44,100.0,preprocessing_v1_0_6,controlled-v1-case-0142,RASPISHAKE,https://data.raspberryshake.org/fdsnws/dataselect/1/query,AM.R4DE2.event.20260416T165558,AM;AM;AM,R4DE2;R4DE2;R4DE2,00;00;00,EH?;EH?;EH?,2025-06-04T00:48:14.906000Z;2025-06-04T20:32:02.626000Z;2025-06-02T21:51:35.966000Z,2025-06-04T00:51:18.066000Z;2025-06-04T20:35:08.296000Z;2025-06-02T21:54:41.016000Z,RASPISHAKE;RASPISHAKE;RASPISHAKE,https://data.raspberryshake.org/fdsnws/dataselect/1/query;https://data.raspberryshake.org/fdsnws/dataselect/1/query;https://data.raspberryshake.org/fdsnws/dataselect/1/query,AM.R4DE2.noise.20250604T004815;AM.R4DE2.noise.20250604T203205;AM.R4DE2.noise.20250602T215137,ordered_three_chunk_concat_v1,3500;3500;3500,3500;3500;2000,0;3500;7000,3500;7000;9000
143,AM,R4DE2,00,EH?,2026-04-16T16:55:58.036000Z,2026-04-16T16:56:33.036000Z,event_template,0.0,61.44,100.0,preprocessing_v1_0_6,controlled-v1-case-0143,RASPISHAKE,https://data.raspberryshake.org/fdsnws/dataselect/1/query,AM.R4DE2.event.20260416T165558,AM;AM;AM,R4DE2;R4DE2;R4DE2,00;00;00,EH?;EH?;EH?,2025-06-04T00:48:14.906000Z;2025-06-04T20:32:02.626000Z;2025-06-02T21:51:35.966000Z,2025-06-04T00:51:18.066000Z;2025-06-04T20:35:08.296000Z;2025-06-02T21:54:41.016000Z,RASPISHAKE;RASPISHAKE;RASPISHAKE,https://data.raspberryshake.org/fdsnws/dataselect/1/query;https://data.raspberryshake.org/fdsnws/dataselect/1/query;https://data.raspberryshake.org/fdsnws/dataselect/1/query,AM.R4DE2.noise.20250604T004815;AM.R4DE2.noise.20250604T203205;AM.R4DE2.noise.20250602T215137,ordered_three_chunk_concat_v1,3500;3500;3500,3500;3500;2000,0;3500;7000,3500;7000;9000
144,AM,R4DE2,00,EH?,2026-04-16T16:55:58.036000Z,2026-04-16T16:56:33.036000Z,event_template,5.0,61.44,100.0,preprocessing_v1_0_6,controlled-v1-case-0144,RASPISHAKE,https://data.raspberryshake.org/fdsnws/dataselect/1/query,AM.R4DE2.event.20260416T165558,AM;AM;AM,R4DE2;R4DE2;R4DE2,00;00;00,EH?;EH?;EH?,2025-06-04T00:48:14.906000Z;2025-06-04T20:32:02.626000Z;2025-06-02T21:51:35.966000Z,2025-06-04T00:51:18.066000Z;2025-06-04T20:35:08.296000Z;2025-06-02T21:54:41.016000Z,RASPISHAKE;RASPISHAKE;RASPISHAKE,https://data.raspberryshake.org/fdsnws/dataselect/1/query;https://data.raspberryshake.org/fdsnws/dataselect/1/query;https://data.raspberryshake.org/fdsnws/dataselect/1/query,AM.R4DE2.noise.20250604T004815;AM.R4DE2.noise.20250604T203205;AM.R4DE2.noise.20250602T215137,ordered_three_chunk_concat_v1,3500;3500;3500,3500;3500;2000,0;3500;7000,3500;7000;9000
145,AM,R53B7,00,EH?,2026-05-18T04:46:39.580000Z,2026-05-18T04:47:14.580000Z,event_template,-5.0,28.26,100.0,preprocessing_v1_0_6,controlled-v1-case-0145,RASPISHAKE,https://data.raspberryshake.org/fdsnws/dataselect/1/query,AM.R53B7.event.20260518T044639,AM;AM;AM,R53B7;R53B7;R53B7,00;00;00,EH?;EH?;EH?,2025-06-07T09:11:19.639000Z;2025-06-06T00:40:40.779000Z;2025-06-02T17:28:15.179000Z,2025-06-07T09:14:22.459000Z;2025-06-06T00:43:43.479000Z;2025-06-02T17:31:19.109000Z,RASPISHAKE;RASPISHAKE;RASPISHAKE,https://data.raspberryshake.org/fdsnws/dataselect/1/query;https://data.raspberryshake.org/fdsnws/dataselect/1/query;https://data.raspberryshake.org/fdsnws/dataselect/1/query,AM.R53B7.noise.20250607T091120;AM.R53B7.noise.20250606T004041;AM.R53B7.noise.20250602T172817,ordered_three_chunk_concat_v1,3500;3500;3500,3500;3500;2000,0;3500;7000,3500;7000;9000
146,AM,R53B7,00,EH?,2026-05-18T04:46:39.580000Z,2026-05-18T04:47:14.580000Z,event_template,0.0,28.26,100.0,preprocessing_v1_0_6,controlled-v1-case-0146,RASPISHAKE,https://data.raspberryshake.org/fdsnws/dataselect/1/query,AM.R53B7.event.20260518T044639,AM;AM;AM,R53B7;R53B7;R53B7,00;00;00,EH?;EH?;EH?,2025-06-07T09:11:19.639000Z;2025-06-06T00:40:40.779000Z;2025-06-02T17:28:15.179000Z,2025-06-07T09:14:22.459000Z;2025-06-06T00:43:43.479000Z;2025-06-02T17:31:19.109000Z,RASPISHAKE;RASPISHAKE;RASPISHAKE,https://data.raspberryshake.org/fdsnws/dataselect/1/query;https://data.raspberryshake.org/fdsnws/dataselect/1/query;https://data.raspberryshake.org/fdsnws/dataselect/1/query,AM.R53B7.noise.20250607T091120;AM.R53B7.noise.20250606T004041;AM.R53B7.noise.20250602T172817,ordered_three_chunk_concat_v1,3500;3500;3500,3500;3500;2000,0;3500;7000,3500;7000;9000
147,AM,R53B7,00,EH?,2026-05-18T04:46:39.580000Z,2026-05-18T04:47:14.580000Z,event_template,5.0,28.26,100.0,preprocessing_v1_0_6,controlled-v1-case-0147,RASPISHAKE,https://data.raspberryshake.org/fdsnws/dataselect/1/query,AM.R53B7.event.20260518T044639,AM;AM;AM,R53B7;R53B7;R53B7,00;00;00,EH?;EH?;EH?,2025-06-07T09:11:19.639000Z;2025-06-06T00:40:40.779000Z;2025-06-02T17:28:15.179000Z,2025-06-07T09:14:22.459000Z;2025-06-06T00:43:43.479000Z;2025-06-02T17:31:19.109000Z,RASPISHAKE;RASPISHAKE;RASPISHAKE,https://data.raspberryshake.org/fdsnws/dataselect/1/query;https://data.raspberryshake.org/fdsnws/dataselect/1/query;https://data.raspberryshake.org/fdsnws/dataselect/1/query,AM.R53B7.noise.20250607T091120;AM.R53B7.noise.20250606T004041;AM.R53B7.noise.20250602T172817,ordered_three_chunk_concat_v1,3500;3500;3500,3500;3500;2000,0;3500;7000,3500;7000;9000
148,AM,R53B7,00,EH?,2026-05-18T21:16:31.640000Z,2026-05-18T21:17:06.640000Z,event_template,-5.0,32.17,100.0,preprocessing_v1_0_6,controlled-v1-case-0148,RASPISHAKE,https://data.raspberryshake.org/fdsnws/dataselect/1/query,AM.R53B7.event.20260518T211631,AM;AM;AM,R53B7;R53B7;R53B7,00;00;00,EH?;EH?;EH?,2025-06-08T09:18:50.879000Z;2025-06-08T15:34:41.029000Z;2025-06-07T23:29:25.579000Z,2025-06-08T09:21:54.549000Z;2025-06-08T15:37:44.469000Z;2025-06-07T23:32:29.449000Z,RASPISHAKE;RASPISHAKE;RASPISHAKE,https://data.raspberryshake.org/fdsnws/dataselect/1/query;https://data.raspberryshake.org/fdsnws/dataselect/1/query;https://data.raspberryshake.org/fdsnws/dataselect/1/query,AM.R53B7.noise.20250608T091852;AM.R53B7.noise.20250608T153442;AM.R53B7.noise.20250607T232927,ordered_three_chunk_concat_v1,3500;3500;3500,3500;3500;2000,0;3500;7000,3500;7000;9000
149,AM,R53B7,00,EH?,2026-05-18T21:16:31.640000Z,2026-05-18T21:17:06.640000Z,event_template,0.0,32.17,100.0,preprocessing_v1_0_6,controlled-v1-case-0149,RASPISHAKE,https://data.raspberryshake.org/fdsnws/dataselect/1/query,AM.R53B7.event.20260518T211631,AM;AM;AM,R53B7;R53B7;R53B7,00;00;00,EH?;EH?;EH?,2025-06-08T09:18:50.879000Z;2025-06-08T15:34:41.029000Z;2025-06-07T23:29:25.579000Z,2025-06-08T09:21:54.549000Z;2025-06-08T15:37:44.469000Z;2025-06-07T23:32:29.449000Z,RASPISHAKE;RASPISHAKE;RASPISHAKE,https://data.raspberryshake.org/fdsnws/dataselect/1/query;https://data.raspberryshake.org/fdsnws/dataselect/1/query;https://data.raspberryshake.org/fdsnws/dataselect/1/query,AM.R53B7.noise.20250608T091852;AM.R53B7.noise.20250608T153442;AM.R53B7.noise.20250607T232927,ordered_three_chunk_concat_v1,3500;3500;3500,3500;3500;2000,0;3500;7000,3500;7000;9000
150,AM,R53B7,00,EH?,2026-05-18T21:16:31.640000Z,2026-05-18T21:17:06.640000Z,event_template,5.0,32.17,100.0,preprocessing_v1_0_6,controlled-v1-case-0150,RASPISHAKE,https://data.raspberryshake.org/fdsnws/dataselect/1/query,AM.R53B7.event.20260518T211631,AM;AM;AM,R53B7;R53B7;R53B7,00;00;00,EH?;EH?;EH?,2025-06-08T09:18:50.879000Z;2025-06-08T15:34:41.029000Z;2025-06-07T23:29:25.579000Z,2025-06-08T09:21:54.549000Z;2025-06-08T15:37:44.469000Z;2025-06-07T23:32:29.449000Z,RASPISHAKE;RASPISHAKE;RASPISHAKE,https://data.raspberryshake.org/fdsnws/dataselect/1/query;https://data.raspberryshake.org/fdsnws/dataselect/1/query;https://data.raspberryshake.org/fdsnws/dataselect/1/query,AM.R53B7.noise.20250608T091852;AM.R53B7.noise.20250608T153442;AM.R53B7.noise.20250607T232927,ordered_three_chunk_concat_v1,3500;3500;3500,3500;3500;2000,0;3500;7000,3500;7000;9000
151,AM,R53B7,00,EH?,2026-05-19T02:30:19.550000Z,2026-05-19T02:30:54.550000Z,event_template,-5.0,48.64,100.0,preprocessing_v1_0_6,controlled-v1-case-0151,RASPISHAKE,https://data.raspberryshake.org/fdsnws/dataselect/1/query,AM.R53B7.event.20260519T023019,AM;AM;AM,R53B7;R53B7;R53B7,00;00;00,EH?;EH?;EH?,2025-06-02T14:31:42.989000Z;2025-06-07T23:52:57.499000Z;2025-06-05T12:58:03.559000Z,2025-06-02T14:34:46.079000Z;2025-06-07T23:56:01.139000Z;2025-06-05T13:01:06.819000Z,RASPISHAKE;RASPISHAKE;RASPISHAKE,https://data.raspberryshake.org/fdsnws/dataselect/1/query;https://data.raspberryshake.org/fdsnws/dataselect/1/query;https://data.raspberryshake.org/fdsnws/dataselect/1/query,AM.R53B7.noise.20250602T143144;AM.R53B7.noise.20250607T235259;AM.R53B7.noise.20250605T125804,ordered_three_chunk_concat_v1,3500;3500;3500,3500;3500;2000,0;3500;7000,3500;7000;9000
152,AM,R53B7,00,EH?,2026-05-19T02:30:19.550000Z,2026-05-19T02:30:54.550000Z,event_template,0.0,48.64,100.0,preprocessing_v1_0_6,controlled-v1-case-0152,RASPISHAKE,https://data.raspberryshake.org/fdsnws/dataselect/1/query,AM.R53B7.event.20260519T023019,AM;AM;AM,R53B7;R53B7;R53B7,00;00;00,EH?;EH?;EH?,2025-06-02T14:31:42.989000Z;2025-06-07T23:52:57.499000Z;2025-06-05T12:58:03.559000Z,2025-06-02T14:34:46.079000Z;2025-06-07T23:56:01.139000Z;2025-06-05T13:01:06.819000Z,RASPISHAKE;RASPISHAKE;RASPISHAKE,https://data.raspberryshake.org/fdsnws/dataselect/1/query;https://data.raspberryshake.org/fdsnws/dataselect/1/query;https://data.raspberryshake.org/fdsnws/dataselect/1/query,AM.R53B7.noise.20250602T143144;AM.R53B7.noise.20250607T235259;AM.R53B7.noise.20250605T125804,ordered_three_chunk_concat_v1,3500;3500;3500,3500;3500;2000,0;3500;7000,3500;7000;9000
153,AM,R53B7,00,EH?,2026-05-19T02:30:19.550000Z,2026-05-19T02:30:54.550000Z,event_template,5.0,48.64,100.0,preprocessing_v1_0_6,controlled-v1-case-0153,RASPISHAKE,https://data.raspberryshake.org/fdsnws/dataselect/1/query,AM.R53B7.event.20260519T023019,AM;AM;AM,R53B7;R53B7;R53B7,00;00;00,EH?;EH?;EH?,2025-06-02T14:31:42.989000Z;2025-06-07T23:52:57.499000Z;2025-06-05T12:58:03.559000Z,2025-06-02T14:34:46.079000Z;2025-06-07T23:56:01.139000Z;2025-06-05T13:01:06.819000Z,RASPISHAKE;RASPISHAKE;RASPISHAKE,https://data.raspberryshake.org/fdsnws/dataselect/1/query;https://data.raspberryshake.org/fdsnws/dataselect/1/query;https://data.raspberryshake.org/fdsnws/dataselect/1/query,AM.R53B7.noise.20250602T143144;AM.R53B7.noise.20250607T235259;AM.R53B7.noise.20250605T125804,ordered_three_chunk_concat_v1,3500;3500;3500,3500;3500;2000,0;3500;7000,3500;7000;9000
154,AM,R53B7,00,EH?,2026-05-20T16:54:28.980000Z,2026-05-20T16:55:03.980000Z,event_template,-5.0,21.33,100.0,preprocessing_v1_0_6,controlled-v1-case-0154,RASPISHAKE,https://data.raspberryshake.org/fdsnws/dataselect/1/query,AM.R53B7.event.20260520T165428,AM;AM;AM,R53B7;R53B7;R53B7,00;00;00,EH?;EH?;EH?,2025-06-10T22:22:11.449000Z;2025-06-03T22:23:40.259000Z;2025-06-04T17:28:29.039000Z,2025-06-10T22:25:15.269000Z;2025-06-03T22:26:42.759000Z;2025-06-04T17:31:32.169000Z,RASPISHAKE;RASPISHAKE;RASPISHAKE,https://data.raspberryshake.org/fdsnws/dataselect/1/query;https://data.raspberryshake.org/fdsnws/dataselect/1/query;https://data.raspberryshake.org/fdsnws/dataselect/1/query,AM.R53B7.noise.20250610T222213;AM.R53B7.noise.20250603T222341;AM.R53B7.noise.20250604T172830,ordered_three_chunk_concat_v1,3500;3500;3500,3500;3500;2000,0;3500;7000,3500;7000;9000
155,AM,R53B7,00,EH?,2026-05-20T16:54:28.980000Z,2026-05-20T16:55:03.980000Z,event_template,0.0,21.33,100.0,preprocessing_v1_0_6,controlled-v1-case-0155,RASPISHAKE,https://data.raspberryshake.org/fdsnws/dataselect/1/query,AM.R53B7.event.20260520T165428,AM;AM;AM,R53B7;R53B7;R53B7,00;00;00,EH?;EH?;EH?,2025-06-10T22:22:11.449000Z;2025-06-03T22:23:40.259000Z;2025-06-04T17:28:29.039000Z,2025-06-10T22:25:15.269000Z;2025-06-03T22:26:42.759000Z;2025-06-04T17:31:32.169000Z,RASPISHAKE;RASPISHAKE;RASPISHAKE,https://data.raspberryshake.org/fdsnws/dataselect/1/query;https://data.raspberryshake.org/fdsnws/dataselect/1/query;https://data.raspberryshake.org/fdsnws/dataselect/1/query,AM.R53B7.noise.20250610T222213;AM.R53B7.noise.20250603T222341;AM.R53B7.noise.20250604T172830,ordered_three_chunk_concat_v1,3500;3500;3500,3500;3500;2000,0;3500;7000,3500;7000;9000
156,AM,R53B7,00,EH?,2026-05-20T16:54:28.980000Z,2026-05-20T16:55:03.980000Z,event_template,5.0,21.33,100.0,preprocessing_v1_0_6,controlled-v1-case-0156,RASPISHAKE,https://data.raspberryshake.org/fdsnws/dataselect/1/query,AM.R53B7.event.20260520T165428,AM;AM;AM,R53B7;R53B7;R53B7,00;00;00,EH?;EH?;EH?,2025-06-10T22:22:11.449000Z;2025-06-03T22:23:40.259000Z;2025-06-04T17:28:29.039000Z,2025-06-10T22:25:15.269000Z;2025-06-03T22:26:42.759000Z;2025-06-04T17:31:32.169000Z,RASPISHAKE;RASPISHAKE;RASPISHAKE,https://data.raspberryshake.org/fdsnws/dataselect/1/query;https://data.raspberryshake.org/fdsnws/dataselect/1/query;https://data.raspberryshake.org/fdsnws/dataselect/1/query,AM.R53B7.noise.20250610T222213;AM.R53B7.noise.20250603T222341;AM.R53B7.noise.20250604T172830,ordered_three_chunk_concat_v1,3500;3500;3500,3500;3500;2000,0;3500;7000,3500;7000;9000
157,AM,R53B7,00,EH?,2026-05-22T00:08:08.250000Z,2026-05-22T00:08:43.250000Z,event_template,-5.0,54.42,100.0,preprocessing_v1_0_6,controlled-v1-case-0157,RASPISHAKE,https://data.raspberryshake.org/fdsnws/dataselect/1/query,AM.R53B7.event.20260522T000808,AM;AM;AM,R53B7;R53B7;R53B7,00;00;00,EH?;EH?;EH?,2025-06-08T16:29:15.879000Z;2025-06-09T12:34:54.519000Z;2025-06-01T06:27:39.449000Z,2025-06-08T16:32:18.599000Z;2025-06-09T12:37:57.999000Z;2025-06-01T06:30:42.679000Z,RASPISHAKE;RASPISHAKE;RASPISHAKE,https://data.raspberryshake.org/fdsnws/dataselect/1/query;https://data.raspberryshake.org/fdsnws/dataselect/1/query;https://data.raspberryshake.org/fdsnws/dataselect/1/query,AM.R53B7.noise.20250608T162917;AM.R53B7.noise.20250609T123456;AM.R53B7.noise.20250601T062741,ordered_three_chunk_concat_v1,3500;3500;3500,3500;3500;2000,0;3500;7000,3500;7000;9000
158,AM,R53B7,00,EH?,2026-05-22T00:08:08.250000Z,2026-05-22T00:08:43.250000Z,event_template,0.0,54.42,100.0,preprocessing_v1_0_6,controlled-v1-case-0158,RASPISHAKE,https://data.raspberryshake.org/fdsnws/dataselect/1/query,AM.R53B7.event.20260522T000808,AM;AM;AM,R53B7;R53B7;R53B7,00;00;00,EH?;EH?;EH?,2025-06-08T16:29:15.879000Z;2025-06-09T12:34:54.519000Z;2025-06-01T06:27:39.449000Z,2025-06-08T16:32:18.599000Z;2025-06-09T12:37:57.999000Z;2025-06-01T06:30:42.679000Z,RASPISHAKE;RASPISHAKE;RASPISHAKE,https://data.raspberryshake.org/fdsnws/dataselect/1/query;https://data.raspberryshake.org/fdsnws/dataselect/1/query;https://data.raspberryshake.org/fdsnws/dataselect/1/query,AM.R53B7.noise.20250608T162917;AM.R53B7.noise.20250609T123456;AM.R53B7.noise.20250601T062741,ordered_three_chunk_concat_v1,3500;3500;3500,3500;3500;2000,0;3500;7000,3500;7000;9000
159,AM,R53B7,00,EH?,2026-05-22T00:08:08.250000Z,2026-05-22T00:08:43.250000Z,event_template,5.0,54.42,100.0,preprocessing_v1_0_6,controlled-v1-case-0159,RASPISHAKE,https://data.raspberryshake.org/fdsnws/dataselect/1/query,AM.R53B7.event.20260522T000808,AM;AM;AM,R53B7;R53B7;R53B7,00;00;00,EH?;EH?;EH?,2025-06-08T16:29:15.879000Z;2025-06-09T12:34:54.519000Z;2025-06-01T06:27:39.449000Z,2025-06-08T16:32:18.599000Z;2025-06-09T12:37:57.999000Z;2025-06-01T06:30:42.679000Z,RASPISHAKE;RASPISHAKE;RASPISHAKE,https://data.raspberryshake.org/fdsnws/dataselect/1/query;https://data.raspberryshake.org/fdsnws/dataselect/1/query;https://data.raspberryshake.org/fdsnws/dataselect/1/query,AM.R53B7.noise.20250608T162917;AM.R53B7.noise.20250609T123456;AM.R53B7.noise.20250601T062741,ordered_three_chunk_concat_v1,3500;3500;3500,3500;3500;2000,0;3500;7000,3500;7000;9000
160,AM,R53B7,00,EH?,2026-05-23T15:08:44.630000Z,2026-05-23T15:09:19.630000Z,event_template,-5.0,58.82,100.0,preprocessing_v1_0_6,controlled-v1-case-0160,RASPISHAKE,https://data.raspberryshake.org/fdsnws/dataselect/1/query,AM.R53B7.event.20260523T150844,AM;AM;AM,R53B7;R53B7;R53B7,00;00;00,EH?;EH?;EH?,2025-06-07T14:44:16.879000Z;2025-06-02T21:51:35.809000Z;2025-06-07T23:29:25.579000Z,2025-06-07T14:47:19.269000Z;2025-06-02T21:54:39.709000Z;2025-06-07T23:32:29.449000Z,RASPISHAKE;RASPISHAKE;RASPISHAKE,https://data.raspberryshake.org/fdsnws/dataselect/1/query;https://data.raspberryshake.org/fdsnws/dataselect/1/query;https://data.raspberryshake.org/fdsnws/dataselect/1/query,AM.R53B7.noise.20250607T144418;AM.R53B7.noise.20250602T215137;AM.R53B7.noise.20250607T232927,ordered_three_chunk_concat_v1,3500;3500;3500,3500;3500;2000,0;3500;7000,3500;7000;9000
161,AM,R53B7,00,EH?,2026-05-23T15:08:44.630000Z,2026-05-23T15:09:19.630000Z,event_template,0.0,58.82,100.0,preprocessing_v1_0_6,controlled-v1-case-0161,RASPISHAKE,https://data.raspberryshake.org/fdsnws/dataselect/1/query,AM.R53B7.event.20260523T150844,AM;AM;AM,R53B7;R53B7;R53B7,00;00;00,EH?;EH?;EH?,2025-06-07T14:44:16.879000Z;2025-06-02T21:51:35.809000Z;2025-06-07T23:29:25.579000Z,2025-06-07T14:47:19.269000Z;2025-06-02T21:54:39.709000Z;2025-06-07T23:32:29.449000Z,RASPISHAKE;RASPISHAKE;RASPISHAKE,https://data.raspberryshake.org/fdsnws/dataselect/1/query;https://data.raspberryshake.org/fdsnws/dataselect/1/query;https://data.raspberryshake.org/fdsnws/dataselect/1/query,AM.R53B7.noise.20250607T144418;AM.R53B7.noise.20250602T215137;AM.R53B7.noise.20250607T232927,ordered_three_chunk_concat_v1,3500;3500;3500,3500;3500;2000,0;3500;7000,3500;7000;9000
162,AM,R53B7,00,EH?,2026-05-23T15:08:44.630000Z,2026-05-23T15:09:19.630000Z,event_template,5.0,58.82,100.0,preprocessing_v1_0_6,controlled-v1-case-0162,RASPISHAKE,https://data.raspberryshake.org/fdsnws/dataselect/1/query,AM.R53B7.event.20260523T150844,AM;AM;AM,R53B7;R53B7;R53B7,00;00;00,EH?;EH?;EH?,2025-06-07T14:44:16.879000Z;2025-06-02T21:51:35.809000Z;2025-06-07T23:29:25.579000Z,2025-06-07T14:47:19.269000Z;2025-06-02T21:54:39.709000Z;2025-06-07T23:32:29.449000Z,RASPISHAKE;RASPISHAKE;RASPISHAKE,https://data.raspberryshake.org/fdsnws/dataselect/1/query;https://data.raspberryshake.org/fdsnws/dataselect/1/query;https://data.raspberryshake.org/fdsnws/dataselect/1/query,AM.R53B7.noise.20250607T144418;AM.R53B7.noise.20250602T215137;AM.R53B7.noise.20250607T232927,ordered_three_chunk_concat_v1,3500;3500;3500,3500;3500;2000,0;3500;7000,3500;7000;9000
163,AM,R53B7,00,EH?,2026-05-28T09:41:45.477000Z,2026-05-28T09:42:20.477000Z,event_template,-5.0,32.34,100.0,preprocessing_v1_0_6,controlled-v1-case-0163,RASPISHAKE,https://data.raspberryshake.org/fdsnws/dataselect/1/query,AM.R53B7.event.20260528T094145,AM;AM;AM,R53B7;R53B7;R53B7,00;00;00,EH?;EH?;EH?,2025-06-05T10:07:22.289000Z;2025-06-06T15:29:58.919000Z;2025-06-02T19:28:38.529000Z,2025-06-05T10:10:24.829000Z;2025-06-06T15:33:02.679000Z;2025-06-02T19:31:41.279000Z,RASPISHAKE;RASPISHAKE;RASPISHAKE,https://data.raspberryshake.org/fdsnws/dataselect/1/query;https://data.raspberryshake.org/fdsnws/dataselect/1/query;https://data.raspberryshake.org/fdsnws/dataselect/1/query,AM.R53B7.noise.20250605T100724;AM.R53B7.noise.20250606T153000;AM.R53B7.noise.20250602T192840,ordered_three_chunk_concat_v1,3500;3500;3500,3500;3500;2000,0;3500;7000,3500;7000;9000
164,AM,R53B7,00,EH?,2026-05-28T09:41:45.477000Z,2026-05-28T09:42:20.477000Z,event_template,0.0,32.34,100.0,preprocessing_v1_0_6,controlled-v1-case-0164,RASPISHAKE,https://data.raspberryshake.org/fdsnws/dataselect/1/query,AM.R53B7.event.20260528T094145,AM;AM;AM,R53B7;R53B7;R53B7,00;00;00,EH?;EH?;EH?,2025-06-05T10:07:22.289000Z;2025-06-06T15:29:58.919000Z;2025-06-02T19:28:38.529000Z,2025-06-05T10:10:24.829000Z;2025-06-06T15:33:02.679000Z;2025-06-02T19:31:41.279000Z,RASPISHAKE;RASPISHAKE;RASPISHAKE,https://data.raspberryshake.org/fdsnws/dataselect/1/query;https://data.raspberryshake.org/fdsnws/dataselect/1/query;https://data.raspberryshake.org/fdsnws/dataselect/1/query,AM.R53B7.noise.20250605T100724;AM.R53B7.noise.20250606T153000;AM.R53B7.noise.20250602T192840,ordered_three_chunk_concat_v1,3500;3500;3500,3500;3500;2000,0;3500;7000,3500;7000;9000
165,AM,R53B7,00,EH?,2026-05-28T09:41:45.477000Z,2026-05-28T09:42:20.477000Z,event_template,5.0,32.34,100.0,preprocessing_v1_0_6,controlled-v1-case-0165,RASPISHAKE,https://data.raspberryshake.org/fdsnws/dataselect/1/query,AM.R53B7.event.20260528T094145,AM;AM;AM,R53B7;R53B7;R53B7,00;00;00,EH?;EH?;EH?,2025-06-05T10:07:22.289000Z;2025-06-06T15:29:58.919000Z;2025-06-02T19:28:38.529000Z,2025-06-05T10:10:24.829000Z;2025-06-06T15:33:02.679000Z;2025-06-02T19:31:41.279000Z,RASPISHAKE;RASPISHAKE;RASPISHAKE,https://data.raspberryshake.org/fdsnws/dataselect/1/query;https://data.raspberryshake.org/fdsnws/dataselect/1/query;https://data.raspberryshake.org/fdsnws/dataselect/1/query,AM.R53B7.noise.20250605T100724;AM.R53B7.noise.20250606T153000;AM.R53B7.noise.20250602T192840,ordered_three_chunk_concat_v1,3500;3500;3500,3500;3500;2000,0;3500;7000,3500;7000;9000
166,AM,R53B7,00,EH?,2026-05-31T02:49:04.727000Z,2026-05-31T02:49:39.727000Z,event_template,-5.0,33.85,100.0,preprocessing_v1_0_6,controlled-v1-case-0166,RASPISHAKE,https://data.raspberryshake.org/fdsnws/dataselect/1/query,AM.R53B7.event.20260531T024904,AM;AM;AM,R53B7;R53B7;R53B7,00;00;00,EH?;EH?;EH?,2025-06-05T20:40:22.099000Z;2025-06-10T22:22:11.449000Z;2025-06-07T14:44:16.879000Z,2025-06-05T20:43:23.709000Z;2025-06-10T22:25:15.269000Z;2025-06-07T14:47:19.269000Z,RASPISHAKE;RASPISHAKE;RASPISHAKE,https://data.raspberryshake.org/fdsnws/dataselect/1/query;https://data.raspberryshake.org/fdsnws/dataselect/1/query;https://data.raspberryshake.org/fdsnws/dataselect/1/query,AM.R53B7.noise.20250605T204023;AM.R53B7.noise.20250610T222213;AM.R53B7.noise.20250607T144418,ordered_three_chunk_concat_v1,3500;3500;3500,3500;3500;2000,0;3500;7000,3500;7000;9000
167,AM,R53B7,00,EH?,2026-05-31T02:49:04.727000Z,2026-05-31T02:49:39.727000Z,event_template,0.0,33.85,100.0,preprocessing_v1_0_6,controlled-v1-case-0167,RASPISHAKE,https://data.raspberryshake.org/fdsnws/dataselect/1/query,AM.R53B7.event.20260531T024904,AM;AM;AM,R53B7;R53B7;R53B7,00;00;00,EH?;EH?;EH?,2025-06-05T20:40:22.099000Z;2025-06-10T22:22:11.449000Z;2025-06-07T14:44:16.879000Z,2025-06-05T20:43:23.709000Z;2025-06-10T22:25:15.269000Z;2025-06-07T14:47:19.269000Z,RASPISHAKE;RASPISHAKE;RASPISHAKE,https://data.raspberryshake.org/fdsnws/dataselect/1/query;https://data.raspberryshake.org/fdsnws/dataselect/1/query;https://data.raspberryshake.org/fdsnws/dataselect/1/query,AM.R53B7.noise.20250605T204023;AM.R53B7.noise.20250610T222213;AM.R53B7.noise.20250607T144418,ordered_three_chunk_concat_v1,3500;3500;3500,3500;3500;2000,0;3500;7000,3500;7000;9000
168,AM,R53B7,00,EH?,2026-05-31T02:49:04.727000Z,2026-05-31T02:49:39.727000Z,event_template,5.0,33.85,100.0,preprocessing_v1_0_6,controlled-v1-case-0168,RASPISHAKE,https://data.raspberryshake.org/fdsnws/dataselect/1/query,AM.R53B7.event.20260531T024904,AM;AM;AM,R53B7;R53B7;R53B7,00;00;00,EH?;EH?;EH?,2025-06-05T20:40:22.099000Z;2025-06-10T22:22:11.449000Z;2025-06-07T14:44:16.879000Z,2025-06-05T20:43:23.709000Z;2025-06-10T22:25:15.269000Z;2025-06-07T14:47:19.269000Z,RASPISHAKE;RASPISHAKE;RASPISHAKE,https://data.raspberryshake.org/fdsnws/dataselect/1/query;https://data.raspberryshake.org/fdsnws/dataselect/1/query;https://data.raspberryshake.org/fdsnws/dataselect/1/query,AM.R53B7.noise.20250605T204023;AM.R53B7.noise.20250610T222213;AM.R53B7.noise.20250607T144418,ordered_three_chunk_concat_v1,3500;3500;3500,3500;3500;2000,0;3500;7000,3500;7000;9000
169,AM,R5C4C,00,EH?,2026-03-30T02:24:57.858000Z,2026-03-30T02:25:32.858000Z,event_template,-5.0,37.39,100.0,preprocessing_v1_0_6,controlled-v1-case-0169,RASPISHAKE,https://data.raspberryshake.org/fdsnws/dataselect/1/query,AM.R5C4C.event.20260330T022457,AM;AM;AM,R5C4C;R5C4C;R5C4C,00;00;00,EH?;EH?;EH?,2025-06-05T10:07:21.487000Z;2025-06-04T04:12:23.587000Z;2025-06-10T08:34:07.967000Z,2025-06-05T10:10:25.607000Z;2025-06-04T04:15:26.867000Z;2025-06-10T08:37:10.867000Z,RASPISHAKE;RASPISHAKE;RASPISHAKE,https://data.raspberryshake.org/fdsnws/dataselect/1/query;https://data.raspberryshake.org/fdsnws/dataselect/1/query;https://data.raspberryshake.org/fdsnws/dataselect/1/query,AM.R5C4C.noise.20250605T100724;AM.R5C4C.noise.20250604T041225;AM.R5C4C.noise.20250610T083409,ordered_three_chunk_concat_v1,3500;3500;3500,3500;3500;2000,0;3500;7000,3500;7000;9000
170,AM,R5C4C,00,EH?,2026-03-30T02:24:57.858000Z,2026-03-30T02:25:32.858000Z,event_template,0.0,37.39,100.0,preprocessing_v1_0_6,controlled-v1-case-0170,RASPISHAKE,https://data.raspberryshake.org/fdsnws/dataselect/1/query,AM.R5C4C.event.20260330T022457,AM;AM;AM,R5C4C;R5C4C;R5C4C,00;00;00,EH?;EH?;EH?,2025-06-05T10:07:21.487000Z;2025-06-04T04:12:23.587000Z;2025-06-10T08:34:07.967000Z,2025-06-05T10:10:25.607000Z;2025-06-04T04:15:26.867000Z;2025-06-10T08:37:10.867000Z,RASPISHAKE;RASPISHAKE;RASPISHAKE,https://data.raspberryshake.org/fdsnws/dataselect/1/query;https://data.raspberryshake.org/fdsnws/dataselect/1/query;https://data.raspberryshake.org/fdsnws/dataselect/1/query,AM.R5C4C.noise.20250605T100724;AM.R5C4C.noise.20250604T041225;AM.R5C4C.noise.20250610T083409,ordered_three_chunk_concat_v1,3500;3500;3500,3500;3500;2000,0;3500;7000,3500;7000;9000
171,AM,R5C4C,00,EH?,2026-03-30T02:24:57.858000Z,2026-03-30T02:25:32.858000Z,event_template,5.0,37.39,100.0,preprocessing_v1_0_6,controlled-v1-case-0171,RASPISHAKE,https://data.raspberryshake.org/fdsnws/dataselect/1/query,AM.R5C4C.event.20260330T022457,AM;AM;AM,R5C4C;R5C4C;R5C4C,00;00;00,EH?;EH?;EH?,2025-06-05T10:07:21.487000Z;2025-06-04T04:12:23.587000Z;2025-06-10T08:34:07.967000Z,2025-06-05T10:10:25.607000Z;2025-06-04T04:15:26.867000Z;2025-06-10T08:37:10.867000Z,RASPISHAKE;RASPISHAKE;RASPISHAKE,https://data.raspberryshake.org/fdsnws/dataselect/1/query;https://data.raspberryshake.org/fdsnws/dataselect/1/query;https://data.raspberryshake.org/fdsnws/dataselect/1/query,AM.R5C4C.noise.20250605T100724;AM.R5C4C.noise.20250604T041225;AM.R5C4C.noise.20250610T083409,ordered_three_chunk_concat_v1,3500;3500;3500,3500;3500;2000,0;3500;7000,3500;7000;9000
172,AM,R5C4C,00,EH?,2026-04-23T18:01:01.071000Z,2026-04-23T18:01:36.071000Z,event_template,-5.0,55.15,100.0,preprocessing_v1_0_6,controlled-v1-case-0172,RASPISHAKE,https://data.raspberryshake.org/fdsnws/dataselect/1/query,AM.R5C4C.event.20260423T180101,AM;AM;AM,R5C4C;R5C4C;R5C4C,00;00;00,EH?;EH?;EH?,2025-06-10T22:22:11.337000Z;2025-06-02T17:28:14.697000Z;2025-06-05T20:40:21.357000Z,2025-06-10T22:25:15.597000Z;2025-06-02T17:31:19.257000Z;2025-06-05T20:43:24.827000Z,RASPISHAKE;RASPISHAKE;RASPISHAKE,https://data.raspberryshake.org/fdsnws/dataselect/1/query;https://data.raspberryshake.org/fdsnws/dataselect/1/query;https://data.raspberryshake.org/fdsnws/dataselect/1/query,AM.R5C4C.noise.20250610T222213;AM.R5C4C.noise.20250602T172817;AM.R5C4C.noise.20250605T204023,ordered_three_chunk_concat_v1,3500;3500;3500,3500;3500;2000,0;3500;7000,3500;7000;9000
173,AM,R5C4C,00,EH?,2026-04-23T18:01:01.071000Z,2026-04-23T18:01:36.071000Z,event_template,0.0,55.15,100.0,preprocessing_v1_0_6,controlled-v1-case-0173,RASPISHAKE,https://data.raspberryshake.org/fdsnws/dataselect/1/query,AM.R5C4C.event.20260423T180101,AM;AM;AM,R5C4C;R5C4C;R5C4C,00;00;00,EH?;EH?;EH?,2025-06-10T22:22:11.337000Z;2025-06-02T17:28:14.697000Z;2025-06-05T20:40:21.357000Z,2025-06-10T22:25:15.597000Z;2025-06-02T17:31:19.257000Z;2025-06-05T20:43:24.827000Z,RASPISHAKE;RASPISHAKE;RASPISHAKE,https://data.raspberryshake.org/fdsnws/dataselect/1/query;https://data.raspberryshake.org/fdsnws/dataselect/1/query;https://data.raspberryshake.org/fdsnws/dataselect/1/query,AM.R5C4C.noise.20250610T222213;AM.R5C4C.noise.20250602T172817;AM.R5C4C.noise.20250605T204023,ordered_three_chunk_concat_v1,3500;3500;3500,3500;3500;2000,0;3500;7000,3500;7000;9000
174,AM,R5C4C,00,EH?,2026-04-23T18:01:01.071000Z,2026-04-23T18:01:36.071000Z,event_template,5.0,55.15,100.0,preprocessing_v1_0_6,controlled-v1-case-0174,RASPISHAKE,https://data.raspberryshake.org/fdsnws/dataselect/1/query,AM.R5C4C.event.20260423T180101,AM;AM;AM,R5C4C;R5C4C;R5C4C,00;00;00,EH?;EH?;EH?,2025-06-10T22:22:11.337000Z;2025-06-02T17:28:14.697000Z;2025-06-05T20:40:21.357000Z,2025-06-10T22:25:15.597000Z;2025-06-02T17:31:19.257000Z;2025-06-05T20:43:24.827000Z,RASPISHAKE;RASPISHAKE;RASPISHAKE,https://data.raspberryshake.org/fdsnws/dataselect/1/query;https://data.raspberryshake.org/fdsnws/dataselect/1/query;https://data.raspberryshake.org/fdsnws/dataselect/1/query,AM.R5C4C.noise.20250610T222213;AM.R5C4C.noise.20250602T172817;AM.R5C4C.noise.20250605T204023,ordered_three_chunk_concat_v1,3500;3500;3500,3500;3500;2000,0;3500;7000,3500;7000;9000
175,AM,R5C4C,00,EH?,2026-05-09T04:53:30.511000Z,2026-05-09T04:54:05.511000Z,event_template,-5.0,22.26,100.0,preprocessing_v1_0_6,controlled-v1-case-0175,RASPISHAKE,https://data.raspberryshake.org/fdsnws/dataselect/1/query,AM.R5C4C.event.20260509T045330,AM;AM;AM,R5C4C;R5C4C;R5C4C,00;00;00,EH?;EH?;EH?,2025-06-05T07:10:40.317000Z;2025-06-05T10:07:21.487000Z;2025-06-07T23:29:25.587000Z,2025-06-05T07:13:43.257000Z;2025-06-05T10:10:25.607000Z;2025-06-07T23:32:30.197000Z,RASPISHAKE;RASPISHAKE;RASPISHAKE,https://data.raspberryshake.org/fdsnws/dataselect/1/query;https://data.raspberryshake.org/fdsnws/dataselect/1/query;https://data.raspberryshake.org/fdsnws/dataselect/1/query,AM.R5C4C.noise.20250605T071041;AM.R5C4C.noise.20250605T100724;AM.R5C4C.noise.20250607T232927,ordered_three_chunk_concat_v1,3500;3500;3500,3500;3500;2000,0;3500;7000,3500;7000;9000
176,AM,R5C4C,00,EH?,2026-05-09T04:53:30.511000Z,2026-05-09T04:54:05.511000Z,event_template,0.0,22.26,100.0,preprocessing_v1_0_6,controlled-v1-case-0176,RASPISHAKE,https://data.raspberryshake.org/fdsnws/dataselect/1/query,AM.R5C4C.event.20260509T045330,AM;AM;AM,R5C4C;R5C4C;R5C4C,00;00;00,EH?;EH?;EH?,2025-06-05T07:10:40.317000Z;2025-06-05T10:07:21.487000Z;2025-06-07T23:29:25.587000Z,2025-06-05T07:13:43.257000Z;2025-06-05T10:10:25.607000Z;2025-06-07T23:32:30.197000Z,RASPISHAKE;RASPISHAKE;RASPISHAKE,https://data.raspberryshake.org/fdsnws/dataselect/1/query;https://data.raspberryshake.org/fdsnws/dataselect/1/query;https://data.raspberryshake.org/fdsnws/dataselect/1/query,AM.R5C4C.noise.20250605T071041;AM.R5C4C.noise.20250605T100724;AM.R5C4C.noise.20250607T232927,ordered_three_chunk_concat_v1,3500;3500;3500,3500;3500;2000,0;3500;7000,3500;7000;9000
177,AM,R5C4C,00,EH?,2026-05-09T04:53:30.511000Z,2026-05-09T04:54:05.511000Z,event_template,5.0,22.26,100.0,preprocessing_v1_0_6,controlled-v1-case-0177,RASPISHAKE,https://data.raspberryshake.org/fdsnws/dataselect/1/query,AM.R5C4C.event.20260509T045330,AM;AM;AM,R5C4C;R5C4C;R5C4C,00;00;00,EH?;EH?;EH?,2025-06-05T07:10:40.317000Z;2025-06-05T10:07:21.487000Z;2025-06-07T23:29:25.587000Z,2025-06-05T07:13:43.257000Z;2025-06-05T10:10:25.607000Z;2025-06-07T23:32:30.197000Z,RASPISHAKE;RASPISHAKE;RASPISHAKE,https://data.raspberryshake.org/fdsnws/dataselect/1/query;https://data.raspberryshake.org/fdsnws/dataselect/1/query;https://data.raspberryshake.org/fdsnws/dataselect/1/query,AM.R5C4C.noise.20250605T071041;AM.R5C4C.noise.20250605T100724;AM.R5C4C.noise.20250607T232927,ordered_three_chunk_concat_v1,3500;3500;3500,3500;3500;2000,0;3500;7000,3500;7000;9000
178,AM,R5C4C,00,EH?,2026-05-16T14:54:53.591000Z,2026-05-16T14:55:28.591000Z,event_template,-5.0,20.1,100.0,preprocessing_v1_0_6,controlled-v1-case-0178,RASPISHAKE,https://data.raspberryshake.org/fdsnws/dataselect/1/query,AM.R5C4C.event.20260516T145453,AM;AM;AM,R5C4C;R5C4C;R5C4C,00;00;00,EH?;EH?;EH?,2025-06-01T06:27:38.937000Z;2025-06-04T20:32:03.427000Z;2025-06-06T02:58:33.267000Z,2025-06-01T06:30:43.837000Z;2025-06-04T20:35:07.457000Z;2025-06-06T03:01:37.617000Z,RASPISHAKE;RASPISHAKE;RASPISHAKE,https://data.raspberryshake.org/fdsnws/dataselect/1/query;https://data.raspberryshake.org/fdsnws/dataselect/1/query;https://data.raspberryshake.org/fdsnws/dataselect/1/query,AM.R5C4C.noise.20250601T062741;AM.R5C4C.noise.20250604T203205;AM.R5C4C.noise.20250606T025835,ordered_three_chunk_concat_v1,3500;3500;3500,3500;3500;2000,0;3500;7000,3500;7000;9000
179,AM,R5C4C,00,EH?,2026-05-16T14:54:53.591000Z,2026-05-16T14:55:28.591000Z,event_template,0.0,20.1,100.0,preprocessing_v1_0_6,controlled-v1-case-0179,RASPISHAKE,https://data.raspberryshake.org/fdsnws/dataselect/1/query,AM.R5C4C.event.20260516T145453,AM;AM;AM,R5C4C;R5C4C;R5C4C,00;00;00,EH?;EH?;EH?,2025-06-01T06:27:38.937000Z;2025-06-04T20:32:03.427000Z;2025-06-06T02:58:33.267000Z,2025-06-01T06:30:43.837000Z;2025-06-04T20:35:07.457000Z;2025-06-06T03:01:37.617000Z,RASPISHAKE;RASPISHAKE;RASPISHAKE,https://data.raspberryshake.org/fdsnws/dataselect/1/query;https://data.raspberryshake.org/fdsnws/dataselect/1/query;https://data.raspberryshake.org/fdsnws/dataselect/1/query,AM.R5C4C.noise.20250601T062741;AM.R5C4C.noise.20250604T203205;AM.R5C4C.noise.20250606T025835,ordered_three_chunk_concat_v1,3500;3500;3500,3500;3500;2000,0;3500;7000,3500;7000;9000
180,AM,R5C4C,00,EH?,2026-05-16T14:54:53.591000Z,2026-05-16T14:55:28.591000Z,event_template,5.0,20.1,100.0,preprocessing_v1_0_6,controlled-v1-case-0180,RASPISHAKE,https://data.raspberryshake.org/fdsnws/dataselect/1/query,AM.R5C4C.event.20260516T145453,AM;AM;AM,R5C4C;R5C4C;R5C4C,00;00;00,EH?;EH?;EH?,2025-06-01T06:27:38.937000Z;2025-06-04T20:32:03.427000Z;2025-06-06T02:58:33.267000Z,2025-06-01T06:30:43.837000Z;2025-06-04T20:35:07.457000Z;2025-06-06T03:01:37.617000Z,RASPISHAKE;RASPISHAKE;RASPISHAKE,https://data.raspberryshake.org/fdsnws/dataselect/1/query;https://data.raspberryshake.org/fdsnws/dataselect/1/query;https://data.raspberryshake.org/fdsnws/dataselect/1/query,AM.R5C4C.noise.20250601T062741;AM.R5C4C.noise.20250604T203205;AM.R5C4C.noise.20250606T025835,ordered_three_chunk_concat_v1,3500;3500;3500,3500;3500;2000,0;3500;7000,3500;7000;9000
181,AM,R5C4C,00,EH?,2026-05-19T18:06:10.691000Z,2026-05-19T18:06:45.691000Z,event_template,-5.0,28.07,100.0,preprocessing_v1_0_6,controlled-v1-case-0181,RASPISHAKE,https://data.raspberryshake.org/fdsnws/dataselect/1/query,AM.R5C4C.event.20260519T180610,AM;AM;AM,R5C4C;R5C4C;R5C4C,00;00;00,EH?;EH?;EH?,2025-06-09T03:14:05.917000Z;2025-06-01T15:15:16.787000Z;2025-06-10T08:34:07.967000Z,2025-06-09T03:17:10.907000Z;2025-06-01T15:18:20.437000Z;2025-06-10T08:37:10.867000Z,RASPISHAKE;RASPISHAKE;RASPISHAKE,https://data.raspberryshake.org/fdsnws/dataselect/1/query;https://data.raspberryshake.org/fdsnws/dataselect/1/query;https://data.raspberryshake.org/fdsnws/dataselect/1/query,AM.R5C4C.noise.20250609T031408;AM.R5C4C.noise.20250601T151518;AM.R5C4C.noise.20250610T083409,ordered_three_chunk_concat_v1,3500;3500;3500,3500;3500;2000,0;3500;7000,3500;7000;9000
182,AM,R5C4C,00,EH?,2026-05-19T18:06:10.691000Z,2026-05-19T18:06:45.691000Z,event_template,0.0,28.07,100.0,preprocessing_v1_0_6,controlled-v1-case-0182,RASPISHAKE,https://data.raspberryshake.org/fdsnws/dataselect/1/query,AM.R5C4C.event.20260519T180610,AM;AM;AM,R5C4C;R5C4C;R5C4C,00;00;00,EH?;EH?;EH?,2025-06-09T03:14:05.917000Z;2025-06-01T15:15:16.787000Z;2025-06-10T08:34:07.967000Z,2025-06-09T03:17:10.907000Z;2025-06-01T15:18:20.437000Z;2025-06-10T08:37:10.867000Z,RASPISHAKE;RASPISHAKE;RASPISHAKE,https://data.raspberryshake.org/fdsnws/dataselect/1/query;https://data.raspberryshake.org/fdsnws/dataselect/1/query;https://data.raspberryshake.org/fdsnws/dataselect/1/query,AM.R5C4C.noise.20250609T031408;AM.R5C4C.noise.20250601T151518;AM.R5C4C.noise.20250610T083409,ordered_three_chunk_concat_v1,3500;3500;3500,3500;3500;2000,0;3500;7000,3500;7000;9000
183,AM,R5C4C,00,EH?,2026-05-19T18:06:10.691000Z,2026-05-19T18:06:45.691000Z,event_template,5.0,28.07,100.0,preprocessing_v1_0_6,controlled-v1-case-0183,RASPISHAKE,https://data.raspberryshake.org/fdsnws/dataselect/1/query,AM.R5C4C.event.20260519T180610,AM;AM;AM,R5C4C;R5C4C;R5C4C,00;00;00,EH?;EH?;EH?,2025-06-09T03:14:05.917000Z;2025-06-01T15:15:16.787000Z;2025-06-10T08:34:07.967000Z,2025-06-09T03:17:10.907000Z;2025-06-01T15:18:20.437000Z;2025-06-10T08:37:10.867000Z,RASPISHAKE;RASPISHAKE;RASPISHAKE,https://data.raspberryshake.org/fdsnws/dataselect/1/query;https://data.raspberryshake.org/fdsnws/dataselect/1/query;https://data.raspberryshake.org/fdsnws/dataselect/1/query,AM.R5C4C.noise.20250609T031408;AM.R5C4C.noise.20250601T151518;AM.R5C4C.noise.20250610T083409,ordered_three_chunk_concat_v1,3500;3500;3500,3500;3500;2000,0;3500;7000,3500;7000;9000
184,AM,R5C4C,00,EH?,2026-05-25T22:01:38.651000Z,2026-05-25T22:02:13.651000Z,event_template,-5.0,55.31,100.0,preprocessing_v1_0_6,controlled-v1-case-0184,RASPISHAKE,https://data.raspberryshake.org/fdsnws/dataselect/1/query,AM.R5C4C.event.20260525T220138,AM;AM;AM,R5C4C;R5C4C;R5C4C,00;00;00,EH?;EH?;EH?,2025-06-06T16:03:39.627000Z;2025-06-01T06:27:38.937000Z;2025-06-08T16:25:05.027000Z,2025-06-06T16:06:43.567000Z;2025-06-01T06:30:43.837000Z;2025-06-08T16:28:10.057000Z,RASPISHAKE;RASPISHAKE;RASPISHAKE,https://data.raspberryshake.org/fdsnws/dataselect/1/query;https://data.raspberryshake.org/fdsnws/dataselect/1/query;https://data.raspberryshake.org/fdsnws/dataselect/1/query,AM.R5C4C.noise.20250606T160341;AM.R5C4C.noise.20250601T062741;AM.R5C4C.noise.20250608T162507,ordered_three_chunk_concat_v1,3500;3500;3500,3500;3500;2000,0;3500;7000,3500;7000;9000
185,AM,R5C4C,00,EH?,2026-05-25T22:01:38.651000Z,2026-05-25T22:02:13.651000Z,event_template,0.0,55.31,100.0,preprocessing_v1_0_6,controlled-v1-case-0185,RASPISHAKE,https://data.raspberryshake.org/fdsnws/dataselect/1/query,AM.R5C4C.event.20260525T220138,AM;AM;AM,R5C4C;R5C4C;R5C4C,00;00;00,EH?;EH?;EH?,2025-06-06T16:03:39.627000Z;2025-06-01T06:27:38.937000Z;2025-06-08T16:25:05.027000Z,2025-06-06T16:06:43.567000Z;2025-06-01T06:30:43.837000Z;2025-06-08T16:28:10.057000Z,RASPISHAKE;RASPISHAKE;RASPISHAKE,https://data.raspberryshake.org/fdsnws/dataselect/1/query;https://data.raspberryshake.org/fdsnws/dataselect/1/query;https://data.raspberryshake.org/fdsnws/dataselect/1/query,AM.R5C4C.noise.20250606T160341;AM.R5C4C.noise.20250601T062741;AM.R5C4C.noise.20250608T162507,ordered_three_chunk_concat_v1,3500;3500;3500,3500;3500;2000,0;3500;7000,3500;7000;9000
186,AM,R5C4C,00,EH?,2026-05-25T22:01:38.651000Z,2026-05-25T22:02:13.651000Z,event_template,5.0,55.31,100.0,preprocessing_v1_0_6,controlled-v1-case-0186,RASPISHAKE,https://data.raspberryshake.org/fdsnws/dataselect/1/query,AM.R5C4C.event.20260525T220138,AM;AM;AM,R5C4C;R5C4C;R5C4C,00;00;00,EH?;EH?;EH?,2025-06-06T16:03:39.627000Z;2025-06-01T06:27:38.937000Z;2025-06-08T16:25:05.027000Z,2025-06-06T16:06:43.567000Z;2025-06-01T06:30:43.837000Z;2025-06-08T16:28:10.057000Z,RASPISHAKE;RASPISHAKE;RASPISHAKE,https://data.raspberryshake.org/fdsnws/dataselect/1/query;https://data.raspberryshake.org/fdsnws/dataselect/1/query;https://data.raspberryshake.org/fdsnws/dataselect/1/query,AM.R5C4C.noise.20250606T160341;AM.R5C4C.noise.20250601T062741;AM.R5C4C.noise.20250608T162507,ordered_three_chunk_concat_v1,3500;3500;3500,3500;3500;2000,0;3500;7000,3500;7000;9000
187,AM,R5C4C,00,EH?,2026-05-30T21:33:05.721000Z,2026-05-30T21:33:40.721000Z,event_template,-5.0,18.96,100.0,preprocessing_v1_0_6,controlled-v1-case-0187,RASPISHAKE,https://data.raspberryshake.org/fdsnws/dataselect/1/query,AM.R5C4C.event.20260530T213305,AM;AM;AM,R5C4C;R5C4C;R5C4C,00;00;00,EH?;EH?;EH?,2025-06-01T15:15:16.787000Z;2025-06-09T12:34:53.477000Z;2025-06-10T08:34:07.967000Z,2025-06-01T15:18:20.437000Z;2025-06-09T12:37:58.377000Z;2025-06-10T08:37:10.867000Z,RASPISHAKE;RASPISHAKE;RASPISHAKE,https://data.raspberryshake.org/fdsnws/dataselect/1/query;https://data.raspberryshake.org/fdsnws/dataselect/1/query;https://data.raspberryshake.org/fdsnws/dataselect/1/query,AM.R5C4C.noise.20250601T151518;AM.R5C4C.noise.20250609T123456;AM.R5C4C.noise.20250610T083409,ordered_three_chunk_concat_v1,3500;3500;3500,3500;3500;2000,0;3500;7000,3500;7000;9000
188,AM,R5C4C,00,EH?,2026-05-30T21:33:05.721000Z,2026-05-30T21:33:40.721000Z,event_template,0.0,18.96,100.0,preprocessing_v1_0_6,controlled-v1-case-0188,RASPISHAKE,https://data.raspberryshake.org/fdsnws/dataselect/1/query,AM.R5C4C.event.20260530T213305,AM;AM;AM,R5C4C;R5C4C;R5C4C,00;00;00,EH?;EH?;EH?,2025-06-01T15:15:16.787000Z;2025-06-09T12:34:53.477000Z;2025-06-10T08:34:07.967000Z,2025-06-01T15:18:20.437000Z;2025-06-09T12:37:58.377000Z;2025-06-10T08:37:10.867000Z,RASPISHAKE;RASPISHAKE;RASPISHAKE,https://data.raspberryshake.org/fdsnws/dataselect/1/query;https://data.raspberryshake.org/fdsnws/dataselect/1/query;https://data.raspberryshake.org/fdsnws/dataselect/1/query,AM.R5C4C.noise.20250601T151518;AM.R5C4C.noise.20250609T123456;AM.R5C4C.noise.20250610T083409,ordered_three_chunk_concat_v1,3500;3500;3500,3500;3500;2000,0;3500;7000,3500;7000;9000
189,AM,R5C4C,00,EH?,2026-05-30T21:33:05.721000Z,2026-05-30T21:33:40.721000Z,event_template,5.0,18.96,100.0,preprocessing_v1_0_6,controlled-v1-case-0189,RASPISHAKE,https://data.raspberryshake.org/fdsnws/dataselect/1/query,AM.R5C4C.event.20260530T213305,AM;AM;AM,R5C4C;R5C4C;R5C4C,00;00;00,EH?;EH?;EH?,2025-06-01T15:15:16.787000Z;2025-06-09T12:34:53.477000Z;2025-06-10T08:34:07.967000Z,2025-06-01T15:18:20.437000Z;2025-06-09T12:37:58.377000Z;2025-06-10T08:37:10.867000Z,RASPISHAKE;RASPISHAKE;RASPISHAKE,https://data.raspberryshake.org/fdsnws/dataselect/1/query;https://data.raspberryshake.org/fdsnws/dataselect/1/query;https://data.raspberryshake.org/fdsnws/dataselect/1/query,AM.R5C4C.noise.20250601T151518;AM.R5C4C.noise.20250609T123456;AM.R5C4C.noise.20250610T083409,ordered_three_chunk_concat_v1,3500;3500;3500,3500;3500;2000,0;3500;7000,3500;7000;9000
190,AM,R5C4C,00,EH?,2026-05-31T21:44:52.521000Z,2026-05-31T21:45:27.521000Z,event_template,-5.0,53.67,100.0,preprocessing_v1_0_6,controlled-v1-case-0190,RASPISHAKE,https://data.raspberryshake.org/fdsnws/dataselect/1/query,AM.R5C4C.event.20260531T214452,AM;AM;AM,R5C4C;R5C4C;R5C4C,00;00;00,EH?;EH?;EH?,2025-06-04T20:32:03.427000Z;2025-06-06T02:58:33.267000Z;2025-06-08T09:18:51.517000Z,2025-06-04T20:35:07.457000Z;2025-06-06T03:01:37.617000Z;2025-06-08T09:21:55.837000Z,RASPISHAKE;RASPISHAKE;RASPISHAKE,https://data.raspberryshake.org/fdsnws/dataselect/1/query;https://data.raspberryshake.org/fdsnws/dataselect/1/query;https://data.raspberryshake.org/fdsnws/dataselect/1/query,AM.R5C4C.noise.20250604T203205;AM.R5C4C.noise.20250606T025835;AM.R5C4C.noise.20250608T091852,ordered_three_chunk_concat_v1,3500;3500;3500,3500;3500;2000,0;3500;7000,3500;7000;9000
191,AM,R5C4C,00,EH?,2026-05-31T21:44:52.521000Z,2026-05-31T21:45:27.521000Z,event_template,0.0,53.67,100.0,preprocessing_v1_0_6,controlled-v1-case-0191,RASPISHAKE,https://data.raspberryshake.org/fdsnws/dataselect/1/query,AM.R5C4C.event.20260531T214452,AM;AM;AM,R5C4C;R5C4C;R5C4C,00;00;00,EH?;EH?;EH?,2025-06-04T20:32:03.427000Z;2025-06-06T02:58:33.267000Z;2025-06-08T09:18:51.517000Z,2025-06-04T20:35:07.457000Z;2025-06-06T03:01:37.617000Z;2025-06-08T09:21:55.837000Z,RASPISHAKE;RASPISHAKE;RASPISHAKE,https://data.raspberryshake.org/fdsnws/dataselect/1/query;https://data.raspberryshake.org/fdsnws/dataselect/1/query;https://data.raspberryshake.org/fdsnws/dataselect/1/query,AM.R5C4C.noise.20250604T203205;AM.R5C4C.noise.20250606T025835;AM.R5C4C.noise.20250608T091852,ordered_three_chunk_concat_v1,3500;3500;3500,3500;3500;2000,0;3500;7000,3500;7000;9000
192,AM,R5C4C,00,EH?,2026-05-31T21:44:52.521000Z,2026-05-31T21:45:27.521000Z,event_template,5.0,53.67,100.0,preprocessing_v1_0_6,controlled-v1-case-0192,RASPISHAKE,https://data.raspberryshake.org/fdsnws/dataselect/1/query,AM.R5C4C.event.20260531T214452,AM;AM;AM,R5C4C;R5C4C;R5C4C,00;00;00,EH?;EH?;EH?,2025-06-04T20:32:03.427000Z;2025-06-06T02:58:33.267000Z;2025-06-08T09:18:51.517000Z,2025-06-04T20:35:07.457000Z;2025-06-06T03:01:37.617000Z;2025-06-08T09:21:55.837000Z,RASPISHAKE;RASPISHAKE;RASPISHAKE,https://data.raspberryshake.org/fdsnws/dataselect/1/query;https://data.raspberryshake.org/fdsnws/dataselect/1/query;https://data.raspberryshake.org/fdsnws/dataselect/1/query,AM.R5C4C.noise.20250604T203205;AM.R5C4C.noise.20250606T025835;AM.R5C4C.noise.20250608T091852,ordered_three_chunk_concat_v1,3500;3500;3500,3500;3500;2000,0;3500;7000,3500;7000;9000
193,AM,R663D,00,EH?,2025-09-24T22:28:21.140000Z,2025-09-24T22:28:56.140000Z,event_template,-5.0,61.75,100.0,preprocessing_v1_0_6,controlled-v1-case-0193,RASPISHAKE,https://data.raspberryshake.org/fdsnws/dataselect/1/query,AM.R663D.event.20250924T222821,AM;AM;AM,R663D;R663D;R663D,00;00;00,EH?;EH?;EH?,2025-08-08T03:19:36.810000Z;2025-08-05T19:08:24.540000Z;2025-07-31T19:10:52.850000Z,2025-08-08T03:22:40.690000Z;2025-08-05T19:11:28.440000Z;2025-07-31T19:13:57.310000Z,RASPISHAKE;RASPISHAKE;RASPISHAKE,https://data.raspberryshake.org/fdsnws/dataselect/1/query;https://data.raspberryshake.org/fdsnws/dataselect/1/query;https://data.raspberryshake.org/fdsnws/dataselect/1/query,AM.R663D.noise.20250808T031938;AM.R663D.noise.20250805T190826;AM.R663D.noise.20250731T191055,ordered_three_chunk_concat_v1,3500;3500;3500,3500;3500;2000,0;3500;7000,3500;7000;9000
194,AM,R663D,00,EH?,2025-09-24T22:28:21.140000Z,2025-09-24T22:28:56.140000Z,event_template,0.0,61.75,100.0,preprocessing_v1_0_6,controlled-v1-case-0194,RASPISHAKE,https://data.raspberryshake.org/fdsnws/dataselect/1/query,AM.R663D.event.20250924T222821,AM;AM;AM,R663D;R663D;R663D,00;00;00,EH?;EH?;EH?,2025-08-08T03:19:36.810000Z;2025-08-05T19:08:24.540000Z;2025-07-31T19:10:52.850000Z,2025-08-08T03:22:40.690000Z;2025-08-05T19:11:28.440000Z;2025-07-31T19:13:57.310000Z,RASPISHAKE;RASPISHAKE;RASPISHAKE,https://data.raspberryshake.org/fdsnws/dataselect/1/query;https://data.raspberryshake.org/fdsnws/dataselect/1/query;https://data.raspberryshake.org/fdsnws/dataselect/1/query,AM.R663D.noise.20250808T031938;AM.R663D.noise.20250805T190826;AM.R663D.noise.20250731T191055,ordered_three_chunk_concat_v1,3500;3500;3500,3500;3500;2000,0;3500;7000,3500;7000;9000
195,AM,R663D,00,EH?,2025-09-24T22:28:21.140000Z,2025-09-24T22:28:56.140000Z,event_template,5.0,61.75,100.0,preprocessing_v1_0_6,controlled-v1-case-0195,RASPISHAKE,https://data.raspberryshake.org/fdsnws/dataselect/1/query,AM.R663D.event.20250924T222821,AM;AM;AM,R663D;R663D;R663D,00;00;00,EH?;EH?;EH?,2025-08-08T03:19:36.810000Z;2025-08-05T19:08:24.540000Z;2025-07-31T19:10:52.850000Z,2025-08-08T03:22:40.690000Z;2025-08-05T19:11:28.440000Z;2025-07-31T19:13:57.310000Z,RASPISHAKE;RASPISHAKE;RASPISHAKE,https://data.raspberryshake.org/fdsnws/dataselect/1/query;https://data.raspberryshake.org/fdsnws/dataselect/1/query;https://data.raspberryshake.org/fdsnws/dataselect/1/query,AM.R663D.noise.20250808T031938;AM.R663D.noise.20250805T190826;AM.R663D.noise.20250731T191055,ordered_three_chunk_concat_v1,3500;3500;3500,3500;3500;2000,0;3500;7000,3500;7000;9000
196,AM,R663D,00,EH?,2025-11-27T17:19:25.693000Z,2025-11-27T17:20:00.693000Z,event_template,-5.0,40.82,100.0,preprocessing_v1_0_6,controlled-v1-case-0196,RASPISHAKE,https://data.raspberryshake.org/fdsnws/dataselect/1/query,AM.R663D.event.20251127T171925,AM;AM;AM,R663D;R663D;R663D,00;00;00,EH?;EH?;EH?,2025-08-01T15:41:23.290000Z;2025-08-04T16:57:58.810000Z;2025-08-04T02:04:43.050000Z,2025-08-01T15:44:26.140000Z;2025-08-04T17:01:01.120000Z;2025-08-04T02:07:46.830000Z,RASPISHAKE;RASPISHAKE;RASPISHAKE,https://data.raspberryshake.org/fdsnws/dataselect/1/query;https://data.raspberryshake.org/fdsnws/dataselect/1/query;https://data.raspberryshake.org/fdsnws/dataselect/1/query,AM.R663D.noise.20250801T154124;AM.R663D.noise.20250804T165759;AM.R663D.noise.20250804T020445,ordered_three_chunk_concat_v1,3500;3500;3500,3500;3500;2000,0;3500;7000,3500;7000;9000
197,AM,R663D,00,EH?,2025-11-27T17:19:25.693000Z,2025-11-27T17:20:00.693000Z,event_template,0.0,40.82,100.0,preprocessing_v1_0_6,controlled-v1-case-0197,RASPISHAKE,https://data.raspberryshake.org/fdsnws/dataselect/1/query,AM.R663D.event.20251127T171925,AM;AM;AM,R663D;R663D;R663D,00;00;00,EH?;EH?;EH?,2025-08-01T15:41:23.290000Z;2025-08-04T16:57:58.810000Z;2025-08-04T02:04:43.050000Z,2025-08-01T15:44:26.140000Z;2025-08-04T17:01:01.120000Z;2025-08-04T02:07:46.830000Z,RASPISHAKE;RASPISHAKE;RASPISHAKE,https://data.raspberryshake.org/fdsnws/dataselect/1/query;https://data.raspberryshake.org/fdsnws/dataselect/1/query;https://data.raspberryshake.org/fdsnws/dataselect/1/query,AM.R663D.noise.20250801T154124;AM.R663D.noise.20250804T165759;AM.R663D.noise.20250804T020445,ordered_three_chunk_concat_v1,3500;3500;3500,3500;3500;2000,0;3500;7000,3500;7000;9000
198,AM,R663D,00,EH?,2025-11-27T17:19:25.693000Z,2025-11-27T17:20:00.693000Z,event_template,5.0,40.82,100.0,preprocessing_v1_0_6,controlled-v1-case-0198,RASPISHAKE,https://data.raspberryshake.org/fdsnws/dataselect/1/query,AM.R663D.event.20251127T171925,AM;AM;AM,R663D;R663D;R663D,00;00;00,EH?;EH?;EH?,2025-08-01T15:41:23.290000Z;2025-08-04T16:57:58.810000Z;2025-08-04T02:04:43.050000Z,2025-08-01T15:44:26.140000Z;2025-08-04T17:01:01.120000Z;2025-08-04T02:07:46.830000Z,RASPISHAKE;RASPISHAKE;RASPISHAKE,https://data.raspberryshake.org/fdsnws/dataselect/1/query;https://data.raspberryshake.org/fdsnws/dataselect/1/query;https://data.raspberryshake.org/fdsnws/dataselect/1/query,AM.R663D.noise.20250801T154124;AM.R663D.noise.20250804T165759;AM.R663D.noise.20250804T020445,ordered_three_chunk_concat_v1,3500;3500;3500,3500;3500;2000,0;3500;7000,3500;7000;9000
199,AM,R663D,00,EH?,2025-12-08T14:27:47.843000Z,2025-12-08T14:28:22.843000Z,event_template,-5.0,49.18,100.0,preprocessing_v1_0_6,controlled-v1-case-0199,RASPISHAKE,https://data.raspberryshake.org/fdsnws/dataselect/1/query,AM.R663D.event.20251208T142747,AM;AM;AM,R663D;R663D;R663D,00;00;00,EH?;EH?;EH?,2025-07-31T11:31:32.220000Z;2025-08-01T14:26:16.040000Z;2025-08-02T09:08:39.810000Z,2025-07-31T11:34:36.250000Z;2025-08-01T14:29:19.640000Z;2025-08-02T09:11:42.180000Z,RASPISHAKE;RASPISHAKE;RASPISHAKE,https://data.raspberryshake.org/fdsnws/dataselect/1/query;https://data.raspberryshake.org/fdsnws/dataselect/1/query;https://data.raspberryshake.org/fdsnws/dataselect/1/query,AM.R663D.noise.20250731T113134;AM.R663D.noise.20250801T142617;AM.R663D.noise.20250802T090840,ordered_three_chunk_concat_v1,3500;3500;3500,3500;3500;2000,0;3500;7000,3500;7000;9000
200,AM,R663D,00,EH?,2025-12-08T14:27:47.843000Z,2025-12-08T14:28:22.843000Z,event_template,0.0,49.18,100.0,preprocessing_v1_0_6,controlled-v1-case-0200,RASPISHAKE,https://data.raspberryshake.org/fdsnws/dataselect/1/query,AM.R663D.event.20251208T142747,AM;AM;AM,R663D;R663D;R663D,00;00;00,EH?;EH?;EH?,2025-07-31T11:31:32.220000Z;2025-08-01T14:26:16.040000Z;2025-08-02T09:08:39.810000Z,2025-07-31T11:34:36.250000Z;2025-08-01T14:29:19.640000Z;2025-08-02T09:11:42.180000Z,RASPISHAKE;RASPISHAKE;RASPISHAKE,https://data.raspberryshake.org/fdsnws/dataselect/1/query;https://data.raspberryshake.org/fdsnws/dataselect/1/query;https://data.raspberryshake.org/fdsnws/dataselect/1/query,AM.R663D.noise.20250731T113134;AM.R663D.noise.20250801T142617;AM.R663D.noise.20250802T090840,ordered_three_chunk_concat_v1,3500;3500;3500,3500;3500;2000,0;3500;7000,3500;7000;9000
201,AM,R663D,00,EH?,2025-12-08T14:27:47.843000Z,2025-12-08T14:28:22.843000Z,event_template,5.0,49.18,100.0,preprocessing_v1_0_6,controlled-v1-case-0201,RASPISHAKE,https://data.raspberryshake.org/fdsnws/dataselect/1/query,AM.R663D.event.20251208T142747,AM;AM;AM,R663D;R663D;R663D,00;00;00,EH?;EH?;EH?,2025-07-31T11:31:32.220000Z;2025-08-01T14:26:16.040000Z;2025-08-02T09:08:39.810000Z,2025-07-31T11:34:36.250000Z;2025-08-01T14:29:19.640000Z;2025-08-02T09:11:42.180000Z,RASPISHAKE;RASPISHAKE;RASPISHAKE,https://data.raspberryshake.org/fdsnws/dataselect/1/query;https://data.raspberryshake.org/fdsnws/dataselect/1/query;https://data.raspberryshake.org/fdsnws/dataselect/1/query,AM.R663D.noise.20250731T113134;AM.R663D.noise.20250801T142617;AM.R663D.noise.20250802T090840,ordered_three_chunk_concat_v1,3500;3500;3500,3500;3500;2000,0;3500;7000,3500;7000;9000
202,AM,R663D,00,EH?,2026-01-01T06:54:17.503000Z,2026-01-01T06:54:52.503000Z,event_template,-5.0,33.77,100.0,preprocessing_v1_0_6,controlled-v1-case-0202,RASPISHAKE,https://data.raspberryshake.org/fdsnws/dataselect/1/query,AM.R663D.event.20260101T065417,AM;AM;AM,R663D;R663D;R663D,00;00;00,EH?;EH?;EH?,2025-08-01T19:29:00.880000Z;2025-08-08T23:30:50.930000Z;2025-08-07T00:00:23.930000Z,2025-08-01T19:32:04.270000Z;2025-08-08T23:33:54.930000Z;2025-08-07T00:03:28.130000Z,RASPISHAKE;RASPISHAKE;RASPISHAKE,https://data.raspberryshake.org/fdsnws/dataselect/1/query;https://data.raspberryshake.org/fdsnws/dataselect/1/query;https://data.raspberryshake.org/fdsnws/dataselect/1/query,AM.R663D.noise.20250801T192902;AM.R663D.noise.20250808T233053;AM.R663D.noise.20250807T000025,ordered_three_chunk_concat_v1,3500;3500;3500,3500;3500;2000,0;3500;7000,3500;7000;9000
203,AM,R663D,00,EH?,2026-01-01T06:54:17.503000Z,2026-01-01T06:54:52.503000Z,event_template,0.0,33.77,100.0,preprocessing_v1_0_6,controlled-v1-case-0203,RASPISHAKE,https://data.raspberryshake.org/fdsnws/dataselect/1/query,AM.R663D.event.20260101T065417,AM;AM;AM,R663D;R663D;R663D,00;00;00,EH?;EH?;EH?,2025-08-01T19:29:00.880000Z;2025-08-08T23:30:50.930000Z;2025-08-07T00:00:23.930000Z,2025-08-01T19:32:04.270000Z;2025-08-08T23:33:54.930000Z;2025-08-07T00:03:28.130000Z,RASPISHAKE;RASPISHAKE;RASPISHAKE,https://data.raspberryshake.org/fdsnws/dataselect/1/query;https://data.raspberryshake.org/fdsnws/dataselect/1/query;https://data.raspberryshake.org/fdsnws/dataselect/1/query,AM.R663D.noise.20250801T192902;AM.R663D.noise.20250808T233053;AM.R663D.noise.20250807T000025,ordered_three_chunk_concat_v1,3500;3500;3500,3500;3500;2000,0;3500;7000,3500;7000;9000
204,AM,R663D,00,EH?,2026-01-01T06:54:17.503000Z,2026-01-01T06:54:52.503000Z,event_template,5.0,33.77,100.0,preprocessing_v1_0_6,controlled-v1-case-0204,RASPISHAKE,https://data.raspberryshake.org/fdsnws/dataselect/1/query,AM.R663D.event.20260101T065417,AM;AM;AM,R663D;R663D;R663D,00;00;00,EH?;EH?;EH?,2025-08-01T19:29:00.880000Z;2025-08-08T23:30:50.930000Z;2025-08-07T00:00:23.930000Z,2025-08-01T19:32:04.270000Z;2025-08-08T23:33:54.930000Z;2025-08-07T00:03:28.130000Z,RASPISHAKE;RASPISHAKE;RASPISHAKE,https://data.raspberryshake.org/fdsnws/dataselect/1/query;https://data.raspberryshake.org/fdsnws/dataselect/1/query;https://data.raspberryshake.org/fdsnws/dataselect/1/query,AM.R663D.noise.20250801T192902;AM.R663D.noise.20250808T233053;AM.R663D.noise.20250807T000025,ordered_three_chunk_concat_v1,3500;3500;3500,3500;3500;2000,0;3500;7000,3500;7000;9000
205,AM,R663D,00,EH?,2026-01-13T07:46:18.183000Z,2026-01-13T07:46:53.183000Z,event_template,-5.0,35.47,100.0,preprocessing_v1_0_6,controlled-v1-case-0205,RASPISHAKE,https://data.raspberryshake.org/fdsnws/dataselect/1/query,AM.R663D.event.20260113T074618,AM;AM;AM,R663D;R663D;R663D,00;00;00,EH?;EH?;EH?,2025-08-08T23:30:50.930000Z;2025-08-01T19:29:00.880000Z;2025-08-08T16:51:18.280000Z,2025-08-08T23:33:54.930000Z;2025-08-01T19:32:04.270000Z;2025-08-08T16:54:22.210000Z,RASPISHAKE;RASPISHAKE;RASPISHAKE,https://data.raspberryshake.org/fdsnws/dataselect/1/query;https://data.raspberryshake.org/fdsnws/dataselect/1/query;https://data.raspberryshake.org/fdsnws/dataselect/1/query,AM.R663D.noise.20250808T233053;AM.R663D.noise.20250801T192902;AM.R663D.noise.20250808T165120,ordered_three_chunk_concat_v1,3500;3500;3500,3500;3500;2000,0;3500;7000,3500;7000;9000
206,AM,R663D,00,EH?,2026-01-13T07:46:18.183000Z,2026-01-13T07:46:53.183000Z,event_template,0.0,35.47,100.0,preprocessing_v1_0_6,controlled-v1-case-0206,RASPISHAKE,https://data.raspberryshake.org/fdsnws/dataselect/1/query,AM.R663D.event.20260113T074618,AM;AM;AM,R663D;R663D;R663D,00;00;00,EH?;EH?;EH?,2025-08-08T23:30:50.930000Z;2025-08-01T19:29:00.880000Z;2025-08-08T16:51:18.280000Z,2025-08-08T23:33:54.930000Z;2025-08-01T19:32:04.270000Z;2025-08-08T16:54:22.210000Z,RASPISHAKE;RASPISHAKE;RASPISHAKE,https://data.raspberryshake.org/fdsnws/dataselect/1/query;https://data.raspberryshake.org/fdsnws/dataselect/1/query;https://data.raspberryshake.org/fdsnws/dataselect/1/query,AM.R663D.noise.20250808T233053;AM.R663D.noise.20250801T192902;AM.R663D.noise.20250808T165120,ordered_three_chunk_concat_v1,3500;3500;3500,3500;3500;2000,0;3500;7000,3500;7000;9000
207,AM,R663D,00,EH?,2026-01-13T07:46:18.183000Z,2026-01-13T07:46:53.183000Z,event_template,5.0,35.47,100.0,preprocessing_v1_0_6,controlled-v1-case-0207,RASPISHAKE,https://data.raspberryshake.org/fdsnws/dataselect/1/query,AM.R663D.event.20260113T074618,AM;AM;AM,R663D;R663D;R663D,00;00;00,EH?;EH?;EH?,2025-08-08T23:30:50.930000Z;2025-08-01T19:29:00.880000Z;2025-08-08T16:51:18.280000Z,2025-08-08T23:33:54.930000Z;2025-08-01T19:32:04.270000Z;2025-08-08T16:54:22.210000Z,RASPISHAKE;RASPISHAKE;RASPISHAKE,https://data.raspberryshake.org/fdsnws/dataselect/1/query;https://data.raspberryshake.org/fdsnws/dataselect/1/query;https://data.raspberryshake.org/fdsnws/dataselect/1/query,AM.R663D.noise.20250808T233053;AM.R663D.noise.20250801T192902;AM.R663D.noise.20250808T165120,ordered_three_chunk_concat_v1,3500;3500;3500,3500;3500;2000,0;3500;7000,3500;7000;9000
208,AM,R663D,00,EH?,2026-01-22T12:53:49.773000Z,2026-01-22T12:54:24.773000Z,event_template,-5.0,19.26,100.0,preprocessing_v1_0_6,controlled-v1-case-0208,RASPISHAKE,https://data.raspberryshake.org/fdsnws/dataselect/1/query,AM.R663D.event.20260122T125349,AM;AM;AM,R663D;R663D;R663D,00;00;00,EH?;EH?;EH?,2025-08-07T20:24:08.510000Z;2025-08-09T10:09:24.660000Z;2025-08-07T09:44:45.920000Z,2025-08-07T20:27:10.930000Z;2025-08-09T10:12:28.130000Z;2025-08-07T09:47:49.200000Z,RASPISHAKE;RASPISHAKE;RASPISHAKE,https://data.raspberryshake.org/fdsnws/dataselect/1/query;https://data.raspberryshake.org/fdsnws/dataselect/1/query;https://data.raspberryshake.org/fdsnws/dataselect/1/query,AM.R663D.noise.20250807T202408;AM.R663D.noise.20250809T100926;AM.R663D.noise.20250807T094447,ordered_three_chunk_concat_v1,3500;3500;3500,3500;3500;2000,0;3500;7000,3500;7000;9000
209,AM,R663D,00,EH?,2026-01-22T12:53:49.773000Z,2026-01-22T12:54:24.773000Z,event_template,0.0,19.26,100.0,preprocessing_v1_0_6,controlled-v1-case-0209,RASPISHAKE,https://data.raspberryshake.org/fdsnws/dataselect/1/query,AM.R663D.event.20260122T125349,AM;AM;AM,R663D;R663D;R663D,00;00;00,EH?;EH?;EH?,2025-08-07T20:24:08.510000Z;2025-08-09T10:09:24.660000Z;2025-08-07T09:44:45.920000Z,2025-08-07T20:27:10.930000Z;2025-08-09T10:12:28.130000Z;2025-08-07T09:47:49.200000Z,RASPISHAKE;RASPISHAKE;RASPISHAKE,https://data.raspberryshake.org/fdsnws/dataselect/1/query;https://data.raspberryshake.org/fdsnws/dataselect/1/query;https://data.raspberryshake.org/fdsnws/dataselect/1/query,AM.R663D.noise.20250807T202408;AM.R663D.noise.20250809T100926;AM.R663D.noise.20250807T094447,ordered_three_chunk_concat_v1,3500;3500;3500,3500;3500;2000,0;3500;7000,3500;7000;9000
210,AM,R663D,00,EH?,2026-01-22T12:53:49.773000Z,2026-01-22T12:54:24.773000Z,event_template,5.0,19.26,100.0,preprocessing_v1_0_6,controlled-v1-case-0210,RASPISHAKE,https://data.raspberryshake.org/fdsnws/dataselect/1/query,AM.R663D.event.20260122T125349,AM;AM;AM,R663D;R663D;R663D,00;00;00,EH?;EH?;EH?,2025-08-07T20:24:08.510000Z;2025-08-09T10:09:24.660000Z;2025-08-07T09:44:45.920000Z,2025-08-07T20:27:10.930000Z;2025-08-09T10:12:28.130000Z;2025-08-07T09:47:49.200000Z,RASPISHAKE;RASPISHAKE;RASPISHAKE,https://data.raspberryshake.org/fdsnws/dataselect/1/query;https://data.raspberryshake.org/fdsnws/dataselect/1/query;https://data.raspberryshake.org/fdsnws/dataselect/1/query,AM.R663D.noise.20250807T202408;AM.R663D.noise.20250809T100926;AM.R663D.noise.20250807T094447,ordered_three_chunk_concat_v1,3500;3500;3500,3500;3500;2000,0;3500;7000,3500;7000;9000
211,AM,R663D,00,EH?,2026-02-12T13:45:45.327000Z,2026-02-12T13:46:20.327000Z,event_template,-5.0,18.24,100.0,preprocessing_v1_0_6,controlled-v1-case-0211,RASPISHAKE,https://data.raspberryshake.org/fdsnws/dataselect/1/query,AM.R663D.event.20260212T134545,AM;AM;AM,R663D;R663D;R663D,00;00;00,EH?;EH?;EH?,2025-08-02T01:33:45.410000Z;2025-08-02T09:08:39.810000Z;2025-08-05T19:04:44.280000Z,2025-08-02T01:36:49.890000Z;2025-08-02T09:11:42.180000Z;2025-08-05T19:07:48.350000Z,RASPISHAKE;RASPISHAKE;RASPISHAKE,https://data.raspberryshake.org/fdsnws/dataselect/1/query;https://data.raspberryshake.org/fdsnws/dataselect/1/query;https://data.raspberryshake.org/fdsnws/dataselect/1/query,AM.R663D.noise.20250802T013347;AM.R663D.noise.20250802T090840;AM.R663D.noise.20250805T190446,ordered_three_chunk_concat_v1,3500;3500;3500,3500;3500;2000,0;3500;7000,3500;7000;9000
212,AM,R663D,00,EH?,2026-02-12T13:45:45.327000Z,2026-02-12T13:46:20.327000Z,event_template,0.0,18.24,100.0,preprocessing_v1_0_6,controlled-v1-case-0212,RASPISHAKE,https://data.raspberryshake.org/fdsnws/dataselect/1/query,AM.R663D.event.20260212T134545,AM;AM;AM,R663D;R663D;R663D,00;00;00,EH?;EH?;EH?,2025-08-02T01:33:45.410000Z;2025-08-02T09:08:39.810000Z;2025-08-05T19:04:44.280000Z,2025-08-02T01:36:49.890000Z;2025-08-02T09:11:42.180000Z;2025-08-05T19:07:48.350000Z,RASPISHAKE;RASPISHAKE;RASPISHAKE,https://data.raspberryshake.org/fdsnws/dataselect/1/query;https://data.raspberryshake.org/fdsnws/dataselect/1/query;https://data.raspberryshake.org/fdsnws/dataselect/1/query,AM.R663D.noise.20250802T013347;AM.R663D.noise.20250802T090840;AM.R663D.noise.20250805T190446,ordered_three_chunk_concat_v1,3500;3500;3500,3500;3500;2000,0;3500;7000,3500;7000;9000
213,AM,R663D,00,EH?,2026-02-12T13:45:45.327000Z,2026-02-12T13:46:20.327000Z,event_template,5.0,18.24,100.0,preprocessing_v1_0_6,controlled-v1-case-0213,RASPISHAKE,https://data.raspberryshake.org/fdsnws/dataselect/1/query,AM.R663D.event.20260212T134545,AM;AM;AM,R663D;R663D;R663D,00;00;00,EH?;EH?;EH?,2025-08-02T01:33:45.410000Z;2025-08-02T09:08:39.810000Z;2025-08-05T19:04:44.280000Z,2025-08-02T01:36:49.890000Z;2025-08-02T09:11:42.180000Z;2025-08-05T19:07:48.350000Z,RASPISHAKE;RASPISHAKE;RASPISHAKE,https://data.raspberryshake.org/fdsnws/dataselect/1/query;https://data.raspberryshake.org/fdsnws/dataselect/1/query;https://data.raspberryshake.org/fdsnws/dataselect/1/query,AM.R663D.noise.20250802T013347;AM.R663D.noise.20250802T090840;AM.R663D.noise.20250805T190446,ordered_three_chunk_concat_v1,3500;3500;3500,3500;3500;2000,0;3500;7000,3500;7000;9000
214,AM,R663D,00,EH?,2026-05-25T22:02:38.438000Z,2026-05-25T22:03:13.438000Z,event_template,-5.0,40.03,100.0,preprocessing_v1_0_6,controlled-v1-case-0214,RASPISHAKE,https://data.raspberryshake.org/fdsnws/dataselect/1/query,AM.R663D.event.20260525T220238,AM;AM;AM,R663D;R663D;R663D,00;00;00,EH?;EH?;EH?,2025-07-31T04:22:51.590000Z;2025-08-05T07:43:05.340000Z;2025-07-31T23:03:49.890000Z,2025-07-31T04:25:55.510000Z;2025-08-05T07:46:08.880000Z;2025-07-31T23:06:53.730000Z,RASPISHAKE;RASPISHAKE;RASPISHAKE,https://data.raspberryshake.org/fdsnws/dataselect/1/query;https://data.raspberryshake.org/fdsnws/dataselect/1/query;https://data.raspberryshake.org/fdsnws/dataselect/1/query,AM.R663D.noise.20250731T042253;AM.R663D.noise.20250805T074307;AM.R663D.noise.20250731T230351,ordered_three_chunk_concat_v1,3500;3500;3500,3500;3500;2000,0;3500;7000,3500;7000;9000
215,AM,R663D,00,EH?,2026-05-25T22:02:38.438000Z,2026-05-25T22:03:13.438000Z,event_template,0.0,40.03,100.0,preprocessing_v1_0_6,controlled-v1-case-0215,RASPISHAKE,https://data.raspberryshake.org/fdsnws/dataselect/1/query,AM.R663D.event.20260525T220238,AM;AM;AM,R663D;R663D;R663D,00;00;00,EH?;EH?;EH?,2025-07-31T04:22:51.590000Z;2025-08-05T07:43:05.340000Z;2025-07-31T23:03:49.890000Z,2025-07-31T04:25:55.510000Z;2025-08-05T07:46:08.880000Z;2025-07-31T23:06:53.730000Z,RASPISHAKE;RASPISHAKE;RASPISHAKE,https://data.raspberryshake.org/fdsnws/dataselect/1/query;https://data.raspberryshake.org/fdsnws/dataselect/1/query;https://data.raspberryshake.org/fdsnws/dataselect/1/query,AM.R663D.noise.20250731T042253;AM.R663D.noise.20250805T074307;AM.R663D.noise.20250731T230351,ordered_three_chunk_concat_v1,3500;3500;3500,3500;3500;2000,0;3500;7000,3500;7000;9000
216,AM,R663D,00,EH?,2026-05-25T22:02:38.438000Z,2026-05-25T22:03:13.438000Z,event_template,5.0,40.03,100.0,preprocessing_v1_0_6,controlled-v1-case-0216,RASPISHAKE,https://data.raspberryshake.org/fdsnws/dataselect/1/query,AM.R663D.event.20260525T220238,AM;AM;AM,R663D;R663D;R663D,00;00;00,EH?;EH?;EH?,2025-07-31T04:22:51.590000Z;2025-08-05T07:43:05.340000Z;2025-07-31T23:03:49.890000Z,2025-07-31T04:25:55.510000Z;2025-08-05T07:46:08.880000Z;2025-07-31T23:06:53.730000Z,RASPISHAKE;RASPISHAKE;RASPISHAKE,https://data.raspberryshake.org/fdsnws/dataselect/1/query;https://data.raspberryshake.org/fdsnws/dataselect/1/query;https://data.raspberryshake.org/fdsnws/dataselect/1/query,AM.R663D.noise.20250731T042253;AM.R663D.noise.20250805T074307;AM.R663D.noise.20250731T230351,ordered_three_chunk_concat_v1,3500;3500;3500,3500;3500;2000,0;3500;7000,3500;7000;9000
217,AM,R686A,00,EH?,2026-05-03T12:12:44.440000Z,2026-05-03T12:13:19.440000Z,event_template,-5.0,40.09,100.0,preprocessing_v1_0_6,controlled-v1-case-0217,RASPISHAKE,https://data.raspberryshake.org/fdsnws/dataselect/1/query,AM.R686A.event.20260503T121244,AM;AM;AM,R686A;R686A;R686A,00;00;00,EH?;EH?;EH?,2025-06-10T11:38:05.045000Z;2025-06-09T12:34:50.935000Z;2025-06-03T19:32:19.745000Z,2025-06-10T11:41:09.965000Z;2025-06-09T12:37:59.795000Z;2025-06-03T19:35:26.025000Z,RASPISHAKE;RASPISHAKE;RASPISHAKE,https://data.raspberryshake.org/fdsnws/dataselect/1/query;https://data.raspberryshake.org/fdsnws/dataselect/1/query;https://data.raspberryshake.org/fdsnws/dataselect/1/query,AM.R686A.noise.20250610T113808;AM.R686A.noise.20250609T123456;AM.R686A.noise.20250603T193222,ordered_three_chunk_concat_v1,3500;3500;3500,3500;3500;2000,0;3500;7000,3500;7000;9000
218,AM,R686A,00,EH?,2026-05-03T12:12:44.440000Z,2026-05-03T12:13:19.440000Z,event_template,0.0,40.09,100.0,preprocessing_v1_0_6,controlled-v1-case-0218,RASPISHAKE,https://data.raspberryshake.org/fdsnws/dataselect/1/query,AM.R686A.event.20260503T121244,AM;AM;AM,R686A;R686A;R686A,00;00;00,EH?;EH?;EH?,2025-06-10T11:38:05.045000Z;2025-06-09T12:34:50.935000Z;2025-06-03T19:32:19.745000Z,2025-06-10T11:41:09.965000Z;2025-06-09T12:37:59.795000Z;2025-06-03T19:35:26.025000Z,RASPISHAKE;RASPISHAKE;RASPISHAKE,https://data.raspberryshake.org/fdsnws/dataselect/1/query;https://data.raspberryshake.org/fdsnws/dataselect/1/query;https://data.raspberryshake.org/fdsnws/dataselect/1/query,AM.R686A.noise.20250610T113808;AM.R686A.noise.20250609T123456;AM.R686A.noise.20250603T193222,ordered_three_chunk_concat_v1,3500;3500;3500,3500;3500;2000,0;3500;7000,3500;7000;9000
219,AM,R686A,00,EH?,2026-05-03T12:12:44.440000Z,2026-05-03T12:13:19.440000Z,event_template,5.0,40.09,100.0,preprocessing_v1_0_6,controlled-v1-case-0219,RASPISHAKE,https://data.raspberryshake.org/fdsnws/dataselect/1/query,AM.R686A.event.20260503T121244,AM;AM;AM,R686A;R686A;R686A,00;00;00,EH?;EH?;EH?,2025-06-10T11:38:05.045000Z;2025-06-09T12:34:50.935000Z;2025-06-03T19:32:19.745000Z,2025-06-10T11:41:09.965000Z;2025-06-09T12:37:59.795000Z;2025-06-03T19:35:26.025000Z,RASPISHAKE;RASPISHAKE;RASPISHAKE,https://data.raspberryshake.org/fdsnws/dataselect/1/query;https://data.raspberryshake.org/fdsnws/dataselect/1/query;https://data.raspberryshake.org/fdsnws/dataselect/1/query,AM.R686A.noise.20250610T113808;AM.R686A.noise.20250609T123456;AM.R686A.noise.20250603T193222,ordered_three_chunk_concat_v1,3500;3500;3500,3500;3500;2000,0;3500;7000,3500;7000;9000
220,AM,R686A,00,EH?,2026-05-04T03:13:22.140000Z,2026-05-04T03:13:57.140000Z,event_template,-5.0,41.42,100.0,preprocessing_v1_0_6,controlled-v1-case-0220,RASPISHAKE,https://data.raspberryshake.org/fdsnws/dataselect/1/query,AM.R686A.event.20260504T031322,AM;AM;AM,R686A;R686A;R686A,00;00;00,EH?;EH?;EH?,2025-06-04T04:12:22.485000Z;2025-06-07T14:44:15.125000Z;2025-06-09T03:14:05.145000Z,2025-06-04T04:15:28.305000Z;2025-06-07T14:47:22.145000Z;2025-06-09T03:17:10.695000Z,RASPISHAKE;RASPISHAKE;RASPISHAKE,https://data.raspberryshake.org/fdsnws/dataselect/1/query;https://data.raspberryshake.org/fdsnws/dataselect/1/query;https://data.raspberryshake.org/fdsnws/dataselect/1/query,AM.R686A.noise.20250604T041225;AM.R686A.noise.20250607T144418;AM.R686A.noise.20250609T031408,ordered_three_chunk_concat_v1,3500;3500;3500,3500;3500;2000,0;3500;7000,3500;7000;9000
221,AM,R686A,00,EH?,2026-05-04T03:13:22.140000Z,2026-05-04T03:13:57.140000Z,event_template,0.0,41.42,100.0,preprocessing_v1_0_6,controlled-v1-case-0221,RASPISHAKE,https://data.raspberryshake.org/fdsnws/dataselect/1/query,AM.R686A.event.20260504T031322,AM;AM;AM,R686A;R686A;R686A,00;00;00,EH?;EH?;EH?,2025-06-04T04:12:22.485000Z;2025-06-07T14:44:15.125000Z;2025-06-09T03:14:05.145000Z,2025-06-04T04:15:28.305000Z;2025-06-07T14:47:22.145000Z;2025-06-09T03:17:10.695000Z,RASPISHAKE;RASPISHAKE;RASPISHAKE,https://data.raspberryshake.org/fdsnws/dataselect/1/query;https://data.raspberryshake.org/fdsnws/dataselect/1/query;https://data.raspberryshake.org/fdsnws/dataselect/1/query,AM.R686A.noise.20250604T041225;AM.R686A.noise.20250607T144418;AM.R686A.noise.20250609T031408,ordered_three_chunk_concat_v1,3500;3500;3500,3500;3500;2000,0;3500;7000,3500;7000;9000
222,AM,R686A,00,EH?,2026-05-04T03:13:22.140000Z,2026-05-04T03:13:57.140000Z,event_template,5.0,41.42,100.0,preprocessing_v1_0_6,controlled-v1-case-0222,RASPISHAKE,https://data.raspberryshake.org/fdsnws/dataselect/1/query,AM.R686A.event.20260504T031322,AM;AM;AM,R686A;R686A;R686A,00;00;00,EH?;EH?;EH?,2025-06-04T04:12:22.485000Z;2025-06-07T14:44:15.125000Z;2025-06-09T03:14:05.145000Z,2025-06-04T04:15:28.305000Z;2025-06-07T14:47:22.145000Z;2025-06-09T03:17:10.695000Z,RASPISHAKE;RASPISHAKE;RASPISHAKE,https://data.raspberryshake.org/fdsnws/dataselect/1/query;https://data.raspberryshake.org/fdsnws/dataselect/1/query;https://data.raspberryshake.org/fdsnws/dataselect/1/query,AM.R686A.noise.20250604T041225;AM.R686A.noise.20250607T144418;AM.R686A.noise.20250609T031408,ordered_three_chunk_concat_v1,3500;3500;3500,3500;3500;2000,0;3500;7000,3500;7000;9000
223,AM,R686A,00,EH?,2026-05-05T02:40:44.180000Z,2026-05-05T02:41:19.180000Z,event_template,-5.0,33.01,100.0,preprocessing_v1_0_6,controlled-v1-case-0223,RASPISHAKE,https://data.raspberryshake.org/fdsnws/dataselect/1/query,AM.R686A.event.20260505T024044,AM;AM;AM,R686A;R686A;R686A,00;00;00,EH?;EH?;EH?,2025-06-01T06:27:38.835000Z;2025-06-06T16:03:38.575000Z;2025-06-04T04:12:22.485000Z,2025-06-01T06:30:44.495000Z;2025-06-06T16:06:43.355000Z;2025-06-04T04:15:28.305000Z,RASPISHAKE;RASPISHAKE;RASPISHAKE,https://data.raspberryshake.org/fdsnws/dataselect/1/query;https://data.raspberryshake.org/fdsnws/dataselect/1/query;https://data.raspberryshake.org/fdsnws/dataselect/1/query,AM.R686A.noise.20250601T062741;AM.R686A.noise.20250606T160341;AM.R686A.noise.20250604T041225,ordered_three_chunk_concat_v1,3500;3500;3500,3500;3500;2000,0;3500;7000,3500;7000;9000
224,AM,R686A,00,EH?,2026-05-05T02:40:44.180000Z,2026-05-05T02:41:19.180000Z,event_template,0.0,33.01,100.0,preprocessing_v1_0_6,controlled-v1-case-0224,RASPISHAKE,https://data.raspberryshake.org/fdsnws/dataselect/1/query,AM.R686A.event.20260505T024044,AM;AM;AM,R686A;R686A;R686A,00;00;00,EH?;EH?;EH?,2025-06-01T06:27:38.835000Z;2025-06-06T16:03:38.575000Z;2025-06-04T04:12:22.485000Z,2025-06-01T06:30:44.495000Z;2025-06-06T16:06:43.355000Z;2025-06-04T04:15:28.305000Z,RASPISHAKE;RASPISHAKE;RASPISHAKE,https://data.raspberryshake.org/fdsnws/dataselect/1/query;https://data.raspberryshake.org/fdsnws/dataselect/1/query;https://data.raspberryshake.org/fdsnws/dataselect/1/query,AM.R686A.noise.20250601T062741;AM.R686A.noise.20250606T160341;AM.R686A.noise.20250604T041225,ordered_three_chunk_concat_v1,3500;3500;3500,3500;3500;2000,0;3500;7000,3500;7000;9000
225,AM,R686A,00,EH?,2026-05-05T02:40:44.180000Z,2026-05-05T02:41:19.180000Z,event_template,5.0,33.01,100.0,preprocessing_v1_0_6,controlled-v1-case-0225,RASPISHAKE,https://data.raspberryshake.org/fdsnws/dataselect/1/query,AM.R686A.event.20260505T024044,AM;AM;AM,R686A;R686A;R686A,00;00;00,EH?;EH?;EH?,2025-06-01T06:27:38.835000Z;2025-06-06T16:03:38.575000Z;2025-06-04T04:12:22.485000Z,2025-06-01T06:30:44.495000Z;2025-06-06T16:06:43.355000Z;2025-06-04T04:15:28.305000Z,RASPISHAKE;RASPISHAKE;RASPISHAKE,https://data.raspberryshake.org/fdsnws/dataselect/1/query;https://data.raspberryshake.org/fdsnws/dataselect/1/query;https://data.raspberryshake.org/fdsnws/dataselect/1/query,AM.R686A.noise.20250601T062741;AM.R686A.noise.20250606T160341;AM.R686A.noise.20250604T041225,ordered_three_chunk_concat_v1,3500;3500;3500,3500;3500;2000,0;3500;7000,3500;7000;9000
226,AM,R686A,00,EH?,2026-05-07T17:45:38.469000Z,2026-05-07T17:46:13.469000Z,event_template,-5.0,38.36,100.0,preprocessing_v1_0_6,controlled-v1-case-0226,RASPISHAKE,https://data.raspberryshake.org/fdsnws/dataselect/1/query,AM.R686A.event.20260507T174538,AM;AM;AM,R686A;R686A;R686A,00;00;00,EH?;EH?;EH?,2025-06-02T17:28:14.805000Z;2025-06-08T09:18:50.175000Z;2025-06-10T08:34:04.215000Z,2025-06-02T17:31:17.685000Z;2025-06-08T09:21:56.845000Z;2025-06-10T08:37:13.905000Z,RASPISHAKE;RASPISHAKE;RASPISHAKE,https://data.raspberryshake.org/fdsnws/dataselect/1/query;https://data.raspberryshake.org/fdsnws/dataselect/1/query;https://data.raspberryshake.org/fdsnws/dataselect/1/query,AM.R686A.noise.20250602T172817;AM.R686A.noise.20250608T091852;AM.R686A.noise.20250610T083409,ordered_three_chunk_concat_v1,3500;3500;3500,3500;3500;2000,0;3500;7000,3500;7000;9000
227,AM,R686A,00,EH?,2026-05-07T17:45:38.469000Z,2026-05-07T17:46:13.469000Z,event_template,0.0,38.36,100.0,preprocessing_v1_0_6,controlled-v1-case-0227,RASPISHAKE,https://data.raspberryshake.org/fdsnws/dataselect/1/query,AM.R686A.event.20260507T174538,AM;AM;AM,R686A;R686A;R686A,00;00;00,EH?;EH?;EH?,2025-06-02T17:28:14.805000Z;2025-06-08T09:18:50.175000Z;2025-06-10T08:34:04.215000Z,2025-06-02T17:31:17.685000Z;2025-06-08T09:21:56.845000Z;2025-06-10T08:37:13.905000Z,RASPISHAKE;RASPISHAKE;RASPISHAKE,https://data.raspberryshake.org/fdsnws/dataselect/1/query;https://data.raspberryshake.org/fdsnws/dataselect/1/query;https://data.raspberryshake.org/fdsnws/dataselect/1/query,AM.R686A.noise.20250602T172817;AM.R686A.noise.20250608T091852;AM.R686A.noise.20250610T083409,ordered_three_chunk_concat_v1,3500;3500;3500,3500;3500;2000,0;3500;7000,3500;7000;9000
228,AM,R686A,00,EH?,2026-05-07T17:45:38.469000Z,2026-05-07T17:46:13.469000Z,event_template,5.0,38.36,100.0,preprocessing_v1_0_6,controlled-v1-case-0228,RASPISHAKE,https://data.raspberryshake.org/fdsnws/dataselect/1/query,AM.R686A.event.20260507T174538,AM;AM;AM,R686A;R686A;R686A,00;00;00,EH?;EH?;EH?,2025-06-02T17:28:14.805000Z;2025-06-08T09:18:50.175000Z;2025-06-10T08:34:04.215000Z,2025-06-02T17:31:17.685000Z;2025-06-08T09:21:56.845000Z;2025-06-10T08:37:13.905000Z,RASPISHAKE;RASPISHAKE;RASPISHAKE,https://data.raspberryshake.org/fdsnws/dataselect/1/query;https://data.raspberryshake.org/fdsnws/dataselect/1/query;https://data.raspberryshake.org/fdsnws/dataselect/1/query,AM.R686A.noise.20250602T172817;AM.R686A.noise.20250608T091852;AM.R686A.noise.20250610T083409,ordered_three_chunk_concat_v1,3500;3500;3500,3500;3500;2000,0;3500;7000,3500;7000;9000
229,AM,R686A,00,EH?,2026-05-10T03:15:00.329000Z,2026-05-10T03:15:35.329000Z,event_template,-5.0,32.55,100.0,preprocessing_v1_0_6,controlled-v1-case-0229,RASPISHAKE,https://data.raspberryshake.org/fdsnws/dataselect/1/query,AM.R686A.event.20260510T031500,AM;AM;AM,R686A;R686A;R686A,00;00;00,EH?;EH?;EH?,2025-06-07T23:29:25.815000Z;2025-06-01T00:58:48.545000Z;2025-06-08T09:18:50.175000Z,2025-06-07T23:32:30.095000Z;2025-06-01T01:01:55.055000Z;2025-06-08T09:21:56.845000Z,RASPISHAKE;RASPISHAKE;RASPISHAKE,https://data.raspberryshake.org/fdsnws/dataselect/1/query;https://data.raspberryshake.org/fdsnws/dataselect/1/query;https://data.raspberryshake.org/fdsnws/dataselect/1/query,AM.R686A.noise.20250607T232927;AM.R686A.noise.20250601T005852;AM.R686A.noise.20250608T091852,ordered_three_chunk_concat_v1,3500;3500;3500,3500;3500;2000,0;3500;7000,3500;7000;9000
230,AM,R686A,00,EH?,2026-05-10T03:15:00.329000Z,2026-05-10T03:15:35.329000Z,event_template,0.0,32.55,100.0,preprocessing_v1_0_6,controlled-v1-case-0230,RASPISHAKE,https://data.raspberryshake.org/fdsnws/dataselect/1/query,AM.R686A.event.20260510T031500,AM;AM;AM,R686A;R686A;R686A,00;00;00,EH?;EH?;EH?,2025-06-07T23:29:25.815000Z;2025-06-01T00:58:48.545000Z;2025-06-08T09:18:50.175000Z,2025-06-07T23:32:30.095000Z;2025-06-01T01:01:55.055000Z;2025-06-08T09:21:56.845000Z,RASPISHAKE;RASPISHAKE;RASPISHAKE,https://data.raspberryshake.org/fdsnws/dataselect/1/query;https://data.raspberryshake.org/fdsnws/dataselect/1/query;https://data.raspberryshake.org/fdsnws/dataselect/1/query,AM.R686A.noise.20250607T232927;AM.R686A.noise.20250601T005852;AM.R686A.noise.20250608T091852,ordered_three_chunk_concat_v1,3500;3500;3500,3500;3500;2000,0;3500;7000,3500;7000;9000
231,AM,R686A,00,EH?,2026-05-10T03:15:00.329000Z,2026-05-10T03:15:35.329000Z,event_template,5.0,32.55,100.0,preprocessing_v1_0_6,controlled-v1-case-0231,RASPISHAKE,https://data.raspberryshake.org/fdsnws/dataselect/1/query,AM.R686A.event.20260510T031500,AM;AM;AM,R686A;R686A;R686A,00;00;00,EH?;EH?;EH?,2025-06-07T23:29:25.815000Z;2025-06-01T00:58:48.545000Z;2025-06-08T09:18:50.175000Z,2025-06-07T23:32:30.095000Z;2025-06-01T01:01:55.055000Z;2025-06-08T09:21:56.845000Z,RASPISHAKE;RASPISHAKE;RASPISHAKE,https://data.raspberryshake.org/fdsnws/dataselect/1/query;https://data.raspberryshake.org/fdsnws/dataselect/1/query;https://data.raspberryshake.org/fdsnws/dataselect/1/query,AM.R686A.noise.20250607T232927;AM.R686A.noise.20250601T005852;AM.R686A.noise.20250608T091852,ordered_three_chunk_concat_v1,3500;3500;3500,3500;3500;2000,0;3500;7000,3500;7000;9000
232,AM,R686A,00,EH?,2026-05-10T18:23:31.489000Z,2026-05-10T18:24:06.489000Z,event_template,-5.0,22.98,100.0,preprocessing_v1_0_6,controlled-v1-case-0232,RASPISHAKE,https://data.raspberryshake.org/fdsnws/dataselect/1/query,AM.R686A.event.20260510T182331,AM;AM;AM,R686A;R686A;R686A,00;00;00,EH?;EH?;EH?,2025-06-06T15:29:57.205000Z;2025-06-03T22:23:39.455000Z;2025-06-01T00:58:48.545000Z,2025-06-06T15:33:01.875000Z;2025-06-03T22:26:43.895000Z;2025-06-01T01:01:55.055000Z,RASPISHAKE;RASPISHAKE;RASPISHAKE,https://data.raspberryshake.org/fdsnws/dataselect/1/query;https://data.raspberryshake.org/fdsnws/dataselect/1/query;https://data.raspberryshake.org/fdsnws/dataselect/1/query,AM.R686A.noise.20250606T153000;AM.R686A.noise.20250603T222341;AM.R686A.noise.20250601T005852,ordered_three_chunk_concat_v1,3500;3500;3500,3500;3500;2000,0;3500;7000,3500;7000;9000
233,AM,R686A,00,EH?,2026-05-10T18:23:31.489000Z,2026-05-10T18:24:06.489000Z,event_template,0.0,22.98,100.0,preprocessing_v1_0_6,controlled-v1-case-0233,RASPISHAKE,https://data.raspberryshake.org/fdsnws/dataselect/1/query,AM.R686A.event.20260510T182331,AM;AM;AM,R686A;R686A;R686A,00;00;00,EH?;EH?;EH?,2025-06-06T15:29:57.205000Z;2025-06-03T22:23:39.455000Z;2025-06-01T00:58:48.545000Z,2025-06-06T15:33:01.875000Z;2025-06-03T22:26:43.895000Z;2025-06-01T01:01:55.055000Z,RASPISHAKE;RASPISHAKE;RASPISHAKE,https://data.raspberryshake.org/fdsnws/dataselect/1/query;https://data.raspberryshake.org/fdsnws/dataselect/1/query;https://data.raspberryshake.org/fdsnws/dataselect/1/query,AM.R686A.noise.20250606T153000;AM.R686A.noise.20250603T222341;AM.R686A.noise.20250601T005852,ordered_three_chunk_concat_v1,3500;3500;3500,3500;3500;2000,0;3500;7000,3500;7000;9000
234,AM,R686A,00,EH?,2026-05-10T18:23:31.489000Z,2026-05-10T18:24:06.489000Z,event_template,5.0,22.98,100.0,preprocessing_v1_0_6,controlled-v1-case-0234,RASPISHAKE,https://data.raspberryshake.org/fdsnws/dataselect/1/query,AM.R686A.event.20260510T182331,AM;AM;AM,R686A;R686A;R686A,00;00;00,EH?;EH?;EH?,2025-06-06T15:29:57.205000Z;2025-06-03T22:23:39.455000Z;2025-06-01T00:58:48.545000Z,2025-06-06T15:33:01.875000Z;2025-06-03T22:26:43.895000Z;2025-06-01T01:01:55.055000Z,RASPISHAKE;RASPISHAKE;RASPISHAKE,https://data.raspberryshake.org/fdsnws/dataselect/1/query;https://data.raspberryshake.org/fdsnws/dataselect/1/query;https://data.raspberryshake.org/fdsnws/dataselect/1/query,AM.R686A.noise.20250606T153000;AM.R686A.noise.20250603T222341;AM.R686A.noise.20250601T005852,ordered_three_chunk_concat_v1,3500;3500;3500,3500;3500;2000,0;3500;7000,3500;7000;9000
235,AM,R686A,00,EH?,2026-05-15T11:06:22.729000Z,2026-05-15T11:06:57.729000Z,event_template,-5.0,59.36,100.0,preprocessing_v1_0_6,controlled-v1-case-0235,RASPISHAKE,https://data.raspberryshake.org/fdsnws/dataselect/1/query,AM.R686A.event.20260515T110622,AM;AM;AM,R686A;R686A;R686A,00;00;00,EH?;EH?;EH?,2025-06-01T00:23:43.045000Z;2025-06-07T14:44:15.125000Z;2025-06-06T15:29:57.205000Z,2025-06-01T00:26:47.845000Z;2025-06-07T14:47:22.145000Z;2025-06-06T15:33:01.875000Z,RASPISHAKE;RASPISHAKE;RASPISHAKE,https://data.raspberryshake.org/fdsnws/dataselect/1/query;https://data.raspberryshake.org/fdsnws/dataselect/1/query;https://data.raspberryshake.org/fdsnws/dataselect/1/query,AM.R686A.noise.20250601T002345;AM.R686A.noise.20250607T144418;AM.R686A.noise.20250606T153000,ordered_three_chunk_concat_v1,3500;3500;3500,3500;3500;2000,0;3500;7000,3500;7000;9000
236,AM,R686A,00,EH?,2026-05-15T11:06:22.729000Z,2026-05-15T11:06:57.729000Z,event_template,0.0,59.36,100.0,preprocessing_v1_0_6,controlled-v1-case-0236,RASPISHAKE,https://data.raspberryshake.org/fdsnws/dataselect/1/query,AM.R686A.event.20260515T110622,AM;AM;AM,R686A;R686A;R686A,00;00;00,EH?;EH?;EH?,2025-06-01T00:23:43.045000Z;2025-06-07T14:44:15.125000Z;2025-06-06T15:29:57.205000Z,2025-06-01T00:26:47.845000Z;2025-06-07T14:47:22.145000Z;2025-06-06T15:33:01.875000Z,RASPISHAKE;RASPISHAKE;RASPISHAKE,https://data.raspberryshake.org/fdsnws/dataselect/1/query;https://data.raspberryshake.org/fdsnws/dataselect/1/query;https://data.raspberryshake.org/fdsnws/dataselect/1/query,AM.R686A.noise.20250601T002345;AM.R686A.noise.20250607T144418;AM.R686A.noise.20250606T153000,ordered_three_chunk_concat_v1,3500;3500;3500,3500;3500;2000,0;3500;7000,3500;7000;9000
237,AM,R686A,00,EH?,2026-05-15T11:06:22.729000Z,2026-05-15T11:06:57.729000Z,event_template,5.0,59.36,100.0,preprocessing_v1_0_6,controlled-v1-case-0237,RASPISHAKE,https://data.raspberryshake.org/fdsnws/dataselect/1/query,AM.R686A.event.20260515T110622,AM;AM;AM,R686A;R686A;R686A,00;00;00,EH?;EH?;EH?,2025-06-01T00:23:43.045000Z;2025-06-07T14:44:15.125000Z;2025-06-06T15:29:57.205000Z,2025-06-01T00:26:47.845000Z;2025-06-07T14:47:22.145000Z;2025-06-06T15:33:01.875000Z,RASPISHAKE;RASPISHAKE;RASPISHAKE,https://data.raspberryshake.org/fdsnws/dataselect/1/query;https://data.raspberryshake.org/fdsnws/dataselect/1/query;https://data.raspberryshake.org/fdsnws/dataselect/1/query,AM.R686A.noise.20250601T002345;AM.R686A.noise.20250607T144418;AM.R686A.noise.20250606T153000,ordered_three_chunk_concat_v1,3500;3500;3500,3500;3500;2000,0;3500;7000,3500;7000;9000
238,AM,R686A,00,EH?,2026-05-28T11:49:52.649000Z,2026-05-28T11:50:27.649000Z,event_template,-5.0,23.94,100.0,preprocessing_v1_0_6,controlled-v1-case-0238,RASPISHAKE,https://data.raspberryshake.org/fdsnws/dataselect/1/query,AM.R686A.event.20260528T114952,AM;AM;AM,R686A;R686A;R686A,00;00;00,EH?;EH?;EH?,2025-06-08T15:34:39.015000Z;2025-06-10T22:22:10.403000Z;2025-06-05T07:10:37.355000Z,2025-06-08T15:37:44.985000Z;2025-06-10T22:25:16.133000Z;2025-06-05T07:13:42.205000Z,RASPISHAKE;RASPISHAKE;RASPISHAKE,https://data.raspberryshake.org/fdsnws/dataselect/1/query;https://data.raspberryshake.org/fdsnws/dataselect/1/query;https://data.raspberryshake.org/fdsnws/dataselect/1/query,AM.R686A.noise.20250608T153442;AM.R686A.noise.20250610T222213;AM.R686A.noise.20250605T071041,ordered_three_chunk_concat_v1,3500;3500;3500,3500;3500;2000,0;3500;7000,3500;7000;9000
239,AM,R686A,00,EH?,2026-05-28T11:49:52.649000Z,2026-05-28T11:50:27.649000Z,event_template,0.0,23.94,100.0,preprocessing_v1_0_6,controlled-v1-case-0239,RASPISHAKE,https://data.raspberryshake.org/fdsnws/dataselect/1/query,AM.R686A.event.20260528T114952,AM;AM;AM,R686A;R686A;R686A,00;00;00,EH?;EH?;EH?,2025-06-08T15:34:39.015000Z;2025-06-10T22:22:10.403000Z;2025-06-05T07:10:37.355000Z,2025-06-08T15:37:44.985000Z;2025-06-10T22:25:16.133000Z;2025-06-05T07:13:42.205000Z,RASPISHAKE;RASPISHAKE;RASPISHAKE,https://data.raspberryshake.org/fdsnws/dataselect/1/query;https://data.raspberryshake.org/fdsnws/dataselect/1/query;https://data.raspberryshake.org/fdsnws/dataselect/1/query,AM.R686A.noise.20250608T153442;AM.R686A.noise.20250610T222213;AM.R686A.noise.20250605T071041,ordered_three_chunk_concat_v1,3500;3500;3500,3500;3500;2000,0;3500;7000,3500;7000;9000
240,AM,R686A,00,EH?,2026-05-28T11:49:52.649000Z,2026-05-28T11:50:27.649000Z,event_template,5.0,23.94,100.0,preprocessing_v1_0_6,controlled-v1-case-0240,RASPISHAKE,https://data.raspberryshake.org/fdsnws/dataselect/1/query,AM.R686A.event.20260528T114952,AM;AM;AM,R686A;R686A;R686A,00;00;00,EH?;EH?;EH?,2025-06-08T15:34:39.015000Z;2025-06-10T22:22:10.403000Z;2025-06-05T07:10:37.355000Z,2025-06-08T15:37:44.985000Z;2025-06-10T22:25:16.133000Z;2025-06-05T07:13:42.205000Z,RASPISHAKE;RASPISHAKE;RASPISHAKE,https://data.raspberryshake.org/fdsnws/dataselect/1/query;https://data.raspberryshake.org/fdsnws/dataselect/1/query;https://data.raspberryshake.org/fdsnws/dataselect/1/query,AM.R686A.noise.20250608T153442;AM.R686A.noise.20250610T222213;AM.R686A.noise.20250605T071041,ordered_three_chunk_concat_v1,3500;3500;3500,3500;3500;2000,0;3500;7000,3500;7000;9000
241,AM,R6928,00,EH?,2026-01-20T07:29:24.200000Z,2026-01-20T07:29:59.200000Z,event_template,-5.0,36.99,100.0,preprocessing_v1_0_6,controlled-v1-case-0241,RASPISHAKE,https://data.raspberryshake.org/fdsnws/dataselect/1/query,AM.R6928.event.20260120T072924,AM;AM;AM,R6928;R6928;R6928,00;00;00,EH?;EH?;EH?,2025-06-10T21:18:09.026000Z;2025-06-05T10:07:23.206000Z;2025-06-01T15:15:15.026000Z,2025-06-10T21:21:15.366000Z;2025-06-05T10:10:27.316000Z;2025-06-01T15:18:22.536000Z,RASPISHAKE;RASPISHAKE;RASPISHAKE,https://data.raspberryshake.org/fdsnws/dataselect/1/query;https://data.raspberryshake.org/fdsnws/dataselect/1/query;https://data.raspberryshake.org/fdsnws/dataselect/1/query,AM.R6928.noise.20250610T211811;AM.R6928.noise.20250605T100724;AM.R6928.noise.20250601T151518,ordered_three_chunk_concat_v1,3500;3500;3500,3500;3500;2000,0;3500;7000,3500;7000;9000
242,AM,R6928,00,EH?,2026-01-20T07:29:24.200000Z,2026-01-20T07:29:59.200000Z,event_template,0.0,36.99,100.0,preprocessing_v1_0_6,controlled-v1-case-0242,RASPISHAKE,https://data.raspberryshake.org/fdsnws/dataselect/1/query,AM.R6928.event.20260120T072924,AM;AM;AM,R6928;R6928;R6928,00;00;00,EH?;EH?;EH?,2025-06-10T21:18:09.026000Z;2025-06-05T10:07:23.206000Z;2025-06-01T15:15:15.026000Z,2025-06-10T21:21:15.366000Z;2025-06-05T10:10:27.316000Z;2025-06-01T15:18:22.536000Z,RASPISHAKE;RASPISHAKE;RASPISHAKE,https://data.raspberryshake.org/fdsnws/dataselect/1/query;https://data.raspberryshake.org/fdsnws/dataselect/1/query;https://data.raspberryshake.org/fdsnws/dataselect/1/query,AM.R6928.noise.20250610T211811;AM.R6928.noise.20250605T100724;AM.R6928.noise.20250601T151518,ordered_three_chunk_concat_v1,3500;3500;3500,3500;3500;2000,0;3500;7000,3500;7000;9000
243,AM,R6928,00,EH?,2026-01-20T07:29:24.200000Z,2026-01-20T07:29:59.200000Z,event_template,5.0,36.99,100.0,preprocessing_v1_0_6,controlled-v1-case-0243,RASPISHAKE,https://data.raspberryshake.org/fdsnws/dataselect/1/query,AM.R6928.event.20260120T072924,AM;AM;AM,R6928;R6928;R6928,00;00;00,EH?;EH?;EH?,2025-06-10T21:18:09.026000Z;2025-06-05T10:07:23.206000Z;2025-06-01T15:15:15.026000Z,2025-06-10T21:21:15.366000Z;2025-06-05T10:10:27.316000Z;2025-06-01T15:18:22.536000Z,RASPISHAKE;RASPISHAKE;RASPISHAKE,https://data.raspberryshake.org/fdsnws/dataselect/1/query;https://data.raspberryshake.org/fdsnws/dataselect/1/query;https://data.raspberryshake.org/fdsnws/dataselect/1/query,AM.R6928.noise.20250610T211811;AM.R6928.noise.20250605T100724;AM.R6928.noise.20250601T151518,ordered_three_chunk_concat_v1,3500;3500;3500,3500;3500;2000,0;3500;7000,3500;7000;9000
244,AM,R6928,00,EH?,2026-04-14T16:37:55.307000Z,2026-04-14T16:38:30.307000Z,event_template,-5.0,49.8,100.0,preprocessing_v1_0_6,controlled-v1-case-0244,RASPISHAKE,https://data.raspberryshake.org/fdsnws/dataselect/1/query,AM.R6928.event.20260414T163755,AM;AM;AM,R6928;R6928;R6928,00;00;00,EH?;EH?;EH?,2025-06-09T07:25:44.956000Z;2025-06-06T16:03:37.556000Z;2025-06-04T20:32:01.556000Z,2025-06-09T07:28:52.406000Z;2025-06-06T16:06:45.046000Z;2025-06-04T20:35:08.496000Z,RASPISHAKE;RASPISHAKE;RASPISHAKE,https://data.raspberryshake.org/fdsnws/dataselect/1/query;https://data.raspberryshake.org/fdsnws/dataselect/1/query;https://data.raspberryshake.org/fdsnws/dataselect/1/query,AM.R6928.noise.20250609T072549;AM.R6928.noise.20250606T160341;AM.R6928.noise.20250604T203205,ordered_three_chunk_concat_v1,3500;3500;3500,3500;3500;2000,0;3500;7000,3500;7000;9000
245,AM,R6928,00,EH?,2026-04-14T16:37:55.307000Z,2026-04-14T16:38:30.307000Z,event_template,0.0,49.8,100.0,preprocessing_v1_0_6,controlled-v1-case-0245,RASPISHAKE,https://data.raspberryshake.org/fdsnws/dataselect/1/query,AM.R6928.event.20260414T163755,AM;AM;AM,R6928;R6928;R6928,00;00;00,EH?;EH?;EH?,2025-06-09T07:25:44.956000Z;2025-06-06T16:03:37.556000Z;2025-06-04T20:32:01.556000Z,2025-06-09T07:28:52.406000Z;2025-06-06T16:06:45.046000Z;2025-06-04T20:35:08.496000Z,RASPISHAKE;RASPISHAKE;RASPISHAKE,https://data.raspberryshake.org/fdsnws/dataselect/1/query;https://data.raspberryshake.org/fdsnws/dataselect/1/query;https://data.raspberryshake.org/fdsnws/dataselect/1/query,AM.R6928.noise.20250609T072549;AM.R6928.noise.20250606T160341;AM.R6928.noise.20250604T203205,ordered_three_chunk_concat_v1,3500;3500;3500,3500;3500;2000,0;3500;7000,3500;7000;9000
246,AM,R6928,00,EH?,2026-04-14T16:37:55.307000Z,2026-04-14T16:38:30.307000Z,event_template,5.0,49.8,100.0,preprocessing_v1_0_6,controlled-v1-case-0246,RASPISHAKE,https://data.raspberryshake.org/fdsnws/dataselect/1/query,AM.R6928.event.20260414T163755,AM;AM;AM,R6928;R6928;R6928,00;00;00,EH?;EH?;EH?,2025-06-09T07:25:44.956000Z;2025-06-06T16:03:37.556000Z;2025-06-04T20:32:01.556000Z,2025-06-09T07:28:52.406000Z;2025-06-06T16:06:45.046000Z;2025-06-04T20:35:08.496000Z,RASPISHAKE;RASPISHAKE;RASPISHAKE,https://data.raspberryshake.org/fdsnws/dataselect/1/query;https://data.raspberryshake.org/fdsnws/dataselect/1/query;https://data.raspberryshake.org/fdsnws/dataselect/1/query,AM.R6928.noise.20250609T072549;AM.R6928.noise.20250606T160341;AM.R6928.noise.20250604T203205,ordered_three_chunk_concat_v1,3500;3500;3500,3500;3500;2000,0;3500;7000,3500;7000;9000
247,AM,R6928,00,EH?,2026-05-15T11:34:55.677000Z,2026-05-15T11:35:30.677000Z,event_template,-5.0,55.14,100.0,preprocessing_v1_0_6,controlled-v1-case-0247,RASPISHAKE,https://data.raspberryshake.org/fdsnws/dataselect/1/query,AM.R6928.event.20260515T113455,AM;AM;AM,R6928;R6928;R6928,00;00;00,EH?;EH?;EH?,2025-06-01T00:23:42.676000Z;2025-06-07T14:44:16.156000Z;2025-06-05T10:07:23.206000Z,2025-06-01T00:26:47.676000Z;2025-06-07T14:47:19.246000Z;2025-06-05T10:10:27.316000Z,RASPISHAKE;RASPISHAKE;RASPISHAKE,https://data.raspberryshake.org/fdsnws/dataselect/1/query;https://data.raspberryshake.org/fdsnws/dataselect/1/query;https://data.raspberryshake.org/fdsnws/dataselect/1/query,AM.R6928.noise.20250601T002345;AM.R6928.noise.20250607T144418;AM.R6928.noise.20250605T100724,ordered_three_chunk_concat_v1,3500;3500;3500,3500;3500;2000,0;3500;7000,3500;7000;9000
248,AM,R6928,00,EH?,2026-05-15T11:34:55.677000Z,2026-05-15T11:35:30.677000Z,event_template,0.0,55.14,100.0,preprocessing_v1_0_6,controlled-v1-case-0248,RASPISHAKE,https://data.raspberryshake.org/fdsnws/dataselect/1/query,AM.R6928.event.20260515T113455,AM;AM;AM,R6928;R6928;R6928,00;00;00,EH?;EH?;EH?,2025-06-01T00:23:42.676000Z;2025-06-07T14:44:16.156000Z;2025-06-05T10:07:23.206000Z,2025-06-01T00:26:47.676000Z;2025-06-07T14:47:19.246000Z;2025-06-05T10:10:27.316000Z,RASPISHAKE;RASPISHAKE;RASPISHAKE,https://data.raspberryshake.org/fdsnws/dataselect/1/query;https://data.raspberryshake.org/fdsnws/dataselect/1/query;https://data.raspberryshake.org/fdsnws/dataselect/1/query,AM.R6928.noise.20250601T002345;AM.R6928.noise.20250607T144418;AM.R6928.noise.20250605T100724,ordered_three_chunk_concat_v1,3500;3500;3500,3500;3500;2000,0;3500;7000,3500;7000;9000
249,AM,R6928,00,EH?,2026-05-15T11:34:55.677000Z,2026-05-15T11:35:30.677000Z,event_template,5.0,55.14,100.0,preprocessing_v1_0_6,controlled-v1-case-0249,RASPISHAKE,https://data.raspberryshake.org/fdsnws/dataselect/1/query,AM.R6928.event.20260515T113455,AM;AM;AM,R6928;R6928;R6928,00;00;00,EH?;EH?;EH?,2025-06-01T00:23:42.676000Z;2025-06-07T14:44:16.156000Z;2025-06-05T10:07:23.206000Z,2025-06-01T00:26:47.676000Z;2025-06-07T14:47:19.246000Z;2025-06-05T10:10:27.316000Z,RASPISHAKE;RASPISHAKE;RASPISHAKE,https://data.raspberryshake.org/fdsnws/dataselect/1/query;https://data.raspberryshake.org/fdsnws/dataselect/1/query;https://data.raspberryshake.org/fdsnws/dataselect/1/query,AM.R6928.noise.20250601T002345;AM.R6928.noise.20250607T144418;AM.R6928.noise.20250605T100724,ordered_three_chunk_concat_v1,3500;3500;3500,3500;3500;2000,0;3500;7000,3500;7000;9000
250,AM,R6928,00,EH?,2026-05-16T14:55:40.437000Z,2026-05-16T14:56:15.437000Z,event_template,-5.0,43.13,100.0,preprocessing_v1_0_6,controlled-v1-case-0250,RASPISHAKE,https://data.raspberryshake.org/fdsnws/dataselect/1/query,AM.R6928.event.20260516T145540,AM;AM;AM,R6928;R6928;R6928,00;00;00,EH?;EH?;EH?,2025-06-01T00:23:42.676000Z;2025-06-02T19:28:36.206000Z;2025-06-03T19:32:18.926000Z,2025-06-01T00:26:47.676000Z;2025-06-02T19:31:43.246000Z;2025-06-03T19:35:25.926000Z,RASPISHAKE;RASPISHAKE;RASPISHAKE,https://data.raspberryshake.org/fdsnws/dataselect/1/query;https://data.raspberryshake.org/fdsnws/dataselect/1/query;https://data.raspberryshake.org/fdsnws/dataselect/1/query,AM.R6928.noise.20250601T002345;AM.R6928.noise.20250602T192840;AM.R6928.noise.20250603T193222,ordered_three_chunk_concat_v1,3500;3500;3500,3500;3500;2000,0;3500;7000,3500;7000;9000
251,AM,R6928,00,EH?,2026-05-16T14:55:40.437000Z,2026-05-16T14:56:15.437000Z,event_template,0.0,43.13,100.0,preprocessing_v1_0_6,controlled-v1-case-0251,RASPISHAKE,https://data.raspberryshake.org/fdsnws/dataselect/1/query,AM.R6928.event.20260516T145540,AM;AM;AM,R6928;R6928;R6928,00;00;00,EH?;EH?;EH?,2025-06-01T00:23:42.676000Z;2025-06-02T19:28:36.206000Z;2025-06-03T19:32:18.926000Z,2025-06-01T00:26:47.676000Z;2025-06-02T19:31:43.246000Z;2025-06-03T19:35:25.926000Z,RASPISHAKE;RASPISHAKE;RASPISHAKE,https://data.raspberryshake.org/fdsnws/dataselect/1/query;https://data.raspberryshake.org/fdsnws/dataselect/1/query;https://data.raspberryshake.org/fdsnws/dataselect/1/query,AM.R6928.noise.20250601T002345;AM.R6928.noise.20250602T192840;AM.R6928.noise.20250603T193222,ordered_three_chunk_concat_v1,3500;3500;3500,3500;3500;2000,0;3500;7000,3500;7000;9000
252,AM,R6928,00,EH?,2026-05-16T14:55:40.437000Z,2026-05-16T14:56:15.437000Z,event_template,5.0,43.13,100.0,preprocessing_v1_0_6,controlled-v1-case-0252,RASPISHAKE,https://data.raspberryshake.org/fdsnws/dataselect/1/query,AM.R6928.event.20260516T145540,AM;AM;AM,R6928;R6928;R6928,00;00;00,EH?;EH?;EH?,2025-06-01T00:23:42.676000Z;2025-06-02T19:28:36.206000Z;2025-06-03T19:32:18.926000Z,2025-06-01T00:26:47.676000Z;2025-06-02T19:31:43.246000Z;2025-06-03T19:35:25.926000Z,RASPISHAKE;RASPISHAKE;RASPISHAKE,https://data.raspberryshake.org/fdsnws/dataselect/1/query;https://data.raspberryshake.org/fdsnws/dataselect/1/query;https://data.raspberryshake.org/fdsnws/dataselect/1/query,AM.R6928.noise.20250601T002345;AM.R6928.noise.20250602T192840;AM.R6928.noise.20250603T193222,ordered_three_chunk_concat_v1,3500;3500;3500,3500;3500;2000,0;3500;7000,3500;7000;9000
253,AM,R6928,00,EH?,2026-05-19T18:07:08.897000Z,2026-05-19T18:07:43.897000Z,event_template,-5.0,24.79,100.0,preprocessing_v1_0_6,controlled-v1-case-0253,RASPISHAKE,https://data.raspberryshake.org/fdsnws/dataselect/1/query,AM.R6928.event.20260519T180708,AM;AM;AM,R6928;R6928;R6928,00;00;00,EH?;EH?;EH?,2025-06-03T00:03:51.856000Z;2025-06-03T13:01:07.376000Z;2025-06-05T20:40:21.116000Z,2025-06-03T00:06:57.446000Z;2025-06-03T13:04:15.076000Z;2025-06-05T20:43:25.976000Z,RASPISHAKE;RASPISHAKE;RASPISHAKE,https://data.raspberryshake.org/fdsnws/dataselect/1/query;https://data.raspberryshake.org/fdsnws/dataselect/1/query;https://data.raspberryshake.org/fdsnws/dataselect/1/query,AM.R6928.noise.20250603T000356;AM.R6928.noise.20250603T130111;AM.R6928.noise.20250605T204023,ordered_three_chunk_concat_v1,3500;3500;3500,3500;3500;2000,0;3500;7000,3500;7000;9000
254,AM,R6928,00,EH?,2026-05-19T18:07:08.897000Z,2026-05-19T18:07:43.897000Z,event_template,0.0,24.79,100.0,preprocessing_v1_0_6,controlled-v1-case-0254,RASPISHAKE,https://data.raspberryshake.org/fdsnws/dataselect/1/query,AM.R6928.event.20260519T180708,AM;AM;AM,R6928;R6928;R6928,00;00;00,EH?;EH?;EH?,2025-06-03T00:03:51.856000Z;2025-06-03T13:01:07.376000Z;2025-06-05T20:40:21.116000Z,2025-06-03T00:06:57.446000Z;2025-06-03T13:04:15.076000Z;2025-06-05T20:43:25.976000Z,RASPISHAKE;RASPISHAKE;RASPISHAKE,https://data.raspberryshake.org/fdsnws/dataselect/1/query;https://data.raspberryshake.org/fdsnws/dataselect/1/query;https://data.raspberryshake.org/fdsnws/dataselect/1/query,AM.R6928.noise.20250603T000356;AM.R6928.noise.20250603T130111;AM.R6928.noise.20250605T204023,ordered_three_chunk_concat_v1,3500;3500;3500,3500;3500;2000,0;3500;7000,3500;7000;9000
255,AM,R6928,00,EH?,2026-05-19T18:07:08.897000Z,2026-05-19T18:07:43.897000Z,event_template,5.0,24.79,100.0,preprocessing_v1_0_6,controlled-v1-case-0255,RASPISHAKE,https://data.raspberryshake.org/fdsnws/dataselect/1/query,AM.R6928.event.20260519T180708,AM;AM;AM,R6928;R6928;R6928,00;00;00,EH?;EH?;EH?,2025-06-03T00:03:51.856000Z;2025-06-03T13:01:07.376000Z;2025-06-05T20:40:21.116000Z,2025-06-03T00:06:57.446000Z;2025-06-03T13:04:15.076000Z;2025-06-05T20:43:25.976000Z,RASPISHAKE;RASPISHAKE;RASPISHAKE,https://data.raspberryshake.org/fdsnws/dataselect/1/query;https://data.raspberryshake.org/fdsnws/dataselect/1/query;https://data.raspberryshake.org/fdsnws/dataselect/1/query,AM.R6928.noise.20250603T000356;AM.R6928.noise.20250603T130111;AM.R6928.noise.20250605T204023,ordered_three_chunk_concat_v1,3500;3500;3500,3500;3500;2000,0;3500;7000,3500;7000;9000
256,AM,R6928,00,EH?,2026-05-25T22:02:30.297000Z,2026-05-25T22:03:05.297000Z,event_template,-5.0,45.89,100.0,preprocessing_v1_0_6,controlled-v1-case-0256,RASPISHAKE,https://data.raspberryshake.org/fdsnws/dataselect/1/query,AM.R6928.event.20260525T220230,AM;AM;AM,R6928;R6928;R6928,00;00;00,EH?;EH?;EH?,2025-06-04T04:12:20.846000Z;2025-06-05T10:07:23.206000Z;2025-06-08T09:18:48.046000Z,2025-06-04T04:15:28.506000Z;2025-06-05T10:10:27.316000Z;2025-06-08T09:21:56.416000Z,RASPISHAKE;RASPISHAKE;RASPISHAKE,https://data.raspberryshake.org/fdsnws/dataselect/1/query;https://data.raspberryshake.org/fdsnws/dataselect/1/query;https://data.raspberryshake.org/fdsnws/dataselect/1/query,AM.R6928.noise.20250604T041225;AM.R6928.noise.20250605T100724;AM.R6928.noise.20250608T091852,ordered_three_chunk_concat_v1,3500;3500;3500,3500;3500;2000,0;3500;7000,3500;7000;9000
257,AM,R6928,00,EH?,2026-05-25T22:02:30.297000Z,2026-05-25T22:03:05.297000Z,event_template,0.0,45.89,100.0,preprocessing_v1_0_6,controlled-v1-case-0257,RASPISHAKE,https://data.raspberryshake.org/fdsnws/dataselect/1/query,AM.R6928.event.20260525T220230,AM;AM;AM,R6928;R6928;R6928,00;00;00,EH?;EH?;EH?,2025-06-04T04:12:20.846000Z;2025-06-05T10:07:23.206000Z;2025-06-08T09:18:48.046000Z,2025-06-04T04:15:28.506000Z;2025-06-05T10:10:27.316000Z;2025-06-08T09:21:56.416000Z,RASPISHAKE;RASPISHAKE;RASPISHAKE,https://data.raspberryshake.org/fdsnws/dataselect/1/query;https://data.raspberryshake.org/fdsnws/dataselect/1/query;https://data.raspberryshake.org/fdsnws/dataselect/1/query,AM.R6928.noise.20250604T041225;AM.R6928.noise.20250605T100724;AM.R6928.noise.20250608T091852,ordered_three_chunk_concat_v1,3500;3500;3500,3500;3500;2000,0;3500;7000,3500;7000;9000
258,AM,R6928,00,EH?,2026-05-25T22:02:30.297000Z,2026-05-25T22:03:05.297000Z,event_template,5.0,45.89,100.0,preprocessing_v1_0_6,controlled-v1-case-0258,RASPISHAKE,https://data.raspberryshake.org/fdsnws/dataselect/1/query,AM.R6928.event.20260525T220230,AM;AM;AM,R6928;R6928;R6928,00;00;00,EH?;EH?;EH?,2025-06-04T04:12:20.846000Z;2025-06-05T10:07:23.206000Z;2025-06-08T09:18:48.046000Z,2025-06-04T04:15:28.506000Z;2025-06-05T10:10:27.316000Z;2025-06-08T09:21:56.416000Z,RASPISHAKE;RASPISHAKE;RASPISHAKE,https://data.raspberryshake.org/fdsnws/dataselect/1/query;https://data.raspberryshake.org/fdsnws/dataselect/1/query;https://data.raspberryshake.org/fdsnws/dataselect/1/query,AM.R6928.noise.20250604T041225;AM.R6928.noise.20250605T100724;AM.R6928.noise.20250608T091852,ordered_three_chunk_concat_v1,3500;3500;3500,3500;3500;2000,0;3500;7000,3500;7000;9000
259,AM,R6928,00,EH?,2026-05-30T21:33:53.317000Z,2026-05-30T21:34:28.317000Z,event_template,-5.0,34.23,100.0,preprocessing_v1_0_6,controlled-v1-case-0259,RASPISHAKE,https://data.raspberryshake.org/fdsnws/dataselect/1/query,AM.R6928.event.20260530T213353,AM;AM;AM,R6928;R6928;R6928,00;00;00,EH?;EH?;EH?,2025-06-04T00:48:11.446000Z;2025-06-10T22:22:10.056000Z;2025-06-04T17:28:29.576000Z,2025-06-04T00:51:18.606000Z;2025-06-10T22:25:15.246000Z;2025-06-04T17:31:32.196000Z,RASPISHAKE;RASPISHAKE;RASPISHAKE,https://data.raspberryshake.org/fdsnws/dataselect/1/query;https://data.raspberryshake.org/fdsnws/dataselect/1/query;https://data.raspberryshake.org/fdsnws/dataselect/1/query,AM.R6928.noise.20250604T004815;AM.R6928.noise.20250610T222213;AM.R6928.noise.20250604T172830,ordered_three_chunk_concat_v1,3500;3500;3500,3500;3500;2000,0;3500;7000,3500;7000;9000
260,AM,R6928,00,EH?,2026-05-30T21:33:53.317000Z,2026-05-30T21:34:28.317000Z,event_template,0.0,34.23,100.0,preprocessing_v1_0_6,controlled-v1-case-0260,RASPISHAKE,https://data.raspberryshake.org/fdsnws/dataselect/1/query,AM.R6928.event.20260530T213353,AM;AM;AM,R6928;R6928;R6928,00;00;00,EH?;EH?;EH?,2025-06-04T00:48:11.446000Z;2025-06-10T22:22:10.056000Z;2025-06-04T17:28:29.576000Z,2025-06-04T00:51:18.606000Z;2025-06-10T22:25:15.246000Z;2025-06-04T17:31:32.196000Z,RASPISHAKE;RASPISHAKE;RASPISHAKE,https://data.raspberryshake.org/fdsnws/dataselect/1/query;https://data.raspberryshake.org/fdsnws/dataselect/1/query;https://data.raspberryshake.org/fdsnws/dataselect/1/query,AM.R6928.noise.20250604T004815;AM.R6928.noise.20250610T222213;AM.R6928.noise.20250604T172830,ordered_three_chunk_concat_v1,3500;3500;3500,3500;3500;2000,0;3500;7000,3500;7000;9000
261,AM,R6928,00,EH?,2026-05-30T21:33:53.317000Z,2026-05-30T21:34:28.317000Z,event_template,5.0,34.23,100.0,preprocessing_v1_0_6,controlled-v1-case-0261,RASPISHAKE,https://data.raspberryshake.org/fdsnws/dataselect/1/query,AM.R6928.event.20260530T213353,AM;AM;AM,R6928;R6928;R6928,00;00;00,EH?;EH?;EH?,2025-06-04T00:48:11.446000Z;2025-06-10T22:22:10.056000Z;2025-06-04T17:28:29.576000Z,2025-06-04T00:51:18.606000Z;2025-06-10T22:25:15.246000Z;2025-06-04T17:31:32.196000Z,RASPISHAKE;RASPISHAKE;RASPISHAKE,https://data.raspberryshake.org/fdsnws/dataselect/1/query;https://data.raspberryshake.org/fdsnws/dataselect/1/query;https://data.raspberryshake.org/fdsnws/dataselect/1/query,AM.R6928.noise.20250604T004815;AM.R6928.noise.20250610T222213;AM.R6928.noise.20250604T172830,ordered_three_chunk_concat_v1,3500;3500;3500,3500;3500;2000,0;3500;7000,3500;7000;9000
262,AM,R6928,00,EH?,2026-05-31T21:45:39.927000Z,2026-05-31T21:46:14.927000Z,event_template,-5.0,20.37,100.0,preprocessing_v1_0_6,controlled-v1-case-0262,RASPISHAKE,https://data.raspberryshake.org/fdsnws/dataselect/1/query,AM.R6928.event.20260531T214539,AM;AM;AM,R6928;R6928;R6928,00;00;00,EH?;EH?;EH?,2025-06-08T16:29:14.656000Z;2025-06-05T07:10:36.996000Z;2025-06-05T10:07:23.206000Z,2025-06-08T16:32:21.636000Z;2025-06-05T07:13:44.356000Z;2025-06-05T10:10:27.316000Z,RASPISHAKE;RASPISHAKE;RASPISHAKE,https://data.raspberryshake.org/fdsnws/dataselect/1/query;https://data.raspberryshake.org/fdsnws/dataselect/1/query;https://data.raspberryshake.org/fdsnws/dataselect/1/query,AM.R6928.noise.20250608T162917;AM.R6928.noise.20250605T071041;AM.R6928.noise.20250605T100724,ordered_three_chunk_concat_v1,3500;3500;3500,3500;3500;2000,0;3500;7000,3500;7000;9000
263,AM,R6928,00,EH?,2026-05-31T21:45:39.927000Z,2026-05-31T21:46:14.927000Z,event_template,0.0,20.37,100.0,preprocessing_v1_0_6,controlled-v1-case-0263,RASPISHAKE,https://data.raspberryshake.org/fdsnws/dataselect/1/query,AM.R6928.event.20260531T214539,AM;AM;AM,R6928;R6928;R6928,00;00;00,EH?;EH?;EH?,2025-06-08T16:29:14.656000Z;2025-06-05T07:10:36.996000Z;2025-06-05T10:07:23.206000Z,2025-06-08T16:32:21.636000Z;2025-06-05T07:13:44.356000Z;2025-06-05T10:10:27.316000Z,RASPISHAKE;RASPISHAKE;RASPISHAKE,https://data.raspberryshake.org/fdsnws/dataselect/1/query;https://data.raspberryshake.org/fdsnws/dataselect/1/query;https://data.raspberryshake.org/fdsnws/dataselect/1/query,AM.R6928.noise.20250608T162917;AM.R6928.noise.20250605T071041;AM.R6928.noise.20250605T100724,ordered_three_chunk_concat_v1,3500;3500;3500,3500;3500;2000,0;3500;7000,3500;7000;9000
264,AM,R6928,00,EH?,2026-05-31T21:45:39.927000Z,2026-05-31T21:46:14.927000Z,event_template,5.0,20.37,100.0,preprocessing_v1_0_6,controlled-v1-case-0264,RASPISHAKE,https://data.raspberryshake.org/fdsnws/dataselect/1/query,AM.R6928.event.20260531T214539,AM;AM;AM,R6928;R6928;R6928,00;00;00,EH?;EH?;EH?,2025-06-08T16:29:14.656000Z;2025-06-05T07:10:36.996000Z;2025-06-05T10:07:23.206000Z,2025-06-08T16:32:21.636000Z;2025-06-05T07:13:44.356000Z;2025-06-05T10:10:27.316000Z,RASPISHAKE;RASPISHAKE;RASPISHAKE,https://data.raspberryshake.org/fdsnws/dataselect/1/query;https://data.raspberryshake.org/fdsnws/dataselect/1/query;https://data.raspberryshake.org/fdsnws/dataselect/1/query,AM.R6928.noise.20250608T162917;AM.R6928.noise.20250605T071041;AM.R6928.noise.20250605T100724,ordered_three_chunk_concat_v1,3500;3500;3500,3500;3500;2000,0;3500;7000,3500;7000;9000
265,AM,R77C3,00,EH?,2026-04-12T19:04:42.358000Z,2026-04-12T19:05:17.358000Z,event_template,-5.0,45.36,100.0,preprocessing_v1_0_6,controlled-v1-case-0265,RASPISHAKE,https://data.raspberryshake.org/fdsnws/dataselect/1/query,AM.R77C3.event.20260412T190442,AM;AM;AM,R77C3;R77C3;R77C3,00;00;00,EH?;EH?;EH?,2025-06-08T09:18:49.103000Z;2025-06-02T17:28:13.983000Z;2025-06-09T07:25:46.153000Z,2025-06-08T09:21:56.613000Z;2025-06-02T17:31:20.453000Z;2025-06-09T07:28:53.953000Z,RASPISHAKE;RASPISHAKE;RASPISHAKE,https://data.raspberryshake.org/fdsnws/dataselect/1/query;https://data.raspberryshake.org/fdsnws/dataselect/1/query;https://data.raspberryshake.org/fdsnws/dataselect/1/query,AM.R77C3.noise.20250608T091852;AM.R77C3.noise.20250602T172817;AM.R77C3.noise.20250609T072549,ordered_three_chunk_concat_v1,3500;3500;3500,3500;3500;2000,0;3500;7000,3500;7000;9000
266,AM,R77C3,00,EH?,2026-04-12T19:04:42.358000Z,2026-04-12T19:05:17.358000Z,event_template,0.0,45.36,100.0,preprocessing_v1_0_6,controlled-v1-case-0266,RASPISHAKE,https://data.raspberryshake.org/fdsnws/dataselect/1/query,AM.R77C3.event.20260412T190442,AM;AM;AM,R77C3;R77C3;R77C3,00;00;00,EH?;EH?;EH?,2025-06-08T09:18:49.103000Z;2025-06-02T17:28:13.983000Z;2025-06-09T07:25:46.153000Z,2025-06-08T09:21:56.613000Z;2025-06-02T17:31:20.453000Z;2025-06-09T07:28:53.953000Z,RASPISHAKE;RASPISHAKE;RASPISHAKE,https://data.raspberryshake.org/fdsnws/dataselect/1/query;https://data.raspberryshake.org/fdsnws/dataselect/1/query;https://data.raspberryshake.org/fdsnws/dataselect/1/query,AM.R77C3.noise.20250608T091852;AM.R77C3.noise.20250602T172817;AM.R77C3.noise.20250609T072549,ordered_three_chunk_concat_v1,3500;3500;3500,3500;3500;2000,0;3500;7000,3500;7000;9000
267,AM,R77C3,00,EH?,2026-04-12T19:04:42.358000Z,2026-04-12T19:05:17.358000Z,event_template,5.0,45.36,100.0,preprocessing_v1_0_6,controlled-v1-case-0267,RASPISHAKE,https://data.raspberryshake.org/fdsnws/dataselect/1/query,AM.R77C3.event.20260412T190442,AM;AM;AM,R77C3;R77C3;R77C3,00;00;00,EH?;EH?;EH?,2025-06-08T09:18:49.103000Z;2025-06-02T17:28:13.983000Z;2025-06-09T07:25:46.153000Z,2025-06-08T09:21:56.613000Z;2025-06-02T17:31:20.453000Z;2025-06-09T07:28:53.953000Z,RASPISHAKE;RASPISHAKE;RASPISHAKE,https://data.raspberryshake.org/fdsnws/dataselect/1/query;https://data.raspberryshake.org/fdsnws/dataselect/1/query;https://data.raspberryshake.org/fdsnws/dataselect/1/query,AM.R77C3.noise.20250608T091852;AM.R77C3.noise.20250602T172817;AM.R77C3.noise.20250609T072549,ordered_three_chunk_concat_v1,3500;3500;3500,3500;3500;2000,0;3500;7000,3500;7000;9000
268,AM,R77C3,00,EH?,2026-04-26T02:24:51.373000Z,2026-04-26T02:25:26.373000Z,event_template,-5.0,35.98,100.0,preprocessing_v1_0_6,controlled-v1-case-0268,RASPISHAKE,https://data.raspberryshake.org/fdsnws/dataselect/1/query,AM.R77C3.event.20260426T022451,AM;AM;AM,R77C3;R77C3;R77C3,00;00;00,EH?;EH?;EH?,2025-06-07T23:29:23.583000Z;2025-06-04T00:48:11.913000Z;2025-06-02T17:28:13.983000Z,2025-06-07T23:32:30.543000Z;2025-06-04T00:51:18.953000Z;2025-06-02T17:31:20.453000Z,RASPISHAKE;RASPISHAKE;RASPISHAKE,https://data.raspberryshake.org/fdsnws/dataselect/1/query;https://data.raspberryshake.org/fdsnws/dataselect/1/query;https://data.raspberryshake.org/fdsnws/dataselect/1/query,AM.R77C3.noise.20250607T232927;AM.R77C3.noise.20250604T004815;AM.R77C3.noise.20250602T172817,ordered_three_chunk_concat_v1,3500;3500;3500,3500;3500;2000,0;3500;7000,3500;7000;9000
269,AM,R77C3,00,EH?,2026-04-26T02:24:51.373000Z,2026-04-26T02:25:26.373000Z,event_template,0.0,35.98,100.0,preprocessing_v1_0_6,controlled-v1-case-0269,RASPISHAKE,https://data.raspberryshake.org/fdsnws/dataselect/1/query,AM.R77C3.event.20260426T022451,AM;AM;AM,R77C3;R77C3;R77C3,00;00;00,EH?;EH?;EH?,2025-06-07T23:29:23.583000Z;2025-06-04T00:48:11.913000Z;2025-06-02T17:28:13.983000Z,2025-06-07T23:32:30.543000Z;2025-06-04T00:51:18.953000Z;2025-06-02T17:31:20.453000Z,RASPISHAKE;RASPISHAKE;RASPISHAKE,https://data.raspberryshake.org/fdsnws/dataselect/1/query;https://data.raspberryshake.org/fdsnws/dataselect/1/query;https://data.raspberryshake.org/fdsnws/dataselect/1/query,AM.R77C3.noise.20250607T232927;AM.R77C3.noise.20250604T004815;AM.R77C3.noise.20250602T172817,ordered_three_chunk_concat_v1,3500;3500;3500,3500;3500;2000,0;3500;7000,3500;7000;9000
270,AM,R77C3,00,EH?,2026-04-26T02:24:51.373000Z,2026-04-26T02:25:26.373000Z,event_template,5.0,35.98,100.0,preprocessing_v1_0_6,controlled-v1-case-0270,RASPISHAKE,https://data.raspberryshake.org/fdsnws/dataselect/1/query,AM.R77C3.event.20260426T022451,AM;AM;AM,R77C3;R77C3;R77C3,00;00;00,EH?;EH?;EH?,2025-06-07T23:29:23.583000Z;2025-06-04T00:48:11.913000Z;2025-06-02T17:28:13.983000Z,2025-06-07T23:32:30.543000Z;2025-06-04T00:51:18.953000Z;2025-06-02T17:31:20.453000Z,RASPISHAKE;RASPISHAKE;RASPISHAKE,https://data.raspberryshake.org/fdsnws/dataselect/1/query;https://data.raspberryshake.org/fdsnws/dataselect/1/query;https://data.raspberryshake.org/fdsnws/dataselect/1/query,AM.R77C3.noise.20250607T232927;AM.R77C3.noise.20250604T004815;AM.R77C3.noise.20250602T172817,ordered_three_chunk_concat_v1,3500;3500;3500,3500;3500;2000,0;3500;7000,3500;7000;9000
271,AM,R77C3,00,EH?,2026-05-03T18:39:28.926000Z,2026-05-03T18:40:03.926000Z,event_template,-5.0,38.35,100.0,preprocessing_v1_0_6,controlled-v1-case-0271,RASPISHAKE,https://data.raspberryshake.org/fdsnws/dataselect/1/query,AM.R77C3.event.20260503T183928,AM;AM;AM,R77C3;R77C3;R77C3,00;00;00,EH?;EH?;EH?,2025-06-04T17:28:28.913000Z;2025-06-03T00:03:51.393000Z;2025-06-06T00:40:39.143000Z,2025-06-04T17:31:33.853000Z;2025-06-03T00:07:00.823000Z;2025-06-06T00:43:45.863000Z,RASPISHAKE;RASPISHAKE;RASPISHAKE,https://data.raspberryshake.org/fdsnws/dataselect/1/query;https://data.raspberryshake.org/fdsnws/dataselect/1/query;https://data.raspberryshake.org/fdsnws/dataselect/1/query,AM.R77C3.noise.20250604T172830;AM.R77C3.noise.20250603T000356;AM.R77C3.noise.20250606T004041,ordered_three_chunk_concat_v1,3500;3500;3500,3500;3500;2000,0;3500;7000,3500;7000;9000
272,AM,R77C3,00,EH?,2026-05-03T18:39:28.926000Z,2026-05-03T18:40:03.926000Z,event_template,0.0,38.35,100.0,preprocessing_v1_0_6,controlled-v1-case-0272,RASPISHAKE,https://data.raspberryshake.org/fdsnws/dataselect/1/query,AM.R77C3.event.20260503T183928,AM;AM;AM,R77C3;R77C3;R77C3,00;00;00,EH?;EH?;EH?,2025-06-04T17:28:28.913000Z;2025-06-03T00:03:51.393000Z;2025-06-06T00:40:39.143000Z,2025-06-04T17:31:33.853000Z;2025-06-03T00:07:00.823000Z;2025-06-06T00:43:45.863000Z,RASPISHAKE;RASPISHAKE;RASPISHAKE,https://data.raspberryshake.org/fdsnws/dataselect/1/query;https://data.raspberryshake.org/fdsnws/dataselect/1/query;https://data.raspberryshake.org/fdsnws/dataselect/1/query,AM.R77C3.noise.20250604T172830;AM.R77C3.noise.20250603T000356;AM.R77C3.noise.20250606T004041,ordered_three_chunk_concat_v1,3500;3500;3500,3500;3500;2000,0;3500;7000,3500;7000;9000
273,AM,R77C3,00,EH?,2026-05-03T18:39:28.926000Z,2026-05-03T18:40:03.926000Z,event_template,5.0,38.35,100.0,preprocessing_v1_0_6,controlled-v1-case-0273,RASPISHAKE,https://data.raspberryshake.org/fdsnws/dataselect/1/query,AM.R77C3.event.20260503T183928,AM;AM;AM,R77C3;R77C3;R77C3,00;00;00,EH?;EH?;EH?,2025-06-04T17:28:28.913000Z;2025-06-03T00:03:51.393000Z;2025-06-06T00:40:39.143000Z,2025-06-04T17:31:33.853000Z;2025-06-03T00:07:00.823000Z;2025-06-06T00:43:45.863000Z,RASPISHAKE;RASPISHAKE;RASPISHAKE,https://data.raspberryshake.org/fdsnws/dataselect/1/query;https://data.raspberryshake.org/fdsnws/dataselect/1/query;https://data.raspberryshake.org/fdsnws/dataselect/1/query,AM.R77C3.noise.20250604T172830;AM.R77C3.noise.20250603T000356;AM.R77C3.noise.20250606T004041,ordered_three_chunk_concat_v1,3500;3500;3500,3500;3500;2000,0;3500;7000,3500;7000;9000
274,AM,R77C3,00,EH?,2026-05-20T14:16:06.196000Z,2026-05-20T14:16:41.196000Z,event_template,-5.0,24.39,100.0,preprocessing_v1_0_6,controlled-v1-case-0274,RASPISHAKE,https://data.raspberryshake.org/fdsnws/dataselect/1/query,AM.R77C3.event.20260520T141606,AM;AM;AM,R77C3;R77C3;R77C3,00;00;00,EH?;EH?;EH?,2025-06-04T00:48:11.913000Z;2025-06-10T11:38:05.133000Z;2025-06-09T03:14:03.843000Z,2025-06-04T00:51:18.953000Z;2025-06-10T11:41:10.623000Z;2025-06-09T03:17:10.933000Z,RASPISHAKE;RASPISHAKE;RASPISHAKE,https://data.raspberryshake.org/fdsnws/dataselect/1/query;https://data.raspberryshake.org/fdsnws/dataselect/1/query;https://data.raspberryshake.org/fdsnws/dataselect/1/query,AM.R77C3.noise.20250604T004815;AM.R77C3.noise.20250610T113808;AM.R77C3.noise.20250609T031408,ordered_three_chunk_concat_v1,3500;3500;3500,3500;3500;2000,0;3500;7000,3500;7000;9000
275,AM,R77C3,00,EH?,2026-05-20T14:16:06.196000Z,2026-05-20T14:16:41.196000Z,event_template,0.0,24.39,100.0,preprocessing_v1_0_6,controlled-v1-case-0275,RASPISHAKE,https://data.raspberryshake.org/fdsnws/dataselect/1/query,AM.R77C3.event.20260520T141606,AM;AM;AM,R77C3;R77C3;R77C3,00;00;00,EH?;EH?;EH?,2025-06-04T00:48:11.913000Z;2025-06-10T11:38:05.133000Z;2025-06-09T03:14:03.843000Z,2025-06-04T00:51:18.953000Z;2025-06-10T11:41:10.623000Z;2025-06-09T03:17:10.933000Z,RASPISHAKE;RASPISHAKE;RASPISHAKE,https://data.raspberryshake.org/fdsnws/dataselect/1/query;https://data.raspberryshake.org/fdsnws/dataselect/1/query;https://data.raspberryshake.org/fdsnws/dataselect/1/query,AM.R77C3.noise.20250604T004815;AM.R77C3.noise.20250610T113808;AM.R77C3.noise.20250609T031408,ordered_three_chunk_concat_v1,3500;3500;3500,3500;3500;2000,0;3500;7000,3500;7000;9000
276,AM,R77C3,00,EH?,2026-05-20T14:16:06.196000Z,2026-05-20T14:16:41.196000Z,event_template,5.0,24.39,100.0,preprocessing_v1_0_6,controlled-v1-case-0276,RASPISHAKE,https://data.raspberryshake.org/fdsnws/dataselect/1/query,AM.R77C3.event.20260520T141606,AM;AM;AM,R77C3;R77C3;R77C3,00;00;00,EH?;EH?;EH?,2025-06-04T00:48:11.913000Z;2025-06-10T11:38:05.133000Z;2025-06-09T03:14:03.843000Z,2025-06-04T00:51:18.953000Z;2025-06-10T11:41:10.623000Z;2025-06-09T03:17:10.933000Z,RASPISHAKE;RASPISHAKE;RASPISHAKE,https://data.raspberryshake.org/fdsnws/dataselect/1/query;https://data.raspberryshake.org/fdsnws/dataselect/1/query;https://data.raspberryshake.org/fdsnws/dataselect/1/query,AM.R77C3.noise.20250604T004815;AM.R77C3.noise.20250610T113808;AM.R77C3.noise.20250609T031408,ordered_three_chunk_concat_v1,3500;3500;3500,3500;3500;2000,0;3500;7000,3500;7000;9000
277,AM,R77C3,00,EH?,2026-05-21T03:52:34.447000Z,2026-05-21T03:53:09.447000Z,event_template,-5.0,24.84,100.0,preprocessing_v1_0_6,controlled-v1-case-0277,RASPISHAKE,https://data.raspberryshake.org/fdsnws/dataselect/1/query,AM.R77C3.event.20260521T035234,AM;AM;AM,R77C3;R77C3;R77C3,00;00;00,EH?;EH?;EH?,2025-06-01T00:23:41.233000Z;2025-06-06T00:40:39.143000Z;2025-06-07T14:44:15.743000Z,2025-06-01T00:26:47.453000Z;2025-06-06T00:43:45.863000Z;2025-06-07T14:47:21.393000Z,RASPISHAKE;RASPISHAKE;RASPISHAKE,https://data.raspberryshake.org/fdsnws/dataselect/1/query;https://data.raspberryshake.org/fdsnws/dataselect/1/query;https://data.raspberryshake.org/fdsnws/dataselect/1/query,AM.R77C3.noise.20250601T002345;AM.R77C3.noise.20250606T004041;AM.R77C3.noise.20250607T144418,ordered_three_chunk_concat_v1,3500;3500;3500,3500;3500;2000,0;3500;7000,3500;7000;9000
278,AM,R77C3,00,EH?,2026-05-21T03:52:34.447000Z,2026-05-21T03:53:09.447000Z,event_template,0.0,24.84,100.0,preprocessing_v1_0_6,controlled-v1-case-0278,RASPISHAKE,https://data.raspberryshake.org/fdsnws/dataselect/1/query,AM.R77C3.event.20260521T035234,AM;AM;AM,R77C3;R77C3;R77C3,00;00;00,EH?;EH?;EH?,2025-06-01T00:23:41.233000Z;2025-06-06T00:40:39.143000Z;2025-06-07T14:44:15.743000Z,2025-06-01T00:26:47.453000Z;2025-06-06T00:43:45.863000Z;2025-06-07T14:47:21.393000Z,RASPISHAKE;RASPISHAKE;RASPISHAKE,https://data.raspberryshake.org/fdsnws/dataselect/1/query;https://data.raspberryshake.org/fdsnws/dataselect/1/query;https://data.raspberryshake.org/fdsnws/dataselect/1/query,AM.R77C3.noise.20250601T002345;AM.R77C3.noise.20250606T004041;AM.R77C3.noise.20250607T144418,ordered_three_chunk_concat_v1,3500;3500;3500,3500;3500;2000,0;3500;7000,3500;7000;9000
279,AM,R77C3,00,EH?,2026-05-21T03:52:34.447000Z,2026-05-21T03:53:09.447000Z,event_template,5.0,24.84,100.0,preprocessing_v1_0_6,controlled-v1-case-0279,RASPISHAKE,https://data.raspberryshake.org/fdsnws/dataselect/1/query,AM.R77C3.event.20260521T035234,AM;AM;AM,R77C3;R77C3;R77C3,00;00;00,EH?;EH?;EH?,2025-06-01T00:23:41.233000Z;2025-06-06T00:40:39.143000Z;2025-06-07T14:44:15.743000Z,2025-06-01T00:26:47.453000Z;2025-06-06T00:43:45.863000Z;2025-06-07T14:47:21.393000Z,RASPISHAKE;RASPISHAKE;RASPISHAKE,https://data.raspberryshake.org/fdsnws/dataselect/1/query;https://data.raspberryshake.org/fdsnws/dataselect/1/query;https://data.raspberryshake.org/fdsnws/dataselect/1/query,AM.R77C3.noise.20250601T002345;AM.R77C3.noise.20250606T004041;AM.R77C3.noise.20250607T144418,ordered_three_chunk_concat_v1,3500;3500;3500,3500;3500;2000,0;3500;7000,3500;7000;9000
280,AM,R77C3,00,EH?,2026-05-23T00:14:47.111000Z,2026-05-23T00:15:22.111000Z,event_template,-5.0,41.48,100.0,preprocessing_v1_0_6,controlled-v1-case-0280,RASPISHAKE,https://data.raspberryshake.org/fdsnws/dataselect/1/query,AM.R77C3.event.20260523T001447,AM;AM;AM,R77C3;R77C3;R77C3,00;00;00,EH?;EH?;EH?,2025-06-03T00:03:51.393000Z;2025-06-10T22:22:10.743000Z;2025-06-01T15:15:14.703000Z,2025-06-03T00:07:00.823000Z;2025-06-10T22:25:16.853000Z;2025-06-01T15:18:20.043000Z,RASPISHAKE;RASPISHAKE;RASPISHAKE,https://data.raspberryshake.org/fdsnws/dataselect/1/query;https://data.raspberryshake.org/fdsnws/dataselect/1/query;https://data.raspberryshake.org/fdsnws/dataselect/1/query,AM.R77C3.noise.20250603T000356;AM.R77C3.noise.20250610T222213;AM.R77C3.noise.20250601T151518,ordered_three_chunk_concat_v1,3500;3500;3500,3500;3500;2000,0;3500;7000,3500;7000;9000
281,AM,R77C3,00,EH?,2026-05-23T00:14:47.111000Z,2026-05-23T00:15:22.111000Z,event_template,0.0,41.48,100.0,preprocessing_v1_0_6,controlled-v1-case-0281,RASPISHAKE,https://data.raspberryshake.org/fdsnws/dataselect/1/query,AM.R77C3.event.20260523T001447,AM;AM;AM,R77C3;R77C3;R77C3,00;00;00,EH?;EH?;EH?,2025-06-03T00:03:51.393000Z;2025-06-10T22:22:10.743000Z;2025-06-01T15:15:14.703000Z,2025-06-03T00:07:00.823000Z;2025-06-10T22:25:16.853000Z;2025-06-01T15:18:20.043000Z,RASPISHAKE;RASPISHAKE;RASPISHAKE,https://data.raspberryshake.org/fdsnws/dataselect/1/query;https://data.raspberryshake.org/fdsnws/dataselect/1/query;https://data.raspberryshake.org/fdsnws/dataselect/1/query,AM.R77C3.noise.20250603T000356;AM.R77C3.noise.20250610T222213;AM.R77C3.noise.20250601T151518,ordered_three_chunk_concat_v1,3500;3500;3500,3500;3500;2000,0;3500;7000,3500;7000;9000
282,AM,R77C3,00,EH?,2026-05-23T00:14:47.111000Z,2026-05-23T00:15:22.111000Z,event_template,5.0,41.48,100.0,preprocessing_v1_0_6,controlled-v1-case-0282,RASPISHAKE,https://data.raspberryshake.org/fdsnws/dataselect/1/query,AM.R77C3.event.20260523T001447,AM;AM;AM,R77C3;R77C3;R77C3,00;00;00,EH?;EH?;EH?,2025-06-03T00:03:51.393000Z;2025-06-10T22:22:10.743000Z;2025-06-01T15:15:14.703000Z,2025-06-03T00:07:00.823000Z;2025-06-10T22:25:16.853000Z;2025-06-01T15:18:20.043000Z,RASPISHAKE;RASPISHAKE;RASPISHAKE,https://data.raspberryshake.org/fdsnws/dataselect/1/query;https://data.raspberryshake.org/fdsnws/dataselect/1/query;https://data.raspberryshake.org/fdsnws/dataselect/1/query,AM.R77C3.noise.20250603T000356;AM.R77C3.noise.20250610T222213;AM.R77C3.noise.20250601T151518,ordered_three_chunk_concat_v1,3500;3500;3500,3500;3500;2000,0;3500;7000,3500;7000;9000
283,AM,R77C3,00,EH?,2026-05-25T15:26:34.449000Z,2026-05-25T15:27:09.449000Z,event_template,-5.0,42.9,100.0,preprocessing_v1_0_6,controlled-v1-case-0283,RASPISHAKE,https://data.raspberryshake.org/fdsnws/dataselect/1/query,AM.R77C3.event.20260525T152634,AM;AM;AM,R77C3;R77C3;R77C3,00;00;00,EH?;EH?;EH?,2025-06-01T00:58:48.093000Z;2025-06-01T06:27:38.893000Z;2025-06-08T16:29:15.433000Z,2025-06-01T01:01:56.413000Z;2025-06-01T06:30:45.593000Z;2025-06-08T16:32:21.953000Z,RASPISHAKE;RASPISHAKE;RASPISHAKE,https://data.raspberryshake.org/fdsnws/dataselect/1/query;https://data.raspberryshake.org/fdsnws/dataselect/1/query;https://data.raspberryshake.org/fdsnws/dataselect/1/query,AM.R77C3.noise.20250601T005852;AM.R77C3.noise.20250601T062741;AM.R77C3.noise.20250608T162917,ordered_three_chunk_concat_v1,3500;3500;3500,3500;3500;2000,0;3500;7000,3500;7000;9000
284,AM,R77C3,00,EH?,2026-05-25T15:26:34.449000Z,2026-05-25T15:27:09.449000Z,event_template,0.0,42.9,100.0,preprocessing_v1_0_6,controlled-v1-case-0284,RASPISHAKE,https://data.raspberryshake.org/fdsnws/dataselect/1/query,AM.R77C3.event.20260525T152634,AM;AM;AM,R77C3;R77C3;R77C3,00;00;00,EH?;EH?;EH?,2025-06-01T00:58:48.093000Z;2025-06-01T06:27:38.893000Z;2025-06-08T16:29:15.433000Z,2025-06-01T01:01:56.413000Z;2025-06-01T06:30:45.593000Z;2025-06-08T16:32:21.953000Z,RASPISHAKE;RASPISHAKE;RASPISHAKE,https://data.raspberryshake.org/fdsnws/dataselect/1/query;https://data.raspberryshake.org/fdsnws/dataselect/1/query;https://data.raspberryshake.org/fdsnws/dataselect/1/query,AM.R77C3.noise.20250601T005852;AM.R77C3.noise.20250601T062741;AM.R77C3.noise.20250608T162917,ordered_three_chunk_concat_v1,3500;3500;3500,3500;3500;2000,0;3500;7000,3500;7000;9000
285,AM,R77C3,00,EH?,2026-05-25T15:26:34.449000Z,2026-05-25T15:27:09.449000Z,event_template,5.0,42.9,100.0,preprocessing_v1_0_6,controlled-v1-case-0285,RASPISHAKE,https://data.raspberryshake.org/fdsnws/dataselect/1/query,AM.R77C3.event.20260525T152634,AM;AM;AM,R77C3;R77C3;R77C3,00;00;00,EH?;EH?;EH?,2025-06-01T00:58:48.093000Z;2025-06-01T06:27:38.893000Z;2025-06-08T16:29:15.433000Z,2025-06-01T01:01:56.413000Z;2025-06-01T06:30:45.593000Z;2025-06-08T16:32:21.953000Z,RASPISHAKE;RASPISHAKE;RASPISHAKE,https://data.raspberryshake.org/fdsnws/dataselect/1/query;https://data.raspberryshake.org/fdsnws/dataselect/1/query;https://data.raspberryshake.org/fdsnws/dataselect/1/query,AM.R77C3.noise.20250601T005852;AM.R77C3.noise.20250601T062741;AM.R77C3.noise.20250608T162917,ordered_three_chunk_concat_v1,3500;3500;3500,3500;3500;2000,0;3500;7000,3500;7000;9000
286,AM,R77C3,00,EH?,2026-05-28T22:01:37.432000Z,2026-05-28T22:02:12.432000Z,event_template,-5.0,54.81,100.0,preprocessing_v1_0_6,controlled-v1-case-0286,RASPISHAKE,https://data.raspberryshake.org/fdsnws/dataselect/1/query,AM.R77C3.event.20260528T220137,AM;AM;AM,R77C3;R77C3;R77C3,00;00;00,EH?;EH?;EH?,2025-06-06T16:03:37.233000Z;2025-06-07T14:44:15.743000Z;2025-06-02T19:28:37.753000Z,2025-06-06T16:06:44.633000Z;2025-06-07T14:47:21.393000Z;2025-06-02T19:31:43.183000Z,RASPISHAKE;RASPISHAKE;RASPISHAKE,https://data.raspberryshake.org/fdsnws/dataselect/1/query;https://data.raspberryshake.org/fdsnws/dataselect/1/query;https://data.raspberryshake.org/fdsnws/dataselect/1/query,AM.R77C3.noise.20250606T160341;AM.R77C3.noise.20250607T144418;AM.R77C3.noise.20250602T192840,ordered_three_chunk_concat_v1,3500;3500;3500,3500;3500;2000,0;3500;7000,3500;7000;9000
287,AM,R77C3,00,EH?,2026-05-28T22:01:37.432000Z,2026-05-28T22:02:12.432000Z,event_template,0.0,54.81,100.0,preprocessing_v1_0_6,controlled-v1-case-0287,RASPISHAKE,https://data.raspberryshake.org/fdsnws/dataselect/1/query,AM.R77C3.event.20260528T220137,AM;AM;AM,R77C3;R77C3;R77C3,00;00;00,EH?;EH?;EH?,2025-06-06T16:03:37.233000Z;2025-06-07T14:44:15.743000Z;2025-06-02T19:28:37.753000Z,2025-06-06T16:06:44.633000Z;2025-06-07T14:47:21.393000Z;2025-06-02T19:31:43.183000Z,RASPISHAKE;RASPISHAKE;RASPISHAKE,https://data.raspberryshake.org/fdsnws/dataselect/1/query;https://data.raspberryshake.org/fdsnws/dataselect/1/query;https://data.raspberryshake.org/fdsnws/dataselect/1/query,AM.R77C3.noise.20250606T160341;AM.R77C3.noise.20250607T144418;AM.R77C3.noise.20250602T192840,ordered_three_chunk_concat_v1,3500;3500;3500,3500;3500;2000,0;3500;7000,3500;7000;9000
288,AM,R77C3,00,EH?,2026-05-28T22:01:37.432000Z,2026-05-28T22:02:12.432000Z,event_template,5.0,54.81,100.0,preprocessing_v1_0_6,controlled-v1-case-0288,RASPISHAKE,https://data.raspberryshake.org/fdsnws/dataselect/1/query,AM.R77C3.event.20260528T220137,AM;AM;AM,R77C3;R77C3;R77C3,00;00;00,EH?;EH?;EH?,2025-06-06T16:03:37.233000Z;2025-06-07T14:44:15.743000Z;2025-06-02T19:28:37.753000Z,2025-06-06T16:06:44.633000Z;2025-06-07T14:47:21.393000Z;2025-06-02T19:31:43.183000Z,RASPISHAKE;RASPISHAKE;RASPISHAKE,https://data.raspberryshake.org/fdsnws/dataselect/1/query;https://data.raspberryshake.org/fdsnws/dataselect/1/query;https://data.raspberryshake.org/fdsnws/dataselect/1/query,AM.R77C3.noise.20250606T160341;AM.R77C3.noise.20250607T144418;AM.R77C3.noise.20250602T192840,ordered_three_chunk_concat_v1,3500;3500;3500,3500;3500;2000,0;3500;7000,3500;7000;9000
289,AM,R7813,00,EH?,2025-07-15T09:00:42.505000Z,2025-07-15T09:01:17.505000Z,event_template,-5.0,28.15,100.0,preprocessing_v1_0_6,controlled-v1-case-0289,RASPISHAKE,https://data.raspberryshake.org/fdsnws/dataselect/1/query,AM.R7813.event.20250715T090042,AM;AM;AM,R7813;R7813;R7813,00;00;00,EH?;EH?;EH?,2025-06-03T22:23:39.495000Z;2025-06-06T16:03:37.125000Z;2025-06-10T22:22:08.845000Z,2025-06-03T22:26:47.065000Z;2025-06-06T16:06:43.355000Z;2025-06-10T22:25:15.885000Z,RASPISHAKE;RASPISHAKE;RASPISHAKE,https://data.raspberryshake.org/fdsnws/dataselect/1/query;https://data.raspberryshake.org/fdsnws/dataselect/1/query;https://data.raspberryshake.org/fdsnws/dataselect/1/query,AM.R7813.noise.20250603T222341;AM.R7813.noise.20250606T160341;AM.R7813.noise.20250610T222213,ordered_three_chunk_concat_v1,3500;3500;3500,3500;3500;2000,0;3500;7000,3500;7000;9000
290,AM,R7813,00,EH?,2025-07-15T09:00:42.505000Z,2025-07-15T09:01:17.505000Z,event_template,0.0,28.15,100.0,preprocessing_v1_0_6,controlled-v1-case-0290,RASPISHAKE,https://data.raspberryshake.org/fdsnws/dataselect/1/query,AM.R7813.event.20250715T090042,AM;AM;AM,R7813;R7813;R7813,00;00;00,EH?;EH?;EH?,2025-06-03T22:23:39.495000Z;2025-06-06T16:03:37.125000Z;2025-06-10T22:22:08.845000Z,2025-06-03T22:26:47.065000Z;2025-06-06T16:06:43.355000Z;2025-06-10T22:25:15.885000Z,RASPISHAKE;RASPISHAKE;RASPISHAKE,https://data.raspberryshake.org/fdsnws/dataselect/1/query;https://data.raspberryshake.org/fdsnws/dataselect/1/query;https://data.raspberryshake.org/fdsnws/dataselect/1/query,AM.R7813.noise.20250603T222341;AM.R7813.noise.20250606T160341;AM.R7813.noise.20250610T222213,ordered_three_chunk_concat_v1,3500;3500;3500,3500;3500;2000,0;3500;7000,3500;7000;9000
291,AM,R7813,00,EH?,2025-07-15T09:00:42.505000Z,2025-07-15T09:01:17.505000Z,event_template,5.0,28.15,100.0,preprocessing_v1_0_6,controlled-v1-case-0291,RASPISHAKE,https://data.raspberryshake.org/fdsnws/dataselect/1/query,AM.R7813.event.20250715T090042,AM;AM;AM,R7813;R7813;R7813,00;00;00,EH?;EH?;EH?,2025-06-03T22:23:39.495000Z;2025-06-06T16:03:37.125000Z;2025-06-10T22:22:08.845000Z,2025-06-03T22:26:47.065000Z;2025-06-06T16:06:43.355000Z;2025-06-10T22:25:15.885000Z,RASPISHAKE;RASPISHAKE;RASPISHAKE,https://data.raspberryshake.org/fdsnws/dataselect/1/query;https://data.raspberryshake.org/fdsnws/dataselect/1/query;https://data.raspberryshake.org/fdsnws/dataselect/1/query,AM.R7813.noise.20250603T222341;AM.R7813.noise.20250606T160341;AM.R7813.noise.20250610T222213,ordered_three_chunk_concat_v1,3500;3500;3500,3500;3500;2000,0;3500;7000,3500;7000;9000
292,AM,R7813,00,EH?,2025-08-21T04:01:36.645000Z,2025-08-21T04:02:11.645000Z,event_template,-5.0,54.25,100.0,preprocessing_v1_0_6,controlled-v1-case-0292,RASPISHAKE,https://data.raspberryshake.org/fdsnws/dataselect/1/query,AM.R7813.event.20250821T040136,AM;AM;AM,R7813;R7813;R7813,00;00;00,EH?;EH?;EH?,2025-06-03T22:23:39.495000Z;2025-06-10T22:22:08.845000Z;2025-06-10T11:38:06.195000Z,2025-06-03T22:26:47.065000Z;2025-06-10T22:25:15.885000Z;2025-06-10T11:41:13.335000Z,RASPISHAKE;RASPISHAKE;RASPISHAKE,https://data.raspberryshake.org/fdsnws/dataselect/1/query;https://data.raspberryshake.org/fdsnws/dataselect/1/query;https://data.raspberryshake.org/fdsnws/dataselect/1/query,AM.R7813.noise.20250603T222341;AM.R7813.noise.20250610T222213;AM.R7813.noise.20250610T113808,ordered_three_chunk_concat_v1,3500;3500;3500,3500;3500;2000,0;3500;7000,3500;7000;9000
293,AM,R7813,00,EH?,2025-08-21T04:01:36.645000Z,2025-08-21T04:02:11.645000Z,event_template,0.0,54.25,100.0,preprocessing_v1_0_6,controlled-v1-case-0293,RASPISHAKE,https://data.raspberryshake.org/fdsnws/dataselect/1/query,AM.R7813.event.20250821T040136,AM;AM;AM,R7813;R7813;R7813,00;00;00,EH?;EH?;EH?,2025-06-03T22:23:39.495000Z;2025-06-10T22:22:08.845000Z;2025-06-10T11:38:06.195000Z,2025-06-03T22:26:47.065000Z;2025-06-10T22:25:15.885000Z;2025-06-10T11:41:13.335000Z,RASPISHAKE;RASPISHAKE;RASPISHAKE,https://data.raspberryshake.org/fdsnws/dataselect/1/query;https://data.raspberryshake.org/fdsnws/dataselect/1/query;https://data.raspberryshake.org/fdsnws/dataselect/1/query,AM.R7813.noise.20250603T222341;AM.R7813.noise.20250610T222213;AM.R7813.noise.20250610T113808,ordered_three_chunk_concat_v1,3500;3500;3500,3500;3500;2000,0;3500;7000,3500;7000;9000
294,AM,R7813,00,EH?,2025-08-21T04:01:36.645000Z,2025-08-21T04:02:11.645000Z,event_template,5.0,54.25,100.0,preprocessing_v1_0_6,controlled-v1-case-0294,RASPISHAKE,https://data.raspberryshake.org/fdsnws/dataselect/1/query,AM.R7813.event.20250821T040136,AM;AM;AM,R7813;R7813;R7813,00;00;00,EH?;EH?;EH?,2025-06-03T22:23:39.495000Z;2025-06-10T22:22:08.845000Z;2025-06-10T11:38:06.195000Z,2025-06-03T22:26:47.065000Z;2025-06-10T22:25:15.885000Z;2025-06-10T11:41:13.335000Z,RASPISHAKE;RASPISHAKE;RASPISHAKE,https://data.raspberryshake.org/fdsnws/dataselect/1/query;https://data.raspberryshake.org/fdsnws/dataselect/1/query;https://data.raspberryshake.org/fdsnws/dataselect/1/query,AM.R7813.noise.20250603T222341;AM.R7813.noise.20250610T222213;AM.R7813.noise.20250610T113808,ordered_three_chunk_concat_v1,3500;3500;3500,3500;3500;2000,0;3500;7000,3500;7000;9000
295,AM,R7813,00,EH?,2025-09-17T21:58:19.904000Z,2025-09-17T21:58:54.904000Z,event_template,-5.0,55.67,100.0,preprocessing_v1_0_6,controlled-v1-case-0295,RASPISHAKE,https://data.raspberryshake.org/fdsnws/dataselect/1/query,AM.R7813.event.20250917T215819,AM;AM;AM,R7813;R7813;R7813,00;00;00,EH?;EH?;EH?,2025-06-05T10:07:21.975000Z;2025-06-04T20:32:01.465000Z;2025-06-06T02:58:32.315000Z,2025-06-05T10:10:28.885000Z;2025-06-04T20:35:09.855000Z;2025-06-06T03:01:41.135000Z,RASPISHAKE;RASPISHAKE;RASPISHAKE,https://data.raspberryshake.org/fdsnws/dataselect/1/query;https://data.raspberryshake.org/fdsnws/dataselect/1/query;https://data.raspberryshake.org/fdsnws/dataselect/1/query,AM.R7813.noise.20250605T100724;AM.R7813.noise.20250604T203205;AM.R7813.noise.20250606T025835,ordered_three_chunk_concat_v1,3500;3500;3500,3500;3500;2000,0;3500;7000,3500;7000;9000
296,AM,R7813,00,EH?,2025-09-17T21:58:19.904000Z,2025-09-17T21:58:54.904000Z,event_template,0.0,55.67,100.0,preprocessing_v1_0_6,controlled-v1-case-0296,RASPISHAKE,https://data.raspberryshake.org/fdsnws/dataselect/1/query,AM.R7813.event.20250917T215819,AM;AM;AM,R7813;R7813;R7813,00;00;00,EH?;EH?;EH?,2025-06-05T10:07:21.975000Z;2025-06-04T20:32:01.465000Z;2025-06-06T02:58:32.315000Z,2025-06-05T10:10:28.885000Z;2025-06-04T20:35:09.855000Z;2025-06-06T03:01:41.135000Z,RASPISHAKE;RASPISHAKE;RASPISHAKE,https://data.raspberryshake.org/fdsnws/dataselect/1/query;https://data.raspberryshake.org/fdsnws/dataselect/1/query;https://data.raspberryshake.org/fdsnws/dataselect/1/query,AM.R7813.noise.20250605T100724;AM.R7813.noise.20250604T203205;AM.R7813.noise.20250606T025835,ordered_three_chunk_concat_v1,3500;3500;3500,3500;3500;2000,0;3500;7000,3500;7000;9000
297,AM,R7813,00,EH?,2025-09-17T21:58:19.904000Z,2025-09-17T21:58:54.904000Z,event_template,5.0,55.67,100.0,preprocessing_v1_0_6,controlled-v1-case-0297,RASPISHAKE,https://data.raspberryshake.org/fdsnws/dataselect/1/query,AM.R7813.event.20250917T215819,AM;AM;AM,R7813;R7813;R7813,00;00;00,EH?;EH?;EH?,2025-06-05T10:07:21.975000Z;2025-06-04T20:32:01.465000Z;2025-06-06T02:58:32.315000Z,2025-06-05T10:10:28.885000Z;2025-06-04T20:35:09.855000Z;2025-06-06T03:01:41.135000Z,RASPISHAKE;RASPISHAKE;RASPISHAKE,https://data.raspberryshake.org/fdsnws/dataselect/1/query;https://data.raspberryshake.org/fdsnws/dataselect/1/query;https://data.raspberryshake.org/fdsnws/dataselect/1/query,AM.R7813.noise.20250605T100724;AM.R7813.noise.20250604T203205;AM.R7813.noise.20250606T025835,ordered_three_chunk_concat_v1,3500;3500;3500,3500;3500;2000,0;3500;7000,3500;7000;9000
298,AM,R7813,00,EH?,2026-02-16T04:14:11.344000Z,2026-02-16T04:14:46.344000Z,event_template,-5.0,59.17,100.0,preprocessing_v1_0_6,controlled-v1-case-0298,RASPISHAKE,https://data.raspberryshake.org/fdsnws/dataselect/1/query,AM.R7813.event.20260216T041411,AM;AM;AM,R7813;R7813;R7813,00;00;00,EH?;EH?;EH?,2025-06-06T15:29:57.035000Z;2025-06-09T07:25:46.275000Z;2025-06-04T20:32:01.465000Z,2025-06-06T15:33:04.335000Z;2025-06-09T07:28:53.075000Z;2025-06-04T20:35:09.855000Z,RASPISHAKE;RASPISHAKE;RASPISHAKE,https://data.raspberryshake.org/fdsnws/dataselect/1/query;https://data.raspberryshake.org/fdsnws/dataselect/1/query;https://data.raspberryshake.org/fdsnws/dataselect/1/query,AM.R7813.noise.20250606T153000;AM.R7813.noise.20250609T072549;AM.R7813.noise.20250604T203205,ordered_three_chunk_concat_v1,3500;3500;3500,3500;3500;2000,0;3500;7000,3500;7000;9000
299,AM,R7813,00,EH?,2026-02-16T04:14:11.344000Z,2026-02-16T04:14:46.344000Z,event_template,0.0,59.17,100.0,preprocessing_v1_0_6,controlled-v1-case-0299,RASPISHAKE,https://data.raspberryshake.org/fdsnws/dataselect/1/query,AM.R7813.event.20260216T041411,AM;AM;AM,R7813;R7813;R7813,00;00;00,EH?;EH?;EH?,2025-06-06T15:29:57.035000Z;2025-06-09T07:25:46.275000Z;2025-06-04T20:32:01.465000Z,2025-06-06T15:33:04.335000Z;2025-06-09T07:28:53.075000Z;2025-06-04T20:35:09.855000Z,RASPISHAKE;RASPISHAKE;RASPISHAKE,https://data.raspberryshake.org/fdsnws/dataselect/1/query;https://data.raspberryshake.org/fdsnws/dataselect/1/query;https://data.raspberryshake.org/fdsnws/dataselect/1/query,AM.R7813.noise.20250606T153000;AM.R7813.noise.20250609T072549;AM.R7813.noise.20250604T203205,ordered_three_chunk_concat_v1,3500;3500;3500,3500;3500;2000,0;3500;7000,3500;7000;9000
300,AM,R7813,00,EH?,2026-02-16T04:14:11.344000Z,2026-02-16T04:14:46.344000Z,event_template,5.0,59.17,100.0,preprocessing_v1_0_6,controlled-v1-case-0300,RASPISHAKE,https://data.raspberryshake.org/fdsnws/dataselect/1/query,AM.R7813.event.20260216T041411,AM;AM;AM,R7813;R7813;R7813,00;00;00,EH?;EH?;EH?,2025-06-06T15:29:57.035000Z;2025-06-09T07:25:46.275000Z;2025-06-04T20:32:01.465000Z,2025-06-06T15:33:04.335000Z;2025-06-09T07:28:53.075000Z;2025-06-04T20:35:09.855000Z,RASPISHAKE;RASPISHAKE;RASPISHAKE,https://data.raspberryshake.org/fdsnws/dataselect/1/query;https://data.raspberryshake.org/fdsnws/dataselect/1/query;https://data.raspberryshake.org/fdsnws/dataselect/1/query,AM.R7813.noise.20250606T153000;AM.R7813.noise.20250609T072549;AM.R7813.noise.20250604T203205,ordered_three_chunk_concat_v1,3500;3500;3500,3500;3500;2000,0;3500;7000,3500;7000;9000
301,AM,R7813,00,EH?,2026-03-15T20:21:41.894000Z,2026-03-15T20:22:16.894000Z,event_template,-5.0,48.2,100.0,preprocessing_v1_0_6,controlled-v1-case-0301,RASPISHAKE,https://data.raspberryshake.org/fdsnws/dataselect/1/query,AM.R7813.event.20260315T202141,AM;AM;AM,R7813;R7813;R7813,00;00;00,EH?;EH?;EH?,2025-06-09T07:25:46.275000Z;2025-06-05T12:58:00.185000Z;2025-06-04T17:28:26.845000Z,2025-06-09T07:28:53.075000Z;2025-06-05T13:01:07.705000Z;2025-06-04T17:31:34.875000Z,RASPISHAKE;RASPISHAKE;RASPISHAKE,https://data.raspberryshake.org/fdsnws/dataselect/1/query;https://data.raspberryshake.org/fdsnws/dataselect/1/query;https://data.raspberryshake.org/fdsnws/dataselect/1/query,AM.R7813.noise.20250609T072549;AM.R7813.noise.20250605T125804;AM.R7813.noise.20250604T172830,ordered_three_chunk_concat_v1,3500;3500;3500,3500;3500;2000,0;3500;7000,3500;7000;9000
302,AM,R7813,00,EH?,2026-03-15T20:21:41.894000Z,2026-03-15T20:22:16.894000Z,event_template,0.0,48.2,100.0,preprocessing_v1_0_6,controlled-v1-case-0302,RASPISHAKE,https://data.raspberryshake.org/fdsnws/dataselect/1/query,AM.R7813.event.20260315T202141,AM;AM;AM,R7813;R7813;R7813,00;00;00,EH?;EH?;EH?,2025-06-09T07:25:46.275000Z;2025-06-05T12:58:00.185000Z;2025-06-04T17:28:26.845000Z,2025-06-09T07:28:53.075000Z;2025-06-05T13:01:07.705000Z;2025-06-04T17:31:34.875000Z,RASPISHAKE;RASPISHAKE;RASPISHAKE,https://data.raspberryshake.org/fdsnws/dataselect/1/query;https://data.raspberryshake.org/fdsnws/dataselect/1/query;https://data.raspberryshake.org/fdsnws/dataselect/1/query,AM.R7813.noise.20250609T072549;AM.R7813.noise.20250605T125804;AM.R7813.noise.20250604T172830,ordered_three_chunk_concat_v1,3500;3500;3500,3500;3500;2000,0;3500;7000,3500;7000;9000
303,AM,R7813,00,EH?,2026-03-15T20:21:41.894000Z,2026-03-15T20:22:16.894000Z,event_template,5.0,48.2,100.0,preprocessing_v1_0_6,controlled-v1-case-0303,RASPISHAKE,https://data.raspberryshake.org/fdsnws/dataselect/1/query,AM.R7813.event.20260315T202141,AM;AM;AM,R7813;R7813;R7813,00;00;00,EH?;EH?;EH?,2025-06-09T07:25:46.275000Z;2025-06-05T12:58:00.185000Z;2025-06-04T17:28:26.845000Z,2025-06-09T07:28:53.075000Z;2025-06-05T13:01:07.705000Z;2025-06-04T17:31:34.875000Z,RASPISHAKE;RASPISHAKE;RASPISHAKE,https://data.raspberryshake.org/fdsnws/dataselect/1/query;https://data.raspberryshake.org/fdsnws/dataselect/1/query;https://data.raspberryshake.org/fdsnws/dataselect/1/query,AM.R7813.noise.20250609T072549;AM.R7813.noise.20250605T125804;AM.R7813.noise.20250604T172830,ordered_three_chunk_concat_v1,3500;3500;3500,3500;3500;2000,0;3500;7000,3500;7000;9000
304,AM,R7813,00,EH?,2026-03-30T01:28:45.329000Z,2026-03-30T01:29:20.329000Z,event_template,-5.0,42.89,100.0,preprocessing_v1_0_6,controlled-v1-case-0304,RASPISHAKE,https://data.raspberryshake.org/fdsnws/dataselect/1/query,AM.R7813.event.20260330T012845,AM;AM;AM,R7813;R7813;R7813,00;00;00,EH?;EH?;EH?,2025-06-01T00:58:50.355000Z;2025-06-09T17:16:43.075000Z;2025-06-06T15:29:57.035000Z,2025-06-01T01:01:57.905000Z;2025-06-09T17:19:50.855000Z;2025-06-06T15:33:04.335000Z,RASPISHAKE;RASPISHAKE;RASPISHAKE,https://data.raspberryshake.org/fdsnws/dataselect/1/query;https://data.raspberryshake.org/fdsnws/dataselect/1/query;https://data.raspberryshake.org/fdsnws/dataselect/1/query,AM.R7813.noise.20250601T005852;AM.R7813.noise.20250609T171646;AM.R7813.noise.20250606T153000,ordered_three_chunk_concat_v1,3500;3500;3500,3500;3500;2000,0;3500;7000,3500;7000;9000
305,AM,R7813,00,EH?,2026-03-30T01:28:45.329000Z,2026-03-30T01:29:20.329000Z,event_template,0.0,42.89,100.0,preprocessing_v1_0_6,controlled-v1-case-0305,RASPISHAKE,https://data.raspberryshake.org/fdsnws/dataselect/1/query,AM.R7813.event.20260330T012845,AM;AM;AM,R7813;R7813;R7813,00;00;00,EH?;EH?;EH?,2025-06-01T00:58:50.355000Z;2025-06-09T17:16:43.075000Z;2025-06-06T15:29:57.035000Z,2025-06-01T01:01:57.905000Z;2025-06-09T17:19:50.855000Z;2025-06-06T15:33:04.335000Z,RASPISHAKE;RASPISHAKE;RASPISHAKE,https://data.raspberryshake.org/fdsnws/dataselect/1/query;https://data.raspberryshake.org/fdsnws/dataselect/1/query;https://data.raspberryshake.org/fdsnws/dataselect/1/query,AM.R7813.noise.20250601T005852;AM.R7813.noise.20250609T171646;AM.R7813.noise.20250606T153000,ordered_three_chunk_concat_v1,3500;3500;3500,3500;3500;2000,0;3500;7000,3500;7000;9000
306,AM,R7813,00,EH?,2026-03-30T01:28:45.329000Z,2026-03-30T01:29:20.329000Z,event_template,5.0,42.89,100.0,preprocessing_v1_0_6,controlled-v1-case-0306,RASPISHAKE,https://data.raspberryshake.org/fdsnws/dataselect/1/query,AM.R7813.event.20260330T012845,AM;AM;AM,R7813;R7813;R7813,00;00;00,EH?;EH?;EH?,2025-06-01T00:58:50.355000Z;2025-06-09T17:16:43.075000Z;2025-06-06T15:29:57.035000Z,2025-06-01T01:01:57.905000Z;2025-06-09T17:19:50.855000Z;2025-06-06T15:33:04.335000Z,RASPISHAKE;RASPISHAKE;RASPISHAKE,https://data.raspberryshake.org/fdsnws/dataselect/1/query;https://data.raspberryshake.org/fdsnws/dataselect/1/query;https://data.raspberryshake.org/fdsnws/dataselect/1/query,AM.R7813.noise.20250601T005852;AM.R7813.noise.20250609T171646;AM.R7813.noise.20250606T153000,ordered_three_chunk_concat_v1,3500;3500;3500,3500;3500;2000,0;3500;7000,3500;7000;9000
307,AM,R7813,00,EH?,2026-04-23T18:00:27.329000Z,2026-04-23T18:01:02.329000Z,event_template,-5.0,21.13,100.0,preprocessing_v1_0_6,controlled-v1-case-0307,RASPISHAKE,https://data.raspberryshake.org/fdsnws/dataselect/1/query,AM.R7813.event.20260423T180027,AM;AM;AM,R7813;R7813;R7813,00;00;00,EH?;EH?;EH?,2025-06-07T23:52:55.965000Z;2025-06-07T09:11:16.945000Z;2025-06-05T07:10:38.155000Z,2025-06-07T23:56:02.015000Z;2025-06-07T09:14:25.545000Z;2025-06-05T07:13:45.675000Z,RASPISHAKE;RASPISHAKE;RASPISHAKE,https://data.raspberryshake.org/fdsnws/dataselect/1/query;https://data.raspberryshake.org/fdsnws/dataselect/1/query;https://data.raspberryshake.org/fdsnws/dataselect/1/query,AM.R7813.noise.20250607T235259;AM.R7813.noise.20250607T091120;AM.R7813.noise.20250605T071041,ordered_three_chunk_concat_v1,3500;3500;3500,3500;3500;2000,0;3500;7000,3500;7000;9000
308,AM,R7813,00,EH?,2026-04-23T18:00:27.329000Z,2026-04-23T18:01:02.329000Z,event_template,0.0,21.13,100.0,preprocessing_v1_0_6,controlled-v1-case-0308,RASPISHAKE,https://data.raspberryshake.org/fdsnws/dataselect/1/query,AM.R7813.event.20260423T180027,AM;AM;AM,R7813;R7813;R7813,00;00;00,EH?;EH?;EH?,2025-06-07T23:52:55.965000Z;2025-06-07T09:11:16.945000Z;2025-06-05T07:10:38.155000Z,2025-06-07T23:56:02.015000Z;2025-06-07T09:14:25.545000Z;2025-06-05T07:13:45.675000Z,RASPISHAKE;RASPISHAKE;RASPISHAKE,https://data.raspberryshake.org/fdsnws/dataselect/1/query;https://data.raspberryshake.org/fdsnws/dataselect/1/query;https://data.raspberryshake.org/fdsnws/dataselect/1/query,AM.R7813.noise.20250607T235259;AM.R7813.noise.20250607T091120;AM.R7813.noise.20250605T071041,ordered_three_chunk_concat_v1,3500;3500;3500,3500;3500;2000,0;3500;7000,3500;7000;9000
309,AM,R7813,00,EH?,2026-04-23T18:00:27.329000Z,2026-04-23T18:01:02.329000Z,event_template,5.0,21.13,100.0,preprocessing_v1_0_6,controlled-v1-case-0309,RASPISHAKE,https://data.raspberryshake.org/fdsnws/dataselect/1/query,AM.R7813.event.20260423T180027,AM;AM;AM,R7813;R7813;R7813,00;00;00,EH?;EH?;EH?,2025-06-07T23:52:55.965000Z;2025-06-07T09:11:16.945000Z;2025-06-05T07:10:38.155000Z,2025-06-07T23:56:02.015000Z;2025-06-07T09:14:25.545000Z;2025-06-05T07:13:45.675000Z,RASPISHAKE;RASPISHAKE;RASPISHAKE,https://data.raspberryshake.org/fdsnws/dataselect/1/query;https://data.raspberryshake.org/fdsnws/dataselect/1/query;https://data.raspberryshake.org/fdsnws/dataselect/1/query,AM.R7813.noise.20250607T235259;AM.R7813.noise.20250607T091120;AM.R7813.noise.20250605T071041,ordered_three_chunk_concat_v1,3500;3500;3500,3500;3500;2000,0;3500;7000,3500;7000;9000
310,AM,R7813,00,EH?,2026-05-19T06:48:20.859000Z,2026-05-19T06:48:55.859000Z,event_template,-5.0,35.23,100.0,preprocessing_v1_0_6,controlled-v1-case-0310,RASPISHAKE,https://data.raspberryshake.org/fdsnws/dataselect/1/query,AM.R7813.event.20260519T064820,AM;AM;AM,R7813;R7813;R7813,00;00;00,EH?;EH?;EH?,2025-06-07T23:52:55.965000Z;2025-06-02T14:31:39.265000Z;2025-06-01T00:23:41.335000Z,2025-06-07T23:56:02.015000Z;2025-06-02T14:34:46.845000Z;2025-06-01T00:26:49.155000Z,RASPISHAKE;RASPISHAKE;RASPISHAKE,https://data.raspberryshake.org/fdsnws/dataselect/1/query;https://data.raspberryshake.org/fdsnws/dataselect/1/query;https://data.raspberryshake.org/fdsnws/dataselect/1/query,AM.R7813.noise.20250607T235259;AM.R7813.noise.20250602T143144;AM.R7813.noise.20250601T002345,ordered_three_chunk_concat_v1,3500;3500;3500,3500;3500;2000,0;3500;7000,3500;7000;9000
311,AM,R7813,00,EH?,2026-05-19T06:48:20.859000Z,2026-05-19T06:48:55.859000Z,event_template,0.0,35.23,100.0,preprocessing_v1_0_6,controlled-v1-case-0311,RASPISHAKE,https://data.raspberryshake.org/fdsnws/dataselect/1/query,AM.R7813.event.20260519T064820,AM;AM;AM,R7813;R7813;R7813,00;00;00,EH?;EH?;EH?,2025-06-07T23:52:55.965000Z;2025-06-02T14:31:39.265000Z;2025-06-01T00:23:41.335000Z,2025-06-07T23:56:02.015000Z;2025-06-02T14:34:46.845000Z;2025-06-01T00:26:49.155000Z,RASPISHAKE;RASPISHAKE;RASPISHAKE,https://data.raspberryshake.org/fdsnws/dataselect/1/query;https://data.raspberryshake.org/fdsnws/dataselect/1/query;https://data.raspberryshake.org/fdsnws/dataselect/1/query,AM.R7813.noise.20250607T235259;AM.R7813.noise.20250602T143144;AM.R7813.noise.20250601T002345,ordered_three_chunk_concat_v1,3500;3500;3500,3500;3500;2000,0;3500;7000,3500;7000;9000
312,AM,R7813,00,EH?,2026-05-19T06:48:20.859000Z,2026-05-19T06:48:55.859000Z,event_template,5.0,35.23,100.0,preprocessing_v1_0_6,controlled-v1-case-0312,RASPISHAKE,https://data.raspberryshake.org/fdsnws/dataselect/1/query,AM.R7813.event.20260519T064820,AM;AM;AM,R7813;R7813;R7813,00;00;00,EH?;EH?;EH?,2025-06-07T23:52:55.965000Z;2025-06-02T14:31:39.265000Z;2025-06-01T00:23:41.335000Z,2025-06-07T23:56:02.015000Z;2025-06-02T14:34:46.845000Z;2025-06-01T00:26:49.155000Z,RASPISHAKE;RASPISHAKE;RASPISHAKE,https://data.raspberryshake.org/fdsnws/dataselect/1/query;https://data.raspberryshake.org/fdsnws/dataselect/1/query;https://data.raspberryshake.org/fdsnws/dataselect/1/query,AM.R7813.noise.20250607T235259;AM.R7813.noise.20250602T143144;AM.R7813.noise.20250601T002345,ordered_three_chunk_concat_v1,3500;3500;3500,3500;3500;2000,0;3500;7000,3500;7000;9000
313,AM,R7BF6,00,EH?,2025-10-25T19:51:18.476000Z,2025-10-25T19:51:53.476000Z,event_template,-5.0,43.81,100.0,preprocessing_v1_0_6,controlled-v1-case-0313,RASPISHAKE,https://data.raspberryshake.org/fdsnws/dataselect/1/query,AM.R7BF6.event.20251025T195118,AM;AM;AM,R7BF6;R7BF6;R7BF6,00;00;00,EH?;EH?;EH?,2025-06-02T14:31:43.026000Z;2025-06-09T07:25:47.096000Z;2025-06-02T17:28:15.106000Z,2025-06-02T14:34:46.486000Z;2025-06-09T07:28:51.076000Z;2025-06-02T17:31:17.756000Z,RASPISHAKE;RASPISHAKE;RASPISHAKE,https://data.raspberryshake.org/fdsnws/dataselect/1/query;https://data.raspberryshake.org/fdsnws/dataselect/1/query;https://data.raspberryshake.org/fdsnws/dataselect/1/query,AM.R7BF6.noise.20250602T143144;AM.R7BF6.noise.20250609T072549;AM.R7BF6.noise.20250602T172817,ordered_three_chunk_concat_v1,3500;3500;3500,3500;3500;2000,0;3500;7000,3500;7000;9000
314,AM,R7BF6,00,EH?,2025-10-25T19:51:18.476000Z,2025-10-25T19:51:53.476000Z,event_template,0.0,43.81,100.0,preprocessing_v1_0_6,controlled-v1-case-0314,RASPISHAKE,https://data.raspberryshake.org/fdsnws/dataselect/1/query,AM.R7BF6.event.20251025T195118,AM;AM;AM,R7BF6;R7BF6;R7BF6,00;00;00,EH?;EH?;EH?,2025-06-02T14:31:43.026000Z;2025-06-09T07:25:47.096000Z;2025-06-02T17:28:15.106000Z,2025-06-02T14:34:46.486000Z;2025-06-09T07:28:51.076000Z;2025-06-02T17:31:17.756000Z,RASPISHAKE;RASPISHAKE;RASPISHAKE,https://data.raspberryshake.org/fdsnws/dataselect/1/query;https://data.raspberryshake.org/fdsnws/dataselect/1/query;https://data.raspberryshake.org/fdsnws/dataselect/1/query,AM.R7BF6.noise.20250602T143144;AM.R7BF6.noise.20250609T072549;AM.R7BF6.noise.20250602T172817,ordered_three_chunk_concat_v1,3500;3500;3500,3500;3500;2000,0;3500;7000,3500;7000;9000
315,AM,R7BF6,00,EH?,2025-10-25T19:51:18.476000Z,2025-10-25T19:51:53.476000Z,event_template,5.0,43.81,100.0,preprocessing_v1_0_6,controlled-v1-case-0315,RASPISHAKE,https://data.raspberryshake.org/fdsnws/dataselect/1/query,AM.R7BF6.event.20251025T195118,AM;AM;AM,R7BF6;R7BF6;R7BF6,00;00;00,EH?;EH?;EH?,2025-06-02T14:31:43.026000Z;2025-06-09T07:25:47.096000Z;2025-06-02T17:28:15.106000Z,2025-06-02T14:34:46.486000Z;2025-06-09T07:28:51.076000Z;2025-06-02T17:31:17.756000Z,RASPISHAKE;RASPISHAKE;RASPISHAKE,https://data.raspberryshake.org/fdsnws/dataselect/1/query;https://data.raspberryshake.org/fdsnws/dataselect/1/query;https://data.raspberryshake.org/fdsnws/dataselect/1/query,AM.R7BF6.noise.20250602T143144;AM.R7BF6.noise.20250609T072549;AM.R7BF6.noise.20250602T172817,ordered_three_chunk_concat_v1,3500;3500;3500,3500;3500;2000,0;3500;7000,3500;7000;9000
316,AM,R7BF6,00,EH?,2025-11-18T12:37:52.326000Z,2025-11-18T12:38:27.326000Z,event_template,-5.0,58.39,100.0,preprocessing_v1_0_6,controlled-v1-case-0316,RASPISHAKE,https://data.raspberryshake.org/fdsnws/dataselect/1/query,AM.R7BF6.event.20251118T123752,AM;AM;AM,R7BF6;R7BF6;R7BF6,00;00;00,EH?;EH?;EH?,2025-06-08T09:18:50.786000Z;2025-06-07T23:29:24.926000Z;2025-06-08T15:34:40.806000Z,2025-06-08T09:21:54.556000Z;2025-06-07T23:32:29.116000Z;2025-06-08T15:37:44.706000Z,RASPISHAKE;RASPISHAKE;RASPISHAKE,https://data.raspberryshake.org/fdsnws/dataselect/1/query;https://data.raspberryshake.org/fdsnws/dataselect/1/query;https://data.raspberryshake.org/fdsnws/dataselect/1/query,AM.R7BF6.noise.20250608T091852;AM.R7BF6.noise.20250607T232927;AM.R7BF6.noise.20250608T153442,ordered_three_chunk_concat_v1,3500;3500;3500,3500;3500;2000,0;3500;7000,3500;7000;9000
317,AM,R7BF6,00,EH?,2025-11-18T12:37:52.326000Z,2025-11-18T12:38:27.326000Z,event_template,0.0,58.39,100.0,preprocessing_v1_0_6,controlled-v1-case-0317,RASPISHAKE,https://data.raspberryshake.org/fdsnws/dataselect/1/query,AM.R7BF6.event.20251118T123752,AM;AM;AM,R7BF6;R7BF6;R7BF6,00;00;00,EH?;EH?;EH?,2025-06-08T09:18:50.786000Z;2025-06-07T23:29:24.926000Z;2025-06-08T15:34:40.806000Z,2025-06-08T09:21:54.556000Z;2025-06-07T23:32:29.116000Z;2025-06-08T15:37:44.706000Z,RASPISHAKE;RASPISHAKE;RASPISHAKE,https://data.raspberryshake.org/fdsnws/dataselect/1/query;https://data.raspberryshake.org/fdsnws/dataselect/1/query;https://data.raspberryshake.org/fdsnws/dataselect/1/query,AM.R7BF6.noise.20250608T091852;AM.R7BF6.noise.20250607T232927;AM.R7BF6.noise.20250608T153442,ordered_three_chunk_concat_v1,3500;3500;3500,3500;3500;2000,0;3500;7000,3500;7000;9000
318,AM,R7BF6,00,EH?,2025-11-18T12:37:52.326000Z,2025-11-18T12:38:27.326000Z,event_template,5.0,58.39,100.0,preprocessing_v1_0_6,controlled-v1-case-0318,RASPISHAKE,https://data.raspberryshake.org/fdsnws/dataselect/1/query,AM.R7BF6.event.20251118T123752,AM;AM;AM,R7BF6;R7BF6;R7BF6,00;00;00,EH?;EH?;EH?,2025-06-08T09:18:50.786000Z;2025-06-07T23:29:24.926000Z;2025-06-08T15:34:40.806000Z,2025-06-08T09:21:54.556000Z;2025-06-07T23:32:29.116000Z;2025-06-08T15:37:44.706000Z,RASPISHAKE;RASPISHAKE;RASPISHAKE,https://data.raspberryshake.org/fdsnws/dataselect/1/query;https://data.raspberryshake.org/fdsnws/dataselect/1/query;https://data.raspberryshake.org/fdsnws/dataselect/1/query,AM.R7BF6.noise.20250608T091852;AM.R7BF6.noise.20250607T232927;AM.R7BF6.noise.20250608T153442,ordered_three_chunk_concat_v1,3500;3500;3500,3500;3500;2000,0;3500;7000,3500;7000;9000
319,AM,R7BF6,00,EH?,2025-12-07T23:11:18.379000Z,2025-12-07T23:11:53.379000Z,event_template,-5.0,33.46,100.0,preprocessing_v1_0_6,controlled-v1-case-0319,RASPISHAKE,https://data.raspberryshake.org/fdsnws/dataselect/1/query,AM.R7BF6.event.20251207T231118,AM;AM;AM,R7BF6;R7BF6;R7BF6,00;00;00,EH?;EH?;EH?,2025-06-01T00:23:44.676000Z;2025-06-09T07:25:47.096000Z;2025-06-04T04:12:23.216000Z,2025-06-01T00:26:46.626000Z;2025-06-09T07:28:51.076000Z;2025-06-04T04:15:27.406000Z,RASPISHAKE;RASPISHAKE;RASPISHAKE,https://data.raspberryshake.org/fdsnws/dataselect/1/query;https://data.raspberryshake.org/fdsnws/dataselect/1/query;https://data.raspberryshake.org/fdsnws/dataselect/1/query,AM.R7BF6.noise.20250601T002345;AM.R7BF6.noise.20250609T072549;AM.R7BF6.noise.20250604T041225,ordered_three_chunk_concat_v1,3500;3500;3500,3500;3500;2000,0;3500;7000,3500;7000;9000
320,AM,R7BF6,00,EH?,2025-12-07T23:11:18.379000Z,2025-12-07T23:11:53.379000Z,event_template,0.0,33.46,100.0,preprocessing_v1_0_6,controlled-v1-case-0320,RASPISHAKE,https://data.raspberryshake.org/fdsnws/dataselect/1/query,AM.R7BF6.event.20251207T231118,AM;AM;AM,R7BF6;R7BF6;R7BF6,00;00;00,EH?;EH?;EH?,2025-06-01T00:23:44.676000Z;2025-06-09T07:25:47.096000Z;2025-06-04T04:12:23.216000Z,2025-06-01T00:26:46.626000Z;2025-06-09T07:28:51.076000Z;2025-06-04T04:15:27.406000Z,RASPISHAKE;RASPISHAKE;RASPISHAKE,https://data.raspberryshake.org/fdsnws/dataselect/1/query;https://data.raspberryshake.org/fdsnws/dataselect/1/query;https://data.raspberryshake.org/fdsnws/dataselect/1/query,AM.R7BF6.noise.20250601T002345;AM.R7BF6.noise.20250609T072549;AM.R7BF6.noise.20250604T041225,ordered_three_chunk_concat_v1,3500;3500;3500,3500;3500;2000,0;3500;7000,3500;7000;9000
321,AM,R7BF6,00,EH?,2025-12-07T23:11:18.379000Z,2025-12-07T23:11:53.379000Z,event_template,5.0,33.46,100.0,preprocessing_v1_0_6,controlled-v1-case-0321,RASPISHAKE,https://data.raspberryshake.org/fdsnws/dataselect/1/query,AM.R7BF6.event.20251207T231118,AM;AM;AM,R7BF6;R7BF6;R7BF6,00;00;00,EH?;EH?;EH?,2025-06-01T00:23:44.676000Z;2025-06-09T07:25:47.096000Z;2025-06-04T04:12:23.216000Z,2025-06-01T00:26:46.626000Z;2025-06-09T07:28:51.076000Z;2025-06-04T04:15:27.406000Z,RASPISHAKE;RASPISHAKE;RASPISHAKE,https://data.raspberryshake.org/fdsnws/dataselect/1/query;https://data.raspberryshake.org/fdsnws/dataselect/1/query;https://data.raspberryshake.org/fdsnws/dataselect/1/query,AM.R7BF6.noise.20250601T002345;AM.R7BF6.noise.20250609T072549;AM.R7BF6.noise.20250604T041225,ordered_three_chunk_concat_v1,3500;3500;3500,3500;3500;2000,0;3500;7000,3500;7000;9000
322,AM,R7BF6,00,EH?,2026-01-12T06:29:54.879000Z,2026-01-12T06:30:29.879000Z,event_template,-5.0,33.76,100.0,preprocessing_v1_0_6,controlled-v1-case-0322,RASPISHAKE,https://data.raspberryshake.org/fdsnws/dataselect/1/query,AM.R7BF6.event.20260112T062954,AM;AM;AM,R7BF6;R7BF6;R7BF6,00;00;00,EH?;EH?;EH?,2025-06-06T02:58:35.206000Z;2025-06-08T16:29:17.036000Z;2025-06-10T11:38:06.496000Z,2025-06-06T03:01:37.306000Z;2025-06-08T16:32:19.146000Z;2025-06-10T11:41:09.906000Z,RASPISHAKE;RASPISHAKE;RASPISHAKE,https://data.raspberryshake.org/fdsnws/dataselect/1/query;https://data.raspberryshake.org/fdsnws/dataselect/1/query;https://data.raspberryshake.org/fdsnws/dataselect/1/query,AM.R7BF6.noise.20250606T025835;AM.R7BF6.noise.20250608T162917;AM.R7BF6.noise.20250610T113808,ordered_three_chunk_concat_v1,3500;3500;3500,3500;3500;2000,0;3500;7000,3500;7000;9000
323,AM,R7BF6,00,EH?,2026-01-12T06:29:54.879000Z,2026-01-12T06:30:29.879000Z,event_template,0.0,33.76,100.0,preprocessing_v1_0_6,controlled-v1-case-0323,RASPISHAKE,https://data.raspberryshake.org/fdsnws/dataselect/1/query,AM.R7BF6.event.20260112T062954,AM;AM;AM,R7BF6;R7BF6;R7BF6,00;00;00,EH?;EH?;EH?,2025-06-06T02:58:35.206000Z;2025-06-08T16:29:17.036000Z;2025-06-10T11:38:06.496000Z,2025-06-06T03:01:37.306000Z;2025-06-08T16:32:19.146000Z;2025-06-10T11:41:09.906000Z,RASPISHAKE;RASPISHAKE;RASPISHAKE,https://data.raspberryshake.org/fdsnws/dataselect/1/query;https://data.raspberryshake.org/fdsnws/dataselect/1/query;https://data.raspberryshake.org/fdsnws/dataselect/1/query,AM.R7BF6.noise.20250606T025835;AM.R7BF6.noise.20250608T162917;AM.R7BF6.noise.20250610T113808,ordered_three_chunk_concat_v1,3500;3500;3500,3500;3500;2000,0;3500;7000,3500;7000;9000
324,AM,R7BF6,00,EH?,2026-01-12T06:29:54.879000Z,2026-01-12T06:30:29.879000Z,event_template,5.0,33.76,100.0,preprocessing_v1_0_6,controlled-v1-case-0324,RASPISHAKE,https://data.raspberryshake.org/fdsnws/dataselect/1/query,AM.R7BF6.event.20260112T062954,AM;AM;AM,R7BF6;R7BF6;R7BF6,00;00;00,EH?;EH?;EH?,2025-06-06T02:58:35.206000Z;2025-06-08T16:29:17.036000Z;2025-06-10T11:38:06.496000Z,2025-06-06T03:01:37.306000Z;2025-06-08T16:32:19.146000Z;2025-06-10T11:41:09.906000Z,RASPISHAKE;RASPISHAKE;RASPISHAKE,https://data.raspberryshake.org/fdsnws/dataselect/1/query;https://data.raspberryshake.org/fdsnws/dataselect/1/query;https://data.raspberryshake.org/fdsnws/dataselect/1/query,AM.R7BF6.noise.20250606T025835;AM.R7BF6.noise.20250608T162917;AM.R7BF6.noise.20250610T113808,ordered_three_chunk_concat_v1,3500;3500;3500,3500;3500;2000,0;3500;7000,3500;7000;9000
325,AM,R7BF6,00,EH?,2026-02-13T20:51:00.016000Z,2026-02-13T20:51:35.016000Z,event_template,-5.0,56.91,100.0,preprocessing_v1_0_6,controlled-v1-case-0325,RASPISHAKE,https://data.raspberryshake.org/fdsnws/dataselect/1/query,AM.R7BF6.event.20260213T205100,AM;AM;AM,R7BF6;R7BF6;R7BF6,00;00;00,EH?;EH?;EH?,2025-06-05T07:10:39.696000Z;2025-06-06T00:40:39.486000Z;2025-06-09T12:34:53.936000Z,2025-06-05T07:13:42.866000Z;2025-06-06T00:43:44.216000Z;2025-06-09T12:37:57.686000Z,RASPISHAKE;RASPISHAKE;RASPISHAKE,https://data.raspberryshake.org/fdsnws/dataselect/1/query;https://data.raspberryshake.org/fdsnws/dataselect/1/query;https://data.raspberryshake.org/fdsnws/dataselect/1/query,AM.R7BF6.noise.20250605T071041;AM.R7BF6.noise.20250606T004041;AM.R7BF6.noise.20250609T123456,ordered_three_chunk_concat_v1,3500;3500;3500,3500;3500;2000,0;3500;7000,3500;7000;9000
326,AM,R7BF6,00,EH?,2026-02-13T20:51:00.016000Z,2026-02-13T20:51:35.016000Z,event_template,0.0,56.91,100.0,preprocessing_v1_0_6,controlled-v1-case-0326,RASPISHAKE,https://data.raspberryshake.org/fdsnws/dataselect/1/query,AM.R7BF6.event.20260213T205100,AM;AM;AM,R7BF6;R7BF6;R7BF6,00;00;00,EH?;EH?;EH?,2025-06-05T07:10:39.696000Z;2025-06-06T00:40:39.486000Z;2025-06-09T12:34:53.936000Z,2025-06-05T07:13:42.866000Z;2025-06-06T00:43:44.216000Z;2025-06-09T12:37:57.686000Z,RASPISHAKE;RASPISHAKE;RASPISHAKE,https://data.raspberryshake.org/fdsnws/dataselect/1/query;https://data.raspberryshake.org/fdsnws/dataselect/1/query;https://data.raspberryshake.org/fdsnws/dataselect/1/query,AM.R7BF6.noise.20250605T071041;AM.R7BF6.noise.20250606T004041;AM.R7BF6.noise.20250609T123456,ordered_three_chunk_concat_v1,3500;3500;3500,3500;3500;2000,0;3500;7000,3500;7000;9000
327,AM,R7BF6,00,EH?,2026-02-13T20:51:00.016000Z,2026-02-13T20:51:35.016000Z,event_template,5.0,56.91,100.0,preprocessing_v1_0_6,controlled-v1-case-0327,RASPISHAKE,https://data.raspberryshake.org/fdsnws/dataselect/1/query,AM.R7BF6.event.20260213T205100,AM;AM;AM,R7BF6;R7BF6;R7BF6,00;00;00,EH?;EH?;EH?,2025-06-05T07:10:39.696000Z;2025-06-06T00:40:39.486000Z;2025-06-09T12:34:53.936000Z,2025-06-05T07:13:42.866000Z;2025-06-06T00:43:44.216000Z;2025-06-09T12:37:57.686000Z,RASPISHAKE;RASPISHAKE;RASPISHAKE,https://data.raspberryshake.org/fdsnws/dataselect/1/query;https://data.raspberryshake.org/fdsnws/dataselect/1/query;https://data.raspberryshake.org/fdsnws/dataselect/1/query,AM.R7BF6.noise.20250605T071041;AM.R7BF6.noise.20250606T004041;AM.R7BF6.noise.20250609T123456,ordered_three_chunk_concat_v1,3500;3500;3500,3500;3500;2000,0;3500;7000,3500;7000;9000
328,AM,R7BF6,00,EH?,2026-02-19T12:16:05.496000Z,2026-02-19T12:16:40.496000Z,event_template,-5.0,35.41,100.0,preprocessing_v1_0_6,controlled-v1-case-0328,RASPISHAKE,https://data.raspberryshake.org/fdsnws/dataselect/1/query,AM.R7BF6.event.20260219T121605,AM;AM;AM,R7BF6;R7BF6;R7BF6,00;00;00,EH?;EH?;EH?,2025-06-06T02:58:35.206000Z;2025-06-05T07:10:39.696000Z;2025-06-08T09:18:50.786000Z,2025-06-06T03:01:37.306000Z;2025-06-05T07:13:42.866000Z;2025-06-08T09:21:54.556000Z,RASPISHAKE;RASPISHAKE;RASPISHAKE,https://data.raspberryshake.org/fdsnws/dataselect/1/query;https://data.raspberryshake.org/fdsnws/dataselect/1/query;https://data.raspberryshake.org/fdsnws/dataselect/1/query,AM.R7BF6.noise.20250606T025835;AM.R7BF6.noise.20250605T071041;AM.R7BF6.noise.20250608T091852,ordered_three_chunk_concat_v1,3500;3500;3500,3500;3500;2000,0;3500;7000,3500;7000;9000
329,AM,R7BF6,00,EH?,2026-02-19T12:16:05.496000Z,2026-02-19T12:16:40.496000Z,event_template,0.0,35.41,100.0,preprocessing_v1_0_6,controlled-v1-case-0329,RASPISHAKE,https://data.raspberryshake.org/fdsnws/dataselect/1/query,AM.R7BF6.event.20260219T121605,AM;AM;AM,R7BF6;R7BF6;R7BF6,00;00;00,EH?;EH?;EH?,2025-06-06T02:58:35.206000Z;2025-06-05T07:10:39.696000Z;2025-06-08T09:18:50.786000Z,2025-06-06T03:01:37.306000Z;2025-06-05T07:13:42.866000Z;2025-06-08T09:21:54.556000Z,RASPISHAKE;RASPISHAKE;RASPISHAKE,https://data.raspberryshake.org/fdsnws/dataselect/1/query;https://data.raspberryshake.org/fdsnws/dataselect/1/query;https://data.raspberryshake.org/fdsnws/dataselect/1/query,AM.R7BF6.noise.20250606T025835;AM.R7BF6.noise.20250605T071041;AM.R7BF6.noise.20250608T091852,ordered_three_chunk_concat_v1,3500;3500;3500,3500;3500;2000,0;3500;7000,3500;7000;9000
330,AM,R7BF6,00,EH?,2026-02-19T12:16:05.496000Z,2026-02-19T12:16:40.496000Z,event_template,5.0,35.41,100.0,preprocessing_v1_0_6,controlled-v1-case-0330,RASPISHAKE,https://data.raspberryshake.org/fdsnws/dataselect/1/query,AM.R7BF6.event.20260219T121605,AM;AM;AM,R7BF6;R7BF6;R7BF6,00;00;00,EH?;EH?;EH?,2025-06-06T02:58:35.206000Z;2025-06-05T07:10:39.696000Z;2025-06-08T09:18:50.786000Z,2025-06-06T03:01:37.306000Z;2025-06-05T07:13:42.866000Z;2025-06-08T09:21:54.556000Z,RASPISHAKE;RASPISHAKE;RASPISHAKE,https://data.raspberryshake.org/fdsnws/dataselect/1/query;https://data.raspberryshake.org/fdsnws/dataselect/1/query;https://data.raspberryshake.org/fdsnws/dataselect/1/query,AM.R7BF6.noise.20250606T025835;AM.R7BF6.noise.20250605T071041;AM.R7BF6.noise.20250608T091852,ordered_three_chunk_concat_v1,3500;3500;3500,3500;3500;2000,0;3500;7000,3500;7000;9000
331,AM,R7BF6,00,EH?,2026-03-09T23:05:44.316000Z,2026-03-09T23:06:19.316000Z,event_template,-5.0,41.02,100.0,preprocessing_v1_0_6,controlled-v1-case-0331,RASPISHAKE,https://data.raspberryshake.org/fdsnws/dataselect/1/query,AM.R7BF6.event.20260309T230544,AM;AM;AM,R7BF6;R7BF6;R7BF6,00;00;00,EH?;EH?;EH?,2025-06-08T16:25:05.646000Z;2025-06-05T10:07:22.126000Z;2025-06-07T23:52:57.626000Z,2025-06-08T16:28:09.276000Z;2025-06-05T10:10:25.396000Z;2025-06-07T23:56:01.856000Z,RASPISHAKE;RASPISHAKE;RASPISHAKE,https://data.raspberryshake.org/fdsnws/dataselect/1/query;https://data.raspberryshake.org/fdsnws/dataselect/1/query;https://data.raspberryshake.org/fdsnws/dataselect/1/query,AM.R7BF6.noise.20250608T162507;AM.R7BF6.noise.20250605T100724;AM.R7BF6.noise.20250607T235259,ordered_three_chunk_concat_v1,3500;3500;3500,3500;3500;2000,0;3500;7000,3500;7000;9000
332,AM,R7BF6,00,EH?,2026-03-09T23:05:44.316000Z,2026-03-09T23:06:19.316000Z,event_template,0.0,41.02,100.0,preprocessing_v1_0_6,controlled-v1-case-0332,RASPISHAKE,https://data.raspberryshake.org/fdsnws/dataselect/1/query,AM.R7BF6.event.20260309T230544,AM;AM;AM,R7BF6;R7BF6;R7BF6,00;00;00,EH?;EH?;EH?,2025-06-08T16:25:05.646000Z;2025-06-05T10:07:22.126000Z;2025-06-07T23:52:57.626000Z,2025-06-08T16:28:09.276000Z;2025-06-05T10:10:25.396000Z;2025-06-07T23:56:01.856000Z,RASPISHAKE;RASPISHAKE;RASPISHAKE,https://data.raspberryshake.org/fdsnws/dataselect/1/query;https://data.raspberryshake.org/fdsnws/dataselect/1/query;https://data.raspberryshake.org/fdsnws/dataselect/1/query,AM.R7BF6.noise.20250608T162507;AM.R7BF6.noise.20250605T100724;AM.R7BF6.noise.20250607T235259,ordered_three_chunk_concat_v1,3500;3500;3500,3500;3500;2000,0;3500;7000,3500;7000;9000
333,AM,R7BF6,00,EH?,2026-03-09T23:05:44.316000Z,2026-03-09T23:06:19.316000Z,event_template,5.0,41.02,100.0,preprocessing_v1_0_6,controlled-v1-case-0333,RASPISHAKE,https://data.raspberryshake.org/fdsnws/dataselect/1/query,AM.R7BF6.event.20260309T230544,AM;AM;AM,R7BF6;R7BF6;R7BF6,00;00;00,EH?;EH?;EH?,2025-06-08T16:25:05.646000Z;2025-06-05T10:07:22.126000Z;2025-06-07T23:52:57.626000Z,2025-06-08T16:28:09.276000Z;2025-06-05T10:10:25.396000Z;2025-06-07T23:56:01.856000Z,RASPISHAKE;RASPISHAKE;RASPISHAKE,https://data.raspberryshake.org/fdsnws/dataselect/1/query;https://data.raspberryshake.org/fdsnws/dataselect/1/query;https://data.raspberryshake.org/fdsnws/dataselect/1/query,AM.R7BF6.noise.20250608T162507;AM.R7BF6.noise.20250605T100724;AM.R7BF6.noise.20250607T235259,ordered_three_chunk_concat_v1,3500;3500;3500,3500;3500;2000,0;3500;7000,3500;7000;9000
334,AM,R7BF6,00,EH?,2026-03-21T18:07:01.756000Z,2026-03-21T18:07:36.756000Z,event_template,-5.0,24.41,100.0,preprocessing_v1_0_6,controlled-v1-case-0334,RASPISHAKE,https://data.raspberryshake.org/fdsnws/dataselect/1/query,AM.R7BF6.event.20260321T180701,AM;AM;AM,R7BF6;R7BF6;R7BF6,00;00;00,EH?;EH?;EH?,2025-06-06T16:03:39.316000Z;2025-06-06T02:58:35.206000Z;2025-06-09T17:16:46.426000Z,2025-06-06T16:06:43.336000Z;2025-06-06T03:01:37.306000Z;2025-06-09T17:19:48.346000Z,RASPISHAKE;RASPISHAKE;RASPISHAKE,https://data.raspberryshake.org/fdsnws/dataselect/1/query;https://data.raspberryshake.org/fdsnws/dataselect/1/query;https://data.raspberryshake.org/fdsnws/dataselect/1/query,AM.R7BF6.noise.20250606T160341;AM.R7BF6.noise.20250606T025835;AM.R7BF6.noise.20250609T171646,ordered_three_chunk_concat_v1,3500;3500;3500,3500;3500;2000,0;3500;7000,3500;7000;9000
335,AM,R7BF6,00,EH?,2026-03-21T18:07:01.756000Z,2026-03-21T18:07:36.756000Z,event_template,0.0,24.41,100.0,preprocessing_v1_0_6,controlled-v1-case-0335,RASPISHAKE,https://data.raspberryshake.org/fdsnws/dataselect/1/query,AM.R7BF6.event.20260321T180701,AM;AM;AM,R7BF6;R7BF6;R7BF6,00;00;00,EH?;EH?;EH?,2025-06-06T16:03:39.316000Z;2025-06-06T02:58:35.206000Z;2025-06-09T17:16:46.426000Z,2025-06-06T16:06:43.336000Z;2025-06-06T03:01:37.306000Z;2025-06-09T17:19:48.346000Z,RASPISHAKE;RASPISHAKE;RASPISHAKE,https://data.raspberryshake.org/fdsnws/dataselect/1/query;https://data.raspberryshake.org/fdsnws/dataselect/1/query;https://data.raspberryshake.org/fdsnws/dataselect/1/query,AM.R7BF6.noise.20250606T160341;AM.R7BF6.noise.20250606T025835;AM.R7BF6.noise.20250609T171646,ordered_three_chunk_concat_v1,3500;3500;3500,3500;3500;2000,0;3500;7000,3500;7000;9000
336,AM,R7BF6,00,EH?,2026-03-21T18:07:01.756000Z,2026-03-21T18:07:36.756000Z,event_template,5.0,24.41,100.0,preprocessing_v1_0_6,controlled-v1-case-0336,RASPISHAKE,https://data.raspberryshake.org/fdsnws/dataselect/1/query,AM.R7BF6.event.20260321T180701,AM;AM;AM,R7BF6;R7BF6;R7BF6,00;00;00,EH?;EH?;EH?,2025-06-06T16:03:39.316000Z;2025-06-06T02:58:35.206000Z;2025-06-09T17:16:46.426000Z,2025-06-06T16:06:43.336000Z;2025-06-06T03:01:37.306000Z;2025-06-09T17:19:48.346000Z,RASPISHAKE;RASPISHAKE;RASPISHAKE,https://data.raspberryshake.org/fdsnws/dataselect/1/query;https://data.raspberryshake.org/fdsnws/dataselect/1/query;https://data.raspberryshake.org/fdsnws/dataselect/1/query,AM.R7BF6.noise.20250606T160341;AM.R7BF6.noise.20250606T025835;AM.R7BF6.noise.20250609T171646,ordered_three_chunk_concat_v1,3500;3500;3500,3500;3500;2000,0;3500;7000,3500;7000;9000
337,AM,R81CF,00,EH?,2025-10-27T12:47:53.918000Z,2025-10-27T12:48:28.918000Z,event_template,-5.0,43.27,100.0,preprocessing_v1_0_6,controlled-v1-case-0337,RASPISHAKE,https://data.raspberryshake.org/fdsnws/dataselect/1/query,AM.R81CF.event.20251027T124753,AM;AM;AM,R81CF;R81CF;R81CF,00;00;00,EH?;EH?;EH?,2025-06-08T15:34:41.224000Z;2025-06-03T13:01:09.671000Z;2025-06-10T08:34:07.115000Z,2025-06-08T15:37:44.774000Z;2025-06-03T13:04:13.111000Z;2025-06-10T08:37:10.885000Z,RASPISHAKE;RASPISHAKE;RASPISHAKE,https://data.raspberryshake.org/fdsnws/dataselect/1/query;https://data.raspberryshake.org/fdsnws/dataselect/1/query;https://data.raspberryshake.org/fdsnws/dataselect/1/query,AM.R81CF.noise.20250608T153442;AM.R81CF.noise.20250603T130111;AM.R81CF.noise.20250610T083409,ordered_three_chunk_concat_v1,3500;3500;3500,3500;3500;2000,0;3500;7000,3500;7000;9000
338,AM,R81CF,00,EH?,2025-10-27T12:47:53.918000Z,2025-10-27T12:48:28.918000Z,event_template,0.0,43.27,100.0,preprocessing_v1_0_6,controlled-v1-case-0338,RASPISHAKE,https://data.raspberryshake.org/fdsnws/dataselect/1/query,AM.R81CF.event.20251027T124753,AM;AM;AM,R81CF;R81CF;R81CF,00;00;00,EH?;EH?;EH?,2025-06-08T15:34:41.224000Z;2025-06-03T13:01:09.671000Z;2025-06-10T08:34:07.115000Z,2025-06-08T15:37:44.774000Z;2025-06-03T13:04:13.111000Z;2025-06-10T08:37:10.885000Z,RASPISHAKE;RASPISHAKE;RASPISHAKE,https://data.raspberryshake.org/fdsnws/dataselect/1/query;https://data.raspberryshake.org/fdsnws/dataselect/1/query;https://data.raspberryshake.org/fdsnws/dataselect/1/query,AM.R81CF.noise.20250608T153442;AM.R81CF.noise.20250603T130111;AM.R81CF.noise.20250610T083409,ordered_three_chunk_concat_v1,3500;3500;3500,3500;3500;2000,0;3500;7000,3500;7000;9000
339,AM,R81CF,00,EH?,2025-10-27T12:47:53.918000Z,2025-10-27T12:48:28.918000Z,event_template,5.0,43.27,100.0,preprocessing_v1_0_6,controlled-v1-case-0339,RASPISHAKE,https://data.raspberryshake.org/fdsnws/dataselect/1/query,AM.R81CF.event.20251027T124753,AM;AM;AM,R81CF;R81CF;R81CF,00;00;00,EH?;EH?;EH?,2025-06-08T15:34:41.224000Z;2025-06-03T13:01:09.671000Z;2025-06-10T08:34:07.115000Z,2025-06-08T15:37:44.774000Z;2025-06-03T13:04:13.111000Z;2025-06-10T08:37:10.885000Z,RASPISHAKE;RASPISHAKE;RASPISHAKE,https://data.raspberryshake.org/fdsnws/dataselect/1/query;https://data.raspberryshake.org/fdsnws/dataselect/1/query;https://data.raspberryshake.org/fdsnws/dataselect/1/query,AM.R81CF.noise.20250608T153442;AM.R81CF.noise.20250603T130111;AM.R81CF.noise.20250610T083409,ordered_three_chunk_concat_v1,3500;3500;3500,3500;3500;2000,0;3500;7000,3500;7000;9000
340,AM,R81CF,00,EH?,2025-11-04T23:58:50.185000Z,2025-11-04T23:59:25.185000Z,event_template,-5.0,30.55,100.0,preprocessing_v1_0_6,controlled-v1-case-0340,RASPISHAKE,https://data.raspberryshake.org/fdsnws/dataselect/1/query,AM.R81CF.event.20251104T235850,AM;AM;AM,R81CF;R81CF;R81CF,00;00;00,EH?;EH?;EH?,2025-06-04T04:12:24.862000Z;2025-06-07T23:29:26.026000Z;2025-06-02T21:51:37.126000Z,2025-06-04T04:15:26.572000Z;2025-06-07T23:32:29.606000Z;2025-06-02T21:54:39.356000Z,RASPISHAKE;RASPISHAKE;RASPISHAKE,https://data.raspberryshake.org/fdsnws/dataselect/1/query;https://data.raspberryshake.org/fdsnws/dataselect/1/query;https://data.raspberryshake.org/fdsnws/dataselect/1/query,AM.R81CF.noise.20250604T041225;AM.R81CF.noise.20250607T232927;AM.R81CF.noise.20250602T215137,ordered_three_chunk_concat_v1,3500;3500;3500,3500;3500;2000,0;3500;7000,3500;7000;9000
341,AM,R81CF,00,EH?,2025-11-04T23:58:50.185000Z,2025-11-04T23:59:25.185000Z,event_template,0.0,30.55,100.0,preprocessing_v1_0_6,controlled-v1-case-0341,RASPISHAKE,https://data.raspberryshake.org/fdsnws/dataselect/1/query,AM.R81CF.event.20251104T235850,AM;AM;AM,R81CF;R81CF;R81CF,00;00;00,EH?;EH?;EH?,2025-06-04T04:12:24.862000Z;2025-06-07T23:29:26.026000Z;2025-06-02T21:51:37.126000Z,2025-06-04T04:15:26.572000Z;2025-06-07T23:32:29.606000Z;2025-06-02T21:54:39.356000Z,RASPISHAKE;RASPISHAKE;RASPISHAKE,https://data.raspberryshake.org/fdsnws/dataselect/1/query;https://data.raspberryshake.org/fdsnws/dataselect/1/query;https://data.raspberryshake.org/fdsnws/dataselect/1/query,AM.R81CF.noise.20250604T041225;AM.R81CF.noise.20250607T232927;AM.R81CF.noise.20250602T215137,ordered_three_chunk_concat_v1,3500;3500;3500,3500;3500;2000,0;3500;7000,3500;7000;9000
342,AM,R81CF,00,EH?,2025-11-04T23:58:50.185000Z,2025-11-04T23:59:25.185000Z,event_template,5.0,30.55,100.0,preprocessing_v1_0_6,controlled-v1-case-0342,RASPISHAKE,https://data.raspberryshake.org/fdsnws/dataselect/1/query,AM.R81CF.event.20251104T235850,AM;AM;AM,R81CF;R81CF;R81CF,00;00;00,EH?;EH?;EH?,2025-06-04T04:12:24.862000Z;2025-06-07T23:29:26.026000Z;2025-06-02T21:51:37.126000Z,2025-06-04T04:15:26.572000Z;2025-06-07T23:32:29.606000Z;2025-06-02T21:54:39.356000Z,RASPISHAKE;RASPISHAKE;RASPISHAKE,https://data.raspberryshake.org/fdsnws/dataselect/1/query;https://data.raspberryshake.org/fdsnws/dataselect/1/query;https://data.raspberryshake.org/fdsnws/dataselect/1/query,AM.R81CF.noise.20250604T041225;AM.R81CF.noise.20250607T232927;AM.R81CF.noise.20250602T215137,ordered_three_chunk_concat_v1,3500;3500;3500,3500;3500;2000,0;3500;7000,3500;7000;9000
343,AM,R81CF,00,EH?,2026-01-16T03:28:12.046000Z,2026-01-16T03:28:47.046000Z,event_template,-5.0,53.51,100.0,preprocessing_v1_0_6,controlled-v1-case-0343,RASPISHAKE,https://data.raspberryshake.org/fdsnws/dataselect/1/query,AM.R81CF.event.20260116T032812,AM;AM;AM,R81CF;R81CF;R81CF,00;00;00,EH?;EH?;EH?,2025-06-01T06:27:39.005000Z;2025-06-06T16:03:39.185000Z;2025-06-03T22:23:40.342000Z,2025-06-01T06:30:42.085000Z;2025-06-06T16:06:42.785000Z;2025-06-03T22:26:43.912000Z,RASPISHAKE;RASPISHAKE;RASPISHAKE,https://data.raspberryshake.org/fdsnws/dataselect/1/query;https://data.raspberryshake.org/fdsnws/dataselect/1/query;https://data.raspberryshake.org/fdsnws/dataselect/1/query,AM.R81CF.noise.20250601T062741;AM.R81CF.noise.20250606T160341;AM.R81CF.noise.20250603T222341,ordered_three_chunk_concat_v1,3500;3500;3500,3500;3500;2000,0;3500;7000,3500;7000;9000
344,AM,R81CF,00,EH?,2026-01-16T03:28:12.046000Z,2026-01-16T03:28:47.046000Z,event_template,0.0,53.51,100.0,preprocessing_v1_0_6,controlled-v1-case-0344,RASPISHAKE,https://data.raspberryshake.org/fdsnws/dataselect/1/query,AM.R81CF.event.20260116T032812,AM;AM;AM,R81CF;R81CF;R81CF,00;00;00,EH?;EH?;EH?,2025-06-01T06:27:39.005000Z;2025-06-06T16:03:39.185000Z;2025-06-03T22:23:40.342000Z,2025-06-01T06:30:42.085000Z;2025-06-06T16:06:42.785000Z;2025-06-03T22:26:43.912000Z,RASPISHAKE;RASPISHAKE;RASPISHAKE,https://data.raspberryshake.org/fdsnws/dataselect/1/query;https://data.raspberryshake.org/fdsnws/dataselect/1/query;https://data.raspberryshake.org/fdsnws/dataselect/1/query,AM.R81CF.noise.20250601T062741;AM.R81CF.noise.20250606T160341;AM.R81CF.noise.20250603T222341,ordered_three_chunk_concat_v1,3500;3500;3500,3500;3500;2000,0;3500;7000,3500;7000;9000
345,AM,R81CF,00,EH?,2026-01-16T03:28:12.046000Z,2026-01-16T03:28:47.046000Z,event_template,5.0,53.51,100.0,preprocessing_v1_0_6,controlled-v1-case-0345,RASPISHAKE,https://data.raspberryshake.org/fdsnws/dataselect/1/query,AM.R81CF.event.20260116T032812,AM;AM;AM,R81CF;R81CF;R81CF,00;00;00,EH?;EH?;EH?,2025-06-01T06:27:39.005000Z;2025-06-06T16:03:39.185000Z;2025-06-03T22:23:40.342000Z,2025-06-01T06:30:42.085000Z;2025-06-06T16:06:42.785000Z;2025-06-03T22:26:43.912000Z,RASPISHAKE;RASPISHAKE;RASPISHAKE,https://data.raspberryshake.org/fdsnws/dataselect/1/query;https://data.raspberryshake.org/fdsnws/dataselect/1/query;https://data.raspberryshake.org/fdsnws/dataselect/1/query,AM.R81CF.noise.20250601T062741;AM.R81CF.noise.20250606T160341;AM.R81CF.noise.20250603T222341,ordered_three_chunk_concat_v1,3500;3500;3500,3500;3500;2000,0;3500;7000,3500;7000;9000
346,AM,R81CF,00,EH?,2026-01-19T15:37:02.796000Z,2026-01-19T15:37:37.796000Z,event_template,-5.0,49.85,100.0,preprocessing_v1_0_6,controlled-v1-case-0346,RASPISHAKE,https://data.raspberryshake.org/fdsnws/dataselect/1/query,AM.R81CF.event.20260119T153702,AM;AM;AM,R81CF;R81CF;R81CF,00;00;00,EH?;EH?;EH?,2025-06-08T15:34:41.224000Z;2025-06-01T15:15:16.965000Z;2025-06-03T13:01:09.671000Z,2025-06-08T15:37:44.774000Z;2025-06-01T15:18:20.925000Z;2025-06-03T13:04:13.111000Z,RASPISHAKE;RASPISHAKE;RASPISHAKE,https://data.raspberryshake.org/fdsnws/dataselect/1/query;https://data.raspberryshake.org/fdsnws/dataselect/1/query;https://data.raspberryshake.org/fdsnws/dataselect/1/query,AM.R81CF.noise.20250608T153442;AM.R81CF.noise.20250601T151518;AM.R81CF.noise.20250603T130111,ordered_three_chunk_concat_v1,3500;3500;3500,3500;3500;2000,0;3500;7000,3500;7000;9000
347,AM,R81CF,00,EH?,2026-01-19T15:37:02.796000Z,2026-01-19T15:37:37.796000Z,event_template,0.0,49.85,100.0,preprocessing_v1_0_6,controlled-v1-case-0347,RASPISHAKE,https://data.raspberryshake.org/fdsnws/dataselect/1/query,AM.R81CF.event.20260119T153702,AM;AM;AM,R81CF;R81CF;R81CF,00;00;00,EH?;EH?;EH?,2025-06-08T15:34:41.224000Z;2025-06-01T15:15:16.965000Z;2025-06-03T13:01:09.671000Z,2025-06-08T15:37:44.774000Z;2025-06-01T15:18:20.925000Z;2025-06-03T13:04:13.111000Z,RASPISHAKE;RASPISHAKE;RASPISHAKE,https://data.raspberryshake.org/fdsnws/dataselect/1/query;https://data.raspberryshake.org/fdsnws/dataselect/1/query;https://data.raspberryshake.org/fdsnws/dataselect/1/query,AM.R81CF.noise.20250608T153442;AM.R81CF.noise.20250601T151518;AM.R81CF.noise.20250603T130111,ordered_three_chunk_concat_v1,3500;3500;3500,3500;3500;2000,0;3500;7000,3500;7000;9000
348,AM,R81CF,00,EH?,2026-01-19T15:37:02.796000Z,2026-01-19T15:37:37.796000Z,event_template,5.0,49.85,100.0,preprocessing_v1_0_6,controlled-v1-case-0348,RASPISHAKE,https://data.raspberryshake.org/fdsnws/dataselect/1/query,AM.R81CF.event.20260119T153702,AM;AM;AM,R81CF;R81CF;R81CF,00;00;00,EH?;EH?;EH?,2025-06-08T15:34:41.224000Z;2025-06-01T15:15:16.965000Z;2025-06-03T13:01:09.671000Z,2025-06-08T15:37:44.774000Z;2025-06-01T15:18:20.925000Z;2025-06-03T13:04:13.111000Z,RASPISHAKE;RASPISHAKE;RASPISHAKE,https://data.raspberryshake.org/fdsnws/dataselect/1/query;https://data.raspberryshake.org/fdsnws/dataselect/1/query;https://data.raspberryshake.org/fdsnws/dataselect/1/query,AM.R81CF.noise.20250608T153442;AM.R81CF.noise.20250601T151518;AM.R81CF.noise.20250603T130111,ordered_three_chunk_concat_v1,3500;3500;3500,3500;3500;2000,0;3500;7000,3500;7000;9000
349,AM,R81CF,00,EH?,2026-01-29T19:41:31.673000Z,2026-01-29T19:42:06.673000Z,event_template,-5.0,54.24,100.0,preprocessing_v1_0_6,controlled-v1-case-0349,RASPISHAKE,https://data.raspberryshake.org/fdsnws/dataselect/1/query,AM.R81CF.event.20260129T194131,AM;AM;AM,R81CF;R81CF;R81CF,00;00;00,EH?;EH?;EH?,2025-06-07T23:52:57.784000Z;2025-06-09T07:25:47.599000Z;2025-06-03T13:01:09.671000Z,2025-06-07T23:56:01.184000Z;2025-06-09T07:28:50.219000Z;2025-06-03T13:04:13.111000Z,RASPISHAKE;RASPISHAKE;RASPISHAKE,https://data.raspberryshake.org/fdsnws/dataselect/1/query;https://data.raspberryshake.org/fdsnws/dataselect/1/query;https://data.raspberryshake.org/fdsnws/dataselect/1/query,AM.R81CF.noise.20250607T235259;AM.R81CF.noise.20250609T072549;AM.R81CF.noise.20250603T130111,ordered_three_chunk_concat_v1,3500;3500;3500,3500;3500;2000,0;3500;7000,3500;7000;9000
350,AM,R81CF,00,EH?,2026-01-29T19:41:31.673000Z,2026-01-29T19:42:06.673000Z,event_template,0.0,54.24,100.0,preprocessing_v1_0_6,controlled-v1-case-0350,RASPISHAKE,https://data.raspberryshake.org/fdsnws/dataselect/1/query,AM.R81CF.event.20260129T194131,AM;AM;AM,R81CF;R81CF;R81CF,00;00;00,EH?;EH?;EH?,2025-06-07T23:52:57.784000Z;2025-06-09T07:25:47.599000Z;2025-06-03T13:01:09.671000Z,2025-06-07T23:56:01.184000Z;2025-06-09T07:28:50.219000Z;2025-06-03T13:04:13.111000Z,RASPISHAKE;RASPISHAKE;RASPISHAKE,https://data.raspberryshake.org/fdsnws/dataselect/1/query;https://data.raspberryshake.org/fdsnws/dataselect/1/query;https://data.raspberryshake.org/fdsnws/dataselect/1/query,AM.R81CF.noise.20250607T235259;AM.R81CF.noise.20250609T072549;AM.R81CF.noise.20250603T130111,ordered_three_chunk_concat_v1,3500;3500;3500,3500;3500;2000,0;3500;7000,3500;7000;9000
351,AM,R81CF,00,EH?,2026-01-29T19:41:31.673000Z,2026-01-29T19:42:06.673000Z,event_template,5.0,54.24,100.0,preprocessing_v1_0_6,controlled-v1-case-0351,RASPISHAKE,https://data.raspberryshake.org/fdsnws/dataselect/1/query,AM.R81CF.event.20260129T194131,AM;AM;AM,R81CF;R81CF;R81CF,00;00;00,EH?;EH?;EH?,2025-06-07T23:52:57.784000Z;2025-06-09T07:25:47.599000Z;2025-06-03T13:01:09.671000Z,2025-06-07T23:56:01.184000Z;2025-06-09T07:28:50.219000Z;2025-06-03T13:04:13.111000Z,RASPISHAKE;RASPISHAKE;RASPISHAKE,https://data.raspberryshake.org/fdsnws/dataselect/1/query;https://data.raspberryshake.org/fdsnws/dataselect/1/query;https://data.raspberryshake.org/fdsnws/dataselect/1/query,AM.R81CF.noise.20250607T235259;AM.R81CF.noise.20250609T072549;AM.R81CF.noise.20250603T130111,ordered_three_chunk_concat_v1,3500;3500;3500,3500;3500;2000,0;3500;7000,3500;7000;9000
352,AM,R81CF,00,EH?,2026-02-13T01:36:36.533000Z,2026-02-13T01:37:11.533000Z,event_template,-5.0,34.36,100.0,preprocessing_v1_0_6,controlled-v1-case-0352,RASPISHAKE,https://data.raspberryshake.org/fdsnws/dataselect/1/query,AM.R81CF.event.20260213T013636,AM;AM;AM,R81CF;R81CF;R81CF,00;00;00,EH?;EH?;EH?,2025-06-06T02:58:33.815000Z;2025-06-07T23:52:57.784000Z;2025-06-02T21:51:37.126000Z,2025-06-06T03:01:37.645000Z;2025-06-07T23:56:01.184000Z;2025-06-02T21:54:39.356000Z,RASPISHAKE;RASPISHAKE;RASPISHAKE,https://data.raspberryshake.org/fdsnws/dataselect/1/query;https://data.raspberryshake.org/fdsnws/dataselect/1/query;https://data.raspberryshake.org/fdsnws/dataselect/1/query,AM.R81CF.noise.20250606T025835;AM.R81CF.noise.20250607T235259;AM.R81CF.noise.20250602T215137,ordered_three_chunk_concat_v1,3500;3500;3500,3500;3500;2000,0;3500;7000,3500;7000;9000
353,AM,R81CF,00,EH?,2026-02-13T01:36:36.533000Z,2026-02-13T01:37:11.533000Z,event_template,0.0,34.36,100.0,preprocessing_v1_0_6,controlled-v1-case-0353,RASPISHAKE,https://data.raspberryshake.org/fdsnws/dataselect/1/query,AM.R81CF.event.20260213T013636,AM;AM;AM,R81CF;R81CF;R81CF,00;00;00,EH?;EH?;EH?,2025-06-06T02:58:33.815000Z;2025-06-07T23:52:57.784000Z;2025-06-02T21:51:37.126000Z,2025-06-06T03:01:37.645000Z;2025-06-07T23:56:01.184000Z;2025-06-02T21:54:39.356000Z,RASPISHAKE;RASPISHAKE;RASPISHAKE,https://data.raspberryshake.org/fdsnws/dataselect/1/query;https://data.raspberryshake.org/fdsnws/dataselect/1/query;https://data.raspberryshake.org/fdsnws/dataselect/1/query,AM.R81CF.noise.20250606T025835;AM.R81CF.noise.20250607T235259;AM.R81CF.noise.20250602T215137,ordered_three_chunk_concat_v1,3500;3500;3500,3500;3500;2000,0;3500;7000,3500;7000;9000
354,AM,R81CF,00,EH?,2026-02-13T01:36:36.533000Z,2026-02-13T01:37:11.533000Z,event_template,5.0,34.36,100.0,preprocessing_v1_0_6,controlled-v1-case-0354,RASPISHAKE,https://data.raspberryshake.org/fdsnws/dataselect/1/query,AM.R81CF.event.20260213T013636,AM;AM;AM,R81CF;R81CF;R81CF,00;00;00,EH?;EH?;EH?,2025-06-06T02:58:33.815000Z;2025-06-07T23:52:57.784000Z;2025-06-02T21:51:37.126000Z,2025-06-06T03:01:37.645000Z;2025-06-07T23:56:01.184000Z;2025-06-02T21:54:39.356000Z,RASPISHAKE;RASPISHAKE;RASPISHAKE,https://data.raspberryshake.org/fdsnws/dataselect/1/query;https://data.raspberryshake.org/fdsnws/dataselect/1/query;https://data.raspberryshake.org/fdsnws/dataselect/1/query,AM.R81CF.noise.20250606T025835;AM.R81CF.noise.20250607T235259;AM.R81CF.noise.20250602T215137,ordered_three_chunk_concat_v1,3500;3500;3500,3500;3500;2000,0;3500;7000,3500;7000;9000
355,AM,R81CF,00,EH?,2026-04-14T01:33:56.622000Z,2026-04-14T01:34:31.622000Z,event_template,-5.0,30.77,100.0,preprocessing_v1_0_6,controlled-v1-case-0355,RASPISHAKE,https://data.raspberryshake.org/fdsnws/dataselect/1/query,AM.R81CF.event.20260414T013356,AM;AM;AM,R81CF;R81CF;R81CF,00;00;00,EH?;EH?;EH?,2025-06-04T17:28:29.152000Z;2025-06-10T21:18:09.723000Z;2025-06-03T22:23:40.342000Z,2025-06-04T17:31:32.882000Z;2025-06-10T21:21:13.333000Z;2025-06-03T22:26:43.912000Z,RASPISHAKE;RASPISHAKE;RASPISHAKE,https://data.raspberryshake.org/fdsnws/dataselect/1/query;https://data.raspberryshake.org/fdsnws/dataselect/1/query;https://data.raspberryshake.org/fdsnws/dataselect/1/query,AM.R81CF.noise.20250604T172830;AM.R81CF.noise.20250610T211811;AM.R81CF.noise.20250603T222341,ordered_three_chunk_concat_v1,3500;3500;3500,3500;3500;2000,0;3500;7000,3500;7000;9000
356,AM,R81CF,00,EH?,2026-04-14T01:33:56.622000Z,2026-04-14T01:34:31.622000Z,event_template,0.0,30.77,100.0,preprocessing_v1_0_6,controlled-v1-case-0356,RASPISHAKE,https://data.raspberryshake.org/fdsnws/dataselect/1/query,AM.R81CF.event.20260414T013356,AM;AM;AM,R81CF;R81CF;R81CF,00;00;00,EH?;EH?;EH?,2025-06-04T17:28:29.152000Z;2025-06-10T21:18:09.723000Z;2025-06-03T22:23:40.342000Z,2025-06-04T17:31:32.882000Z;2025-06-10T21:21:13.333000Z;2025-06-03T22:26:43.912000Z,RASPISHAKE;RASPISHAKE;RASPISHAKE,https://data.raspberryshake.org/fdsnws/dataselect/1/query;https://data.raspberryshake.org/fdsnws/dataselect/1/query;https://data.raspberryshake.org/fdsnws/dataselect/1/query,AM.R81CF.noise.20250604T172830;AM.R81CF.noise.20250610T211811;AM.R81CF.noise.20250603T222341,ordered_three_chunk_concat_v1,3500;3500;3500,3500;3500;2000,0;3500;7000,3500;7000;9000
357,AM,R81CF,00,EH?,2026-04-14T01:33:56.622000Z,2026-04-14T01:34:31.622000Z,event_template,5.0,30.77,100.0,preprocessing_v1_0_6,controlled-v1-case-0357,RASPISHAKE,https://data.raspberryshake.org/fdsnws/dataselect/1/query,AM.R81CF.event.20260414T013356,AM;AM;AM,R81CF;R81CF;R81CF,00;00;00,EH?;EH?;EH?,2025-06-04T17:28:29.152000Z;2025-06-10T21:18:09.723000Z;2025-06-03T22:23:40.342000Z,2025-06-04T17:31:32.882000Z;2025-06-10T21:21:13.333000Z;2025-06-03T22:26:43.912000Z,RASPISHAKE;RASPISHAKE;RASPISHAKE,https://data.raspberryshake.org/fdsnws/dataselect/1/query;https://data.raspberryshake.org/fdsnws/dataselect/1/query;https://data.raspberryshake.org/fdsnws/dataselect/1/query,AM.R81CF.noise.20250604T172830;AM.R81CF.noise.20250610T211811;AM.R81CF.noise.20250603T222341,ordered_three_chunk_concat_v1,3500;3500;3500,3500;3500;2000,0;3500;7000,3500;7000;9000
358,AM,R81CF,00,EH?,2026-04-29T15:08:24.585000Z,2026-04-29T15:08:59.585000Z,event_template,-5.0,55.45,100.0,preprocessing_v1_0_6,controlled-v1-case-0358,RASPISHAKE,https://data.raspberryshake.org/fdsnws/dataselect/1/query,AM.R81CF.event.20260429T150824,AM;AM;AM,R81CF;R81CF;R81CF,00;00;00,EH?;EH?;EH?,2025-06-04T00:48:14.052000Z;2025-06-07T09:11:19.806000Z;2025-06-01T00:58:50.695000Z,2025-06-04T00:51:17.302000Z;2025-06-07T09:14:22.566000Z;2025-06-01T01:01:53.995000Z,RASPISHAKE;RASPISHAKE;RASPISHAKE,https://data.raspberryshake.org/fdsnws/dataselect/1/query;https://data.raspberryshake.org/fdsnws/dataselect/1/query;https://data.raspberryshake.org/fdsnws/dataselect/1/query,AM.R81CF.noise.20250604T004815;AM.R81CF.noise.20250607T091120;AM.R81CF.noise.20250601T005852,ordered_three_chunk_concat_v1,3500;3500;3500,3500;3500;2000,0;3500;7000,3500;7000;9000
359,AM,R81CF,00,EH?,2026-04-29T15:08:24.585000Z,2026-04-29T15:08:59.585000Z,event_template,0.0,55.45,100.0,preprocessing_v1_0_6,controlled-v1-case-0359,RASPISHAKE,https://data.raspberryshake.org/fdsnws/dataselect/1/query,AM.R81CF.event.20260429T150824,AM;AM;AM,R81CF;R81CF;R81CF,00;00;00,EH?;EH?;EH?,2025-06-04T00:48:14.052000Z;2025-06-07T09:11:19.806000Z;2025-06-01T00:58:50.695000Z,2025-06-04T00:51:17.302000Z;2025-06-07T09:14:22.566000Z;2025-06-01T01:01:53.995000Z,RASPISHAKE;RASPISHAKE;RASPISHAKE,https://data.raspberryshake.org/fdsnws/dataselect/1/query;https://data.raspberryshake.org/fdsnws/dataselect/1/query;https://data.raspberryshake.org/fdsnws/dataselect/1/query,AM.R81CF.noise.20250604T004815;AM.R81CF.noise.20250607T091120;AM.R81CF.noise.20250601T005852,ordered_three_chunk_concat_v1,3500;3500;3500,3500;3500;2000,0;3500;7000,3500;7000;9000
360,AM,R81CF,00,EH?,2026-04-29T15:08:24.585000Z,2026-04-29T15:08:59.585000Z,event_template,5.0,55.45,100.0,preprocessing_v1_0_6,controlled-v1-case-0360,RASPISHAKE,https://data.raspberryshake.org/fdsnws/dataselect/1/query,AM.R81CF.event.20260429T150824,AM;AM;AM,R81CF;R81CF;R81CF,00;00;00,EH?;EH?;EH?,2025-06-04T00:48:14.052000Z;2025-06-07T09:11:19.806000Z;2025-06-01T00:58:50.695000Z,2025-06-04T00:51:17.302000Z;2025-06-07T09:14:22.566000Z;2025-06-01T01:01:53.995000Z,RASPISHAKE;RASPISHAKE;RASPISHAKE,https://data.raspberryshake.org/fdsnws/dataselect/1/query;https://data.raspberryshake.org/fdsnws/dataselect/1/query;https://data.raspberryshake.org/fdsnws/dataselect/1/query,AM.R81CF.noise.20250604T004815;AM.R81CF.noise.20250607T091120;AM.R81CF.noise.20250601T005852,ordered_three_chunk_concat_v1,3500;3500;3500,3500;3500;2000,0;3500;7000,3500;7000;9000
361,AM,R8219,00,EH?,2025-12-08T05:31:29.663000Z,2025-12-08T05:32:04.663000Z,event_template,-5.0,35.23,100.0,preprocessing_v1_0_6,controlled-v1-case-0361,RASPISHAKE,https://data.raspberryshake.org/fdsnws/dataselect/1/query,AM.R8219.event.20251208T053129,AM;AM;AM,R8219;R8219;R8219,00;00;00,EH?;EH?;EH?,2025-06-10T22:22:09.842000Z;2025-06-08T16:29:15.282000Z;2025-06-06T15:29:58.082000Z,2025-06-10T22:25:16.232000Z;2025-06-08T16:32:19.942000Z;2025-06-06T15:33:03.012000Z,RASPISHAKE;RASPISHAKE;RASPISHAKE,https://data.raspberryshake.org/fdsnws/dataselect/1/query;https://data.raspberryshake.org/fdsnws/dataselect/1/query;https://data.raspberryshake.org/fdsnws/dataselect/1/query,AM.R8219.noise.20250610T222213;AM.R8219.noise.20250608T162917;AM.R8219.noise.20250606T153000,ordered_three_chunk_concat_v1,3500;3500;3500,3500;3500;2000,0;3500;7000,3500;7000;9000
362,AM,R8219,00,EH?,2025-12-08T05:31:29.663000Z,2025-12-08T05:32:04.663000Z,event_template,0.0,35.23,100.0,preprocessing_v1_0_6,controlled-v1-case-0362,RASPISHAKE,https://data.raspberryshake.org/fdsnws/dataselect/1/query,AM.R8219.event.20251208T053129,AM;AM;AM,R8219;R8219;R8219,00;00;00,EH?;EH?;EH?,2025-06-10T22:22:09.842000Z;2025-06-08T16:29:15.282000Z;2025-06-06T15:29:58.082000Z,2025-06-10T22:25:16.232000Z;2025-06-08T16:32:19.942000Z;2025-06-06T15:33:03.012000Z,RASPISHAKE;RASPISHAKE;RASPISHAKE,https://data.raspberryshake.org/fdsnws/dataselect/1/query;https://data.raspberryshake.org/fdsnws/dataselect/1/query;https://data.raspberryshake.org/fdsnws/dataselect/1/query,AM.R8219.noise.20250610T222213;AM.R8219.noise.20250608T162917;AM.R8219.noise.20250606T153000,ordered_three_chunk_concat_v1,3500;3500;3500,3500;3500;2000,0;3500;7000,3500;7000;9000
363,AM,R8219,00,EH?,2025-12-08T05:31:29.663000Z,2025-12-08T05:32:04.663000Z,event_template,5.0,35.23,100.0,preprocessing_v1_0_6,controlled-v1-case-0363,RASPISHAKE,https://data.raspberryshake.org/fdsnws/dataselect/1/query,AM.R8219.event.20251208T053129,AM;AM;AM,R8219;R8219;R8219,00;00;00,EH?;EH?;EH?,2025-06-10T22:22:09.842000Z;2025-06-08T16:29:15.282000Z;2025-06-06T15:29:58.082000Z,2025-06-10T22:25:16.232000Z;2025-06-08T16:32:19.942000Z;2025-06-06T15:33:03.012000Z,RASPISHAKE;RASPISHAKE;RASPISHAKE,https://data.raspberryshake.org/fdsnws/dataselect/1/query;https://data.raspberryshake.org/fdsnws/dataselect/1/query;https://data.raspberryshake.org/fdsnws/dataselect/1/query,AM.R8219.noise.20250610T222213;AM.R8219.noise.20250608T162917;AM.R8219.noise.20250606T153000,ordered_three_chunk_concat_v1,3500;3500;3500,3500;3500;2000,0;3500;7000,3500;7000;9000
364,AM,R8219,00,EH?,2026-01-13T08:29:42.986000Z,2026-01-13T08:30:17.986000Z,event_template,-5.0,47.81,100.0,preprocessing_v1_0_6,controlled-v1-case-0364,RASPISHAKE,https://data.raspberryshake.org/fdsnws/dataselect/1/query,AM.R8219.event.20260113T082942,AM;AM;AM,R8219;R8219;R8219,00;00;00,EH?;EH?;EH?,2025-06-10T22:22:09.842000Z;2025-06-09T07:25:46.212000Z;2025-06-05T10:07:21.422000Z,2025-06-10T22:25:16.232000Z;2025-06-09T07:28:51.372000Z;2025-06-05T10:10:26.812000Z,RASPISHAKE;RASPISHAKE;RASPISHAKE,https://data.raspberryshake.org/fdsnws/dataselect/1/query;https://data.raspberryshake.org/fdsnws/dataselect/1/query;https://data.raspberryshake.org/fdsnws/dataselect/1/query,AM.R8219.noise.20250610T222213;AM.R8219.noise.20250609T072549;AM.R8219.noise.20250605T100724,ordered_three_chunk_concat_v1,3500;3500;3500,3500;3500;2000,0;3500;7000,3500;7000;9000
365,AM,R8219,00,EH?,2026-01-13T08:29:42.986000Z,2026-01-13T08:30:17.986000Z,event_template,0.0,47.81,100.0,preprocessing_v1_0_6,controlled-v1-case-0365,RASPISHAKE,https://data.raspberryshake.org/fdsnws/dataselect/1/query,AM.R8219.event.20260113T082942,AM;AM;AM,R8219;R8219;R8219,00;00;00,EH?;EH?;EH?,2025-06-10T22:22:09.842000Z;2025-06-09T07:25:46.212000Z;2025-06-05T10:07:21.422000Z,2025-06-10T22:25:16.232000Z;2025-06-09T07:28:51.372000Z;2025-06-05T10:10:26.812000Z,RASPISHAKE;RASPISHAKE;RASPISHAKE,https://data.raspberryshake.org/fdsnws/dataselect/1/query;https://data.raspberryshake.org/fdsnws/dataselect/1/query;https://data.raspberryshake.org/fdsnws/dataselect/1/query,AM.R8219.noise.20250610T222213;AM.R8219.noise.20250609T072549;AM.R8219.noise.20250605T100724,ordered_three_chunk_concat_v1,3500;3500;3500,3500;3500;2000,0;3500;7000,3500;7000;9000
366,AM,R8219,00,EH?,2026-01-13T08:29:42.986000Z,2026-01-13T08:30:17.986000Z,event_template,5.0,47.81,100.0,preprocessing_v1_0_6,controlled-v1-case-0366,RASPISHAKE,https://data.raspberryshake.org/fdsnws/dataselect/1/query,AM.R8219.event.20260113T082942,AM;AM;AM,R8219;R8219;R8219,00;00;00,EH?;EH?;EH?,2025-06-10T22:22:09.842000Z;2025-06-09T07:25:46.212000Z;2025-06-05T10:07:21.422000Z,2025-06-10T22:25:16.232000Z;2025-06-09T07:28:51.372000Z;2025-06-05T10:10:26.812000Z,RASPISHAKE;RASPISHAKE;RASPISHAKE,https://data.raspberryshake.org/fdsnws/dataselect/1/query;https://data.raspberryshake.org/fdsnws/dataselect/1/query;https://data.raspberryshake.org/fdsnws/dataselect/1/query,AM.R8219.noise.20250610T222213;AM.R8219.noise.20250609T072549;AM.R8219.noise.20250605T100724,ordered_three_chunk_concat_v1,3500;3500;3500,3500;3500;2000,0;3500;7000,3500;7000;9000
367,AM,R8219,00,EH?,2026-01-13T08:31:02.766000Z,2026-01-13T08:31:37.766000Z,event_template,-5.0,18.73,100.0,preprocessing_v1_0_6,controlled-v1-case-0367,RASPISHAKE,https://data.raspberryshake.org/fdsnws/dataselect/1/query,AM.R8219.event.20260113T083102,AM;AM;AM,R8219;R8219;R8219,00;00;00,EH?;EH?;EH?,2025-06-09T07:25:46.212000Z;2025-06-06T02:58:34.742000Z;2025-06-01T15:15:16.572000Z,2025-06-09T07:28:51.372000Z;2025-06-06T03:01:39.332000Z;2025-06-01T15:18:20.902000Z,RASPISHAKE;RASPISHAKE;RASPISHAKE,https://data.raspberryshake.org/fdsnws/dataselect/1/query;https://data.raspberryshake.org/fdsnws/dataselect/1/query;https://data.raspberryshake.org/fdsnws/dataselect/1/query,AM.R8219.noise.20250609T072549;AM.R8219.noise.20250606T025835;AM.R8219.noise.20250601T151518,ordered_three_chunk_concat_v1,3500;3500;3500,3500;3500;2000,0;3500;7000,3500;7000;9000
368,AM,R8219,00,EH?,2026-01-13T08:31:02.766000Z,2026-01-13T08:31:37.766000Z,event_template,0.0,18.73,100.0,preprocessing_v1_0_6,controlled-v1-case-0368,RASPISHAKE,https://data.raspberryshake.org/fdsnws/dataselect/1/query,AM.R8219.event.20260113T083102,AM;AM;AM,R8219;R8219;R8219,00;00;00,EH?;EH?;EH?,2025-06-09T07:25:46.212000Z;2025-06-06T02:58:34.742000Z;2025-06-01T15:15:16.572000Z,2025-06-09T07:28:51.372000Z;2025-06-06T03:01:39.332000Z;2025-06-01T15:18:20.902000Z,RASPISHAKE;RASPISHAKE;RASPISHAKE,https://data.raspberryshake.org/fdsnws/dataselect/1/query;https://data.raspberryshake.org/fdsnws/dataselect/1/query;https://data.raspberryshake.org/fdsnws/dataselect/1/query,AM.R8219.noise.20250609T072549;AM.R8219.noise.20250606T025835;AM.R8219.noise.20250601T151518,ordered_three_chunk_concat_v1,3500;3500;3500,3500;3500;2000,0;3500;7000,3500;7000;9000
369,AM,R8219,00,EH?,2026-01-13T08:31:02.766000Z,2026-01-13T08:31:37.766000Z,event_template,5.0,18.73,100.0,preprocessing_v1_0_6,controlled-v1-case-0369,RASPISHAKE,https://data.raspberryshake.org/fdsnws/dataselect/1/query,AM.R8219.event.20260113T083102,AM;AM;AM,R8219;R8219;R8219,00;00;00,EH?;EH?;EH?,2025-06-09T07:25:46.212000Z;2025-06-06T02:58:34.742000Z;2025-06-01T15:15:16.572000Z,2025-06-09T07:28:51.372000Z;2025-06-06T03:01:39.332000Z;2025-06-01T15:18:20.902000Z,RASPISHAKE;RASPISHAKE;RASPISHAKE,https://data.raspberryshake.org/fdsnws/dataselect/1/query;https://data.raspberryshake.org/fdsnws/dataselect/1/query;https://data.raspberryshake.org/fdsnws/dataselect/1/query,AM.R8219.noise.20250609T072549;AM.R8219.noise.20250606T025835;AM.R8219.noise.20250601T151518,ordered_three_chunk_concat_v1,3500;3500;3500,3500;3500;2000,0;3500;7000,3500;7000;9000
370,AM,R8219,00,EH?,2026-02-21T12:45:11.920000Z,2026-02-21T12:45:46.920000Z,event_template,-5.0,60.52,100.0,preprocessing_v1_0_6,controlled-v1-case-0370,RASPISHAKE,https://data.raspberryshake.org/fdsnws/dataselect/1/query,AM.R8219.event.20260221T124511,AM;AM;AM,R8219;R8219;R8219,00;00;00,EH?;EH?;EH?,2025-06-06T15:29:58.082000Z;2025-06-03T13:01:08.662000Z;2025-06-08T15:34:40.202000Z,2025-06-06T15:33:03.012000Z;2025-06-03T13:04:13.412000Z;2025-06-08T15:37:45.852000Z,RASPISHAKE;RASPISHAKE;RASPISHAKE,https://data.raspberryshake.org/fdsnws/dataselect/1/query;https://data.raspberryshake.org/fdsnws/dataselect/1/query;https://data.raspberryshake.org/fdsnws/dataselect/1/query,AM.R8219.noise.20250606T153000;AM.R8219.noise.20250603T130111;AM.R8219.noise.20250608T153442,ordered_three_chunk_concat_v1,3500;3500;3500,3500;3500;2000,0;3500;7000,3500;7000;9000
371,AM,R8219,00,EH?,2026-02-21T12:45:11.920000Z,2026-02-21T12:45:46.920000Z,event_template,0.0,60.52,100.0,preprocessing_v1_0_6,controlled-v1-case-0371,RASPISHAKE,https://data.raspberryshake.org/fdsnws/dataselect/1/query,AM.R8219.event.20260221T124511,AM;AM;AM,R8219;R8219;R8219,00;00;00,EH?;EH?;EH?,2025-06-06T15:29:58.082000Z;2025-06-03T13:01:08.662000Z;2025-06-08T15:34:40.202000Z,2025-06-06T15:33:03.012000Z;2025-06-03T13:04:13.412000Z;2025-06-08T15:37:45.852000Z,RASPISHAKE;RASPISHAKE;RASPISHAKE,https://data.raspberryshake.org/fdsnws/dataselect/1/query;https://data.raspberryshake.org/fdsnws/dataselect/1/query;https://data.raspberryshake.org/fdsnws/dataselect/1/query,AM.R8219.noise.20250606T153000;AM.R8219.noise.20250603T130111;AM.R8219.noise.20250608T153442,ordered_three_chunk_concat_v1,3500;3500;3500,3500;3500;2000,0;3500;7000,3500;7000;9000
372,AM,R8219,00,EH?,2026-02-21T12:45:11.920000Z,2026-02-21T12:45:46.920000Z,event_template,5.0,60.52,100.0,preprocessing_v1_0_6,controlled-v1-case-0372,RASPISHAKE,https://data.raspberryshake.org/fdsnws/dataselect/1/query,AM.R8219.event.20260221T124511,AM;AM;AM,R8219;R8219;R8219,00;00;00,EH?;EH?;EH?,2025-06-06T15:29:58.082000Z;2025-06-03T13:01:08.662000Z;2025-06-08T15:34:40.202000Z,2025-06-06T15:33:03.012000Z;2025-06-03T13:04:13.412000Z;2025-06-08T15:37:45.852000Z,RASPISHAKE;RASPISHAKE;RASPISHAKE,https://data.raspberryshake.org/fdsnws/dataselect/1/query;https://data.raspberryshake.org/fdsnws/dataselect/1/query;https://data.raspberryshake.org/fdsnws/dataselect/1/query,AM.R8219.noise.20250606T153000;AM.R8219.noise.20250603T130111;AM.R8219.noise.20250608T153442,ordered_three_chunk_concat_v1,3500;3500;3500,3500;3500;2000,0;3500;7000,3500;7000;9000
373,AM,R8219,00,EH?,2026-03-26T08:42:19.749000Z,2026-03-26T08:42:54.749000Z,event_template,-5.0,23.97,100.0,preprocessing_v1_0_6,controlled-v1-case-0373,RASPISHAKE,https://data.raspberryshake.org/fdsnws/dataselect/1/query,AM.R8219.event.20260326T084219,AM;AM;AM,R8219;R8219;R8219,00;00;00,EH?;EH?;EH?,2025-06-05T07:10:38.542000Z;2025-06-05T20:40:19.832000Z;2025-06-07T09:11:18.902000Z,2025-06-05T07:13:43.032000Z;2025-06-05T20:43:26.542000Z;2025-06-07T09:14:22.612000Z,RASPISHAKE;RASPISHAKE;RASPISHAKE,https://data.raspberryshake.org/fdsnws/dataselect/1/query;https://data.raspberryshake.org/fdsnws/dataselect/1/query;https://data.raspberryshake.org/fdsnws/dataselect/1/query,AM.R8219.noise.20250605T071041;AM.R8219.noise.20250605T204023;AM.R8219.noise.20250607T091120,ordered_three_chunk_concat_v1,3500;3500;3500,3500;3500;2000,0;3500;7000,3500;7000;9000
374,AM,R8219,00,EH?,2026-03-26T08:42:19.749000Z,2026-03-26T08:42:54.749000Z,event_template,0.0,23.97,100.0,preprocessing_v1_0_6,controlled-v1-case-0374,RASPISHAKE,https://data.raspberryshake.org/fdsnws/dataselect/1/query,AM.R8219.event.20260326T084219,AM;AM;AM,R8219;R8219;R8219,00;00;00,EH?;EH?;EH?,2025-06-05T07:10:38.542000Z;2025-06-05T20:40:19.832000Z;2025-06-07T09:11:18.902000Z,2025-06-05T07:13:43.032000Z;2025-06-05T20:43:26.542000Z;2025-06-07T09:14:22.612000Z,RASPISHAKE;RASPISHAKE;RASPISHAKE,https://data.raspberryshake.org/fdsnws/dataselect/1/query;https://data.raspberryshake.org/fdsnws/dataselect/1/query;https://data.raspberryshake.org/fdsnws/dataselect/1/query,AM.R8219.noise.20250605T071041;AM.R8219.noise.20250605T204023;AM.R8219.noise.20250607T091120,ordered_three_chunk_concat_v1,3500;3500;3500,3500;3500;2000,0;3500;7000,3500;7000;9000
375,AM,R8219,00,EH?,2026-03-26T08:42:19.749000Z,2026-03-26T08:42:54.749000Z,event_template,5.0,23.97,100.0,preprocessing_v1_0_6,controlled-v1-case-0375,RASPISHAKE,https://data.raspberryshake.org/fdsnws/dataselect/1/query,AM.R8219.event.20260326T084219,AM;AM;AM,R8219;R8219;R8219,00;00;00,EH?;EH?;EH?,2025-06-05T07:10:38.542000Z;2025-06-05T20:40:19.832000Z;2025-06-07T09:11:18.902000Z,2025-06-05T07:13:43.032000Z;2025-06-05T20:43:26.542000Z;2025-06-07T09:14:22.612000Z,RASPISHAKE;RASPISHAKE;RASPISHAKE,https://data.raspberryshake.org/fdsnws/dataselect/1/query;https://data.raspberryshake.org/fdsnws/dataselect/1/query;https://data.raspberryshake.org/fdsnws/dataselect/1/query,AM.R8219.noise.20250605T071041;AM.R8219.noise.20250605T204023;AM.R8219.noise.20250607T091120,ordered_three_chunk_concat_v1,3500;3500;3500,3500;3500;2000,0;3500;7000,3500;7000;9000
376,AM,R8219,00,EH?,2026-05-03T18:39:12.389000Z,2026-05-03T18:39:47.389000Z,event_template,-5.0,38.88,100.0,preprocessing_v1_0_6,controlled-v1-case-0376,RASPISHAKE,https://data.raspberryshake.org/fdsnws/dataselect/1/query,AM.R8219.event.20260503T183912,AM;AM;AM,R8219;R8219;R8219,00;00;00,EH?;EH?;EH?,2025-06-06T15:29:58.082000Z;2025-06-10T21:18:09.592000Z;2025-06-04T00:48:11.742000Z,2025-06-06T15:33:03.012000Z;2025-06-10T21:21:13.752000Z;2025-06-04T00:51:17.582000Z,RASPISHAKE;RASPISHAKE;RASPISHAKE,https://data.raspberryshake.org/fdsnws/dataselect/1/query;https://data.raspberryshake.org/fdsnws/dataselect/1/query;https://data.raspberryshake.org/fdsnws/dataselect/1/query,AM.R8219.noise.20250606T153000;AM.R8219.noise.20250610T211811;AM.R8219.noise.20250604T004815,ordered_three_chunk_concat_v1,3500;3500;3500,3500;3500;2000,0;3500;7000,3500;7000;9000
377,AM,R8219,00,EH?,2026-05-03T18:39:12.389000Z,2026-05-03T18:39:47.389000Z,event_template,0.0,38.88,100.0,preprocessing_v1_0_6,controlled-v1-case-0377,RASPISHAKE,https://data.raspberryshake.org/fdsnws/dataselect/1/query,AM.R8219.event.20260503T183912,AM;AM;AM,R8219;R8219;R8219,00;00;00,EH?;EH?;EH?,2025-06-06T15:29:58.082000Z;2025-06-10T21:18:09.592000Z;2025-06-04T00:48:11.742000Z,2025-06-06T15:33:03.012000Z;2025-06-10T21:21:13.752000Z;2025-06-04T00:51:17.582000Z,RASPISHAKE;RASPISHAKE;RASPISHAKE,https://data.raspberryshake.org/fdsnws/dataselect/1/query;https://data.raspberryshake.org/fdsnws/dataselect/1/query;https://data.raspberryshake.org/fdsnws/dataselect/1/query,AM.R8219.noise.20250606T153000;AM.R8219.noise.20250610T211811;AM.R8219.noise.20250604T004815,ordered_three_chunk_concat_v1,3500;3500;3500,3500;3500;2000,0;3500;7000,3500;7000;9000
378,AM,R8219,00,EH?,2026-05-03T18:39:12.389000Z,2026-05-03T18:39:47.389000Z,event_template,5.0,38.88,100.0,preprocessing_v1_0_6,controlled-v1-case-0378,RASPISHAKE,https://data.raspberryshake.org/fdsnws/dataselect/1/query,AM.R8219.event.20260503T183912,AM;AM;AM,R8219;R8219;R8219,00;00;00,EH?;EH?;EH?,2025-06-06T15:29:58.082000Z;2025-06-10T21:18:09.592000Z;2025-06-04T00:48:11.742000Z,2025-06-06T15:33:03.012000Z;2025-06-10T21:21:13.752000Z;2025-06-04T00:51:17.582000Z,RASPISHAKE;RASPISHAKE;RASPISHAKE,https://data.raspberryshake.org/fdsnws/dataselect/1/query;https://data.raspberryshake.org/fdsnws/dataselect/1/query;https://data.raspberryshake.org/fdsnws/dataselect/1/query,AM.R8219.noise.20250606T153000;AM.R8219.noise.20250610T211811;AM.R8219.noise.20250604T004815,ordered_three_chunk_concat_v1,3500;3500;3500,3500;3500;2000,0;3500;7000,3500;7000;9000
379,AM,R8219,00,EH?,2026-05-20T14:15:12.639000Z,2026-05-20T14:15:47.639000Z,event_template,-5.0,41.47,100.0,preprocessing_v1_0_6,controlled-v1-case-0379,RASPISHAKE,https://data.raspberryshake.org/fdsnws/dataselect/1/query,AM.R8219.event.20260520T141512,AM;AM;AM,R8219;R8219;R8219,00;00;00,EH?;EH?;EH?,2025-06-03T19:32:22.152000Z;2025-06-10T08:34:07.212000Z;2025-06-09T07:25:46.212000Z,2025-06-03T19:35:25.002000Z;2025-06-10T08:37:09.432000Z;2025-06-09T07:28:51.372000Z,RASPISHAKE;RASPISHAKE;RASPISHAKE,https://data.raspberryshake.org/fdsnws/dataselect/1/query;https://data.raspberryshake.org/fdsnws/dataselect/1/query;https://data.raspberryshake.org/fdsnws/dataselect/1/query,AM.R8219.noise.20250603T193222;AM.R8219.noise.20250610T083409;AM.R8219.noise.20250609T072549,ordered_three_chunk_concat_v1,3500;3500;3500,3500;3500;2000,0;3500;7000,3500;7000;9000
380,AM,R8219,00,EH?,2026-05-20T14:15:12.639000Z,2026-05-20T14:15:47.639000Z,event_template,0.0,41.47,100.0,preprocessing_v1_0_6,controlled-v1-case-0380,RASPISHAKE,https://data.raspberryshake.org/fdsnws/dataselect/1/query,AM.R8219.event.20260520T141512,AM;AM;AM,R8219;R8219;R8219,00;00;00,EH?;EH?;EH?,2025-06-03T19:32:22.152000Z;2025-06-10T08:34:07.212000Z;2025-06-09T07:25:46.212000Z,2025-06-03T19:35:25.002000Z;2025-06-10T08:37:09.432000Z;2025-06-09T07:28:51.372000Z,RASPISHAKE;RASPISHAKE;RASPISHAKE,https://data.raspberryshake.org/fdsnws/dataselect/1/query;https://data.raspberryshake.org/fdsnws/dataselect/1/query;https://data.raspberryshake.org/fdsnws/dataselect/1/query,AM.R8219.noise.20250603T193222;AM.R8219.noise.20250610T083409;AM.R8219.noise.20250609T072549,ordered_three_chunk_concat_v1,3500;3500;3500,3500;3500;2000,0;3500;7000,3500;7000;9000
381,AM,R8219,00,EH?,2026-05-20T14:15:12.639000Z,2026-05-20T14:15:47.639000Z,event_template,5.0,41.47,100.0,preprocessing_v1_0_6,controlled-v1-case-0381,RASPISHAKE,https://data.raspberryshake.org/fdsnws/dataselect/1/query,AM.R8219.event.20260520T141512,AM;AM;AM,R8219;R8219;R8219,00;00;00,EH?;EH?;EH?,2025-06-03T19:32:22.152000Z;2025-06-10T08:34:07.212000Z;2025-06-09T07:25:46.212000Z,2025-06-03T19:35:25.002000Z;2025-06-10T08:37:09.432000Z;2025-06-09T07:28:51.372000Z,RASPISHAKE;RASPISHAKE;RASPISHAKE,https://data.raspberryshake.org/fdsnws/dataselect/1/query;https://data.raspberryshake.org/fdsnws/dataselect/1/query;https://data.raspberryshake.org/fdsnws/dataselect/1/query,AM.R8219.noise.20250603T193222;AM.R8219.noise.20250610T083409;AM.R8219.noise.20250609T072549,ordered_three_chunk_concat_v1,3500;3500;3500,3500;3500;2000,0;3500;7000,3500;7000;9000
382,AM,R8219,00,EH?,2026-05-25T15:27:27.789000Z,2026-05-25T15:28:02.789000Z,event_template,-5.0,53.09,100.0,preprocessing_v1_0_6,controlled-v1-case-0382,RASPISHAKE,https://data.raspberryshake.org/fdsnws/dataselect/1/query,AM.R8219.event.20260525T152727,AM;AM;AM,R8219;R8219;R8219,00;00;00,EH?;EH?;EH?,2025-06-06T16:03:38.412000Z;2025-06-05T20:40:19.832000Z;2025-06-02T17:28:14.802000Z,2025-06-06T16:06:42.902000Z;2025-06-05T20:43:26.542000Z;2025-06-02T17:31:18.972000Z,RASPISHAKE;RASPISHAKE;RASPISHAKE,https://data.raspberryshake.org/fdsnws/dataselect/1/query;https://data.raspberryshake.org/fdsnws/dataselect/1/query;https://data.raspberryshake.org/fdsnws/dataselect/1/query,AM.R8219.noise.20250606T160341;AM.R8219.noise.20250605T204023;AM.R8219.noise.20250602T172817,ordered_three_chunk_concat_v1,3500;3500;3500,3500;3500;2000,0;3500;7000,3500;7000;9000
383,AM,R8219,00,EH?,2026-05-25T15:27:27.789000Z,2026-05-25T15:28:02.789000Z,event_template,0.0,53.09,100.0,preprocessing_v1_0_6,controlled-v1-case-0383,RASPISHAKE,https://data.raspberryshake.org/fdsnws/dataselect/1/query,AM.R8219.event.20260525T152727,AM;AM;AM,R8219;R8219;R8219,00;00;00,EH?;EH?;EH?,2025-06-06T16:03:38.412000Z;2025-06-05T20:40:19.832000Z;2025-06-02T17:28:14.802000Z,2025-06-06T16:06:42.902000Z;2025-06-05T20:43:26.542000Z;2025-06-02T17:31:18.972000Z,RASPISHAKE;RASPISHAKE;RASPISHAKE,https://data.raspberryshake.org/fdsnws/dataselect/1/query;https://data.raspberryshake.org/fdsnws/dataselect/1/query;https://data.raspberryshake.org/fdsnws/dataselect/1/query,AM.R8219.noise.20250606T160341;AM.R8219.noise.20250605T204023;AM.R8219.noise.20250602T172817,ordered_three_chunk_concat_v1,3500;3500;3500,3500;3500;2000,0;3500;7000,3500;7000;9000
384,AM,R8219,00,EH?,2026-05-25T15:27:27.789000Z,2026-05-25T15:28:02.789000Z,event_template,5.0,53.09,100.0,preprocessing_v1_0_6,controlled-v1-case-0384,RASPISHAKE,https://data.raspberryshake.org/fdsnws/dataselect/1/query,AM.R8219.event.20260525T152727,AM;AM;AM,R8219;R8219;R8219,00;00;00,EH?;EH?;EH?,2025-06-06T16:03:38.412000Z;2025-06-05T20:40:19.832000Z;2025-06-02T17:28:14.802000Z,2025-06-06T16:06:42.902000Z;2025-06-05T20:43:26.542000Z;2025-06-02T17:31:18.972000Z,RASPISHAKE;RASPISHAKE;RASPISHAKE,https://data.raspberryshake.org/fdsnws/dataselect/1/query;https://data.raspberryshake.org/fdsnws/dataselect/1/query;https://data.raspberryshake.org/fdsnws/dataselect/1/query,AM.R8219.noise.20250606T160341;AM.R8219.noise.20250605T204023;AM.R8219.noise.20250602T172817,ordered_three_chunk_concat_v1,3500;3500;3500,3500;3500;2000,0;3500;7000,3500;7000;9000
385,AM,R87FD,00,EH?,2026-03-23T17:26:46.838000Z,2026-03-23T17:27:21.838000Z,event_template,-5.0,61.45,100.0,preprocessing_v1_0_6,controlled-v1-case-0385,RASPISHAKE,https://data.raspberryshake.org/fdsnws/dataselect/1/query,AM.R87FD.event.20260323T172646,AM;AM;AM,R87FD;R87FD;R87FD,00;00;00,EH?;EH?;EH?,2025-06-02T17:28:13.171000Z;2025-06-09T07:25:45.241000Z;2025-06-04T04:12:20.101000Z,2025-06-02T17:31:19.681000Z;2025-06-09T07:28:52.361000Z;2025-06-04T04:15:26.401000Z,RASPISHAKE;RASPISHAKE;RASPISHAKE,https://data.raspberryshake.org/fdsnws/dataselect/1/query;https://data.raspberryshake.org/fdsnws/dataselect/1/query;https://data.raspberryshake.org/fdsnws/dataselect/1/query,AM.R87FD.noise.20250602T172817;AM.R87FD.noise.20250609T072549;AM.R87FD.noise.20250604T041225,ordered_three_chunk_concat_v1,3500;3500;3500,3500;3500;2000,0;3500;7000,3500;7000;9000
386,AM,R87FD,00,EH?,2026-03-23T17:26:46.838000Z,2026-03-23T17:27:21.838000Z,event_template,0.0,61.45,100.0,preprocessing_v1_0_6,controlled-v1-case-0386,RASPISHAKE,https://data.raspberryshake.org/fdsnws/dataselect/1/query,AM.R87FD.event.20260323T172646,AM;AM;AM,R87FD;R87FD;R87FD,00;00;00,EH?;EH?;EH?,2025-06-02T17:28:13.171000Z;2025-06-09T07:25:45.241000Z;2025-06-04T04:12:20.101000Z,2025-06-02T17:31:19.681000Z;2025-06-09T07:28:52.361000Z;2025-06-04T04:15:26.401000Z,RASPISHAKE;RASPISHAKE;RASPISHAKE,https://data.raspberryshake.org/fdsnws/dataselect/1/query;https://data.raspberryshake.org/fdsnws/dataselect/1/query;https://data.raspberryshake.org/fdsnws/dataselect/1/query,AM.R87FD.noise.20250602T172817;AM.R87FD.noise.20250609T072549;AM.R87FD.noise.20250604T041225,ordered_three_chunk_concat_v1,3500;3500;3500,3500;3500;2000,0;3500;7000,3500;7000;9000
387,AM,R87FD,00,EH?,2026-03-23T17:26:46.838000Z,2026-03-23T17:27:21.838000Z,event_template,5.0,61.45,100.0,preprocessing_v1_0_6,controlled-v1-case-0387,RASPISHAKE,https://data.raspberryshake.org/fdsnws/dataselect/1/query,AM.R87FD.event.20260323T172646,AM;AM;AM,R87FD;R87FD;R87FD,00;00;00,EH?;EH?;EH?,2025-06-02T17:28:13.171000Z;2025-06-09T07:25:45.241000Z;2025-06-04T04:12:20.101000Z,2025-06-02T17:31:19.681000Z;2025-06-09T07:28:52.361000Z;2025-06-04T04:15:26.401000Z,RASPISHAKE;RASPISHAKE;RASPISHAKE,https://data.raspberryshake.org/fdsnws/dataselect/1/query;https://data.raspberryshake.org/fdsnws/dataselect/1/query;https://data.raspberryshake.org/fdsnws/dataselect/1/query,AM.R87FD.noise.20250602T172817;AM.R87FD.noise.20250609T072549;AM.R87FD.noise.20250604T041225,ordered_three_chunk_concat_v1,3500;3500;3500,3500;3500;2000,0;3500;7000,3500;7000;9000
388,AM,R87FD,00,EH?,2026-03-23T18:47:10.038000Z,2026-03-23T18:47:45.038000Z,event_template,-5.0,24.31,100.0,preprocessing_v1_0_6,controlled-v1-case-0388,RASPISHAKE,https://data.raspberryshake.org/fdsnws/dataselect/1/query,AM.R87FD.event.20260323T184710,AM;AM;AM,R87FD;R87FD;R87FD,00;00;00,EH?;EH?;EH?,2025-06-07T23:52:55.461000Z;2025-06-02T17:28:13.171000Z;2025-06-08T16:25:05.361000Z,2025-06-07T23:56:02.991000Z;2025-06-02T17:31:19.681000Z;2025-06-08T16:28:11.941000Z,RASPISHAKE;RASPISHAKE;RASPISHAKE,https://data.raspberryshake.org/fdsnws/dataselect/1/query;https://data.raspberryshake.org/fdsnws/dataselect/1/query;https://data.raspberryshake.org/fdsnws/dataselect/1/query,AM.R87FD.noise.20250607T235259;AM.R87FD.noise.20250602T172817;AM.R87FD.noise.20250608T162507,ordered_three_chunk_concat_v1,3500;3500;3500,3500;3500;2000,0;3500;7000,3500;7000;9000
389,AM,R87FD,00,EH?,2026-03-23T18:47:10.038000Z,2026-03-23T18:47:45.038000Z,event_template,0.0,24.31,100.0,preprocessing_v1_0_6,controlled-v1-case-0389,RASPISHAKE,https://data.raspberryshake.org/fdsnws/dataselect/1/query,AM.R87FD.event.20260323T184710,AM;AM;AM,R87FD;R87FD;R87FD,00;00;00,EH?;EH?;EH?,2025-06-07T23:52:55.461000Z;2025-06-02T17:28:13.171000Z;2025-06-08T16:25:05.361000Z,2025-06-07T23:56:02.991000Z;2025-06-02T17:31:19.681000Z;2025-06-08T16:28:11.941000Z,RASPISHAKE;RASPISHAKE;RASPISHAKE,https://data.raspberryshake.org/fdsnws/dataselect/1/query;https://data.raspberryshake.org/fdsnws/dataselect/1/query;https://data.raspberryshake.org/fdsnws/dataselect/1/query,AM.R87FD.noise.20250607T235259;AM.R87FD.noise.20250602T172817;AM.R87FD.noise.20250608T162507,ordered_three_chunk_concat_v1,3500;3500;3500,3500;3500;2000,0;3500;7000,3500;7000;9000
390,AM,R87FD,00,EH?,2026-03-23T18:47:10.038000Z,2026-03-23T18:47:45.038000Z,event_template,5.0,24.31,100.0,preprocessing_v1_0_6,controlled-v1-case-0390,RASPISHAKE,https://data.raspberryshake.org/fdsnws/dataselect/1/query,AM.R87FD.event.20260323T184710,AM;AM;AM,R87FD;R87FD;R87FD,00;00;00,EH?;EH?;EH?,2025-06-07T23:52:55.461000Z;2025-06-02T17:28:13.171000Z;2025-06-08T16:25:05.361000Z,2025-06-07T23:56:02.991000Z;2025-06-02T17:31:19.681000Z;2025-06-08T16:28:11.941000Z,RASPISHAKE;RASPISHAKE;RASPISHAKE,https://data.raspberryshake.org/fdsnws/dataselect/1/query;https://data.raspberryshake.org/fdsnws/dataselect/1/query;https://data.raspberryshake.org/fdsnws/dataselect/1/query,AM.R87FD.noise.20250607T235259;AM.R87FD.noise.20250602T172817;AM.R87FD.noise.20250608T162507,ordered_three_chunk_concat_v1,3500;3500;3500,3500;3500;2000,0;3500;7000,3500;7000;9000
391,AM,R87FD,00,EH?,2026-03-31T07:12:14.428000Z,2026-03-31T07:12:49.428000Z,event_template,-5.0,41.2,100.0,preprocessing_v1_0_6,controlled-v1-case-0391,RASPISHAKE,https://data.raspberryshake.org/fdsnws/dataselect/1/query,AM.R87FD.event.20260331T071214,AM;AM;AM,R87FD;R87FD;R87FD,00;00;00,EH?;EH?;EH?,2025-06-02T17:28:13.171000Z;2025-06-05T10:07:20.991000Z;2025-06-03T22:23:40.281000Z,2025-06-02T17:31:19.681000Z;2025-06-05T10:10:26.081000Z;2025-06-03T22:26:44.671000Z,RASPISHAKE;RASPISHAKE;RASPISHAKE,https://data.raspberryshake.org/fdsnws/dataselect/1/query;https://data.raspberryshake.org/fdsnws/dataselect/1/query;https://data.raspberryshake.org/fdsnws/dataselect/1/query,AM.R87FD.noise.20250602T172817;AM.R87FD.noise.20250605T100724;AM.R87FD.noise.20250603T222341,ordered_three_chunk_concat_v1,3500;3500;3500,3500;3500;2000,0;3500;7000,3500;7000;9000
392,AM,R87FD,00,EH?,2026-03-31T07:12:14.428000Z,2026-03-31T07:12:49.428000Z,event_template,0.0,41.2,100.0,preprocessing_v1_0_6,controlled-v1-case-0392,RASPISHAKE,https://data.raspberryshake.org/fdsnws/dataselect/1/query,AM.R87FD.event.20260331T071214,AM;AM;AM,R87FD;R87FD;R87FD,00;00;00,EH?;EH?;EH?,2025-06-02T17:28:13.171000Z;2025-06-05T10:07:20.991000Z;2025-06-03T22:23:40.281000Z,2025-06-02T17:31:19.681000Z;2025-06-05T10:10:26.081000Z;2025-06-03T22:26:44.671000Z,RASPISHAKE;RASPISHAKE;RASPISHAKE,https://data.raspberryshake.org/fdsnws/dataselect/1/query;https://data.raspberryshake.org/fdsnws/dataselect/1/query;https://data.raspberryshake.org/fdsnws/dataselect/1/query,AM.R87FD.noise.20250602T172817;AM.R87FD.noise.20250605T100724;AM.R87FD.noise.20250603T222341,ordered_three_chunk_concat_v1,3500;3500;3500,3500;3500;2000,0;3500;7000,3500;7000;9000
393,AM,R87FD,00,EH?,2026-03-31T07:12:14.428000Z,2026-03-31T07:12:49.428000Z,event_template,5.0,41.2,100.0,preprocessing_v1_0_6,controlled-v1-case-0393,RASPISHAKE,https://data.raspberryshake.org/fdsnws/dataselect/1/query,AM.R87FD.event.20260331T071214,AM;AM;AM,R87FD;R87FD;R87FD,00;00;00,EH?;EH?;EH?,2025-06-02T17:28:13.171000Z;2025-06-05T10:07:20.991000Z;2025-06-03T22:23:40.281000Z,2025-06-02T17:31:19.681000Z;2025-06-05T10:10:26.081000Z;2025-06-03T22:26:44.671000Z,RASPISHAKE;RASPISHAKE;RASPISHAKE,https://data.raspberryshake.org/fdsnws/dataselect/1/query;https://data.raspberryshake.org/fdsnws/dataselect/1/query;https://data.raspberryshake.org/fdsnws/dataselect/1/query,AM.R87FD.noise.20250602T172817;AM.R87FD.noise.20250605T100724;AM.R87FD.noise.20250603T222341,ordered_three_chunk_concat_v1,3500;3500;3500,3500;3500;2000,0;3500;7000,3500;7000;9000
394,AM,R87FD,00,EH?,2026-04-25T14:36:01.348000Z,2026-04-25T14:36:36.348000Z,event_template,-5.0,28.46,100.0,preprocessing_v1_0_6,controlled-v1-case-0394,RASPISHAKE,https://data.raspberryshake.org/fdsnws/dataselect/1/query,AM.R87FD.event.20260425T143601,AM;AM;AM,R87FD;R87FD;R87FD,00;00;00,EH?;EH?;EH?,2025-06-06T16:03:36.661000Z;2025-06-10T22:22:08.831000Z;2025-06-01T00:58:49.211000Z,2025-06-06T16:06:45.661000Z;2025-06-10T22:25:15.781000Z;2025-06-01T01:01:56.951000Z,RASPISHAKE;RASPISHAKE;RASPISHAKE,https://data.raspberryshake.org/fdsnws/dataselect/1/query;https://data.raspberryshake.org/fdsnws/dataselect/1/query;https://data.raspberryshake.org/fdsnws/dataselect/1/query,AM.R87FD.noise.20250606T160341;AM.R87FD.noise.20250610T222213;AM.R87FD.noise.20250601T005852,ordered_three_chunk_concat_v1,3500;3500;3500,3500;3500;2000,0;3500;7000,3500;7000;9000
395,AM,R87FD,00,EH?,2026-04-25T14:36:01.348000Z,2026-04-25T14:36:36.348000Z,event_template,0.0,28.46,100.0,preprocessing_v1_0_6,controlled-v1-case-0395,RASPISHAKE,https://data.raspberryshake.org/fdsnws/dataselect/1/query,AM.R87FD.event.20260425T143601,AM;AM;AM,R87FD;R87FD;R87FD,00;00;00,EH?;EH?;EH?,2025-06-06T16:03:36.661000Z;2025-06-10T22:22:08.831000Z;2025-06-01T00:58:49.211000Z,2025-06-06T16:06:45.661000Z;2025-06-10T22:25:15.781000Z;2025-06-01T01:01:56.951000Z,RASPISHAKE;RASPISHAKE;RASPISHAKE,https://data.raspberryshake.org/fdsnws/dataselect/1/query;https://data.raspberryshake.org/fdsnws/dataselect/1/query;https://data.raspberryshake.org/fdsnws/dataselect/1/query,AM.R87FD.noise.20250606T160341;AM.R87FD.noise.20250610T222213;AM.R87FD.noise.20250601T005852,ordered_three_chunk_concat_v1,3500;3500;3500,3500;3500;2000,0;3500;7000,3500;7000;9000
396,AM,R87FD,00,EH?,2026-04-25T14:36:01.348000Z,2026-04-25T14:36:36.348000Z,event_template,5.0,28.46,100.0,preprocessing_v1_0_6,controlled-v1-case-0396,RASPISHAKE,https://data.raspberryshake.org/fdsnws/dataselect/1/query,AM.R87FD.event.20260425T143601,AM;AM;AM,R87FD;R87FD;R87FD,00;00;00,EH?;EH?;EH?,2025-06-06T16:03:36.661000Z;2025-06-10T22:22:08.831000Z;2025-06-01T00:58:49.211000Z,2025-06-06T16:06:45.661000Z;2025-06-10T22:25:15.781000Z;2025-06-01T01:01:56.951000Z,RASPISHAKE;RASPISHAKE;RASPISHAKE,https://data.raspberryshake.org/fdsnws/dataselect/1/query;https://data.raspberryshake.org/fdsnws/dataselect/1/query;https://data.raspberryshake.org/fdsnws/dataselect/1/query,AM.R87FD.noise.20250606T160341;AM.R87FD.noise.20250610T222213;AM.R87FD.noise.20250601T005852,ordered_three_chunk_concat_v1,3500;3500;3500,3500;3500;2000,0;3500;7000,3500;7000;9000
397,AM,R87FD,00,EH?,2026-04-26T07:26:53.668000Z,2026-04-26T07:27:28.668000Z,event_template,-5.0,24.16,100.0,preprocessing_v1_0_6,controlled-v1-case-0397,RASPISHAKE,https://data.raspberryshake.org/fdsnws/dataselect/1/query,AM.R87FD.event.20260426T072653,AM;AM;AM,R87FD;R87FD;R87FD,00;00;00,EH?;EH?;EH?,2025-06-07T14:44:15.301000Z;2025-06-08T15:34:39.521000Z;2025-06-09T07:25:45.241000Z,2025-06-07T14:47:22.121000Z;2025-06-08T15:37:46.841000Z;2025-06-09T07:28:52.361000Z,RASPISHAKE;RASPISHAKE;RASPISHAKE,https://data.raspberryshake.org/fdsnws/dataselect/1/query;https://data.raspberryshake.org/fdsnws/dataselect/1/query;https://data.raspberryshake.org/fdsnws/dataselect/1/query,AM.R87FD.noise.20250607T144418;AM.R87FD.noise.20250608T153442;AM.R87FD.noise.20250609T072549,ordered_three_chunk_concat_v1,3500;3500;3500,3500;3500;2000,0;3500;7000,3500;7000;9000
398,AM,R87FD,00,EH?,2026-04-26T07:26:53.668000Z,2026-04-26T07:27:28.668000Z,event_template,0.0,24.16,100.0,preprocessing_v1_0_6,controlled-v1-case-0398,RASPISHAKE,https://data.raspberryshake.org/fdsnws/dataselect/1/query,AM.R87FD.event.20260426T072653,AM;AM;AM,R87FD;R87FD;R87FD,00;00;00,EH?;EH?;EH?,2025-06-07T14:44:15.301000Z;2025-06-08T15:34:39.521000Z;2025-06-09T07:25:45.241000Z,2025-06-07T14:47:22.121000Z;2025-06-08T15:37:46.841000Z;2025-06-09T07:28:52.361000Z,RASPISHAKE;RASPISHAKE;RASPISHAKE,https://data.raspberryshake.org/fdsnws/dataselect/1/query;https://data.raspberryshake.org/fdsnws/dataselect/1/query;https://data.raspberryshake.org/fdsnws/dataselect/1/query,AM.R87FD.noise.20250607T144418;AM.R87FD.noise.20250608T153442;AM.R87FD.noise.20250609T072549,ordered_three_chunk_concat_v1,3500;3500;3500,3500;3500;2000,0;3500;7000,3500;7000;9000
399,AM,R87FD,00,EH?,2026-04-26T07:26:53.668000Z,2026-04-26T07:27:28.668000Z,event_template,5.0,24.16,100.0,preprocessing_v1_0_6,controlled-v1-case-0399,RASPISHAKE,https://data.raspberryshake.org/fdsnws/dataselect/1/query,AM.R87FD.event.20260426T072653,AM;AM;AM,R87FD;R87FD;R87FD,00;00;00,EH?;EH?;EH?,2025-06-07T14:44:15.301000Z;2025-06-08T15:34:39.521000Z;2025-06-09T07:25:45.241000Z,2025-06-07T14:47:22.121000Z;2025-06-08T15:37:46.841000Z;2025-06-09T07:28:52.361000Z,RASPISHAKE;RASPISHAKE;RASPISHAKE,https://data.raspberryshake.org/fdsnws/dataselect/1/query;https://data.raspberryshake.org/fdsnws/dataselect/1/query;https://data.raspberryshake.org/fdsnws/dataselect/1/query,AM.R87FD.noise.20250607T144418;AM.R87FD.noise.20250608T153442;AM.R87FD.noise.20250609T072549,ordered_three_chunk_concat_v1,3500;3500;3500,3500;3500;2000,0;3500;7000,3500;7000;9000
400,AM,R87FD,00,EH?,2026-04-26T12:59:19.598000Z,2026-04-26T12:59:54.598000Z,event_template,-5.0,42.4,100.0,preprocessing_v1_0_6,controlled-v1-case-0400,RASPISHAKE,https://data.raspberryshake.org/fdsnws/dataselect/1/query,AM.R87FD.event.20260426T125919,AM;AM;AM,R87FD;R87FD;R87FD,00;00;00,EH?;EH?;EH?,2025-06-08T16:29:14.151000Z;2025-06-06T00:40:37.911000Z;2025-06-05T20:40:19.871000Z,2025-06-08T16:32:22.141000Z;2025-06-06T00:43:44.981000Z;2025-06-05T20:43:26.981000Z,RASPISHAKE;RASPISHAKE;RASPISHAKE,https://data.raspberryshake.org/fdsnws/dataselect/1/query;https://data.raspberryshake.org/fdsnws/dataselect/1/query;https://data.raspberryshake.org/fdsnws/dataselect/1/query,AM.R87FD.noise.20250608T162917;AM.R87FD.noise.20250606T004041;AM.R87FD.noise.20250605T204023,ordered_three_chunk_concat_v1,3500;3500;3500,3500;3500;2000,0;3500;7000,3500;7000;9000
401,AM,R87FD,00,EH?,2026-04-26T12:59:19.598000Z,2026-04-26T12:59:54.598000Z,event_template,0.0,42.4,100.0,preprocessing_v1_0_6,controlled-v1-case-0401,RASPISHAKE,https://data.raspberryshake.org/fdsnws/dataselect/1/query,AM.R87FD.event.20260426T125919,AM;AM;AM,R87FD;R87FD;R87FD,00;00;00,EH?;EH?;EH?,2025-06-08T16:29:14.151000Z;2025-06-06T00:40:37.911000Z;2025-06-05T20:40:19.871000Z,2025-06-08T16:32:22.141000Z;2025-06-06T00:43:44.981000Z;2025-06-05T20:43:26.981000Z,RASPISHAKE;RASPISHAKE;RASPISHAKE,https://data.raspberryshake.org/fdsnws/dataselect/1/query;https://data.raspberryshake.org/fdsnws/dataselect/1/query;https://data.raspberryshake.org/fdsnws/dataselect/1/query,AM.R87FD.noise.20250608T162917;AM.R87FD.noise.20250606T004041;AM.R87FD.noise.20250605T204023,ordered_three_chunk_concat_v1,3500;3500;3500,3500;3500;2000,0;3500;7000,3500;7000;9000
402,AM,R87FD,00,EH?,2026-04-26T12:59:19.598000Z,2026-04-26T12:59:54.598000Z,event_template,5.0,42.4,100.0,preprocessing_v1_0_6,controlled-v1-case-0402,RASPISHAKE,https://data.raspberryshake.org/fdsnws/dataselect/1/query,AM.R87FD.event.20260426T125919,AM;AM;AM,R87FD;R87FD;R87FD,00;00;00,EH?;EH?;EH?,2025-06-08T16:29:14.151000Z;2025-06-06T00:40:37.911000Z;2025-06-05T20:40:19.871000Z,2025-06-08T16:32:22.141000Z;2025-06-06T00:43:44.981000Z;2025-06-05T20:43:26.981000Z,RASPISHAKE;RASPISHAKE;RASPISHAKE,https://data.raspberryshake.org/fdsnws/dataselect/1/query;https://data.raspberryshake.org/fdsnws/dataselect/1/query;https://data.raspberryshake.org/fdsnws/dataselect/1/query,AM.R87FD.noise.20250608T162917;AM.R87FD.noise.20250606T004041;AM.R87FD.noise.20250605T204023,ordered_three_chunk_concat_v1,3500;3500;3500,3500;3500;2000,0;3500;7000,3500;7000;9000
403,AM,R87FD,00,EH?,2026-04-26T15:16:11.258000Z,2026-04-26T15:16:46.258000Z,event_template,-5.0,38.41,100.0,preprocessing_v1_0_6,controlled-v1-case-0403,RASPISHAKE,https://data.raspberryshake.org/fdsnws/dataselect/1/query,AM.R87FD.event.20260426T151611,AM;AM;AM,R87FD;R87FD;R87FD,00;00;00,EH?;EH?;EH?,2025-06-02T19:28:37.121000Z;2025-06-07T14:44:15.301000Z;2025-06-03T22:23:40.281000Z,2025-06-02T19:31:43.321000Z;2025-06-07T14:47:22.121000Z;2025-06-03T22:26:44.671000Z,RASPISHAKE;RASPISHAKE;RASPISHAKE,https://data.raspberryshake.org/fdsnws/dataselect/1/query;https://data.raspberryshake.org/fdsnws/dataselect/1/query;https://data.raspberryshake.org/fdsnws/dataselect/1/query,AM.R87FD.noise.20250602T192840;AM.R87FD.noise.20250607T144418;AM.R87FD.noise.20250603T222341,ordered_three_chunk_concat_v1,3500;3500;3500,3500;3500;2000,0;3500;7000,3500;7000;9000
404,AM,R87FD,00,EH?,2026-04-26T15:16:11.258000Z,2026-04-26T15:16:46.258000Z,event_template,0.0,38.41,100.0,preprocessing_v1_0_6,controlled-v1-case-0404,RASPISHAKE,https://data.raspberryshake.org/fdsnws/dataselect/1/query,AM.R87FD.event.20260426T151611,AM;AM;AM,R87FD;R87FD;R87FD,00;00;00,EH?;EH?;EH?,2025-06-02T19:28:37.121000Z;2025-06-07T14:44:15.301000Z;2025-06-03T22:23:40.281000Z,2025-06-02T19:31:43.321000Z;2025-06-07T14:47:22.121000Z;2025-06-03T22:26:44.671000Z,RASPISHAKE;RASPISHAKE;RASPISHAKE,https://data.raspberryshake.org/fdsnws/dataselect/1/query;https://data.raspberryshake.org/fdsnws/dataselect/1/query;https://data.raspberryshake.org/fdsnws/dataselect/1/query,AM.R87FD.noise.20250602T192840;AM.R87FD.noise.20250607T144418;AM.R87FD.noise.20250603T222341,ordered_three_chunk_concat_v1,3500;3500;3500,3500;3500;2000,0;3500;7000,3500;7000;9000
405,AM,R87FD,00,EH?,2026-04-26T15:16:11.258000Z,2026-04-26T15:16:46.258000Z,event_template,5.0,38.41,100.0,preprocessing_v1_0_6,controlled-v1-case-0405,RASPISHAKE,https://data.raspberryshake.org/fdsnws/dataselect/1/query,AM.R87FD.event.20260426T151611,AM;AM;AM,R87FD;R87FD;R87FD,00;00;00,EH?;EH?;EH?,2025-06-02T19:28:37.121000Z;2025-06-07T14:44:15.301000Z;2025-06-03T22:23:40.281000Z,2025-06-02T19:31:43.321000Z;2025-06-07T14:47:22.121000Z;2025-06-03T22:26:44.671000Z,RASPISHAKE;RASPISHAKE;RASPISHAKE,https://data.raspberryshake.org/fdsnws/dataselect/1/query;https://data.raspberryshake.org/fdsnws/dataselect/1/query;https://data.raspberryshake.org/fdsnws/dataselect/1/query,AM.R87FD.noise.20250602T192840;AM.R87FD.noise.20250607T144418;AM.R87FD.noise.20250603T222341,ordered_three_chunk_concat_v1,3500;3500;3500,3500;3500;2000,0;3500;7000,3500;7000;9000
406,AM,R87FD,00,EH?,2026-05-31T00:56:02.368000Z,2026-05-31T00:56:37.368000Z,event_template,-5.0,40.15,100.0,preprocessing_v1_0_6,controlled-v1-case-0406,RASPISHAKE,https://data.raspberryshake.org/fdsnws/dataselect/1/query,AM.R87FD.event.20260531T005602,AM;AM;AM,R87FD;R87FD;R87FD,00;00;00,EH?;EH?;EH?,2025-06-03T00:03:54.801000Z;2025-06-02T14:31:39.641000Z;2025-06-01T00:23:40.371000Z,2025-06-03T00:06:58.931000Z;2025-06-02T14:34:47.881000Z;2025-06-01T00:26:49.511000Z,RASPISHAKE;RASPISHAKE;RASPISHAKE,https://data.raspberryshake.org/fdsnws/dataselect/1/query;https://data.raspberryshake.org/fdsnws/dataselect/1/query;https://data.raspberryshake.org/fdsnws/dataselect/1/query,AM.R87FD.noise.20250603T000356;AM.R87FD.noise.20250602T143144;AM.R87FD.noise.20250601T002345,ordered_three_chunk_concat_v1,3500;3500;3500,3500;3500;2000,0;3500;7000,3500;7000;9000
407,AM,R87FD,00,EH?,2026-05-31T00:56:02.368000Z,2026-05-31T00:56:37.368000Z,event_template,0.0,40.15,100.0,preprocessing_v1_0_6,controlled-v1-case-0407,RASPISHAKE,https://data.raspberryshake.org/fdsnws/dataselect/1/query,AM.R87FD.event.20260531T005602,AM;AM;AM,R87FD;R87FD;R87FD,00;00;00,EH?;EH?;EH?,2025-06-03T00:03:54.801000Z;2025-06-02T14:31:39.641000Z;2025-06-01T00:23:40.371000Z,2025-06-03T00:06:58.931000Z;2025-06-02T14:34:47.881000Z;2025-06-01T00:26:49.511000Z,RASPISHAKE;RASPISHAKE;RASPISHAKE,https://data.raspberryshake.org/fdsnws/dataselect/1/query;https://data.raspberryshake.org/fdsnws/dataselect/1/query;https://data.raspberryshake.org/fdsnws/dataselect/1/query,AM.R87FD.noise.20250603T000356;AM.R87FD.noise.20250602T143144;AM.R87FD.noise.20250601T002345,ordered_three_chunk_concat_v1,3500;3500;3500,3500;3500;2000,0;3500;7000,3500;7000;9000
408,AM,R87FD,00,EH?,2026-05-31T00:56:02.368000Z,2026-05-31T00:56:37.368000Z,event_template,5.0,40.15,100.0,preprocessing_v1_0_6,controlled-v1-case-0408,RASPISHAKE,https://data.raspberryshake.org/fdsnws/dataselect/1/query,AM.R87FD.event.20260531T005602,AM;AM;AM,R87FD;R87FD;R87FD,00;00;00,EH?;EH?;EH?,2025-06-03T00:03:54.801000Z;2025-06-02T14:31:39.641000Z;2025-06-01T00:23:40.371000Z,2025-06-03T00:06:58.931000Z;2025-06-02T14:34:47.881000Z;2025-06-01T00:26:49.511000Z,RASPISHAKE;RASPISHAKE;RASPISHAKE,https://data.raspberryshake.org/fdsnws/dataselect/1/query;https://data.raspberryshake.org/fdsnws/dataselect/1/query;https://data.raspberryshake.org/fdsnws/dataselect/1/query,AM.R87FD.noise.20250603T000356;AM.R87FD.noise.20250602T143144;AM.R87FD.noise.20250601T002345,ordered_three_chunk_concat_v1,3500;3500;3500,3500;3500;2000,0;3500;7000,3500;7000;9000
409,AM,R8A9B,00,EH?,2026-05-14T15:50:37.879000Z,2026-05-14T15:51:12.879000Z,event_template,-5.0,18.57,100.0,preprocessing_v1_0_6,controlled-v1-case-0409,RASPISHAKE,https://data.raspberryshake.org/fdsnws/dataselect/1/query,AM.R8A9B.event.20260514T155037,AM;AM;AM,R8A9B;R8A9B;R8A9B,00;00;00,EH?;EH?;EH?,2025-06-05T20:40:21.515000Z;2025-06-04T20:32:04.085000Z;2025-06-03T00:03:54.375000Z,2025-06-05T20:43:25.055000Z;2025-06-04T20:35:07.075000Z;2025-06-03T00:06:57.795000Z,RASPISHAKE;RASPISHAKE;RASPISHAKE,https://data.raspberryshake.org/fdsnws/dataselect/1/query;https://data.raspberryshake.org/fdsnws/dataselect/1/query;https://data.raspberryshake.org/fdsnws/dataselect/1/query,AM.R8A9B.noise.20250605T204023;AM.R8A9B.noise.20250604T203205;AM.R8A9B.noise.20250603T000356,ordered_three_chunk_concat_v1,3500;3500;3500,3500;3500;2000,0;3500;7000,3500;7000;9000
410,AM,R8A9B,00,EH?,2026-05-14T15:50:37.879000Z,2026-05-14T15:51:12.879000Z,event_template,0.0,18.57,100.0,preprocessing_v1_0_6,controlled-v1-case-0410,RASPISHAKE,https://data.raspberryshake.org/fdsnws/dataselect/1/query,AM.R8A9B.event.20260514T155037,AM;AM;AM,R8A9B;R8A9B;R8A9B,00;00;00,EH?;EH?;EH?,2025-06-05T20:40:21.515000Z;2025-06-04T20:32:04.085000Z;2025-06-03T00:03:54.375000Z,2025-06-05T20:43:25.055000Z;2025-06-04T20:35:07.075000Z;2025-06-03T00:06:57.795000Z,RASPISHAKE;RASPISHAKE;RASPISHAKE,https://data.raspberryshake.org/fdsnws/dataselect/1/query;https://data.raspberryshake.org/fdsnws/dataselect/1/query;https://data.raspberryshake.org/fdsnws/dataselect/1/query,AM.R8A9B.noise.20250605T204023;AM.R8A9B.noise.20250604T203205;AM.R8A9B.noise.20250603T000356,ordered_three_chunk_concat_v1,3500;3500;3500,3500;3500;2000,0;3500;7000,3500;7000;9000
411,AM,R8A9B,00,EH?,2026-05-14T15:50:37.879000Z,2026-05-14T15:51:12.879000Z,event_template,5.0,18.57,100.0,preprocessing_v1_0_6,controlled-v1-case-0411,RASPISHAKE,https://data.raspberryshake.org/fdsnws/dataselect/1/query,AM.R8A9B.event.20260514T155037,AM;AM;AM,R8A9B;R8A9B;R8A9B,00;00;00,EH?;EH?;EH?,2025-06-05T20:40:21.515000Z;2025-06-04T20:32:04.085000Z;2025-06-03T00:03:54.375000Z,2025-06-05T20:43:25.055000Z;2025-06-04T20:35:07.075000Z;2025-06-03T00:06:57.795000Z,RASPISHAKE;RASPISHAKE;RASPISHAKE,https://data.raspberryshake.org/fdsnws/dataselect/1/query;https://data.raspberryshake.org/fdsnws/dataselect/1/query;https://data.raspberryshake.org/fdsnws/dataselect/1/query,AM.R8A9B.noise.20250605T204023;AM.R8A9B.noise.20250604T203205;AM.R8A9B.noise.20250603T000356,ordered_three_chunk_concat_v1,3500;3500;3500,3500;3500;2000,0;3500;7000,3500;7000;9000
412,AM,R8A9B,00,EH?,2026-05-19T02:06:05.289000Z,2026-05-19T02:06:40.289000Z,event_template,-5.0,32.22,100.0,preprocessing_v1_0_6,controlled-v1-case-0412,RASPISHAKE,https://data.raspberryshake.org/fdsnws/dataselect/1/query,AM.R8A9B.event.20260519T020605,AM;AM;AM,R8A9B;R8A9B;R8A9B,00;00;00,EH?;EH?;EH?,2025-06-08T16:25:05.695000Z;2025-06-10T08:34:07.465000Z;2025-06-06T16:03:40.155000Z,2025-06-08T16:28:07.905000Z;2025-06-10T08:37:11.045000Z;2025-06-06T16:06:43.255000Z,RASPISHAKE;RASPISHAKE;RASPISHAKE,https://data.raspberryshake.org/fdsnws/dataselect/1/query;https://data.raspberryshake.org/fdsnws/dataselect/1/query;https://data.raspberryshake.org/fdsnws/dataselect/1/query,AM.R8A9B.noise.20250608T162507;AM.R8A9B.noise.20250610T083409;AM.R8A9B.noise.20250606T160341,ordered_three_chunk_concat_v1,3500;3500;3500,3500;3500;2000,0;3500;7000,3500;7000;9000
413,AM,R8A9B,00,EH?,2026-05-19T02:06:05.289000Z,2026-05-19T02:06:40.289000Z,event_template,0.0,32.22,100.0,preprocessing_v1_0_6,controlled-v1-case-0413,RASPISHAKE,https://data.raspberryshake.org/fdsnws/dataselect/1/query,AM.R8A9B.event.20260519T020605,AM;AM;AM,R8A9B;R8A9B;R8A9B,00;00;00,EH?;EH?;EH?,2025-06-08T16:25:05.695000Z;2025-06-10T08:34:07.465000Z;2025-06-06T16:03:40.155000Z,2025-06-08T16:28:07.905000Z;2025-06-10T08:37:11.045000Z;2025-06-06T16:06:43.255000Z,RASPISHAKE;RASPISHAKE;RASPISHAKE,https://data.raspberryshake.org/fdsnws/dataselect/1/query;https://data.raspberryshake.org/fdsnws/dataselect/1/query;https://data.raspberryshake.org/fdsnws/dataselect/1/query,AM.R8A9B.noise.20250608T162507;AM.R8A9B.noise.20250610T083409;AM.R8A9B.noise.20250606T160341,ordered_three_chunk_concat_v1,3500;3500;3500,3500;3500;2000,0;3500;7000,3500;7000;9000
414,AM,R8A9B,00,EH?,2026-05-19T02:06:05.289000Z,2026-05-19T02:06:40.289000Z,event_template,5.0,32.22,100.0,preprocessing_v1_0_6,controlled-v1-case-0414,RASPISHAKE,https://data.raspberryshake.org/fdsnws/dataselect/1/query,AM.R8A9B.event.20260519T020605,AM;AM;AM,R8A9B;R8A9B;R8A9B,00;00;00,EH?;EH?;EH?,2025-06-08T16:25:05.695000Z;2025-06-10T08:34:07.465000Z;2025-06-06T16:03:40.155000Z,2025-06-08T16:28:07.905000Z;2025-06-10T08:37:11.045000Z;2025-06-06T16:06:43.255000Z,RASPISHAKE;RASPISHAKE;RASPISHAKE,https://data.raspberryshake.org/fdsnws/dataselect/1/query;https://data.raspberryshake.org/fdsnws/dataselect/1/query;https://data.raspberryshake.org/fdsnws/dataselect/1/query,AM.R8A9B.noise.20250608T162507;AM.R8A9B.noise.20250610T083409;AM.R8A9B.noise.20250606T160341,ordered_three_chunk_concat_v1,3500;3500;3500,3500;3500;2000,0;3500;7000,3500;7000;9000
415,AM,R8A9B,00,EH?,2026-05-20T13:06:42.189000Z,2026-05-20T13:07:17.189000Z,event_template,-5.0,45.72,100.0,preprocessing_v1_0_6,controlled-v1-case-0415,RASPISHAKE,https://data.raspberryshake.org/fdsnws/dataselect/1/query,AM.R8A9B.event.20260520T130642,AM;AM;AM,R8A9B;R8A9B;R8A9B,00;00;00,EH?;EH?;EH?,2025-06-10T11:38:07.325000Z;2025-06-08T16:29:17.275000Z;2025-06-01T00:23:42.995000Z,2025-06-10T11:41:10.605000Z;2025-06-08T16:32:19.595000Z;2025-06-01T00:26:46.885000Z,RASPISHAKE;RASPISHAKE;RASPISHAKE,https://data.raspberryshake.org/fdsnws/dataselect/1/query;https://data.raspberryshake.org/fdsnws/dataselect/1/query;https://data.raspberryshake.org/fdsnws/dataselect/1/query,AM.R8A9B.noise.20250610T113808;AM.R8A9B.noise.20250608T162917;AM.R8A9B.noise.20250601T002345,ordered_three_chunk_concat_v1,3500;3500;3500,3500;3500;2000,0;3500;7000,3500;7000;9000
416,AM,R8A9B,00,EH?,2026-05-20T13:06:42.189000Z,2026-05-20T13:07:17.189000Z,event_template,0.0,45.72,100.0,preprocessing_v1_0_6,controlled-v1-case-0416,RASPISHAKE,https://data.raspberryshake.org/fdsnws/dataselect/1/query,AM.R8A9B.event.20260520T130642,AM;AM;AM,R8A9B;R8A9B;R8A9B,00;00;00,EH?;EH?;EH?,2025-06-10T11:38:07.325000Z;2025-06-08T16:29:17.275000Z;2025-06-01T00:23:42.995000Z,2025-06-10T11:41:10.605000Z;2025-06-08T16:32:19.595000Z;2025-06-01T00:26:46.885000Z,RASPISHAKE;RASPISHAKE;RASPISHAKE,https://data.raspberryshake.org/fdsnws/dataselect/1/query;https://data.raspberryshake.org/fdsnws/dataselect/1/query;https://data.raspberryshake.org/fdsnws/dataselect/1/query,AM.R8A9B.noise.20250610T113808;AM.R8A9B.noise.20250608T162917;AM.R8A9B.noise.20250601T002345,ordered_three_chunk_concat_v1,3500;3500;3500,3500;3500;2000,0;3500;7000,3500;7000;9000
417,AM,R8A9B,00,EH?,2026-05-20T13:06:42.189000Z,2026-05-20T13:07:17.189000Z,event_template,5.0,45.72,100.0,preprocessing_v1_0_6,controlled-v1-case-0417,RASPISHAKE,https://data.raspberryshake.org/fdsnws/dataselect/1/query,AM.R8A9B.event.20260520T130642,AM;AM;AM,R8A9B;R8A9B;R8A9B,00;00;00,EH?;EH?;EH?,2025-06-10T11:38:07.325000Z;2025-06-08T16:29:17.275000Z;2025-06-01T00:23:42.995000Z,2025-06-10T11:41:10.605000Z;2025-06-08T16:32:19.595000Z;2025-06-01T00:26:46.885000Z,RASPISHAKE;RASPISHAKE;RASPISHAKE,https://data.raspberryshake.org/fdsnws/dataselect/1/query;https://data.raspberryshake.org/fdsnws/dataselect/1/query;https://data.raspberryshake.org/fdsnws/dataselect/1/query,AM.R8A9B.noise.20250610T113808;AM.R8A9B.noise.20250608T162917;AM.R8A9B.noise.20250601T002345,ordered_three_chunk_concat_v1,3500;3500;3500,3500;3500;2000,0;3500;7000,3500;7000;9000
418,AM,R8A9B,00,EH?,2026-05-20T14:03:54.019000Z,2026-05-20T14:04:29.019000Z,event_template,-5.0,30.62,100.0,preprocessing_v1_0_6,controlled-v1-case-0418,RASPISHAKE,https://data.raspberryshake.org/fdsnws/dataselect/1/query,AM.R8A9B.event.20260520T140354,AM;AM;AM,R8A9B;R8A9B;R8A9B,00;00;00,EH?;EH?;EH?,2025-06-07T23:52:57.765000Z;2025-06-06T15:29:58.815000Z;2025-06-03T00:03:54.375000Z,2025-06-07T23:56:00.155000Z;2025-06-06T15:33:02.695000Z;2025-06-03T00:06:57.795000Z,RASPISHAKE;RASPISHAKE;RASPISHAKE,https://data.raspberryshake.org/fdsnws/dataselect/1/query;https://data.raspberryshake.org/fdsnws/dataselect/1/query;https://data.raspberryshake.org/fdsnws/dataselect/1/query,AM.R8A9B.noise.20250607T235259;AM.R8A9B.noise.20250606T153000;AM.R8A9B.noise.20250603T000356,ordered_three_chunk_concat_v1,3500;3500;3500,3500;3500;2000,0;3500;7000,3500;7000;9000
419,AM,R8A9B,00,EH?,2026-05-20T14:03:54.019000Z,2026-05-20T14:04:29.019000Z,event_template,0.0,30.62,100.0,preprocessing_v1_0_6,controlled-v1-case-0419,RASPISHAKE,https://data.raspberryshake.org/fdsnws/dataselect/1/query,AM.R8A9B.event.20260520T140354,AM;AM;AM,R8A9B;R8A9B;R8A9B,00;00;00,EH?;EH?;EH?,2025-06-07T23:52:57.765000Z;2025-06-06T15:29:58.815000Z;2025-06-03T00:03:54.375000Z,2025-06-07T23:56:00.155000Z;2025-06-06T15:33:02.695000Z;2025-06-03T00:06:57.795000Z,RASPISHAKE;RASPISHAKE;RASPISHAKE,https://data.raspberryshake.org/fdsnws/dataselect/1/query;https://data.raspberryshake.org/fdsnws/dataselect/1/query;https://data.raspberryshake.org/fdsnws/dataselect/1/query,AM.R8A9B.noise.20250607T235259;AM.R8A9B.noise.20250606T153000;AM.R8A9B.noise.20250603T000356,ordered_three_chunk_concat_v1,3500;3500;3500,3500;3500;2000,0;3500;7000,3500;7000;9000
420,AM,R8A9B,00,EH?,2026-05-20T14:03:54.019000Z,2026-05-20T14:04:29.019000Z,event_template,5.0,30.62,100.0,preprocessing_v1_0_6,controlled-v1-case-0420,RASPISHAKE,https://data.raspberryshake.org/fdsnws/dataselect/1/query,AM.R8A9B.event.20260520T140354,AM;AM;AM,R8A9B;R8A9B;R8A9B,00;00;00,EH?;EH?;EH?,2025-06-07T23:52:57.765000Z;2025-06-06T15:29:58.815000Z;2025-06-03T00:03:54.375000Z,2025-06-07T23:56:00.155000Z;2025-06-06T15:33:02.695000Z;2025-06-03T00:06:57.795000Z,RASPISHAKE;RASPISHAKE;RASPISHAKE,https://data.raspberryshake.org/fdsnws/dataselect/1/query;https://data.raspberryshake.org/fdsnws/dataselect/1/query;https://data.raspberryshake.org/fdsnws/dataselect/1/query,AM.R8A9B.noise.20250607T235259;AM.R8A9B.noise.20250606T153000;AM.R8A9B.noise.20250603T000356,ordered_three_chunk_concat_v1,3500;3500;3500,3500;3500;2000,0;3500;7000,3500;7000;9000
421,AM,R8A9B,00,EH?,2026-05-25T17:55:36.199000Z,2026-05-25T17:56:11.199000Z,event_template,-5.0,19.05,100.0,preprocessing_v1_0_6,controlled-v1-case-0421,RASPISHAKE,https://data.raspberryshake.org/fdsnws/dataselect/1/query,AM.R8A9B.event.20260525T175536,AM;AM;AM,R8A9B;R8A9B;R8A9B,00;00;00,EH?;EH?;EH?,2025-06-08T09:18:51.775000Z;2025-06-09T17:16:44.985000Z;2025-06-08T15:34:41.335000Z,2025-06-08T09:21:53.595000Z;2025-06-09T17:19:47.875000Z;2025-06-08T15:37:44.415000Z,RASPISHAKE;RASPISHAKE;RASPISHAKE,https://data.raspberryshake.org/fdsnws/dataselect/1/query;https://data.raspberryshake.org/fdsnws/dataselect/1/query;https://data.raspberryshake.org/fdsnws/dataselect/1/query,AM.R8A9B.noise.20250608T091852;AM.R8A9B.noise.20250609T171646;AM.R8A9B.noise.20250608T153442,ordered_three_chunk_concat_v1,3500;3500;3500,3500;3500;2000,0;3500;7000,3500;7000;9000
422,AM,R8A9B,00,EH?,2026-05-25T17:55:36.199000Z,2026-05-25T17:56:11.199000Z,event_template,0.0,19.05,100.0,preprocessing_v1_0_6,controlled-v1-case-0422,RASPISHAKE,https://data.raspberryshake.org/fdsnws/dataselect/1/query,AM.R8A9B.event.20260525T175536,AM;AM;AM,R8A9B;R8A9B;R8A9B,00;00;00,EH?;EH?;EH?,2025-06-08T09:18:51.775000Z;2025-06-09T17:16:44.985000Z;2025-06-08T15:34:41.335000Z,2025-06-08T09:21:53.595000Z;2025-06-09T17:19:47.875000Z;2025-06-08T15:37:44.415000Z,RASPISHAKE;RASPISHAKE;RASPISHAKE,https://data.raspberryshake.org/fdsnws/dataselect/1/query;https://data.raspberryshake.org/fdsnws/dataselect/1/query;https://data.raspberryshake.org/fdsnws/dataselect/1/query,AM.R8A9B.noise.20250608T091852;AM.R8A9B.noise.20250609T171646;AM.R8A9B.noise.20250608T153442,ordered_three_chunk_concat_v1,3500;3500;3500,3500;3500;2000,0;3500;7000,3500;7000;9000
423,AM,R8A9B,00,EH?,2026-05-25T17:55:36.199000Z,2026-05-25T17:56:11.199000Z,event_template,5.0,19.05,100.0,preprocessing_v1_0_6,controlled-v1-case-0423,RASPISHAKE,https://data.raspberryshake.org/fdsnws/dataselect/1/query,AM.R8A9B.event.20260525T175536,AM;AM;AM,R8A9B;R8A9B;R8A9B,00;00;00,EH?;EH?;EH?,2025-06-08T09:18:51.775000Z;2025-06-09T17:16:44.985000Z;2025-06-08T15:34:41.335000Z,2025-06-08T09:21:53.595000Z;2025-06-09T17:19:47.875000Z;2025-06-08T15:37:44.415000Z,RASPISHAKE;RASPISHAKE;RASPISHAKE,https://data.raspberryshake.org/fdsnws/dataselect/1/query;https://data.raspberryshake.org/fdsnws/dataselect/1/query;https://data.raspberryshake.org/fdsnws/dataselect/1/query,AM.R8A9B.noise.20250608T091852;AM.R8A9B.noise.20250609T171646;AM.R8A9B.noise.20250608T153442,ordered_three_chunk_concat_v1,3500;3500;3500,3500;3500;2000,0;3500;7000,3500;7000;9000
424,AM,R8A9B,00,EH?,2026-05-26T13:44:39.939000Z,2026-05-26T13:45:14.939000Z,event_template,-5.0,39.94,100.0,preprocessing_v1_0_6,controlled-v1-case-0424,RASPISHAKE,https://data.raspberryshake.org/fdsnws/dataselect/1/query,AM.R8A9B.event.20260526T134439,AM;AM;AM,R8A9B;R8A9B;R8A9B,00;00;00,EH?;EH?;EH?,2025-06-09T03:14:06.285000Z;2025-06-01T00:58:51.355000Z;2025-06-09T17:16:44.985000Z,2025-06-09T03:17:09.775000Z;2025-06-01T01:01:54.315000Z;2025-06-09T17:19:47.875000Z,RASPISHAKE;RASPISHAKE;RASPISHAKE,https://data.raspberryshake.org/fdsnws/dataselect/1/query;https://data.raspberryshake.org/fdsnws/dataselect/1/query;https://data.raspberryshake.org/fdsnws/dataselect/1/query,AM.R8A9B.noise.20250609T031408;AM.R8A9B.noise.20250601T005852;AM.R8A9B.noise.20250609T171646,ordered_three_chunk_concat_v1,3500;3500;3500,3500;3500;2000,0;3500;7000,3500;7000;9000
425,AM,R8A9B,00,EH?,2026-05-26T13:44:39.939000Z,2026-05-26T13:45:14.939000Z,event_template,0.0,39.94,100.0,preprocessing_v1_0_6,controlled-v1-case-0425,RASPISHAKE,https://data.raspberryshake.org/fdsnws/dataselect/1/query,AM.R8A9B.event.20260526T134439,AM;AM;AM,R8A9B;R8A9B;R8A9B,00;00;00,EH?;EH?;EH?,2025-06-09T03:14:06.285000Z;2025-06-01T00:58:51.355000Z;2025-06-09T17:16:44.985000Z,2025-06-09T03:17:09.775000Z;2025-06-01T01:01:54.315000Z;2025-06-09T17:19:47.875000Z,RASPISHAKE;RASPISHAKE;RASPISHAKE,https://data.raspberryshake.org/fdsnws/dataselect/1/query;https://data.raspberryshake.org/fdsnws/dataselect/1/query;https://data.raspberryshake.org/fdsnws/dataselect/1/query,AM.R8A9B.noise.20250609T031408;AM.R8A9B.noise.20250601T005852;AM.R8A9B.noise.20250609T171646,ordered_three_chunk_concat_v1,3500;3500;3500,3500;3500;2000,0;3500;7000,3500;7000;9000
426,AM,R8A9B,00,EH?,2026-05-26T13:44:39.939000Z,2026-05-26T13:45:14.939000Z,event_template,5.0,39.94,100.0,preprocessing_v1_0_6,controlled-v1-case-0426,RASPISHAKE,https://data.raspberryshake.org/fdsnws/dataselect/1/query,AM.R8A9B.event.20260526T134439,AM;AM;AM,R8A9B;R8A9B;R8A9B,00;00;00,EH?;EH?;EH?,2025-06-09T03:14:06.285000Z;2025-06-01T00:58:51.355000Z;2025-06-09T17:16:44.985000Z,2025-06-09T03:17:09.775000Z;2025-06-01T01:01:54.315000Z;2025-06-09T17:19:47.875000Z,RASPISHAKE;RASPISHAKE;RASPISHAKE,https://data.raspberryshake.org/fdsnws/dataselect/1/query;https://data.raspberryshake.org/fdsnws/dataselect/1/query;https://data.raspberryshake.org/fdsnws/dataselect/1/query,AM.R8A9B.noise.20250609T031408;AM.R8A9B.noise.20250601T005852;AM.R8A9B.noise.20250609T171646,ordered_three_chunk_concat_v1,3500;3500;3500,3500;3500;2000,0;3500;7000,3500;7000;9000
427,AM,R8A9B,00,EH?,2026-05-26T15:48:02.859000Z,2026-05-26T15:48:37.859000Z,event_template,-5.0,52.26,100.0,preprocessing_v1_0_6,controlled-v1-case-0427,RASPISHAKE,https://data.raspberryshake.org/fdsnws/dataselect/1/query,AM.R8A9B.event.20260526T154802,AM;AM;AM,R8A9B;R8A9B;R8A9B,00;00;00,EH?;EH?;EH?,2025-06-03T19:32:21.695000Z;2025-06-05T12:58:03.565000Z;2025-06-05T10:07:22.435000Z,2025-06-03T19:35:23.825000Z;2025-06-05T13:01:06.655000Z;2025-06-05T10:10:25.075000Z,RASPISHAKE;RASPISHAKE;RASPISHAKE,https://data.raspberryshake.org/fdsnws/dataselect/1/query;https://data.raspberryshake.org/fdsnws/dataselect/1/query;https://data.raspberryshake.org/fdsnws/dataselect/1/query,AM.R8A9B.noise.20250603T193222;AM.R8A9B.noise.20250605T125804;AM.R8A9B.noise.20250605T100724,ordered_three_chunk_concat_v1,3500;3500;3500,3500;3500;2000,0;3500;7000,3500;7000;9000
428,AM,R8A9B,00,EH?,2026-05-26T15:48:02.859000Z,2026-05-26T15:48:37.859000Z,event_template,0.0,52.26,100.0,preprocessing_v1_0_6,controlled-v1-case-0428,RASPISHAKE,https://data.raspberryshake.org/fdsnws/dataselect/1/query,AM.R8A9B.event.20260526T154802,AM;AM;AM,R8A9B;R8A9B;R8A9B,00;00;00,EH?;EH?;EH?,2025-06-03T19:32:21.695000Z;2025-06-05T12:58:03.565000Z;2025-06-05T10:07:22.435000Z,2025-06-03T19:35:23.825000Z;2025-06-05T13:01:06.655000Z;2025-06-05T10:10:25.075000Z,RASPISHAKE;RASPISHAKE;RASPISHAKE,https://data.raspberryshake.org/fdsnws/dataselect/1/query;https://data.raspberryshake.org/fdsnws/dataselect/1/query;https://data.raspberryshake.org/fdsnws/dataselect/1/query,AM.R8A9B.noise.20250603T193222;AM.R8A9B.noise.20250605T125804;AM.R8A9B.noise.20250605T100724,ordered_three_chunk_concat_v1,3500;3500;3500,3500;3500;2000,0;3500;7000,3500;7000;9000
429,AM,R8A9B,00,EH?,2026-05-26T15:48:02.859000Z,2026-05-26T15:48:37.859000Z,event_template,5.0,52.26,100.0,preprocessing_v1_0_6,controlled-v1-case-0429,RASPISHAKE,https://data.raspberryshake.org/fdsnws/dataselect/1/query,AM.R8A9B.event.20260526T154802,AM;AM;AM,R8A9B;R8A9B;R8A9B,00;00;00,EH?;EH?;EH?,2025-06-03T19:32:21.695000Z;2025-06-05T12:58:03.565000Z;2025-06-05T10:07:22.435000Z,2025-06-03T19:35:23.825000Z;2025-06-05T13:01:06.655000Z;2025-06-05T10:10:25.075000Z,RASPISHAKE;RASPISHAKE;RASPISHAKE,https://data.raspberryshake.org/fdsnws/dataselect/1/query;https://data.raspberryshake.org/fdsnws/dataselect/1/query;https://data.raspberryshake.org/fdsnws/dataselect/1/query,AM.R8A9B.noise.20250603T193222;AM.R8A9B.noise.20250605T125804;AM.R8A9B.noise.20250605T100724,ordered_three_chunk_concat_v1,3500;3500;3500,3500;3500;2000,0;3500;7000,3500;7000;9000
430,AM,R8A9B,00,EH?,2026-05-29T13:58:51.429000Z,2026-05-29T13:59:26.429000Z,event_template,-5.0,55.0,100.0,preprocessing_v1_0_6,controlled-v1-case-0430,RASPISHAKE,https://data.raspberryshake.org/fdsnws/dataselect/1/query,AM.R8A9B.event.20260529T135851,AM;AM;AM,R8A9B;R8A9B;R8A9B,00;00;00,EH?;EH?;EH?,2025-06-06T16:03:40.155000Z;2025-06-02T19:28:38.955000Z;2025-06-10T08:34:07.465000Z,2025-06-06T16:06:43.255000Z;2025-06-02T19:31:42.165000Z;2025-06-10T08:37:11.045000Z,RASPISHAKE;RASPISHAKE;RASPISHAKE,https://data.raspberryshake.org/fdsnws/dataselect/1/query;https://data.raspberryshake.org/fdsnws/dataselect/1/query;https://data.raspberryshake.org/fdsnws/dataselect/1/query,AM.R8A9B.noise.20250606T160341;AM.R8A9B.noise.20250602T192840;AM.R8A9B.noise.20250610T083409,ordered_three_chunk_concat_v1,3500;3500;3500,3500;3500;2000,0;3500;7000,3500;7000;9000
431,AM,R8A9B,00,EH?,2026-05-29T13:58:51.429000Z,2026-05-29T13:59:26.429000Z,event_template,0.0,55.0,100.0,preprocessing_v1_0_6,controlled-v1-case-0431,RASPISHAKE,https://data.raspberryshake.org/fdsnws/dataselect/1/query,AM.R8A9B.event.20260529T135851,AM;AM;AM,R8A9B;R8A9B;R8A9B,00;00;00,EH?;EH?;EH?,2025-06-06T16:03:40.155000Z;2025-06-02T19:28:38.955000Z;2025-06-10T08:34:07.465000Z,2025-06-06T16:06:43.255000Z;2025-06-02T19:31:42.165000Z;2025-06-10T08:37:11.045000Z,RASPISHAKE;RASPISHAKE;RASPISHAKE,https://data.raspberryshake.org/fdsnws/dataselect/1/query;https://data.raspberryshake.org/fdsnws/dataselect/1/query;https://data.raspberryshake.org/fdsnws/dataselect/1/query,AM.R8A9B.noise.20250606T160341;AM.R8A9B.noise.20250602T192840;AM.R8A9B.noise.20250610T083409,ordered_three_chunk_concat_v1,3500;3500;3500,3500;3500;2000,0;3500;7000,3500;7000;9000
432,AM,R8A9B,00,EH?,2026-05-29T13:58:51.429000Z,2026-05-29T13:59:26.429000Z,event_template,5.0,55.0,100.0,preprocessing_v1_0_6,controlled-v1-case-0432,RASPISHAKE,https://data.raspberryshake.org/fdsnws/dataselect/1/query,AM.R8A9B.event.20260529T135851,AM;AM;AM,R8A9B;R8A9B;R8A9B,00;00;00,EH?;EH?;EH?,2025-06-06T16:03:40.155000Z;2025-06-02T19:28:38.955000Z;2025-06-10T08:34:07.465000Z,2025-06-06T16:06:43.255000Z;2025-06-02T19:31:42.165000Z;2025-06-10T08:37:11.045000Z,RASPISHAKE;RASPISHAKE;RASPISHAKE,https://data.raspberryshake.org/fdsnws/dataselect/1/query;https://data.raspberryshake.org/fdsnws/dataselect/1/query;https://data.raspberryshake.org/fdsnws/dataselect/1/query,AM.R8A9B.noise.20250606T160341;AM.R8A9B.noise.20250602T192840;AM.R8A9B.noise.20250610T083409,ordered_three_chunk_concat_v1,3500;3500;3500,3500;3500;2000,0;3500;7000,3500;7000;9000
433,AM,R8D8E,00,EH?,2025-12-16T03:44:28.717000Z,2025-12-16T03:45:03.717000Z,event_template,-5.0,32.24,100.0,preprocessing_v1_0_6,controlled-v1-case-0433,RASPISHAKE,https://data.raspberryshake.org/fdsnws/dataselect/1/query,AM.R8D8E.event.20251216T034428,AM;AM;AM,R8D8E;R8D8E;R8D8E,00;00;00,EH?;EH?;EH?,2025-10-11T23:56:13.655000Z;2025-10-08T18:31:34.415000Z;2025-10-10T14:42:30.535000Z,2025-10-11T23:59:19.525000Z;2025-10-08T18:34:37.015000Z;2025-10-10T14:45:34.825000Z,RASPISHAKE;RASPISHAKE;RASPISHAKE,https://data.raspberryshake.org/fdsnws/dataselect/1/query;https://data.raspberryshake.org/fdsnws/dataselect/1/query;https://data.raspberryshake.org/fdsnws/dataselect/1/query,AM.R8D8E.noise.20251011T235617;AM.R8D8E.noise.20251008T183136;AM.R8D8E.noise.20251010T144232,ordered_three_chunk_concat_v1,3500;3500;3500,3500;3500;2000,0;3500;7000,3500;7000;9000
434,AM,R8D8E,00,EH?,2025-12-16T03:44:28.717000Z,2025-12-16T03:45:03.717000Z,event_template,0.0,32.24,100.0,preprocessing_v1_0_6,controlled-v1-case-0434,RASPISHAKE,https://data.raspberryshake.org/fdsnws/dataselect/1/query,AM.R8D8E.event.20251216T034428,AM;AM;AM,R8D8E;R8D8E;R8D8E,00;00;00,EH?;EH?;EH?,2025-10-11T23:56:13.655000Z;2025-10-08T18:31:34.415000Z;2025-10-10T14:42:30.535000Z,2025-10-11T23:59:19.525000Z;2025-10-08T18:34:37.015000Z;2025-10-10T14:45:34.825000Z,RASPISHAKE;RASPISHAKE;RASPISHAKE,https://data.raspberryshake.org/fdsnws/dataselect/1/query;https://data.raspberryshake.org/fdsnws/dataselect/1/query;https://data.raspberryshake.org/fdsnws/dataselect/1/query,AM.R8D8E.noise.20251011T235617;AM.R8D8E.noise.20251008T183136;AM.R8D8E.noise.20251010T144232,ordered_three_chunk_concat_v1,3500;3500;3500,3500;3500;2000,0;3500;7000,3500;7000;9000
435,AM,R8D8E,00,EH?,2025-12-16T03:44:28.717000Z,2025-12-16T03:45:03.717000Z,event_template,5.0,32.24,100.0,preprocessing_v1_0_6,controlled-v1-case-0435,RASPISHAKE,https://data.raspberryshake.org/fdsnws/dataselect/1/query,AM.R8D8E.event.20251216T034428,AM;AM;AM,R8D8E;R8D8E;R8D8E,00;00;00,EH?;EH?;EH?,2025-10-11T23:56:13.655000Z;2025-10-08T18:31:34.415000Z;2025-10-10T14:42:30.535000Z,2025-10-11T23:59:19.525000Z;2025-10-08T18:34:37.015000Z;2025-10-10T14:45:34.825000Z,RASPISHAKE;RASPISHAKE;RASPISHAKE,https://data.raspberryshake.org/fdsnws/dataselect/1/query;https://data.raspberryshake.org/fdsnws/dataselect/1/query;https://data.raspberryshake.org/fdsnws/dataselect/1/query,AM.R8D8E.noise.20251011T235617;AM.R8D8E.noise.20251008T183136;AM.R8D8E.noise.20251010T144232,ordered_three_chunk_concat_v1,3500;3500;3500,3500;3500;2000,0;3500;7000,3500;7000;9000
436,AM,R8D8E,00,EH?,2026-04-15T07:05:06.513000Z,2026-04-15T07:05:41.513000Z,event_template,-5.0,56.99,100.0,preprocessing_v1_0_6,controlled-v1-case-0436,RASPISHAKE,https://data.raspberryshake.org/fdsnws/dataselect/1/query,AM.R8D8E.event.20260415T070506,AM;AM;AM,R8D8E;R8D8E;R8D8E,00;00;00,EH?;EH?;EH?,2025-08-28T03:16:09.360000Z;2025-10-07T22:22:31.145000Z;2025-10-10T07:45:45.285000Z,2025-08-28T03:19:16.180000Z;2025-10-07T22:25:36.545000Z;2025-10-10T07:48:50.135000Z,RASPISHAKE;RASPISHAKE;RASPISHAKE,https://data.raspberryshake.org/fdsnws/dataselect/1/query;https://data.raspberryshake.org/fdsnws/dataselect/1/query;https://data.raspberryshake.org/fdsnws/dataselect/1/query,AM.R8D8E.noise.20250828T031612;AM.R8D8E.noise.20251007T222234;AM.R8D8E.noise.20251010T074547,ordered_three_chunk_concat_v1,3500;3500;3500,3500;3500;2000,0;3500;7000,3500;7000;9000
437,AM,R8D8E,00,EH?,2026-04-15T07:05:06.513000Z,2026-04-15T07:05:41.513000Z,event_template,0.0,56.99,100.0,preprocessing_v1_0_6,controlled-v1-case-0437,RASPISHAKE,https://data.raspberryshake.org/fdsnws/dataselect/1/query,AM.R8D8E.event.20260415T070506,AM;AM;AM,R8D8E;R8D8E;R8D8E,00;00;00,EH?;EH?;EH?,2025-08-28T03:16:09.360000Z;2025-10-07T22:22:31.145000Z;2025-10-10T07:45:45.285000Z,2025-08-28T03:19:16.180000Z;2025-10-07T22:25:36.545000Z;2025-10-10T07:48:50.135000Z,RASPISHAKE;RASPISHAKE;RASPISHAKE,https://data.raspberryshake.org/fdsnws/dataselect/1/query;https://data.raspberryshake.org/fdsnws/dataselect/1/query;https://data.raspberryshake.org/fdsnws/dataselect/1/query,AM.R8D8E.noise.20250828T031612;AM.R8D8E.noise.20251007T222234;AM.R8D8E.noise.20251010T074547,ordered_three_chunk_concat_v1,3500;3500;3500,3500;3500;2000,0;3500;7000,3500;7000;9000
438,AM,R8D8E,00,EH?,2026-04-15T07:05:06.513000Z,2026-04-15T07:05:41.513000Z,event_template,5.0,56.99,100.0,preprocessing_v1_0_6,controlled-v1-case-0438,RASPISHAKE,https://data.raspberryshake.org/fdsnws/dataselect/1/query,AM.R8D8E.event.20260415T070506,AM;AM;AM,R8D8E;R8D8E;R8D8E,00;00;00,EH?;EH?;EH?,2025-08-28T03:16:09.360000Z;2025-10-07T22:22:31.145000Z;2025-10-10T07:45:45.285000Z,2025-08-28T03:19:16.180000Z;2025-10-07T22:25:36.545000Z;2025-10-10T07:48:50.135000Z,RASPISHAKE;RASPISHAKE;RASPISHAKE,https://data.raspberryshake.org/fdsnws/dataselect/1/query;https://data.raspberryshake.org/fdsnws/dataselect/1/query;https://data.raspberryshake.org/fdsnws/dataselect/1/query,AM.R8D8E.noise.20250828T031612;AM.R8D8E.noise.20251007T222234;AM.R8D8E.noise.20251010T074547,ordered_three_chunk_concat_v1,3500;3500;3500,3500;3500;2000,0;3500;7000,3500;7000;9000
439,AM,R8D8E,00,EH?,2026-05-11T04:59:13.173000Z,2026-05-11T04:59:48.173000Z,event_template,-5.0,45.45,100.0,preprocessing_v1_0_6,controlled-v1-case-0439,RASPISHAKE,https://data.raspberryshake.org/fdsnws/dataselect/1/query,AM.R8D8E.event.20260511T045913,AM;AM;AM,R8D8E;R8D8E;R8D8E,00;00;00,EH?;EH?;EH?,2025-08-28T16:40:25.580000Z;2025-10-08T11:59:49.885000Z;2025-08-29T05:43:19.070000Z,2025-08-28T16:43:30.470000Z;2025-10-08T12:02:53.005000Z;2025-08-29T05:46:25.270000Z,RASPISHAKE;RASPISHAKE;RASPISHAKE,https://data.raspberryshake.org/fdsnws/dataselect/1/query;https://data.raspberryshake.org/fdsnws/dataselect/1/query;https://data.raspberryshake.org/fdsnws/dataselect/1/query,AM.R8D8E.noise.20250828T164027;AM.R8D8E.noise.20251008T115950;AM.R8D8E.noise.20250829T054321,ordered_three_chunk_concat_v1,3500;3500;3500,3500;3500;2000,0;3500;7000,3500;7000;9000
440,AM,R8D8E,00,EH?,2026-05-11T04:59:13.173000Z,2026-05-11T04:59:48.173000Z,event_template,0.0,45.45,100.0,preprocessing_v1_0_6,controlled-v1-case-0440,RASPISHAKE,https://data.raspberryshake.org/fdsnws/dataselect/1/query,AM.R8D8E.event.20260511T045913,AM;AM;AM,R8D8E;R8D8E;R8D8E,00;00;00,EH?;EH?;EH?,2025-08-28T16:40:25.580000Z;2025-10-08T11:59:49.885000Z;2025-08-29T05:43:19.070000Z,2025-08-28T16:43:30.470000Z;2025-10-08T12:02:53.005000Z;2025-08-29T05:46:25.270000Z,RASPISHAKE;RASPISHAKE;RASPISHAKE,https://data.raspberryshake.org/fdsnws/dataselect/1/query;https://data.raspberryshake.org/fdsnws/dataselect/1/query;https://data.raspberryshake.org/fdsnws/dataselect/1/query,AM.R8D8E.noise.20250828T164027;AM.R8D8E.noise.20251008T115950;AM.R8D8E.noise.20250829T054321,ordered_three_chunk_concat_v1,3500;3500;3500,3500;3500;2000,0;3500;7000,3500;7000;9000
441,AM,R8D8E,00,EH?,2026-05-11T04:59:13.173000Z,2026-05-11T04:59:48.173000Z,event_template,5.0,45.45,100.0,preprocessing_v1_0_6,controlled-v1-case-0441,RASPISHAKE,https://data.raspberryshake.org/fdsnws/dataselect/1/query,AM.R8D8E.event.20260511T045913,AM;AM;AM,R8D8E;R8D8E;R8D8E,00;00;00,EH?;EH?;EH?,2025-08-28T16:40:25.580000Z;2025-10-08T11:59:49.885000Z;2025-08-29T05:43:19.070000Z,2025-08-28T16:43:30.470000Z;2025-10-08T12:02:53.005000Z;2025-08-29T05:46:25.270000Z,RASPISHAKE;RASPISHAKE;RASPISHAKE,https://data.raspberryshake.org/fdsnws/dataselect/1/query;https://data.raspberryshake.org/fdsnws/dataselect/1/query;https://data.raspberryshake.org/fdsnws/dataselect/1/query,AM.R8D8E.noise.20250828T164027;AM.R8D8E.noise.20251008T115950;AM.R8D8E.noise.20250829T054321,ordered_three_chunk_concat_v1,3500;3500;3500,3500;3500;2000,0;3500;7000,3500;7000;9000
442,AM,R8D8E,00,EH?,2026-05-20T23:09:40.503000Z,2026-05-20T23:10:15.503000Z,event_template,-5.0,20.15,100.0,preprocessing_v1_0_6,controlled-v1-case-0442,RASPISHAKE,https://data.raspberryshake.org/fdsnws/dataselect/1/query,AM.R8D8E.event.20260520T230940,AM;AM;AM,R8D8E;R8D8E;R8D8E,00;00;00,EH?;EH?;EH?,2025-10-11T23:56:13.655000Z;2025-08-25T17:09:57.030000Z;2025-10-11T17:10:37.585000Z,2025-10-11T23:59:19.525000Z;2025-08-25T17:13:00.200000Z;2025-10-11T17:13:42.075000Z,RASPISHAKE;RASPISHAKE;RASPISHAKE,https://data.raspberryshake.org/fdsnws/dataselect/1/query;https://data.raspberryshake.org/fdsnws/dataselect/1/query;https://data.raspberryshake.org/fdsnws/dataselect/1/query,AM.R8D8E.noise.20251011T235617;AM.R8D8E.noise.20250825T170958;AM.R8D8E.noise.20251011T171040,ordered_three_chunk_concat_v1,3500;3500;3500,3500;3500;2000,0;3500;7000,3500;7000;9000
443,AM,R8D8E,00,EH?,2026-05-20T23:09:40.503000Z,2026-05-20T23:10:15.503000Z,event_template,0.0,20.15,100.0,preprocessing_v1_0_6,controlled-v1-case-0443,RASPISHAKE,https://data.raspberryshake.org/fdsnws/dataselect/1/query,AM.R8D8E.event.20260520T230940,AM;AM;AM,R8D8E;R8D8E;R8D8E,00;00;00,EH?;EH?;EH?,2025-10-11T23:56:13.655000Z;2025-08-25T17:09:57.030000Z;2025-10-11T17:10:37.585000Z,2025-10-11T23:59:19.525000Z;2025-08-25T17:13:00.200000Z;2025-10-11T17:13:42.075000Z,RASPISHAKE;RASPISHAKE;RASPISHAKE,https://data.raspberryshake.org/fdsnws/dataselect/1/query;https://data.raspberryshake.org/fdsnws/dataselect/1/query;https://data.raspberryshake.org/fdsnws/dataselect/1/query,AM.R8D8E.noise.20251011T235617;AM.R8D8E.noise.20250825T170958;AM.R8D8E.noise.20251011T171040,ordered_three_chunk_concat_v1,3500;3500;3500,3500;3500;2000,0;3500;7000,3500;7000;9000
444,AM,R8D8E,00,EH?,2026-05-20T23:09:40.503000Z,2026-05-20T23:10:15.503000Z,event_template,5.0,20.15,100.0,preprocessing_v1_0_6,controlled-v1-case-0444,RASPISHAKE,https://data.raspberryshake.org/fdsnws/dataselect/1/query,AM.R8D8E.event.20260520T230940,AM;AM;AM,R8D8E;R8D8E;R8D8E,00;00;00,EH?;EH?;EH?,2025-10-11T23:56:13.655000Z;2025-08-25T17:09:57.030000Z;2025-10-11T17:10:37.585000Z,2025-10-11T23:59:19.525000Z;2025-08-25T17:13:00.200000Z;2025-10-11T17:13:42.075000Z,RASPISHAKE;RASPISHAKE;RASPISHAKE,https://data.raspberryshake.org/fdsnws/dataselect/1/query;https://data.raspberryshake.org/fdsnws/dataselect/1/query;https://data.raspberryshake.org/fdsnws/dataselect/1/query,AM.R8D8E.noise.20251011T235617;AM.R8D8E.noise.20250825T170958;AM.R8D8E.noise.20251011T171040,ordered_three_chunk_concat_v1,3500;3500;3500,3500;3500;2000,0;3500;7000,3500;7000;9000
445,AM,R8D8E,00,EH?,2026-05-25T21:59:03.831000Z,2026-05-25T21:59:38.831000Z,event_template,-5.0,55.53,100.0,preprocessing_v1_0_6,controlled-v1-case-0445,RASPISHAKE,https://data.raspberryshake.org/fdsnws/dataselect/1/query,AM.R8D8E.event.20260525T215903,AM;AM;AM,R8D8E;R8D8E;R8D8E,00;00;00,EH?;EH?;EH?,2025-08-27T23:45:29.070000Z;2025-08-27T03:38:22.860000Z;2025-08-29T08:11:03.410000Z,2025-08-27T23:48:35.130000Z;2025-08-27T03:41:29.030000Z;2025-08-29T08:14:06.900000Z,RASPISHAKE;RASPISHAKE;RASPISHAKE,https://data.raspberryshake.org/fdsnws/dataselect/1/query;https://data.raspberryshake.org/fdsnws/dataselect/1/query;https://data.raspberryshake.org/fdsnws/dataselect/1/query,AM.R8D8E.noise.20250827T234532;AM.R8D8E.noise.20250827T033826;AM.R8D8E.noise.20250829T081105,ordered_three_chunk_concat_v1,3500;3500;3500,3500;3500;2000,0;3500;7000,3500;7000;9000
446,AM,R8D8E,00,EH?,2026-05-25T21:59:03.831000Z,2026-05-25T21:59:38.831000Z,event_template,0.0,55.53,100.0,preprocessing_v1_0_6,controlled-v1-case-0446,RASPISHAKE,https://data.raspberryshake.org/fdsnws/dataselect/1/query,AM.R8D8E.event.20260525T215903,AM;AM;AM,R8D8E;R8D8E;R8D8E,00;00;00,EH?;EH?;EH?,2025-08-27T23:45:29.070000Z;2025-08-27T03:38:22.860000Z;2025-08-29T08:11:03.410000Z,2025-08-27T23:48:35.130000Z;2025-08-27T03:41:29.030000Z;2025-08-29T08:14:06.900000Z,RASPISHAKE;RASPISHAKE;RASPISHAKE,https://data.raspberryshake.org/fdsnws/dataselect/1/query;https://data.raspberryshake.org/fdsnws/dataselect/1/query;https://data.raspberryshake.org/fdsnws/dataselect/1/query,AM.R8D8E.noise.20250827T234532;AM.R8D8E.noise.20250827T033826;AM.R8D8E.noise.20250829T081105,ordered_three_chunk_concat_v1,3500;3500;3500,3500;3500;2000,0;3500;7000,3500;7000;9000
447,AM,R8D8E,00,EH?,2026-05-25T21:59:03.831000Z,2026-05-25T21:59:38.831000Z,event_template,5.0,55.53,100.0,preprocessing_v1_0_6,controlled-v1-case-0447,RASPISHAKE,https://data.raspberryshake.org/fdsnws/dataselect/1/query,AM.R8D8E.event.20260525T215903,AM;AM;AM,R8D8E;R8D8E;R8D8E,00;00;00,EH?;EH?;EH?,2025-08-27T23:45:29.070000Z;2025-08-27T03:38:22.860000Z;2025-08-29T08:11:03.410000Z,2025-08-27T23:48:35.130000Z;2025-08-27T03:41:29.030000Z;2025-08-29T08:14:06.900000Z,RASPISHAKE;RASPISHAKE;RASPISHAKE,https://data.raspberryshake.org/fdsnws/dataselect/1/query;https://data.raspberryshake.org/fdsnws/dataselect/1/query;https://data.raspberryshake.org/fdsnws/dataselect/1/query,AM.R8D8E.noise.20250827T234532;AM.R8D8E.noise.20250827T033826;AM.R8D8E.noise.20250829T081105,ordered_three_chunk_concat_v1,3500;3500;3500,3500;3500;2000,0;3500;7000,3500;7000;9000
448,AM,R8D8E,00,EH?,2026-05-29T21:23:40.531000Z,2026-05-29T21:24:15.531000Z,event_template,-5.0,43.19,100.0,preprocessing_v1_0_6,controlled-v1-case-0448,RASPISHAKE,https://data.raspberryshake.org/fdsnws/dataselect/1/query,AM.R8D8E.event.20260529T212340,AM;AM;AM,R8D8E;R8D8E;R8D8E,00;00;00,EH?;EH?;EH?,2025-10-10T07:45:45.285000Z;2025-08-28T14:07:44.590000Z;2025-08-28T16:40:25.580000Z,2025-10-10T07:48:50.135000Z;2025-08-28T14:10:47.950000Z;2025-08-28T16:43:30.470000Z,RASPISHAKE;RASPISHAKE;RASPISHAKE,https://data.raspberryshake.org/fdsnws/dataselect/1/query;https://data.raspberryshake.org/fdsnws/dataselect/1/query;https://data.raspberryshake.org/fdsnws/dataselect/1/query,AM.R8D8E.noise.20251010T074547;AM.R8D8E.noise.20250828T140746;AM.R8D8E.noise.20250828T164027,ordered_three_chunk_concat_v1,3500;3500;3500,3500;3500;2000,0;3500;7000,3500;7000;9000
449,AM,R8D8E,00,EH?,2026-05-29T21:23:40.531000Z,2026-05-29T21:24:15.531000Z,event_template,0.0,43.19,100.0,preprocessing_v1_0_6,controlled-v1-case-0449,RASPISHAKE,https://data.raspberryshake.org/fdsnws/dataselect/1/query,AM.R8D8E.event.20260529T212340,AM;AM;AM,R8D8E;R8D8E;R8D8E,00;00;00,EH?;EH?;EH?,2025-10-10T07:45:45.285000Z;2025-08-28T14:07:44.590000Z;2025-08-28T16:40:25.580000Z,2025-10-10T07:48:50.135000Z;2025-08-28T14:10:47.950000Z;2025-08-28T16:43:30.470000Z,RASPISHAKE;RASPISHAKE;RASPISHAKE,https://data.raspberryshake.org/fdsnws/dataselect/1/query;https://data.raspberryshake.org/fdsnws/dataselect/1/query;https://data.raspberryshake.org/fdsnws/dataselect/1/query,AM.R8D8E.noise.20251010T074547;AM.R8D8E.noise.20250828T140746;AM.R8D8E.noise.20250828T164027,ordered_three_chunk_concat_v1,3500;3500;3500,3500;3500;2000,0;3500;7000,3500;7000;9000
450,AM,R8D8E,00,EH?,2026-05-29T21:23:40.531000Z,2026-05-29T21:24:15.531000Z,event_template,5.0,43.19,100.0,preprocessing_v1_0_6,controlled-v1-case-0450,RASPISHAKE,https://data.raspberryshake.org/fdsnws/dataselect/1/query,AM.R8D8E.event.20260529T212340,AM;AM;AM,R8D8E;R8D8E;R8D8E,00;00;00,EH?;EH?;EH?,2025-10-10T07:45:45.285000Z;2025-08-28T14:07:44.590000Z;2025-08-28T16:40:25.580000Z,2025-10-10T07:48:50.135000Z;2025-08-28T14:10:47.950000Z;2025-08-28T16:43:30.470000Z,RASPISHAKE;RASPISHAKE;RASPISHAKE,https://data.raspberryshake.org/fdsnws/dataselect/1/query;https://data.raspberryshake.org/fdsnws/dataselect/1/query;https://data.raspberryshake.org/fdsnws/dataselect/1/query,AM.R8D8E.noise.20251010T074547;AM.R8D8E.noise.20250828T140746;AM.R8D8E.noise.20250828T164027,ordered_three_chunk_concat_v1,3500;3500;3500,3500;3500;2000,0;3500;7000,3500;7000;9000
451,AM,R8D8E,00,EH?,2026-05-30T21:33:12.711000Z,2026-05-30T21:33:47.711000Z,event_template,-5.0,26.79,100.0,preprocessing_v1_0_6,controlled-v1-case-0451,RASPISHAKE,https://data.raspberryshake.org/fdsnws/dataselect/1/query,AM.R8D8E.event.20260530T213312,AM;AM;AM,R8D8E;R8D8E;R8D8E,00;00;00,EH?;EH?;EH?,2025-08-29T05:43:19.070000Z;2025-08-25T17:09:57.030000Z;2025-10-11T17:10:37.585000Z,2025-08-29T05:46:25.270000Z;2025-08-25T17:13:00.200000Z;2025-10-11T17:13:42.075000Z,RASPISHAKE;RASPISHAKE;RASPISHAKE,https://data.raspberryshake.org/fdsnws/dataselect/1/query;https://data.raspberryshake.org/fdsnws/dataselect/1/query;https://data.raspberryshake.org/fdsnws/dataselect/1/query,AM.R8D8E.noise.20250829T054321;AM.R8D8E.noise.20250825T170958;AM.R8D8E.noise.20251011T171040,ordered_three_chunk_concat_v1,3500;3500;3500,3500;3500;2000,0;3500;7000,3500;7000;9000
452,AM,R8D8E,00,EH?,2026-05-30T21:33:12.711000Z,2026-05-30T21:33:47.711000Z,event_template,0.0,26.79,100.0,preprocessing_v1_0_6,controlled-v1-case-0452,RASPISHAKE,https://data.raspberryshake.org/fdsnws/dataselect/1/query,AM.R8D8E.event.20260530T213312,AM;AM;AM,R8D8E;R8D8E;R8D8E,00;00;00,EH?;EH?;EH?,2025-08-29T05:43:19.070000Z;2025-08-25T17:09:57.030000Z;2025-10-11T17:10:37.585000Z,2025-08-29T05:46:25.270000Z;2025-08-25T17:13:00.200000Z;2025-10-11T17:13:42.075000Z,RASPISHAKE;RASPISHAKE;RASPISHAKE,https://data.raspberryshake.org/fdsnws/dataselect/1/query;https://data.raspberryshake.org/fdsnws/dataselect/1/query;https://data.raspberryshake.org/fdsnws/dataselect/1/query,AM.R8D8E.noise.20250829T054321;AM.R8D8E.noise.20250825T170958;AM.R8D8E.noise.20251011T171040,ordered_three_chunk_concat_v1,3500;3500;3500,3500;3500;2000,0;3500;7000,3500;7000;9000
453,AM,R8D8E,00,EH?,2026-05-30T21:33:12.711000Z,2026-05-30T21:33:47.711000Z,event_template,5.0,26.79,100.0,preprocessing_v1_0_6,controlled-v1-case-0453,RASPISHAKE,https://data.raspberryshake.org/fdsnws/dataselect/1/query,AM.R8D8E.event.20260530T213312,AM;AM;AM,R8D8E;R8D8E;R8D8E,00;00;00,EH?;EH?;EH?,2025-08-29T05:43:19.070000Z;2025-08-25T17:09:57.030000Z;2025-10-11T17:10:37.585000Z,2025-08-29T05:46:25.270000Z;2025-08-25T17:13:00.200000Z;2025-10-11T17:13:42.075000Z,RASPISHAKE;RASPISHAKE;RASPISHAKE,https://data.raspberryshake.org/fdsnws/dataselect/1/query;https://data.raspberryshake.org/fdsnws/dataselect/1/query;https://data.raspberryshake.org/fdsnws/dataselect/1/query,AM.R8D8E.noise.20250829T054321;AM.R8D8E.noise.20250825T170958;AM.R8D8E.noise.20251011T171040,ordered_three_chunk_concat_v1,3500;3500;3500,3500;3500;2000,0;3500;7000,3500;7000;9000
454,AM,R8D8E,00,EH?,2026-05-31T21:42:11.041000Z,2026-05-31T21:42:46.041000Z,event_template,-5.0,21.96,100.0,preprocessing_v1_0_6,controlled-v1-case-0454,RASPISHAKE,https://data.raspberryshake.org/fdsnws/dataselect/1/query,AM.R8D8E.event.20260531T214211,AM;AM;AM,R8D8E;R8D8E;R8D8E,00;00;00,EH?;EH?;EH?,2025-08-25T17:04:31.220000Z;2025-08-27T03:38:22.860000Z;2025-10-08T04:23:27.225000Z,2025-08-25T17:07:36.720000Z;2025-08-27T03:41:29.030000Z;2025-10-08T04:26:31.195000Z,RASPISHAKE;RASPISHAKE;RASPISHAKE,https://data.raspberryshake.org/fdsnws/dataselect/1/query;https://data.raspberryshake.org/fdsnws/dataselect/1/query;https://data.raspberryshake.org/fdsnws/dataselect/1/query,AM.R8D8E.noise.20250825T170434;AM.R8D8E.noise.20250827T033826;AM.R8D8E.noise.20251008T042328,ordered_three_chunk_concat_v1,3500;3500;3500,3500;3500;2000,0;3500;7000,3500;7000;9000
455,AM,R8D8E,00,EH?,2026-05-31T21:42:11.041000Z,2026-05-31T21:42:46.041000Z,event_template,0.0,21.96,100.0,preprocessing_v1_0_6,controlled-v1-case-0455,RASPISHAKE,https://data.raspberryshake.org/fdsnws/dataselect/1/query,AM.R8D8E.event.20260531T214211,AM;AM;AM,R8D8E;R8D8E;R8D8E,00;00;00,EH?;EH?;EH?,2025-08-25T17:04:31.220000Z;2025-08-27T03:38:22.860000Z;2025-10-08T04:23:27.225000Z,2025-08-25T17:07:36.720000Z;2025-08-27T03:41:29.030000Z;2025-10-08T04:26:31.195000Z,RASPISHAKE;RASPISHAKE;RASPISHAKE,https://data.raspberryshake.org/fdsnws/dataselect/1/query;https://data.raspberryshake.org/fdsnws/dataselect/1/query;https://data.raspberryshake.org/fdsnws/dataselect/1/query,AM.R8D8E.noise.20250825T170434;AM.R8D8E.noise.20250827T033826;AM.R8D8E.noise.20251008T042328,ordered_three_chunk_concat_v1,3500;3500;3500,3500;3500;2000,0;3500;7000,3500;7000;9000
456,AM,R8D8E,00,EH?,2026-05-31T21:42:11.041000Z,2026-05-31T21:42:46.041000Z,event_template,5.0,21.96,100.0,preprocessing_v1_0_6,controlled-v1-case-0456,RASPISHAKE,https://data.raspberryshake.org/fdsnws/dataselect/1/query,AM.R8D8E.event.20260531T214211,AM;AM;AM,R8D8E;R8D8E;R8D8E,00;00;00,EH?;EH?;EH?,2025-08-25T17:04:31.220000Z;2025-08-27T03:38:22.860000Z;2025-10-08T04:23:27.225000Z,2025-08-25T17:07:36.720000Z;2025-08-27T03:41:29.030000Z;2025-10-08T04:26:31.195000Z,RASPISHAKE;RASPISHAKE;RASPISHAKE,https://data.raspberryshake.org/fdsnws/dataselect/1/query;https://data.raspberryshake.org/fdsnws/dataselect/1/query;https://data.raspberryshake.org/fdsnws/dataselect/1/query,AM.R8D8E.noise.20250825T170434;AM.R8D8E.noise.20250827T033826;AM.R8D8E.noise.20251008T042328,ordered_three_chunk_concat_v1,3500;3500;3500,3500;3500;2000,0;3500;7000,3500;7000;9000
457,AM,R92E0,00,EH?,2025-10-20T17:06:56.257000Z,2025-10-20T17:07:31.257000Z,event_template,-5.0,47.85,100.0,preprocessing_v1_0_6,controlled-v1-case-0457,RASPISHAKE,https://data.raspberryshake.org/fdsnws/dataselect/1/query,AM.R92E0.event.20251020T170656,AM;AM;AM,R92E0;R92E0;R92E0,00;00;00,EH?;EH?;EH?,2025-06-09T03:14:04.316000Z;2025-06-10T11:38:05.166000Z;2025-06-11T07:42:28.586000Z,2025-06-09T03:17:12.706000Z;2025-06-10T11:41:11.826000Z;2025-06-11T07:45:35.216000Z,RASPISHAKE;RASPISHAKE;RASPISHAKE,https://data.raspberryshake.org/fdsnws/dataselect/1/query;https://data.raspberryshake.org/fdsnws/dataselect/1/query;https://data.raspberryshake.org/fdsnws/dataselect/1/query,AM.R92E0.noise.20250609T031408;AM.R92E0.noise.20250610T113808;AM.R92E0.noise.20250611T074231,ordered_three_chunk_concat_v1,3500;3500;3500,3500;3500;2000,0;3500;7000,3500;7000;9000
458,AM,R92E0,00,EH?,2025-10-20T17:06:56.257000Z,2025-10-20T17:07:31.257000Z,event_template,0.0,47.85,100.0,preprocessing_v1_0_6,controlled-v1-case-0458,RASPISHAKE,https://data.raspberryshake.org/fdsnws/dataselect/1/query,AM.R92E0.event.20251020T170656,AM;AM;AM,R92E0;R92E0;R92E0,00;00;00,EH?;EH?;EH?,2025-06-09T03:14:04.316000Z;2025-06-10T11:38:05.166000Z;2025-06-11T07:42:28.586000Z,2025-06-09T03:17:12.706000Z;2025-06-10T11:41:11.826000Z;2025-06-11T07:45:35.216000Z,RASPISHAKE;RASPISHAKE;RASPISHAKE,https://data.raspberryshake.org/fdsnws/dataselect/1/query;https://data.raspberryshake.org/fdsnws/dataselect/1/query;https://data.raspberryshake.org/fdsnws/dataselect/1/query,AM.R92E0.noise.20250609T031408;AM.R92E0.noise.20250610T113808;AM.R92E0.noise.20250611T074231,ordered_three_chunk_concat_v1,3500;3500;3500,3500;3500;2000,0;3500;7000,3500;7000;9000
459,AM,R92E0,00,EH?,2025-10-20T17:06:56.257000Z,2025-10-20T17:07:31.257000Z,event_template,5.0,47.85,100.0,preprocessing_v1_0_6,controlled-v1-case-0459,RASPISHAKE,https://data.raspberryshake.org/fdsnws/dataselect/1/query,AM.R92E0.event.20251020T170656,AM;AM;AM,R92E0;R92E0;R92E0,00;00;00,EH?;EH?;EH?,2025-06-09T03:14:04.316000Z;2025-06-10T11:38:05.166000Z;2025-06-11T07:42:28.586000Z,2025-06-09T03:17:12.706000Z;2025-06-10T11:41:11.826000Z;2025-06-11T07:45:35.216000Z,RASPISHAKE;RASPISHAKE;RASPISHAKE,https://data.raspberryshake.org/fdsnws/dataselect/1/query;https://data.raspberryshake.org/fdsnws/dataselect/1/query;https://data.raspberryshake.org/fdsnws/dataselect/1/query,AM.R92E0.noise.20250609T031408;AM.R92E0.noise.20250610T113808;AM.R92E0.noise.20250611T074231,ordered_three_chunk_concat_v1,3500;3500;3500,3500;3500;2000,0;3500;7000,3500;7000;9000
460,AM,R92E0,00,EH?,2025-11-14T00:18:01.597000Z,2025-11-14T00:18:36.597000Z,event_template,-5.0,35.96,100.0,preprocessing_v1_0_6,controlled-v1-case-0460,RASPISHAKE,https://data.raspberryshake.org/fdsnws/dataselect/1/query,AM.R92E0.event.20251114T001801,AM;AM;AM,R92E0;R92E0;R92E0,00;00;00,EH?;EH?;EH?,2025-06-07T14:44:15.946000Z;2025-06-10T11:38:05.166000Z;2025-06-06T16:03:37.416000Z,2025-06-07T14:47:20.476000Z;2025-06-10T11:41:11.826000Z;2025-06-06T16:06:45.326000Z,RASPISHAKE;RASPISHAKE;RASPISHAKE,https://data.raspberryshake.org/fdsnws/dataselect/1/query;https://data.raspberryshake.org/fdsnws/dataselect/1/query;https://data.raspberryshake.org/fdsnws/dataselect/1/query,AM.R92E0.noise.20250607T144418;AM.R92E0.noise.20250610T113808;AM.R92E0.noise.20250606T160341,ordered_three_chunk_concat_v1,3500;3500;3500,3500;3500;2000,0;3500;7000,3500;7000;9000
461,AM,R92E0,00,EH?,2025-11-14T00:18:01.597000Z,2025-11-14T00:18:36.597000Z,event_template,0.0,35.96,100.0,preprocessing_v1_0_6,controlled-v1-case-0461,RASPISHAKE,https://data.raspberryshake.org/fdsnws/dataselect/1/query,AM.R92E0.event.20251114T001801,AM;AM;AM,R92E0;R92E0;R92E0,00;00;00,EH?;EH?;EH?,2025-06-07T14:44:15.946000Z;2025-06-10T11:38:05.166000Z;2025-06-06T16:03:37.416000Z,2025-06-07T14:47:20.476000Z;2025-06-10T11:41:11.826000Z;2025-06-06T16:06:45.326000Z,RASPISHAKE;RASPISHAKE;RASPISHAKE,https://data.raspberryshake.org/fdsnws/dataselect/1/query;https://data.raspberryshake.org/fdsnws/dataselect/1/query;https://data.raspberryshake.org/fdsnws/dataselect/1/query,AM.R92E0.noise.20250607T144418;AM.R92E0.noise.20250610T113808;AM.R92E0.noise.20250606T160341,ordered_three_chunk_concat_v1,3500;3500;3500,3500;3500;2000,0;3500;7000,3500;7000;9000
462,AM,R92E0,00,EH?,2025-11-14T00:18:01.597000Z,2025-11-14T00:18:36.597000Z,event_template,5.0,35.96,100.0,preprocessing_v1_0_6,controlled-v1-case-0462,RASPISHAKE,https://data.raspberryshake.org/fdsnws/dataselect/1/query,AM.R92E0.event.20251114T001801,AM;AM;AM,R92E0;R92E0;R92E0,00;00;00,EH?;EH?;EH?,2025-06-07T14:44:15.946000Z;2025-06-10T11:38:05.166000Z;2025-06-06T16:03:37.416000Z,2025-06-07T14:47:20.476000Z;2025-06-10T11:41:11.826000Z;2025-06-06T16:06:45.326000Z,RASPISHAKE;RASPISHAKE;RASPISHAKE,https://data.raspberryshake.org/fdsnws/dataselect/1/query;https://data.raspberryshake.org/fdsnws/dataselect/1/query;https://data.raspberryshake.org/fdsnws/dataselect/1/query,AM.R92E0.noise.20250607T144418;AM.R92E0.noise.20250610T113808;AM.R92E0.noise.20250606T160341,ordered_three_chunk_concat_v1,3500;3500;3500,3500;3500;2000,0;3500;7000,3500;7000;9000
463,AM,R92E0,00,EH?,2026-04-16T19:46:41.071000Z,2026-04-16T19:47:16.071000Z,event_template,-5.0,56.49,100.0,preprocessing_v1_0_6,controlled-v1-case-0463,RASPISHAKE,https://data.raspberryshake.org/fdsnws/dataselect/1/query,AM.R92E0.event.20260416T194641,AM;AM;AM,R92E0;R92E0;R92E0,00;00;00,EH?;EH?;EH?,2025-06-11T07:42:28.586000Z;2025-06-07T14:44:15.946000Z;2025-06-01T06:27:36.262000Z,2025-06-11T07:45:35.216000Z;2025-06-07T14:47:20.476000Z;2025-06-01T06:30:46.002000Z,RASPISHAKE;RASPISHAKE;RASPISHAKE,https://data.raspberryshake.org/fdsnws/dataselect/1/query;https://data.raspberryshake.org/fdsnws/dataselect/1/query;https://data.raspberryshake.org/fdsnws/dataselect/1/query,AM.R92E0.noise.20250611T074231;AM.R92E0.noise.20250607T144418;AM.R92E0.noise.20250601T062741,ordered_three_chunk_concat_v1,3500;3500;3500,3500;3500;2000,0;3500;7000,3500;7000;9000
464,AM,R92E0,00,EH?,2026-04-16T19:46:41.071000Z,2026-04-16T19:47:16.071000Z,event_template,0.0,56.49,100.0,preprocessing_v1_0_6,controlled-v1-case-0464,RASPISHAKE,https://data.raspberryshake.org/fdsnws/dataselect/1/query,AM.R92E0.event.20260416T194641,AM;AM;AM,R92E0;R92E0;R92E0,00;00;00,EH?;EH?;EH?,2025-06-11T07:42:28.586000Z;2025-06-07T14:44:15.946000Z;2025-06-01T06:27:36.262000Z,2025-06-11T07:45:35.216000Z;2025-06-07T14:47:20.476000Z;2025-06-01T06:30:46.002000Z,RASPISHAKE;RASPISHAKE;RASPISHAKE,https://data.raspberryshake.org/fdsnws/dataselect/1/query;https://data.raspberryshake.org/fdsnws/dataselect/1/query;https://data.raspberryshake.org/fdsnws/dataselect/1/query,AM.R92E0.noise.20250611T074231;AM.R92E0.noise.20250607T144418;AM.R92E0.noise.20250601T062741,ordered_three_chunk_concat_v1,3500;3500;3500,3500;3500;2000,0;3500;7000,3500;7000;9000
465,AM,R92E0,00,EH?,2026-04-16T19:46:41.071000Z,2026-04-16T19:47:16.071000Z,event_template,5.0,56.49,100.0,preprocessing_v1_0_6,controlled-v1-case-0465,RASPISHAKE,https://data.raspberryshake.org/fdsnws/dataselect/1/query,AM.R92E0.event.20260416T194641,AM;AM;AM,R92E0;R92E0;R92E0,00;00;00,EH?;EH?;EH?,2025-06-11T07:42:28.586000Z;2025-06-07T14:44:15.946000Z;2025-06-01T06:27:36.262000Z,2025-06-11T07:45:35.216000Z;2025-06-07T14:47:20.476000Z;2025-06-01T06:30:46.002000Z,RASPISHAKE;RASPISHAKE;RASPISHAKE,https://data.raspberryshake.org/fdsnws/dataselect/1/query;https://data.raspberryshake.org/fdsnws/dataselect/1/query;https://data.raspberryshake.org/fdsnws/dataselect/1/query,AM.R92E0.noise.20250611T074231;AM.R92E0.noise.20250607T144418;AM.R92E0.noise.20250601T062741,ordered_three_chunk_concat_v1,3500;3500;3500,3500;3500;2000,0;3500;7000,3500;7000;9000
466,AM,R92E0,00,EH?,2026-04-26T04:32:44.181000Z,2026-04-26T04:33:19.181000Z,event_template,-5.0,49.06,100.0,preprocessing_v1_0_6,controlled-v1-case-0466,RASPISHAKE,https://data.raspberryshake.org/fdsnws/dataselect/1/query,AM.R92E0.event.20260426T043244,AM;AM;AM,R92E0;R92E0;R92E0,00;00;00,EH?;EH?;EH?,2025-06-09T12:34:54.556000Z;2025-06-06T16:03:37.416000Z;2025-06-11T07:42:28.586000Z,2025-06-09T12:37:58.956000Z;2025-06-06T16:06:45.326000Z;2025-06-11T07:45:35.216000Z,RASPISHAKE;RASPISHAKE;RASPISHAKE,https://data.raspberryshake.org/fdsnws/dataselect/1/query;https://data.raspberryshake.org/fdsnws/dataselect/1/query;https://data.raspberryshake.org/fdsnws/dataselect/1/query,AM.R92E0.noise.20250609T123456;AM.R92E0.noise.20250606T160341;AM.R92E0.noise.20250611T074231,ordered_three_chunk_concat_v1,3500;3500;3500,3500;3500;2000,0;3500;7000,3500;7000;9000
467,AM,R92E0,00,EH?,2026-04-26T04:32:44.181000Z,2026-04-26T04:33:19.181000Z,event_template,0.0,49.06,100.0,preprocessing_v1_0_6,controlled-v1-case-0467,RASPISHAKE,https://data.raspberryshake.org/fdsnws/dataselect/1/query,AM.R92E0.event.20260426T043244,AM;AM;AM,R92E0;R92E0;R92E0,00;00;00,EH?;EH?;EH?,2025-06-09T12:34:54.556000Z;2025-06-06T16:03:37.416000Z;2025-06-11T07:42:28.586000Z,2025-06-09T12:37:58.956000Z;2025-06-06T16:06:45.326000Z;2025-06-11T07:45:35.216000Z,RASPISHAKE;RASPISHAKE;RASPISHAKE,https://data.raspberryshake.org/fdsnws/dataselect/1/query;https://data.raspberryshake.org/fdsnws/dataselect/1/query;https://data.raspberryshake.org/fdsnws/dataselect/1/query,AM.R92E0.noise.20250609T123456;AM.R92E0.noise.20250606T160341;AM.R92E0.noise.20250611T074231,ordered_three_chunk_concat_v1,3500;3500;3500,3500;3500;2000,0;3500;7000,3500;7000;9000
468,AM,R92E0,00,EH?,2026-04-26T04:32:44.181000Z,2026-04-26T04:33:19.181000Z,event_template,5.0,49.06,100.0,preprocessing_v1_0_6,controlled-v1-case-0468,RASPISHAKE,https://data.raspberryshake.org/fdsnws/dataselect/1/query,AM.R92E0.event.20260426T043244,AM;AM;AM,R92E0;R92E0;R92E0,00;00;00,EH?;EH?;EH?,2025-06-09T12:34:54.556000Z;2025-06-06T16:03:37.416000Z;2025-06-11T07:42:28.586000Z,2025-06-09T12:37:58.956000Z;2025-06-06T16:06:45.326000Z;2025-06-11T07:45:35.216000Z,RASPISHAKE;RASPISHAKE;RASPISHAKE,https://data.raspberryshake.org/fdsnws/dataselect/1/query;https://data.raspberryshake.org/fdsnws/dataselect/1/query;https://data.raspberryshake.org/fdsnws/dataselect/1/query,AM.R92E0.noise.20250609T123456;AM.R92E0.noise.20250606T160341;AM.R92E0.noise.20250611T074231,ordered_three_chunk_concat_v1,3500;3500;3500,3500;3500;2000,0;3500;7000,3500;7000;9000
469,AM,R92E0,00,EH?,2026-05-09T04:53:35.321000Z,2026-05-09T04:54:10.321000Z,event_template,-5.0,60.1,100.0,preprocessing_v1_0_6,controlled-v1-case-0469,RASPISHAKE,https://data.raspberryshake.org/fdsnws/dataselect/1/query,AM.R92E0.event.20260509T045335,AM;AM;AM,R92E0;R92E0;R92E0,00;00;00,EH?;EH?;EH?,2025-06-05T10:07:21.766000Z;2025-06-01T06:27:36.262000Z;2025-06-06T00:40:38.676000Z,2025-06-05T10:10:26.496000Z;2025-06-01T06:30:46.002000Z;2025-06-06T00:43:45.466000Z,RASPISHAKE;RASPISHAKE;RASPISHAKE,https://data.raspberryshake.org/fdsnws/dataselect/1/query;https://data.raspberryshake.org/fdsnws/dataselect/1/query;https://data.raspberryshake.org/fdsnws/dataselect/1/query,AM.R92E0.noise.20250605T100724;AM.R92E0.noise.20250601T062741;AM.R92E0.noise.20250606T004041,ordered_three_chunk_concat_v1,3500;3500;3500,3500;3500;2000,0;3500;7000,3500;7000;9000
470,AM,R92E0,00,EH?,2026-05-09T04:53:35.321000Z,2026-05-09T04:54:10.321000Z,event_template,0.0,60.1,100.0,preprocessing_v1_0_6,controlled-v1-case-0470,RASPISHAKE,https://data.raspberryshake.org/fdsnws/dataselect/1/query,AM.R92E0.event.20260509T045335,AM;AM;AM,R92E0;R92E0;R92E0,00;00;00,EH?;EH?;EH?,2025-06-05T10:07:21.766000Z;2025-06-01T06:27:36.262000Z;2025-06-06T00:40:38.676000Z,2025-06-05T10:10:26.496000Z;2025-06-01T06:30:46.002000Z;2025-06-06T00:43:45.466000Z,RASPISHAKE;RASPISHAKE;RASPISHAKE,https://data.raspberryshake.org/fdsnws/dataselect/1/query;https://data.raspberryshake.org/fdsnws/dataselect/1/query;https://data.raspberryshake.org/fdsnws/dataselect/1/query,AM.R92E0.noise.20250605T100724;AM.R92E0.noise.20250601T062741;AM.R92E0.noise.20250606T004041,ordered_three_chunk_concat_v1,3500;3500;3500,3500;3500;2000,0;3500;7000,3500;7000;9000
471,AM,R92E0,00,EH?,2026-05-09T04:53:35.321000Z,2026-05-09T04:54:10.321000Z,event_template,5.0,60.1,100.0,preprocessing_v1_0_6,controlled-v1-case-0471,RASPISHAKE,https://data.raspberryshake.org/fdsnws/dataselect/1/query,AM.R92E0.event.20260509T045335,AM;AM;AM,R92E0;R92E0;R92E0,00;00;00,EH?;EH?;EH?,2025-06-05T10:07:21.766000Z;2025-06-01T06:27:36.262000Z;2025-06-06T00:40:38.676000Z,2025-06-05T10:10:26.496000Z;2025-06-01T06:30:46.002000Z;2025-06-06T00:43:45.466000Z,RASPISHAKE;RASPISHAKE;RASPISHAKE,https://data.raspberryshake.org/fdsnws/dataselect/1/query;https://data.raspberryshake.org/fdsnws/dataselect/1/query;https://data.raspberryshake.org/fdsnws/dataselect/1/query,AM.R92E0.noise.20250605T100724;AM.R92E0.noise.20250601T062741;AM.R92E0.noise.20250606T004041,ordered_three_chunk_concat_v1,3500;3500;3500,3500;3500;2000,0;3500;7000,3500;7000;9000
472,AM,R92E0,00,EH?,2026-05-15T11:33:54.161000Z,2026-05-15T11:34:29.161000Z,event_template,-5.0,41.78,100.0,preprocessing_v1_0_6,controlled-v1-case-0472,RASPISHAKE,https://data.raspberryshake.org/fdsnws/dataselect/1/query,AM.R92E0.event.20260515T113354,AM;AM;AM,R92E0;R92E0;R92E0,00;00;00,EH?;EH?;EH?,2025-06-03T13:01:08.786000Z;2025-06-02T14:31:41.036000Z;2025-06-06T16:03:37.416000Z,2025-06-03T13:04:14.206000Z;2025-06-02T14:34:46.816000Z;2025-06-06T16:06:45.326000Z,RASPISHAKE;RASPISHAKE;RASPISHAKE,https://data.raspberryshake.org/fdsnws/dataselect/1/query;https://data.raspberryshake.org/fdsnws/dataselect/1/query;https://data.raspberryshake.org/fdsnws/dataselect/1/query,AM.R92E0.noise.20250603T130111;AM.R92E0.noise.20250602T143144;AM.R92E0.noise.20250606T160341,ordered_three_chunk_concat_v1,3500;3500;3500,3500;3500;2000,0;3500;7000,3500;7000;9000
473,AM,R92E0,00,EH?,2026-05-15T11:33:54.161000Z,2026-05-15T11:34:29.161000Z,event_template,0.0,41.78,100.0,preprocessing_v1_0_6,controlled-v1-case-0473,RASPISHAKE,https://data.raspberryshake.org/fdsnws/dataselect/1/query,AM.R92E0.event.20260515T113354,AM;AM;AM,R92E0;R92E0;R92E0,00;00;00,EH?;EH?;EH?,2025-06-03T13:01:08.786000Z;2025-06-02T14:31:41.036000Z;2025-06-06T16:03:37.416000Z,2025-06-03T13:04:14.206000Z;2025-06-02T14:34:46.816000Z;2025-06-06T16:06:45.326000Z,RASPISHAKE;RASPISHAKE;RASPISHAKE,https://data.raspberryshake.org/fdsnws/dataselect/1/query;https://data.raspberryshake.org/fdsnws/dataselect/1/query;https://data.raspberryshake.org/fdsnws/dataselect/1/query,AM.R92E0.noise.20250603T130111;AM.R92E0.noise.20250602T143144;AM.R92E0.noise.20250606T160341,ordered_three_chunk_concat_v1,3500;3500;3500,3500;3500;2000,0;3500;7000,3500;7000;9000
474,AM,R92E0,00,EH?,2026-05-15T11:33:54.161000Z,2026-05-15T11:34:29.161000Z,event_template,5.0,41.78,100.0,preprocessing_v1_0_6,controlled-v1-case-0474,RASPISHAKE,https://data.raspberryshake.org/fdsnws/dataselect/1/query,AM.R92E0.event.20260515T113354,AM;AM;AM,R92E0;R92E0;R92E0,00;00;00,EH?;EH?;EH?,2025-06-03T13:01:08.786000Z;2025-06-02T14:31:41.036000Z;2025-06-06T16:03:37.416000Z,2025-06-03T13:04:14.206000Z;2025-06-02T14:34:46.816000Z;2025-06-06T16:06:45.326000Z,RASPISHAKE;RASPISHAKE;RASPISHAKE,https://data.raspberryshake.org/fdsnws/dataselect/1/query;https://data.raspberryshake.org/fdsnws/dataselect/1/query;https://data.raspberryshake.org/fdsnws/dataselect/1/query,AM.R92E0.noise.20250603T130111;AM.R92E0.noise.20250602T143144;AM.R92E0.noise.20250606T160341,ordered_three_chunk_concat_v1,3500;3500;3500,3500;3500;2000,0;3500;7000,3500;7000;9000
475,AM,R92E0,00,EH?,2026-05-16T14:59:48.471000Z,2026-05-16T15:00:23.471000Z,event_template,-5.0,59.28,100.0,preprocessing_v1_0_6,controlled-v1-case-0475,RASPISHAKE,https://data.raspberryshake.org/fdsnws/dataselect/1/query,AM.R92E0.event.20260516T145948,AM;AM;AM,R92E0;R92E0;R92E0,00;00;00,EH?;EH?;EH?,2025-06-06T02:58:33.056000Z;2025-06-11T07:42:28.586000Z;2025-06-10T08:34:06.206000Z,2025-06-06T03:01:37.026000Z;2025-06-11T07:45:35.216000Z;2025-06-10T08:37:10.466000Z,RASPISHAKE;RASPISHAKE;RASPISHAKE,https://data.raspberryshake.org/fdsnws/dataselect/1/query;https://data.raspberryshake.org/fdsnws/dataselect/1/query;https://data.raspberryshake.org/fdsnws/dataselect/1/query,AM.R92E0.noise.20250606T025835;AM.R92E0.noise.20250611T074231;AM.R92E0.noise.20250610T083409,ordered_three_chunk_concat_v1,3500;3500;3500,3500;3500;2000,0;3500;7000,3500;7000;9000
476,AM,R92E0,00,EH?,2026-05-16T14:59:48.471000Z,2026-05-16T15:00:23.471000Z,event_template,0.0,59.28,100.0,preprocessing_v1_0_6,controlled-v1-case-0476,RASPISHAKE,https://data.raspberryshake.org/fdsnws/dataselect/1/query,AM.R92E0.event.20260516T145948,AM;AM;AM,R92E0;R92E0;R92E0,00;00;00,EH?;EH?;EH?,2025-06-06T02:58:33.056000Z;2025-06-11T07:42:28.586000Z;2025-06-10T08:34:06.206000Z,2025-06-06T03:01:37.026000Z;2025-06-11T07:45:35.216000Z;2025-06-10T08:37:10.466000Z,RASPISHAKE;RASPISHAKE;RASPISHAKE,https://data.raspberryshake.org/fdsnws/dataselect/1/query;https://data.raspberryshake.org/fdsnws/dataselect/1/query;https://data.raspberryshake.org/fdsnws/dataselect/1/query,AM.R92E0.noise.20250606T025835;AM.R92E0.noise.20250611T074231;AM.R92E0.noise.20250610T083409,ordered_three_chunk_concat_v1,3500;3500;3500,3500;3500;2000,0;3500;7000,3500;7000;9000
477,AM,R92E0,00,EH?,2026-05-16T14:59:48.471000Z,2026-05-16T15:00:23.471000Z,event_template,5.0,59.28,100.0,preprocessing_v1_0_6,controlled-v1-case-0477,RASPISHAKE,https://data.raspberryshake.org/fdsnws/dataselect/1/query,AM.R92E0.event.20260516T145948,AM;AM;AM,R92E0;R92E0;R92E0,00;00;00,EH?;EH?;EH?,2025-06-06T02:58:33.056000Z;2025-06-11T07:42:28.586000Z;2025-06-10T08:34:06.206000Z,2025-06-06T03:01:37.026000Z;2025-06-11T07:45:35.216000Z;2025-06-10T08:37:10.466000Z,RASPISHAKE;RASPISHAKE;RASPISHAKE,https://data.raspberryshake.org/fdsnws/dataselect/1/query;https://data.raspberryshake.org/fdsnws/dataselect/1/query;https://data.raspberryshake.org/fdsnws/dataselect/1/query,AM.R92E0.noise.20250606T025835;AM.R92E0.noise.20250611T074231;AM.R92E0.noise.20250610T083409,ordered_three_chunk_concat_v1,3500;3500;3500,3500;3500;2000,0;3500;7000,3500;7000;9000
478,AM,R92E0,00,EH?,2026-05-20T14:16:19.931000Z,2026-05-20T14:16:54.931000Z,event_template,-5.0,32.69,100.0,preprocessing_v1_0_6,controlled-v1-case-0478,RASPISHAKE,https://data.raspberryshake.org/fdsnws/dataselect/1/query,AM.R92E0.event.20260520T141619,AM;AM;AM,R92E0;R92E0;R92E0,00;00;00,EH?;EH?;EH?,2025-06-11T13:41:16.196000Z;2025-06-06T02:58:33.056000Z;2025-06-05T07:10:39.056000Z,2025-06-11T13:44:20.316000Z;2025-06-06T03:01:37.026000Z;2025-06-05T07:13:43.656000Z,RASPISHAKE;RASPISHAKE;RASPISHAKE,https://data.raspberryshake.org/fdsnws/dataselect/1/query;https://data.raspberryshake.org/fdsnws/dataselect/1/query;https://data.raspberryshake.org/fdsnws/dataselect/1/query,AM.R92E0.noise.20250611T134117;AM.R92E0.noise.20250606T025835;AM.R92E0.noise.20250605T071041,ordered_three_chunk_concat_v1,3500;3500;3500,3500;3500;2000,0;3500;7000,3500;7000;9000
479,AM,R92E0,00,EH?,2026-05-20T14:16:19.931000Z,2026-05-20T14:16:54.931000Z,event_template,0.0,32.69,100.0,preprocessing_v1_0_6,controlled-v1-case-0479,RASPISHAKE,https://data.raspberryshake.org/fdsnws/dataselect/1/query,AM.R92E0.event.20260520T141619,AM;AM;AM,R92E0;R92E0;R92E0,00;00;00,EH?;EH?;EH?,2025-06-11T13:41:16.196000Z;2025-06-06T02:58:33.056000Z;2025-06-05T07:10:39.056000Z,2025-06-11T13:44:20.316000Z;2025-06-06T03:01:37.026000Z;2025-06-05T07:13:43.656000Z,RASPISHAKE;RASPISHAKE;RASPISHAKE,https://data.raspberryshake.org/fdsnws/dataselect/1/query;https://data.raspberryshake.org/fdsnws/dataselect/1/query;https://data.raspberryshake.org/fdsnws/dataselect/1/query,AM.R92E0.noise.20250611T134117;AM.R92E0.noise.20250606T025835;AM.R92E0.noise.20250605T071041,ordered_three_chunk_concat_v1,3500;3500;3500,3500;3500;2000,0;3500;7000,3500;7000;9000
480,AM,R92E0,00,EH?,2026-05-20T14:16:19.931000Z,2026-05-20T14:16:54.931000Z,event_template,5.0,32.69,100.0,preprocessing_v1_0_6,controlled-v1-case-0480,RASPISHAKE,https://data.raspberryshake.org/fdsnws/dataselect/1/query,AM.R92E0.event.20260520T141619,AM;AM;AM,R92E0;R92E0;R92E0,00;00;00,EH?;EH?;EH?,2025-06-11T13:41:16.196000Z;2025-06-06T02:58:33.056000Z;2025-06-05T07:10:39.056000Z,2025-06-11T13:44:20.316000Z;2025-06-06T03:01:37.026000Z;2025-06-05T07:13:43.656000Z,RASPISHAKE;RASPISHAKE;RASPISHAKE,https://data.raspberryshake.org/fdsnws/dataselect/1/query;https://data.raspberryshake.org/fdsnws/dataselect/1/query;https://data.raspberryshake.org/fdsnws/dataselect/1/query,AM.R92E0.noise.20250611T134117;AM.R92E0.noise.20250606T025835;AM.R92E0.noise.20250605T071041,ordered_three_chunk_concat_v1,3500;3500;3500,3500;3500;2000,0;3500;7000,3500;7000;9000
481,AM,R976A,00,EH?,2025-11-24T16:31:41.647000Z,2025-11-24T16:32:16.647000Z,event_template,-5.0,49.8,100.0,preprocessing_v1_0_6,controlled-v1-case-0481,RASPISHAKE,https://data.raspberryshake.org/fdsnws/dataselect/1/query,AM.R976A.event.20251124T163141,AM;AM;AM,R976A;R976A;R976A,00;00;00,EH?;EH?;EH?,2025-06-08T09:18:51.377000Z;2025-06-05T12:58:04.037000Z;2025-06-06T16:03:39.017000Z,2025-06-08T09:21:54.277000Z;2025-06-05T13:01:07.007000Z;2025-06-06T16:06:43.237000Z,RASPISHAKE;RASPISHAKE;RASPISHAKE,https://data.raspberryshake.org/fdsnws/dataselect/1/query;https://data.raspberryshake.org/fdsnws/dataselect/1/query;https://data.raspberryshake.org/fdsnws/dataselect/1/query,AM.R976A.noise.20250608T091852;AM.R976A.noise.20250605T125804;AM.R976A.noise.20250606T160341,ordered_three_chunk_concat_v1,3500;3500;3500,3500;3500;2000,0;3500;7000,3500;7000;9000
482,AM,R976A,00,EH?,2025-11-24T16:31:41.647000Z,2025-11-24T16:32:16.647000Z,event_template,0.0,49.8,100.0,preprocessing_v1_0_6,controlled-v1-case-0482,RASPISHAKE,https://data.raspberryshake.org/fdsnws/dataselect/1/query,AM.R976A.event.20251124T163141,AM;AM;AM,R976A;R976A;R976A,00;00;00,EH?;EH?;EH?,2025-06-08T09:18:51.377000Z;2025-06-05T12:58:04.037000Z;2025-06-06T16:03:39.017000Z,2025-06-08T09:21:54.277000Z;2025-06-05T13:01:07.007000Z;2025-06-06T16:06:43.237000Z,RASPISHAKE;RASPISHAKE;RASPISHAKE,https://data.raspberryshake.org/fdsnws/dataselect/1/query;https://data.raspberryshake.org/fdsnws/dataselect/1/query;https://data.raspberryshake.org/fdsnws/dataselect/1/query,AM.R976A.noise.20250608T091852;AM.R976A.noise.20250605T125804;AM.R976A.noise.20250606T160341,ordered_three_chunk_concat_v1,3500;3500;3500,3500;3500;2000,0;3500;7000,3500;7000;9000
483,AM,R976A,00,EH?,2025-11-24T16:31:41.647000Z,2025-11-24T16:32:16.647000Z,event_template,5.0,49.8,100.0,preprocessing_v1_0_6,controlled-v1-case-0483,RASPISHAKE,https://data.raspberryshake.org/fdsnws/dataselect/1/query,AM.R976A.event.20251124T163141,AM;AM;AM,R976A;R976A;R976A,00;00;00,EH?;EH?;EH?,2025-06-08T09:18:51.377000Z;2025-06-05T12:58:04.037000Z;2025-06-06T16:03:39.017000Z,2025-06-08T09:21:54.277000Z;2025-06-05T13:01:07.007000Z;2025-06-06T16:06:43.237000Z,RASPISHAKE;RASPISHAKE;RASPISHAKE,https://data.raspberryshake.org/fdsnws/dataselect/1/query;https://data.raspberryshake.org/fdsnws/dataselect/1/query;https://data.raspberryshake.org/fdsnws/dataselect/1/query,AM.R976A.noise.20250608T091852;AM.R976A.noise.20250605T125804;AM.R976A.noise.20250606T160341,ordered_three_chunk_concat_v1,3500;3500;3500,3500;3500;2000,0;3500;7000,3500;7000;9000
484,AM,R976A,00,EH?,2026-02-08T12:01:57.122000Z,2026-02-08T12:02:32.122000Z,event_template,-5.0,20.42,100.0,preprocessing_v1_0_6,controlled-v1-case-0484,RASPISHAKE,https://data.raspberryshake.org/fdsnws/dataselect/1/query,AM.R976A.event.20260208T120157,AM;AM;AM,R976A;R976A;R976A,00;00;00,EH?;EH?;EH?,2025-06-09T07:25:46.147000Z;2025-06-03T22:23:39.477000Z;2025-06-05T12:58:04.037000Z,2025-06-09T07:28:51.557000Z;2025-06-03T22:26:43.477000Z;2025-06-05T13:01:07.007000Z,RASPISHAKE;RASPISHAKE;RASPISHAKE,https://data.raspberryshake.org/fdsnws/dataselect/1/query;https://data.raspberryshake.org/fdsnws/dataselect/1/query;https://data.raspberryshake.org/fdsnws/dataselect/1/query,AM.R976A.noise.20250609T072549;AM.R976A.noise.20250603T222341;AM.R976A.noise.20250605T125804,ordered_three_chunk_concat_v1,3500;3500;3500,3500;3500;2000,0;3500;7000,3500;7000;9000
485,AM,R976A,00,EH?,2026-02-08T12:01:57.122000Z,2026-02-08T12:02:32.122000Z,event_template,0.0,20.42,100.0,preprocessing_v1_0_6,controlled-v1-case-0485,RASPISHAKE,https://data.raspberryshake.org/fdsnws/dataselect/1/query,AM.R976A.event.20260208T120157,AM;AM;AM,R976A;R976A;R976A,00;00;00,EH?;EH?;EH?,2025-06-09T07:25:46.147000Z;2025-06-03T22:23:39.477000Z;2025-06-05T12:58:04.037000Z,2025-06-09T07:28:51.557000Z;2025-06-03T22:26:43.477000Z;2025-06-05T13:01:07.007000Z,RASPISHAKE;RASPISHAKE;RASPISHAKE,https://data.raspberryshake.org/fdsnws/dataselect/1/query;https://data.raspberryshake.org/fdsnws/dataselect/1/query;https://data.raspberryshake.org/fdsnws/dataselect/1/query,AM.R976A.noise.20250609T072549;AM.R976A.noise.20250603T222341;AM.R976A.noise.20250605T125804,ordered_three_chunk_concat_v1,3500;3500;3500,3500;3500;2000,0;3500;7000,3500;7000;9000
486,AM,R976A,00,EH?,2026-02-08T12:01:57.122000Z,2026-02-08T12:02:32.122000Z,event_template,5.0,20.42,100.0,preprocessing_v1_0_6,controlled-v1-case-0486,RASPISHAKE,https://data.raspberryshake.org/fdsnws/dataselect/1/query,AM.R976A.event.20260208T120157,AM;AM;AM,R976A;R976A;R976A,00;00;00,EH?;EH?;EH?,2025-06-09T07:25:46.147000Z;2025-06-03T22:23:39.477000Z;2025-06-05T12:58:04.037000Z,2025-06-09T07:28:51.557000Z;2025-06-03T22:26:43.477000Z;2025-06-05T13:01:07.007000Z,RASPISHAKE;RASPISHAKE;RASPISHAKE,https://data.raspberryshake.org/fdsnws/dataselect/1/query;https://data.raspberryshake.org/fdsnws/dataselect/1/query;https://data.raspberryshake.org/fdsnws/dataselect/1/query,AM.R976A.noise.20250609T072549;AM.R976A.noise.20250603T222341;AM.R976A.noise.20250605T125804,ordered_three_chunk_concat_v1,3500;3500;3500,3500;3500;2000,0;3500;7000,3500;7000;9000
487,AM,R976A,00,EH?,2026-03-17T04:30:13.154000Z,2026-03-17T04:30:48.154000Z,event_template,-5.0,21.1,100.0,preprocessing_v1_0_6,controlled-v1-case-0487,RASPISHAKE,https://data.raspberryshake.org/fdsnws/dataselect/1/query,AM.R976A.event.20260317T043013,AM;AM;AM,R976A;R976A;R976A,00;00;00,EH?;EH?;EH?,2025-06-07T09:11:18.417000Z;2025-06-05T20:40:21.067000Z;2025-06-04T20:32:02.787000Z,2025-06-07T09:14:23.927000Z;2025-06-05T20:43:25.567000Z;2025-06-04T20:35:07.027000Z,RASPISHAKE;RASPISHAKE;RASPISHAKE,https://data.raspberryshake.org/fdsnws/dataselect/1/query;https://data.raspberryshake.org/fdsnws/dataselect/1/query;https://data.raspberryshake.org/fdsnws/dataselect/1/query,AM.R976A.noise.20250607T091120;AM.R976A.noise.20250605T204023;AM.R976A.noise.20250604T203205,ordered_three_chunk_concat_v1,3500;3500;3500,3500;3500;2000,0;3500;7000,3500;7000;9000
488,AM,R976A,00,EH?,2026-03-17T04:30:13.154000Z,2026-03-17T04:30:48.154000Z,event_template,0.0,21.1,100.0,preprocessing_v1_0_6,controlled-v1-case-0488,RASPISHAKE,https://data.raspberryshake.org/fdsnws/dataselect/1/query,AM.R976A.event.20260317T043013,AM;AM;AM,R976A;R976A;R976A,00;00;00,EH?;EH?;EH?,2025-06-07T09:11:18.417000Z;2025-06-05T20:40:21.067000Z;2025-06-04T20:32:02.787000Z,2025-06-07T09:14:23.927000Z;2025-06-05T20:43:25.567000Z;2025-06-04T20:35:07.027000Z,RASPISHAKE;RASPISHAKE;RASPISHAKE,https://data.raspberryshake.org/fdsnws/dataselect/1/query;https://data.raspberryshake.org/fdsnws/dataselect/1/query;https://data.raspberryshake.org/fdsnws/dataselect/1/query,AM.R976A.noise.20250607T091120;AM.R976A.noise.20250605T204023;AM.R976A.noise.20250604T203205,ordered_three_chunk_concat_v1,3500;3500;3500,3500;3500;2000,0;3500;7000,3500;7000;9000
489,AM,R976A,00,EH?,2026-03-17T04:30:13.154000Z,2026-03-17T04:30:48.154000Z,event_template,5.0,21.1,100.0,preprocessing_v1_0_6,controlled-v1-case-0489,RASPISHAKE,https://data.raspberryshake.org/fdsnws/dataselect/1/query,AM.R976A.event.20260317T043013,AM;AM;AM,R976A;R976A;R976A,00;00;00,EH?;EH?;EH?,2025-06-07T09:11:18.417000Z;2025-06-05T20:40:21.067000Z;2025-06-04T20:32:02.787000Z,2025-06-07T09:14:23.927000Z;2025-06-05T20:43:25.567000Z;2025-06-04T20:35:07.027000Z,RASPISHAKE;RASPISHAKE;RASPISHAKE,https://data.raspberryshake.org/fdsnws/dataselect/1/query;https://data.raspberryshake.org/fdsnws/dataselect/1/query;https://data.raspberryshake.org/fdsnws/dataselect/1/query,AM.R976A.noise.20250607T091120;AM.R976A.noise.20250605T204023;AM.R976A.noise.20250604T203205,ordered_three_chunk_concat_v1,3500;3500;3500,3500;3500;2000,0;3500;7000,3500;7000;9000
490,AM,R976A,00,EH?,2026-03-30T02:24:22.560000Z,2026-03-30T02:24:57.560000Z,event_template,-5.0,53.27,100.0,preprocessing_v1_0_6,controlled-v1-case-0490,RASPISHAKE,https://data.raspberryshake.org/fdsnws/dataselect/1/query,AM.R976A.event.20260330T022422,AM;AM;AM,R976A;R976A;R976A,00;00;00,EH?;EH?;EH?,2025-06-07T23:52:56.727000Z;2025-06-08T09:18:51.377000Z;2025-06-06T00:40:40.937000Z,2025-06-07T23:56:02.187000Z;2025-06-08T09:21:54.277000Z;2025-06-06T00:43:44.657000Z,RASPISHAKE;RASPISHAKE;RASPISHAKE,https://data.raspberryshake.org/fdsnws/dataselect/1/query;https://data.raspberryshake.org/fdsnws/dataselect/1/query;https://data.raspberryshake.org/fdsnws/dataselect/1/query,AM.R976A.noise.20250607T235259;AM.R976A.noise.20250608T091852;AM.R976A.noise.20250606T004041,ordered_three_chunk_concat_v1,3500;3500;3500,3500;3500;2000,0;3500;7000,3500;7000;9000
491,AM,R976A,00,EH?,2026-03-30T02:24:22.560000Z,2026-03-30T02:24:57.560000Z,event_template,0.0,53.27,100.0,preprocessing_v1_0_6,controlled-v1-case-0491,RASPISHAKE,https://data.raspberryshake.org/fdsnws/dataselect/1/query,AM.R976A.event.20260330T022422,AM;AM;AM,R976A;R976A;R976A,00;00;00,EH?;EH?;EH?,2025-06-07T23:52:56.727000Z;2025-06-08T09:18:51.377000Z;2025-06-06T00:40:40.937000Z,2025-06-07T23:56:02.187000Z;2025-06-08T09:21:54.277000Z;2025-06-06T00:43:44.657000Z,RASPISHAKE;RASPISHAKE;RASPISHAKE,https://data.raspberryshake.org/fdsnws/dataselect/1/query;https://data.raspberryshake.org/fdsnws/dataselect/1/query;https://data.raspberryshake.org/fdsnws/dataselect/1/query,AM.R976A.noise.20250607T235259;AM.R976A.noise.20250608T091852;AM.R976A.noise.20250606T004041,ordered_three_chunk_concat_v1,3500;3500;3500,3500;3500;2000,0;3500;7000,3500;7000;9000
492,AM,R976A,00,EH?,2026-03-30T02:24:22.560000Z,2026-03-30T02:24:57.560000Z,event_template,5.0,53.27,100.0,preprocessing_v1_0_6,controlled-v1-case-0492,RASPISHAKE,https://data.raspberryshake.org/fdsnws/dataselect/1/query,AM.R976A.event.20260330T022422,AM;AM;AM,R976A;R976A;R976A,00;00;00,EH?;EH?;EH?,2025-06-07T23:52:56.727000Z;2025-06-08T09:18:51.377000Z;2025-06-06T00:40:40.937000Z,2025-06-07T23:56:02.187000Z;2025-06-08T09:21:54.277000Z;2025-06-06T00:43:44.657000Z,RASPISHAKE;RASPISHAKE;RASPISHAKE,https://data.raspberryshake.org/fdsnws/dataselect/1/query;https://data.raspberryshake.org/fdsnws/dataselect/1/query;https://data.raspberryshake.org/fdsnws/dataselect/1/query,AM.R976A.noise.20250607T235259;AM.R976A.noise.20250608T091852;AM.R976A.noise.20250606T004041,ordered_three_chunk_concat_v1,3500;3500;3500,3500;3500;2000,0;3500;7000,3500;7000;9000
493,AM,R976A,00,EH?,2026-04-04T06:00:56.940000Z,2026-04-04T06:01:31.940000Z,event_template,-5.0,38.28,100.0,preprocessing_v1_0_6,controlled-v1-case-0493,RASPISHAKE,https://data.raspberryshake.org/fdsnws/dataselect/1/query,AM.R976A.event.20260404T060056,AM;AM;AM,R976A;R976A;R976A,00;00;00,EH?;EH?;EH?,2025-06-06T16:03:39.017000Z;2025-06-08T16:25:04.837000Z;2025-06-05T20:40:21.067000Z,2025-06-06T16:06:43.237000Z;2025-06-08T16:28:09.737000Z;2025-06-05T20:43:25.567000Z,RASPISHAKE;RASPISHAKE;RASPISHAKE,https://data.raspberryshake.org/fdsnws/dataselect/1/query;https://data.raspberryshake.org/fdsnws/dataselect/1/query;https://data.raspberryshake.org/fdsnws/dataselect/1/query,AM.R976A.noise.20250606T160341;AM.R976A.noise.20250608T162507;AM.R976A.noise.20250605T204023,ordered_three_chunk_concat_v1,3500;3500;3500,3500;3500;2000,0;3500;7000,3500;7000;9000
494,AM,R976A,00,EH?,2026-04-04T06:00:56.940000Z,2026-04-04T06:01:31.940000Z,event_template,0.0,38.28,100.0,preprocessing_v1_0_6,controlled-v1-case-0494,RASPISHAKE,https://data.raspberryshake.org/fdsnws/dataselect/1/query,AM.R976A.event.20260404T060056,AM;AM;AM,R976A;R976A;R976A,00;00;00,EH?;EH?;EH?,2025-06-06T16:03:39.017000Z;2025-06-08T16:25:04.837000Z;2025-06-05T20:40:21.067000Z,2025-06-06T16:06:43.237000Z;2025-06-08T16:28:09.737000Z;2025-06-05T20:43:25.567000Z,RASPISHAKE;RASPISHAKE;RASPISHAKE,https://data.raspberryshake.org/fdsnws/dataselect/1/query;https://data.raspberryshake.org/fdsnws/dataselect/1/query;https://data.raspberryshake.org/fdsnws/dataselect/1/query,AM.R976A.noise.20250606T160341;AM.R976A.noise.20250608T162507;AM.R976A.noise.20250605T204023,ordered_three_chunk_concat_v1,3500;3500;3500,3500;3500;2000,0;3500;7000,3500;7000;9000
495,AM,R976A,00,EH?,2026-04-04T06:00:56.940000Z,2026-04-04T06:01:31.940000Z,event_template,5.0,38.28,100.0,preprocessing_v1_0_6,controlled-v1-case-0495,RASPISHAKE,https://data.raspberryshake.org/fdsnws/dataselect/1/query,AM.R976A.event.20260404T060056,AM;AM;AM,R976A;R976A;R976A,00;00;00,EH?;EH?;EH?,2025-06-06T16:03:39.017000Z;2025-06-08T16:25:04.837000Z;2025-06-05T20:40:21.067000Z,2025-06-06T16:06:43.237000Z;2025-06-08T16:28:09.737000Z;2025-06-05T20:43:25.567000Z,RASPISHAKE;RASPISHAKE;RASPISHAKE,https://data.raspberryshake.org/fdsnws/dataselect/1/query;https://data.raspberryshake.org/fdsnws/dataselect/1/query;https://data.raspberryshake.org/fdsnws/dataselect/1/query,AM.R976A.noise.20250606T160341;AM.R976A.noise.20250608T162507;AM.R976A.noise.20250605T204023,ordered_three_chunk_concat_v1,3500;3500;3500,3500;3500;2000,0;3500;7000,3500;7000;9000
496,AM,R976A,00,EH?,2026-05-06T13:48:30.450000Z,2026-05-06T13:49:05.450000Z,event_template,-5.0,29.41,100.0,preprocessing_v1_0_6,controlled-v1-case-0496,RASPISHAKE,https://data.raspberryshake.org/fdsnws/dataselect/1/query,AM.R976A.event.20260506T134830,AM;AM;AM,R976A;R976A;R976A,00;00;00,EH?;EH?;EH?,2025-06-10T22:22:10.537000Z;2025-06-08T15:34:39.647000Z;2025-06-05T10:07:21.677000Z,2025-06-10T22:25:16.067000Z;2025-06-08T15:37:44.967000Z;2025-06-05T10:10:26.377000Z,RASPISHAKE;RASPISHAKE;RASPISHAKE,https://data.raspberryshake.org/fdsnws/dataselect/1/query;https://data.raspberryshake.org/fdsnws/dataselect/1/query;https://data.raspberryshake.org/fdsnws/dataselect/1/query,AM.R976A.noise.20250610T222213;AM.R976A.noise.20250608T153442;AM.R976A.noise.20250605T100724,ordered_three_chunk_concat_v1,3500;3500;3500,3500;3500;2000,0;3500;7000,3500;7000;9000
497,AM,R976A,00,EH?,2026-05-06T13:48:30.450000Z,2026-05-06T13:49:05.450000Z,event_template,0.0,29.41,100.0,preprocessing_v1_0_6,controlled-v1-case-0497,RASPISHAKE,https://data.raspberryshake.org/fdsnws/dataselect/1/query,AM.R976A.event.20260506T134830,AM;AM;AM,R976A;R976A;R976A,00;00;00,EH?;EH?;EH?,2025-06-10T22:22:10.537000Z;2025-06-08T15:34:39.647000Z;2025-06-05T10:07:21.677000Z,2025-06-10T22:25:16.067000Z;2025-06-08T15:37:44.967000Z;2025-06-05T10:10:26.377000Z,RASPISHAKE;RASPISHAKE;RASPISHAKE,https://data.raspberryshake.org/fdsnws/dataselect/1/query;https://data.raspberryshake.org/fdsnws/dataselect/1/query;https://data.raspberryshake.org/fdsnws/dataselect/1/query,AM.R976A.noise.20250610T222213;AM.R976A.noise.20250608T153442;AM.R976A.noise.20250605T100724,ordered_three_chunk_concat_v1,3500;3500;3500,3500;3500;2000,0;3500;7000,3500;7000;9000
498,AM,R976A,00,EH?,2026-05-06T13:48:30.450000Z,2026-05-06T13:49:05.450000Z,event_template,5.0,29.41,100.0,preprocessing_v1_0_6,controlled-v1-case-0498,RASPISHAKE,https://data.raspberryshake.org/fdsnws/dataselect/1/query,AM.R976A.event.20260506T134830,AM;AM;AM,R976A;R976A;R976A,00;00;00,EH?;EH?;EH?,2025-06-10T22:22:10.537000Z;2025-06-08T15:34:39.647000Z;2025-06-05T10:07:21.677000Z,2025-06-10T22:25:16.067000Z;2025-06-08T15:37:44.967000Z;2025-06-05T10:10:26.377000Z,RASPISHAKE;RASPISHAKE;RASPISHAKE,https://data.raspberryshake.org/fdsnws/dataselect/1/query;https://data.raspberryshake.org/fdsnws/dataselect/1/query;https://data.raspberryshake.org/fdsnws/dataselect/1/query,AM.R976A.noise.20250610T222213;AM.R976A.noise.20250608T153442;AM.R976A.noise.20250605T100724,ordered_three_chunk_concat_v1,3500;3500;3500,3500;3500;2000,0;3500;7000,3500;7000;9000
499,AM,R976A,00,EH?,2026-05-13T08:22:09.090000Z,2026-05-13T08:22:44.090000Z,event_template,-5.0,32.51,100.0,preprocessing_v1_0_6,controlled-v1-case-0499,RASPISHAKE,https://data.raspberryshake.org/fdsnws/dataselect/1/query,AM.R976A.event.20260513T082209,AM;AM;AM,R976A;R976A;R976A,00;00;00,EH?;EH?;EH?,2025-06-01T15:15:16.557000Z;2025-06-03T00:03:53.607000Z;2025-06-01T00:58:51.057000Z,2025-06-01T15:18:20.897000Z;2025-06-03T00:06:58.597000Z;2025-06-01T01:01:54.647000Z,RASPISHAKE;RASPISHAKE;RASPISHAKE,https://data.raspberryshake.org/fdsnws/dataselect/1/query;https://data.raspberryshake.org/fdsnws/dataselect/1/query;https://data.raspberryshake.org/fdsnws/dataselect/1/query,AM.R976A.noise.20250601T151518;AM.R976A.noise.20250603T000356;AM.R976A.noise.20250601T005852,ordered_three_chunk_concat_v1,3500;3500;3500,3500;3500;2000,0;3500;7000,3500;7000;9000
500,AM,R976A,00,EH?,2026-05-13T08:22:09.090000Z,2026-05-13T08:22:44.090000Z,event_template,0.0,32.51,100.0,preprocessing_v1_0_6,controlled-v1-case-0500,RASPISHAKE,https://data.raspberryshake.org/fdsnws/dataselect/1/query,AM.R976A.event.20260513T082209,AM;AM;AM,R976A;R976A;R976A,00;00;00,EH?;EH?;EH?,2025-06-01T15:15:16.557000Z;2025-06-03T00:03:53.607000Z;2025-06-01T00:58:51.057000Z,2025-06-01T15:18:20.897000Z;2025-06-03T00:06:58.597000Z;2025-06-01T01:01:54.647000Z,RASPISHAKE;RASPISHAKE;RASPISHAKE,https://data.raspberryshake.org/fdsnws/dataselect/1/query;https://data.raspberryshake.org/fdsnws/dataselect/1/query;https://data.raspberryshake.org/fdsnws/dataselect/1/query,AM.R976A.noise.20250601T151518;AM.R976A.noise.20250603T000356;AM.R976A.noise.20250601T005852,ordered_three_chunk_concat_v1,3500;3500;3500,3500;3500;2000,0;3500;7000,3500;7000;9000
501,AM,R976A,00,EH?,2026-05-13T08:22:09.090000Z,2026-05-13T08:22:44.090000Z,event_template,5.0,32.51,100.0,preprocessing_v1_0_6,controlled-v1-case-0501,RASPISHAKE,https://data.raspberryshake.org/fdsnws/dataselect/1/query,AM.R976A.event.20260513T082209,AM;AM;AM,R976A;R976A;R976A,00;00;00,EH?;EH?;EH?,2025-06-01T15:15:16.557000Z;2025-06-03T00:03:53.607000Z;2025-06-01T00:58:51.057000Z,2025-06-01T15:18:20.897000Z;2025-06-03T00:06:58.597000Z;2025-06-01T01:01:54.647000Z,RASPISHAKE;RASPISHAKE;RASPISHAKE,https://data.raspberryshake.org/fdsnws/dataselect/1/query;https://data.raspberryshake.org/fdsnws/dataselect/1/query;https://data.raspberryshake.org/fdsnws/dataselect/1/query,AM.R976A.noise.20250601T151518;AM.R976A.noise.20250603T000356;AM.R976A.noise.20250601T005852,ordered_three_chunk_concat_v1,3500;3500;3500,3500;3500;2000,0;3500;7000,3500;7000;9000
502,AM,R976A,00,EH?,2026-05-31T18:11:53.480000Z,2026-05-31T18:12:28.480000Z,event_template,-5.0,41.83,100.0,preprocessing_v1_0_6,controlled-v1-case-0502,RASPISHAKE,https://data.raspberryshake.org/fdsnws/dataselect/1/query,AM.R976A.event.20260531T181153,AM;AM;AM,R976A;R976A;R976A,00;00;00,EH?;EH?;EH?,2025-06-02T19:28:37.357000Z;2025-06-03T19:32:20.307000Z;2025-06-02T14:31:42.227000Z,2025-06-02T19:31:42.047000Z;2025-06-03T19:35:25.027000Z;2025-06-02T14:34:46.737000Z,RASPISHAKE;RASPISHAKE;RASPISHAKE,https://data.raspberryshake.org/fdsnws/dataselect/1/query;https://data.raspberryshake.org/fdsnws/dataselect/1/query;https://data.raspberryshake.org/fdsnws/dataselect/1/query,AM.R976A.noise.20250602T192840;AM.R976A.noise.20250603T193222;AM.R976A.noise.20250602T143144,ordered_three_chunk_concat_v1,3500;3500;3500,3500;3500;2000,0;3500;7000,3500;7000;9000
503,AM,R976A,00,EH?,2026-05-31T18:11:53.480000Z,2026-05-31T18:12:28.480000Z,event_template,0.0,41.83,100.0,preprocessing_v1_0_6,controlled-v1-case-0503,RASPISHAKE,https://data.raspberryshake.org/fdsnws/dataselect/1/query,AM.R976A.event.20260531T181153,AM;AM;AM,R976A;R976A;R976A,00;00;00,EH?;EH?;EH?,2025-06-02T19:28:37.357000Z;2025-06-03T19:32:20.307000Z;2025-06-02T14:31:42.227000Z,2025-06-02T19:31:42.047000Z;2025-06-03T19:35:25.027000Z;2025-06-02T14:34:46.737000Z,RASPISHAKE;RASPISHAKE;RASPISHAKE,https://data.raspberryshake.org/fdsnws/dataselect/1/query;https://data.raspberryshake.org/fdsnws/dataselect/1/query;https://data.raspberryshake.org/fdsnws/dataselect/1/query,AM.R976A.noise.20250602T192840;AM.R976A.noise.20250603T193222;AM.R976A.noise.20250602T143144,ordered_three_chunk_concat_v1,3500;3500;3500,3500;3500;2000,0;3500;7000,3500;7000;9000
504,AM,R976A,00,EH?,2026-05-31T18:11:53.480000Z,2026-05-31T18:12:28.480000Z,event_template,5.0,41.83,100.0,preprocessing_v1_0_6,controlled-v1-case-0504,RASPISHAKE,https://data.raspberryshake.org/fdsnws/dataselect/1/query,AM.R976A.event.20260531T181153,AM;AM;AM,R976A;R976A;R976A,00;00;00,EH?;EH?;EH?,2025-06-02T19:28:37.357000Z;2025-06-03T19:32:20.307000Z;2025-06-02T14:31:42.227000Z,2025-06-02T19:31:42.047000Z;2025-06-03T19:35:25.027000Z;2025-06-02T14:34:46.737000Z,RASPISHAKE;RASPISHAKE;RASPISHAKE,https://data.raspberryshake.org/fdsnws/dataselect/1/query;https://data.raspberryshake.org/fdsnws/dataselect/1/query;https://data.raspberryshake.org/fdsnws/dataselect/1/query,AM.R976A.noise.20250602T192840;AM.R976A.noise.20250603T193222;AM.R976A.noise.20250602T143144,ordered_three_chunk_concat_v1,3500;3500;3500,3500;3500;2000,0;3500;7000,3500;7000;9000
505,AM,R985F,00,EH?,2026-02-16T20:04:19.116000Z,2026-02-16T20:04:54.116000Z,event_template,-5.0,25.54,100.0,preprocessing_v1_0_6,controlled-v1-case-0505,RASPISHAKE,https://data.raspberryshake.org/fdsnws/dataselect/1/query,AM.R985F.event.20260216T200419,AM;AM;AM,R985F;R985F;R985F,00;00;00,EH?;EH?;EH?,2025-06-03T13:01:08.126000Z;2025-06-08T15:34:39.656000Z;2025-06-05T10:07:20.526000Z,2025-06-03T13:04:15.486000Z;2025-06-08T15:37:45.366000Z;2025-06-05T10:10:27.496000Z,RASPISHAKE;RASPISHAKE;RASPISHAKE,https://data.raspberryshake.org/fdsnws/dataselect/1/query;https://data.raspberryshake.org/fdsnws/dataselect/1/query;https://data.raspberryshake.org/fdsnws/dataselect/1/query,AM.R985F.noise.20250603T130111;AM.R985F.noise.20250608T153442;AM.R985F.noise.20250605T100724,ordered_three_chunk_concat_v1,3500;3500;3500,3500;3500;2000,0;3500;7000,3500;7000;9000
506,AM,R985F,00,EH?,2026-02-16T20:04:19.116000Z,2026-02-16T20:04:54.116000Z,event_template,0.0,25.54,100.0,preprocessing_v1_0_6,controlled-v1-case-0506,RASPISHAKE,https://data.raspberryshake.org/fdsnws/dataselect/1/query,AM.R985F.event.20260216T200419,AM;AM;AM,R985F;R985F;R985F,00;00;00,EH?;EH?;EH?,2025-06-03T13:01:08.126000Z;2025-06-08T15:34:39.656000Z;2025-06-05T10:07:20.526000Z,2025-06-03T13:04:15.486000Z;2025-06-08T15:37:45.366000Z;2025-06-05T10:10:27.496000Z,RASPISHAKE;RASPISHAKE;RASPISHAKE,https://data.raspberryshake.org/fdsnws/dataselect/1/query;https://data.raspberryshake.org/fdsnws/dataselect/1/query;https://data.raspberryshake.org/fdsnws/dataselect/1/query,AM.R985F.noise.20250603T130111;AM.R985F.noise.20250608T153442;AM.R985F.noise.20250605T100724,ordered_three_chunk_concat_v1,3500;3500;3500,3500;3500;2000,0;3500;7000,3500;7000;9000
507,AM,R985F,00,EH?,2026-02-16T20:04:19.116000Z,2026-02-16T20:04:54.116000Z,event_template,5.0,25.54,100.0,preprocessing_v1_0_6,controlled-v1-case-0507,RASPISHAKE,https://data.raspberryshake.org/fdsnws/dataselect/1/query,AM.R985F.event.20260216T200419,AM;AM;AM,R985F;R985F;R985F,00;00;00,EH?;EH?;EH?,2025-06-03T13:01:08.126000Z;2025-06-08T15:34:39.656000Z;2025-06-05T10:07:20.526000Z,2025-06-03T13:04:15.486000Z;2025-06-08T15:37:45.366000Z;2025-06-05T10:10:27.496000Z,RASPISHAKE;RASPISHAKE;RASPISHAKE,https://data.raspberryshake.org/fdsnws/dataselect/1/query;https://data.raspberryshake.org/fdsnws/dataselect/1/query;https://data.raspberryshake.org/fdsnws/dataselect/1/query,AM.R985F.noise.20250603T130111;AM.R985F.noise.20250608T153442;AM.R985F.noise.20250605T100724,ordered_three_chunk_concat_v1,3500;3500;3500,3500;3500;2000,0;3500;7000,3500;7000;9000
508,AM,R985F,00,EH?,2026-02-17T22:36:12.666000Z,2026-02-17T22:36:47.666000Z,event_template,-5.0,40.3,100.0,preprocessing_v1_0_6,controlled-v1-case-0508,RASPISHAKE,https://data.raspberryshake.org/fdsnws/dataselect/1/query,AM.R985F.event.20260217T223612,AM;AM;AM,R985F;R985F;R985F,00;00;00,EH?;EH?;EH?,2025-06-10T08:34:06.276000Z;2025-06-04T04:12:20.636000Z;2025-06-02T19:28:38.206000Z,2025-06-10T08:37:11.506000Z;2025-06-04T04:15:27.996000Z;2025-06-02T19:31:42.746000Z,RASPISHAKE;RASPISHAKE;RASPISHAKE,https://data.raspberryshake.org/fdsnws/dataselect/1/query;https://data.raspberryshake.org/fdsnws/dataselect/1/query;https://data.raspberryshake.org/fdsnws/dataselect/1/query,AM.R985F.noise.20250610T083409;AM.R985F.noise.20250604T041225;AM.R985F.noise.20250602T192840,ordered_three_chunk_concat_v1,3500;3500;3500,3500;3500;2000,0;3500;7000,3500;7000;9000
509,AM,R985F,00,EH?,2026-02-17T22:36:12.666000Z,2026-02-17T22:36:47.666000Z,event_template,0.0,40.3,100.0,preprocessing_v1_0_6,controlled-v1-case-0509,RASPISHAKE,https://data.raspberryshake.org/fdsnws/dataselect/1/query,AM.R985F.event.20260217T223612,AM;AM;AM,R985F;R985F;R985F,00;00;00,EH?;EH?;EH?,2025-06-10T08:34:06.276000Z;2025-06-04T04:12:20.636000Z;2025-06-02T19:28:38.206000Z,2025-06-10T08:37:11.506000Z;2025-06-04T04:15:27.996000Z;2025-06-02T19:31:42.746000Z,RASPISHAKE;RASPISHAKE;RASPISHAKE,https://data.raspberryshake.org/fdsnws/dataselect/1/query;https://data.raspberryshake.org/fdsnws/dataselect/1/query;https://data.raspberryshake.org/fdsnws/dataselect/1/query,AM.R985F.noise.20250610T083409;AM.R985F.noise.20250604T041225;AM.R985F.noise.20250602T192840,ordered_three_chunk_concat_v1,3500;3500;3500,3500;3500;2000,0;3500;7000,3500;7000;9000
510,AM,R985F,00,EH?,2026-02-17T22:36:12.666000Z,2026-02-17T22:36:47.666000Z,event_template,5.0,40.3,100.0,preprocessing_v1_0_6,controlled-v1-case-0510,RASPISHAKE,https://data.raspberryshake.org/fdsnws/dataselect/1/query,AM.R985F.event.20260217T223612,AM;AM;AM,R985F;R985F;R985F,00;00;00,EH?;EH?;EH?,2025-06-10T08:34:06.276000Z;2025-06-04T04:12:20.636000Z;2025-06-02T19:28:38.206000Z,2025-06-10T08:37:11.506000Z;2025-06-04T04:15:27.996000Z;2025-06-02T19:31:42.746000Z,RASPISHAKE;RASPISHAKE;RASPISHAKE,https://data.raspberryshake.org/fdsnws/dataselect/1/query;https://data.raspberryshake.org/fdsnws/dataselect/1/query;https://data.raspberryshake.org/fdsnws/dataselect/1/query,AM.R985F.noise.20250610T083409;AM.R985F.noise.20250604T041225;AM.R985F.noise.20250602T192840,ordered_three_chunk_concat_v1,3500;3500;3500,3500;3500;2000,0;3500;7000,3500;7000;9000
511,AM,R985F,00,EH?,2026-02-25T20:16:23.416000Z,2026-02-25T20:16:58.416000Z,event_template,-5.0,34.0,100.0,preprocessing_v1_0_6,controlled-v1-case-0511,RASPISHAKE,https://data.raspberryshake.org/fdsnws/dataselect/1/query,AM.R985F.event.20260225T201623,AM;AM;AM,R985F;R985F;R985F,00;00;00,EH?;EH?;EH?,2025-06-02T14:31:42.186000Z;2025-06-09T07:25:45.166000Z;2025-06-05T10:07:20.526000Z,2025-06-02T14:34:47.016000Z;2025-06-09T07:28:53.566000Z;2025-06-05T10:10:27.496000Z,RASPISHAKE;RASPISHAKE;RASPISHAKE,https://data.raspberryshake.org/fdsnws/dataselect/1/query;https://data.raspberryshake.org/fdsnws/dataselect/1/query;https://data.raspberryshake.org/fdsnws/dataselect/1/query,AM.R985F.noise.20250602T143144;AM.R985F.noise.20250609T072549;AM.R985F.noise.20250605T100724,ordered_three_chunk_concat_v1,3500;3500;3500,3500;3500;2000,0;3500;7000,3500;7000;9000
512,AM,R985F,00,EH?,2026-02-25T20:16:23.416000Z,2026-02-25T20:16:58.416000Z,event_template,0.0,34.0,100.0,preprocessing_v1_0_6,controlled-v1-case-0512,RASPISHAKE,https://data.raspberryshake.org/fdsnws/dataselect/1/query,AM.R985F.event.20260225T201623,AM;AM;AM,R985F;R985F;R985F,00;00;00,EH?;EH?;EH?,2025-06-02T14:31:42.186000Z;2025-06-09T07:25:45.166000Z;2025-06-05T10:07:20.526000Z,2025-06-02T14:34:47.016000Z;2025-06-09T07:28:53.566000Z;2025-06-05T10:10:27.496000Z,RASPISHAKE;RASPISHAKE;RASPISHAKE,https://data.raspberryshake.org/fdsnws/dataselect/1/query;https://data.raspberryshake.org/fdsnws/dataselect/1/query;https://data.raspberryshake.org/fdsnws/dataselect/1/query,AM.R985F.noise.20250602T143144;AM.R985F.noise.20250609T072549;AM.R985F.noise.20250605T100724,ordered_three_chunk_concat_v1,3500;3500;3500,3500;3500;2000,0;3500;7000,3500;7000;9000
513,AM,R985F,00,EH?,2026-02-25T20:16:23.416000Z,2026-02-25T20:16:58.416000Z,event_template,5.0,34.0,100.0,preprocessing_v1_0_6,controlled-v1-case-0513,RASPISHAKE,https://data.raspberryshake.org/fdsnws/dataselect/1/query,AM.R985F.event.20260225T201623,AM;AM;AM,R985F;R985F;R985F,00;00;00,EH?;EH?;EH?,2025-06-02T14:31:42.186000Z;2025-06-09T07:25:45.166000Z;2025-06-05T10:07:20.526000Z,2025-06-02T14:34:47.016000Z;2025-06-09T07:28:53.566000Z;2025-06-05T10:10:27.496000Z,RASPISHAKE;RASPISHAKE;RASPISHAKE,https://data.raspberryshake.org/fdsnws/dataselect/1/query;https://data.raspberryshake.org/fdsnws/dataselect/1/query;https://data.raspberryshake.org/fdsnws/dataselect/1/query,AM.R985F.noise.20250602T143144;AM.R985F.noise.20250609T072549;AM.R985F.noise.20250605T100724,ordered_three_chunk_concat_v1,3500;3500;3500,3500;3500;2000,0;3500;7000,3500;7000;9000
514,AM,R985F,00,EH?,2026-03-01T19:00:37.516000Z,2026-03-01T19:01:12.516000Z,event_template,-5.0,38.42,100.0,preprocessing_v1_0_6,controlled-v1-case-0514,RASPISHAKE,https://data.raspberryshake.org/fdsnws/dataselect/1/query,AM.R985F.event.20260301T190037,AM;AM;AM,R985F;R985F;R985F,00;00;00,EH?;EH?;EH?,2025-06-05T10:07:20.526000Z;2025-06-04T04:12:20.636000Z;2025-06-08T15:34:39.656000Z,2025-06-05T10:10:27.496000Z;2025-06-04T04:15:27.996000Z;2025-06-08T15:37:45.366000Z,RASPISHAKE;RASPISHAKE;RASPISHAKE,https://data.raspberryshake.org/fdsnws/dataselect/1/query;https://data.raspberryshake.org/fdsnws/dataselect/1/query;https://data.raspberryshake.org/fdsnws/dataselect/1/query,AM.R985F.noise.20250605T100724;AM.R985F.noise.20250604T041225;AM.R985F.noise.20250608T153442,ordered_three_chunk_concat_v1,3500;3500;3500,3500;3500;2000,0;3500;7000,3500;7000;9000
515,AM,R985F,00,EH?,2026-03-01T19:00:37.516000Z,2026-03-01T19:01:12.516000Z,event_template,0.0,38.42,100.0,preprocessing_v1_0_6,controlled-v1-case-0515,RASPISHAKE,https://data.raspberryshake.org/fdsnws/dataselect/1/query,AM.R985F.event.20260301T190037,AM;AM;AM,R985F;R985F;R985F,00;00;00,EH?;EH?;EH?,2025-06-05T10:07:20.526000Z;2025-06-04T04:12:20.636000Z;2025-06-08T15:34:39.656000Z,2025-06-05T10:10:27.496000Z;2025-06-04T04:15:27.996000Z;2025-06-08T15:37:45.366000Z,RASPISHAKE;RASPISHAKE;RASPISHAKE,https://data.raspberryshake.org/fdsnws/dataselect/1/query;https://data.raspberryshake.org/fdsnws/dataselect/1/query;https://data.raspberryshake.org/fdsnws/dataselect/1/query,AM.R985F.noise.20250605T100724;AM.R985F.noise.20250604T041225;AM.R985F.noise.20250608T153442,ordered_three_chunk_concat_v1,3500;3500;3500,3500;3500;2000,0;3500;7000,3500;7000;9000
516,AM,R985F,00,EH?,2026-03-01T19:00:37.516000Z,2026-03-01T19:01:12.516000Z,event_template,5.0,38.42,100.0,preprocessing_v1_0_6,controlled-v1-case-0516,RASPISHAKE,https://data.raspberryshake.org/fdsnws/dataselect/1/query,AM.R985F.event.20260301T190037,AM;AM;AM,R985F;R985F;R985F,00;00;00,EH?;EH?;EH?,2025-06-05T10:07:20.526000Z;2025-06-04T04:12:20.636000Z;2025-06-08T15:34:39.656000Z,2025-06-05T10:10:27.496000Z;2025-06-04T04:15:27.996000Z;2025-06-08T15:37:45.366000Z,RASPISHAKE;RASPISHAKE;RASPISHAKE,https://data.raspberryshake.org/fdsnws/dataselect/1/query;https://data.raspberryshake.org/fdsnws/dataselect/1/query;https://data.raspberryshake.org/fdsnws/dataselect/1/query,AM.R985F.noise.20250605T100724;AM.R985F.noise.20250604T041225;AM.R985F.noise.20250608T153442,ordered_three_chunk_concat_v1,3500;3500;3500,3500;3500;2000,0;3500;7000,3500;7000;9000
517,AM,R985F,00,EH?,2026-03-11T20:17:11.696000Z,2026-03-11T20:17:46.696000Z,event_template,-5.0,55.18,100.0,preprocessing_v1_0_6,controlled-v1-case-0517,RASPISHAKE,https://data.raspberryshake.org/fdsnws/dataselect/1/query,AM.R985F.event.20260311T201711,AM;AM;AM,R985F;R985F;R985F,00;00;00,EH?;EH?;EH?,2025-06-04T00:48:11.506000Z;2025-06-06T15:29:56.916000Z;2025-06-01T15:15:15.456000Z,2025-06-04T00:51:18.726000Z;2025-06-06T15:33:02.126000Z;2025-06-01T15:18:20.076000Z,RASPISHAKE;RASPISHAKE;RASPISHAKE,https://data.raspberryshake.org/fdsnws/dataselect/1/query;https://data.raspberryshake.org/fdsnws/dataselect/1/query;https://data.raspberryshake.org/fdsnws/dataselect/1/query,AM.R985F.noise.20250604T004815;AM.R985F.noise.20250606T153000;AM.R985F.noise.20250601T151518,ordered_three_chunk_concat_v1,3500;3500;3500,3500;3500;2000,0;3500;7000,3500;7000;9000
518,AM,R985F,00,EH?,2026-03-11T20:17:11.696000Z,2026-03-11T20:17:46.696000Z,event_template,0.0,55.18,100.0,preprocessing_v1_0_6,controlled-v1-case-0518,RASPISHAKE,https://data.raspberryshake.org/fdsnws/dataselect/1/query,AM.R985F.event.20260311T201711,AM;AM;AM,R985F;R985F;R985F,00;00;00,EH?;EH?;EH?,2025-06-04T00:48:11.506000Z;2025-06-06T15:29:56.916000Z;2025-06-01T15:15:15.456000Z,2025-06-04T00:51:18.726000Z;2025-06-06T15:33:02.126000Z;2025-06-01T15:18:20.076000Z,RASPISHAKE;RASPISHAKE;RASPISHAKE,https://data.raspberryshake.org/fdsnws/dataselect/1/query;https://data.raspberryshake.org/fdsnws/dataselect/1/query;https://data.raspberryshake.org/fdsnws/dataselect/1/query,AM.R985F.noise.20250604T004815;AM.R985F.noise.20250606T153000;AM.R985F.noise.20250601T151518,ordered_three_chunk_concat_v1,3500;3500;3500,3500;3500;2000,0;3500;7000,3500;7000;9000
519,AM,R985F,00,EH?,2026-03-11T20:17:11.696000Z,2026-03-11T20:17:46.696000Z,event_template,5.0,55.18,100.0,preprocessing_v1_0_6,controlled-v1-case-0519,RASPISHAKE,https://data.raspberryshake.org/fdsnws/dataselect/1/query,AM.R985F.event.20260311T201711,AM;AM;AM,R985F;R985F;R985F,00;00;00,EH?;EH?;EH?,2025-06-04T00:48:11.506000Z;2025-06-06T15:29:56.916000Z;2025-06-01T15:15:15.456000Z,2025-06-04T00:51:18.726000Z;2025-06-06T15:33:02.126000Z;2025-06-01T15:18:20.076000Z,RASPISHAKE;RASPISHAKE;RASPISHAKE,https://data.raspberryshake.org/fdsnws/dataselect/1/query;https://data.raspberryshake.org/fdsnws/dataselect/1/query;https://data.raspberryshake.org/fdsnws/dataselect/1/query,AM.R985F.noise.20250604T004815;AM.R985F.noise.20250606T153000;AM.R985F.noise.20250601T151518,ordered_three_chunk_concat_v1,3500;3500;3500,3500;3500;2000,0;3500;7000,3500;7000;9000
520,AM,R985F,00,EH?,2026-03-25T20:14:17.676000Z,2026-03-25T20:14:52.676000Z,event_template,-5.0,18.28,100.0,preprocessing_v1_0_6,controlled-v1-case-0520,RASPISHAKE,https://data.raspberryshake.org/fdsnws/dataselect/1/query,AM.R985F.event.20260325T201417,AM;AM;AM,R985F;R985F;R985F,00;00;00,EH?;EH?;EH?,2025-06-05T12:58:00.396000Z;2025-06-10T21:18:10.166000Z;2025-06-08T16:25:04.436000Z,2025-06-05T13:01:09.646000Z;2025-06-10T21:21:14.386000Z;2025-06-08T16:28:10.376000Z,RASPISHAKE;RASPISHAKE;RASPISHAKE,https://data.raspberryshake.org/fdsnws/dataselect/1/query;https://data.raspberryshake.org/fdsnws/dataselect/1/query;https://data.raspberryshake.org/fdsnws/dataselect/1/query,AM.R985F.noise.20250605T125804;AM.R985F.noise.20250610T211811;AM.R985F.noise.20250608T162507,ordered_three_chunk_concat_v1,3500;3500;3500,3500;3500;2000,0;3500;7000,3500;7000;9000
521,AM,R985F,00,EH?,2026-03-25T20:14:17.676000Z,2026-03-25T20:14:52.676000Z,event_template,0.0,18.28,100.0,preprocessing_v1_0_6,controlled-v1-case-0521,RASPISHAKE,https://data.raspberryshake.org/fdsnws/dataselect/1/query,AM.R985F.event.20260325T201417,AM;AM;AM,R985F;R985F;R985F,00;00;00,EH?;EH?;EH?,2025-06-05T12:58:00.396000Z;2025-06-10T21:18:10.166000Z;2025-06-08T16:25:04.436000Z,2025-06-05T13:01:09.646000Z;2025-06-10T21:21:14.386000Z;2025-06-08T16:28:10.376000Z,RASPISHAKE;RASPISHAKE;RASPISHAKE,https://data.raspberryshake.org/fdsnws/dataselect/1/query;https://data.raspberryshake.org/fdsnws/dataselect/1/query;https://data.raspberryshake.org/fdsnws/dataselect/1/query,AM.R985F.noise.20250605T125804;AM.R985F.noise.20250610T211811;AM.R985F.noise.20250608T162507,ordered_three_chunk_concat_v1,3500;3500;3500,3500;3500;2000,0;3500;7000,3500;7000;9000
522,AM,R985F,00,EH?,2026-03-25T20:14:17.676000Z,2026-03-25T20:14:52.676000Z,event_template,5.0,18.28,100.0,preprocessing_v1_0_6,controlled-v1-case-0522,RASPISHAKE,https://data.raspberryshake.org/fdsnws/dataselect/1/query,AM.R985F.event.20260325T201417,AM;AM;AM,R985F;R985F;R985F,00;00;00,EH?;EH?;EH?,2025-06-05T12:58:00.396000Z;2025-06-10T21:18:10.166000Z;2025-06-08T16:25:04.436000Z,2025-06-05T13:01:09.646000Z;2025-06-10T21:21:14.386000Z;2025-06-08T16:28:10.376000Z,RASPISHAKE;RASPISHAKE;RASPISHAKE,https://data.raspberryshake.org/fdsnws/dataselect/1/query;https://data.raspberryshake.org/fdsnws/dataselect/1/query;https://data.raspberryshake.org/fdsnws/dataselect/1/query,AM.R985F.noise.20250605T125804;AM.R985F.noise.20250610T211811;AM.R985F.noise.20250608T162507,ordered_three_chunk_concat_v1,3500;3500;3500,3500;3500;2000,0;3500;7000,3500;7000;9000
523,AM,R985F,00,EH?,2026-04-12T15:02:41.446000Z,2026-04-12T15:03:16.446000Z,event_template,-5.0,22.38,100.0,preprocessing_v1_0_6,controlled-v1-case-0523,RASPISHAKE,https://data.raspberryshake.org/fdsnws/dataselect/1/query,AM.R985F.event.20260412T150241,AM;AM;AM,R985F;R985F;R985F,00;00;00,EH?;EH?;EH?,2025-06-02T17:28:14.636000Z;2025-06-02T19:28:38.206000Z;2025-06-07T23:52:58.096000Z,2025-06-02T17:31:21.576000Z;2025-06-02T19:31:42.746000Z;2025-06-07T23:56:02.226000Z,RASPISHAKE;RASPISHAKE;RASPISHAKE,https://data.raspberryshake.org/fdsnws/dataselect/1/query;https://data.raspberryshake.org/fdsnws/dataselect/1/query;https://data.raspberryshake.org/fdsnws/dataselect/1/query,AM.R985F.noise.20250602T172817;AM.R985F.noise.20250602T192840;AM.R985F.noise.20250607T235259,ordered_three_chunk_concat_v1,3500;3500;3500,3500;3500;2000,0;3500;7000,3500;7000;9000
524,AM,R985F,00,EH?,2026-04-12T15:02:41.446000Z,2026-04-12T15:03:16.446000Z,event_template,0.0,22.38,100.0,preprocessing_v1_0_6,controlled-v1-case-0524,RASPISHAKE,https://data.raspberryshake.org/fdsnws/dataselect/1/query,AM.R985F.event.20260412T150241,AM;AM;AM,R985F;R985F;R985F,00;00;00,EH?;EH?;EH?,2025-06-02T17:28:14.636000Z;2025-06-02T19:28:38.206000Z;2025-06-07T23:52:58.096000Z,2025-06-02T17:31:21.576000Z;2025-06-02T19:31:42.746000Z;2025-06-07T23:56:02.226000Z,RASPISHAKE;RASPISHAKE;RASPISHAKE,https://data.raspberryshake.org/fdsnws/dataselect/1/query;https://data.raspberryshake.org/fdsnws/dataselect/1/query;https://data.raspberryshake.org/fdsnws/dataselect/1/query,AM.R985F.noise.20250602T172817;AM.R985F.noise.20250602T192840;AM.R985F.noise.20250607T235259,ordered_three_chunk_concat_v1,3500;3500;3500,3500;3500;2000,0;3500;7000,3500;7000;9000
525,AM,R985F,00,EH?,2026-04-12T15:02:41.446000Z,2026-04-12T15:03:16.446000Z,event_template,5.0,22.38,100.0,preprocessing_v1_0_6,controlled-v1-case-0525,RASPISHAKE,https://data.raspberryshake.org/fdsnws/dataselect/1/query,AM.R985F.event.20260412T150241,AM;AM;AM,R985F;R985F;R985F,00;00;00,EH?;EH?;EH?,2025-06-02T17:28:14.636000Z;2025-06-02T19:28:38.206000Z;2025-06-07T23:52:58.096000Z,2025-06-02T17:31:21.576000Z;2025-06-02T19:31:42.746000Z;2025-06-07T23:56:02.226000Z,RASPISHAKE;RASPISHAKE;RASPISHAKE,https://data.raspberryshake.org/fdsnws/dataselect/1/query;https://data.raspberryshake.org/fdsnws/dataselect/1/query;https://data.raspberryshake.org/fdsnws/dataselect/1/query,AM.R985F.noise.20250602T172817;AM.R985F.noise.20250602T192840;AM.R985F.noise.20250607T235259,ordered_three_chunk_concat_v1,3500;3500;3500,3500;3500;2000,0;3500;7000,3500;7000;9000
526,AM,R985F,00,EH?,2026-05-07T17:45:58.506000Z,2026-05-07T17:46:33.506000Z,event_template,-5.0,34.08,100.0,preprocessing_v1_0_6,controlled-v1-case-0526,RASPISHAKE,https://data.raspberryshake.org/fdsnws/dataselect/1/query,AM.R985F.event.20260507T174558,AM;AM;AM,R985F;R985F;R985F,00;00;00,EH?;EH?;EH?,2025-06-01T15:15:15.456000Z;2025-06-08T15:34:39.656000Z;2025-06-03T13:01:08.126000Z,2025-06-01T15:18:20.076000Z;2025-06-08T15:37:45.366000Z;2025-06-03T13:04:15.486000Z,RASPISHAKE;RASPISHAKE;RASPISHAKE,https://data.raspberryshake.org/fdsnws/dataselect/1/query;https://data.raspberryshake.org/fdsnws/dataselect/1/query;https://data.raspberryshake.org/fdsnws/dataselect/1/query,AM.R985F.noise.20250601T151518;AM.R985F.noise.20250608T153442;AM.R985F.noise.20250603T130111,ordered_three_chunk_concat_v1,3500;3500;3500,3500;3500;2000,0;3500;7000,3500;7000;9000
527,AM,R985F,00,EH?,2026-05-07T17:45:58.506000Z,2026-05-07T17:46:33.506000Z,event_template,0.0,34.08,100.0,preprocessing_v1_0_6,controlled-v1-case-0527,RASPISHAKE,https://data.raspberryshake.org/fdsnws/dataselect/1/query,AM.R985F.event.20260507T174558,AM;AM;AM,R985F;R985F;R985F,00;00;00,EH?;EH?;EH?,2025-06-01T15:15:15.456000Z;2025-06-08T15:34:39.656000Z;2025-06-03T13:01:08.126000Z,2025-06-01T15:18:20.076000Z;2025-06-08T15:37:45.366000Z;2025-06-03T13:04:15.486000Z,RASPISHAKE;RASPISHAKE;RASPISHAKE,https://data.raspberryshake.org/fdsnws/dataselect/1/query;https://data.raspberryshake.org/fdsnws/dataselect/1/query;https://data.raspberryshake.org/fdsnws/dataselect/1/query,AM.R985F.noise.20250601T151518;AM.R985F.noise.20250608T153442;AM.R985F.noise.20250603T130111,ordered_three_chunk_concat_v1,3500;3500;3500,3500;3500;2000,0;3500;7000,3500;7000;9000
528,AM,R985F,00,EH?,2026-05-07T17:45:58.506000Z,2026-05-07T17:46:33.506000Z,event_template,5.0,34.08,100.0,preprocessing_v1_0_6,controlled-v1-case-0528,RASPISHAKE,https://data.raspberryshake.org/fdsnws/dataselect/1/query,AM.R985F.event.20260507T174558,AM;AM;AM,R985F;R985F;R985F,00;00;00,EH?;EH?;EH?,2025-06-01T15:15:15.456000Z;2025-06-08T15:34:39.656000Z;2025-06-03T13:01:08.126000Z,2025-06-01T15:18:20.076000Z;2025-06-08T15:37:45.366000Z;2025-06-03T13:04:15.486000Z,RASPISHAKE;RASPISHAKE;RASPISHAKE,https://data.raspberryshake.org/fdsnws/dataselect/1/query;https://data.raspberryshake.org/fdsnws/dataselect/1/query;https://data.raspberryshake.org/fdsnws/dataselect/1/query,AM.R985F.noise.20250601T151518;AM.R985F.noise.20250608T153442;AM.R985F.noise.20250603T130111,ordered_three_chunk_concat_v1,3500;3500;3500,3500;3500;2000,0;3500;7000,3500;7000;9000
529,AM,R9F13,00,EH?,2025-10-25T01:20:54.636000Z,2025-10-25T01:21:29.636000Z,event_template,-5.0,59.48,100.0,preprocessing_v1_0_6,controlled-v1-case-0529,RASPISHAKE,https://data.raspberryshake.org/fdsnws/dataselect/1/query,AM.R9F13.event.20251025T012054,AM;AM;AM,R9F13;R9F13;R9F13,00;00;00,EH?;EH?;EH?,2025-06-02T19:28:37.606000Z;2025-06-08T16:29:15.056000Z;2025-06-01T06:27:39.436000Z,2025-06-02T19:31:43.236000Z;2025-06-08T16:32:20.746000Z;2025-06-01T06:30:43.226000Z,RASPISHAKE;RASPISHAKE;RASPISHAKE,https://data.raspberryshake.org/fdsnws/dataselect/1/query;https://data.raspberryshake.org/fdsnws/dataselect/1/query;https://data.raspberryshake.org/fdsnws/dataselect/1/query,AM.R9F13.noise.20250602T192840;AM.R9F13.noise.20250608T162917;AM.R9F13.noise.20250601T062741,ordered_three_chunk_concat_v1,3500;3500;3500,3500;3500;2000,0;3500;7000,3500;7000;9000
530,AM,R9F13,00,EH?,2025-10-25T01:20:54.636000Z,2025-10-25T01:21:29.636000Z,event_template,0.0,59.48,100.0,preprocessing_v1_0_6,controlled-v1-case-0530,RASPISHAKE,https://data.raspberryshake.org/fdsnws/dataselect/1/query,AM.R9F13.event.20251025T012054,AM;AM;AM,R9F13;R9F13;R9F13,00;00;00,EH?;EH?;EH?,2025-06-02T19:28:37.606000Z;2025-06-08T16:29:15.056000Z;2025-06-01T06:27:39.436000Z,2025-06-02T19:31:43.236000Z;2025-06-08T16:32:20.746000Z;2025-06-01T06:30:43.226000Z,RASPISHAKE;RASPISHAKE;RASPISHAKE,https://data.raspberryshake.org/fdsnws/dataselect/1/query;https://data.raspberryshake.org/fdsnws/dataselect/1/query;https://data.raspberryshake.org/fdsnws/dataselect/1/query,AM.R9F13.noise.20250602T192840;AM.R9F13.noise.20250608T162917;AM.R9F13.noise.20250601T062741,ordered_three_chunk_concat_v1,3500;3500;3500,3500;3500;2000,0;3500;7000,3500;7000;9000
531,AM,R9F13,00,EH?,2025-10-25T01:20:54.636000Z,2025-10-25T01:21:29.636000Z,event_template,5.0,59.48,100.0,preprocessing_v1_0_6,controlled-v1-case-0531,RASPISHAKE,https://data.raspberryshake.org/fdsnws/dataselect/1/query,AM.R9F13.event.20251025T012054,AM;AM;AM,R9F13;R9F13;R9F13,00;00;00,EH?;EH?;EH?,2025-06-02T19:28:37.606000Z;2025-06-08T16:29:15.056000Z;2025-06-01T06:27:39.436000Z,2025-06-02T19:31:43.236000Z;2025-06-08T16:32:20.746000Z;2025-06-01T06:30:43.226000Z,RASPISHAKE;RASPISHAKE;RASPISHAKE,https://data.raspberryshake.org/fdsnws/dataselect/1/query;https://data.raspberryshake.org/fdsnws/dataselect/1/query;https://data.raspberryshake.org/fdsnws/dataselect/1/query,AM.R9F13.noise.20250602T192840;AM.R9F13.noise.20250608T162917;AM.R9F13.noise.20250601T062741,ordered_three_chunk_concat_v1,3500;3500;3500,3500;3500;2000,0;3500;7000,3500;7000;9000
532,AM,R9F13,00,EH?,2025-12-08T05:31:45.576000Z,2025-12-08T05:32:20.576000Z,event_template,-5.0,42.2,100.0,preprocessing_v1_0_6,controlled-v1-case-0532,RASPISHAKE,https://data.raspberryshake.org/fdsnws/dataselect/1/query,AM.R9F13.event.20251208T053145,AM;AM;AM,R9F13;R9F13;R9F13,00;00;00,EH?;EH?;EH?,2025-06-10T08:34:07.306000Z;2025-06-01T00:23:43.556000Z;2025-06-05T20:40:20.556000Z,2025-06-10T08:37:11.116000Z;2025-06-01T00:26:47.756000Z;2025-06-05T20:43:25.526000Z,RASPISHAKE;RASPISHAKE;RASPISHAKE,https://data.raspberryshake.org/fdsnws/dataselect/1/query;https://data.raspberryshake.org/fdsnws/dataselect/1/query;https://data.raspberryshake.org/fdsnws/dataselect/1/query,AM.R9F13.noise.20250610T083409;AM.R9F13.noise.20250601T002345;AM.R9F13.noise.20250605T204023,ordered_three_chunk_concat_v1,3500;3500;3500,3500;3500;2000,0;3500;7000,3500;7000;9000
533,AM,R9F13,00,EH?,2025-12-08T05:31:45.576000Z,2025-12-08T05:32:20.576000Z,event_template,0.0,42.2,100.0,preprocessing_v1_0_6,controlled-v1-case-0533,RASPISHAKE,https://data.raspberryshake.org/fdsnws/dataselect/1/query,AM.R9F13.event.20251208T053145,AM;AM;AM,R9F13;R9F13;R9F13,00;00;00,EH?;EH?;EH?,2025-06-10T08:34:07.306000Z;2025-06-01T00:23:43.556000Z;2025-06-05T20:40:20.556000Z,2025-06-10T08:37:11.116000Z;2025-06-01T00:26:47.756000Z;2025-06-05T20:43:25.526000Z,RASPISHAKE;RASPISHAKE;RASPISHAKE,https://data.raspberryshake.org/fdsnws/dataselect/1/query;https://data.raspberryshake.org/fdsnws/dataselect/1/query;https://data.raspberryshake.org/fdsnws/dataselect/1/query,AM.R9F13.noise.20250610T083409;AM.R9F13.noise.20250601T002345;AM.R9F13.noise.20250605T204023,ordered_three_chunk_concat_v1,3500;3500;3500,3500;3500;2000,0;3500;7000,3500;7000;9000
534,AM,R9F13,00,EH?,2025-12-08T05:31:45.576000Z,2025-12-08T05:32:20.576000Z,event_template,5.0,42.2,100.0,preprocessing_v1_0_6,controlled-v1-case-0534,RASPISHAKE,https://data.raspberryshake.org/fdsnws/dataselect/1/query,AM.R9F13.event.20251208T053145,AM;AM;AM,R9F13;R9F13;R9F13,00;00;00,EH?;EH?;EH?,2025-06-10T08:34:07.306000Z;2025-06-01T00:23:43.556000Z;2025-06-05T20:40:20.556000Z,2025-06-10T08:37:11.116000Z;2025-06-01T00:26:47.756000Z;2025-06-05T20:43:25.526000Z,RASPISHAKE;RASPISHAKE;RASPISHAKE,https://data.raspberryshake.org/fdsnws/dataselect/1/query;https://data.raspberryshake.org/fdsnws/dataselect/1/query;https://data.raspberryshake.org/fdsnws/dataselect/1/query,AM.R9F13.noise.20250610T083409;AM.R9F13.noise.20250601T002345;AM.R9F13.noise.20250605T204023,ordered_three_chunk_concat_v1,3500;3500;3500,3500;3500;2000,0;3500;7000,3500;7000;9000
535,AM,R9F13,00,EH?,2026-01-13T08:30:08.826000Z,2026-01-13T08:30:43.826000Z,event_template,-5.0,53.9,100.0,preprocessing_v1_0_6,controlled-v1-case-0535,RASPISHAKE,https://data.raspberryshake.org/fdsnws/dataselect/1/query,AM.R9F13.event.20260113T083008,AM;AM;AM,R9F13;R9F13;R9F13,00;00;00,EH?;EH?;EH?,2025-06-01T15:15:17.006000Z;2025-06-06T16:03:38.096000Z;2025-06-09T17:16:45.306000Z,2025-06-01T15:18:21.556000Z;2025-06-06T16:06:43.756000Z;2025-06-09T17:19:49.046000Z,RASPISHAKE;RASPISHAKE;RASPISHAKE,https://data.raspberryshake.org/fdsnws/dataselect/1/query;https://data.raspberryshake.org/fdsnws/dataselect/1/query;https://data.raspberryshake.org/fdsnws/dataselect/1/query,AM.R9F13.noise.20250601T151518;AM.R9F13.noise.20250606T160341;AM.R9F13.noise.20250609T171646,ordered_three_chunk_concat_v1,3500;3500;3500,3500;3500;2000,0;3500;7000,3500;7000;9000
536,AM,R9F13,00,EH?,2026-01-13T08:30:08.826000Z,2026-01-13T08:30:43.826000Z,event_template,0.0,53.9,100.0,preprocessing_v1_0_6,controlled-v1-case-0536,RASPISHAKE,https://data.raspberryshake.org/fdsnws/dataselect/1/query,AM.R9F13.event.20260113T083008,AM;AM;AM,R9F13;R9F13;R9F13,00;00;00,EH?;EH?;EH?,2025-06-01T15:15:17.006000Z;2025-06-06T16:03:38.096000Z;2025-06-09T17:16:45.306000Z,2025-06-01T15:18:21.556000Z;2025-06-06T16:06:43.756000Z;2025-06-09T17:19:49.046000Z,RASPISHAKE;RASPISHAKE;RASPISHAKE,https://data.raspberryshake.org/fdsnws/dataselect/1/query;https://data.raspberryshake.org/fdsnws/dataselect/1/query;https://data.raspberryshake.org/fdsnws/dataselect/1/query,AM.R9F13.noise.20250601T151518;AM.R9F13.noise.20250606T160341;AM.R9F13.noise.20250609T171646,ordered_three_chunk_concat_v1,3500;3500;3500,3500;3500;2000,0;3500;7000,3500;7000;9000
537,AM,R9F13,00,EH?,2026-01-13T08:30:08.826000Z,2026-01-13T08:30:43.826000Z,event_template,5.0,53.9,100.0,preprocessing_v1_0_6,controlled-v1-case-0537,RASPISHAKE,https://data.raspberryshake.org/fdsnws/dataselect/1/query,AM.R9F13.event.20260113T083008,AM;AM;AM,R9F13;R9F13;R9F13,00;00;00,EH?;EH?;EH?,2025-06-01T15:15:17.006000Z;2025-06-06T16:03:38.096000Z;2025-06-09T17:16:45.306000Z,2025-06-01T15:18:21.556000Z;2025-06-06T16:06:43.756000Z;2025-06-09T17:19:49.046000Z,RASPISHAKE;RASPISHAKE;RASPISHAKE,https://data.raspberryshake.org/fdsnws/dataselect/1/query;https://data.raspberryshake.org/fdsnws/dataselect/1/query;https://data.raspberryshake.org/fdsnws/dataselect/1/query,AM.R9F13.noise.20250601T151518;AM.R9F13.noise.20250606T160341;AM.R9F13.noise.20250609T171646,ordered_three_chunk_concat_v1,3500;3500;3500,3500;3500;2000,0;3500;7000,3500;7000;9000
538,AM,R9F13,00,EH?,2026-01-21T09:17:16.506000Z,2026-01-21T09:17:51.506000Z,event_template,-5.0,57.38,100.0,preprocessing_v1_0_6,controlled-v1-case-0538,RASPISHAKE,https://data.raspberryshake.org/fdsnws/dataselect/1/query,AM.R9F13.event.20260121T091716,AM;AM;AM,R9F13;R9F13;R9F13,00;00;00,EH?;EH?;EH?,2025-06-07T09:11:18.786000Z;2025-06-03T00:03:53.916000Z;2025-06-06T15:29:58.776000Z,2025-06-07T09:14:23.806000Z;2025-06-03T00:06:59.606000Z;2025-06-06T15:33:02.576000Z,RASPISHAKE;RASPISHAKE;RASPISHAKE,https://data.raspberryshake.org/fdsnws/dataselect/1/query;https://data.raspberryshake.org/fdsnws/dataselect/1/query;https://data.raspberryshake.org/fdsnws/dataselect/1/query,AM.R9F13.noise.20250607T091120;AM.R9F13.noise.20250603T000356;AM.R9F13.noise.20250606T153000,ordered_three_chunk_concat_v1,3500;3500;3500,3500;3500;2000,0;3500;7000,3500;7000;9000
539,AM,R9F13,00,EH?,2026-01-21T09:17:16.506000Z,2026-01-21T09:17:51.506000Z,event_template,0.0,57.38,100.0,preprocessing_v1_0_6,controlled-v1-case-0539,RASPISHAKE,https://data.raspberryshake.org/fdsnws/dataselect/1/query,AM.R9F13.event.20260121T091716,AM;AM;AM,R9F13;R9F13;R9F13,00;00;00,EH?;EH?;EH?,2025-06-07T09:11:18.786000Z;2025-06-03T00:03:53.916000Z;2025-06-06T15:29:58.776000Z,2025-06-07T09:14:23.806000Z;2025-06-03T00:06:59.606000Z;2025-06-06T15:33:02.576000Z,RASPISHAKE;RASPISHAKE;RASPISHAKE,https://data.raspberryshake.org/fdsnws/dataselect/1/query;https://data.raspberryshake.org/fdsnws/dataselect/1/query;https://data.raspberryshake.org/fdsnws/dataselect/1/query,AM.R9F13.noise.20250607T091120;AM.R9F13.noise.20250603T000356;AM.R9F13.noise.20250606T153000,ordered_three_chunk_concat_v1,3500;3500;3500,3500;3500;2000,0;3500;7000,3500;7000;9000
540,AM,R9F13,00,EH?,2026-01-21T09:17:16.506000Z,2026-01-21T09:17:51.506000Z,event_template,5.0,57.38,100.0,preprocessing_v1_0_6,controlled-v1-case-0540,RASPISHAKE,https://data.raspberryshake.org/fdsnws/dataselect/1/query,AM.R9F13.event.20260121T091716,AM;AM;AM,R9F13;R9F13;R9F13,00;00;00,EH?;EH?;EH?,2025-06-07T09:11:18.786000Z;2025-06-03T00:03:53.916000Z;2025-06-06T15:29:58.776000Z,2025-06-07T09:14:23.806000Z;2025-06-03T00:06:59.606000Z;2025-06-06T15:33:02.576000Z,RASPISHAKE;RASPISHAKE;RASPISHAKE,https://data.raspberryshake.org/fdsnws/dataselect/1/query;https://data.raspberryshake.org/fdsnws/dataselect/1/query;https://data.raspberryshake.org/fdsnws/dataselect/1/query,AM.R9F13.noise.20250607T091120;AM.R9F13.noise.20250603T000356;AM.R9F13.noise.20250606T153000,ordered_three_chunk_concat_v1,3500;3500;3500,3500;3500;2000,0;3500;7000,3500;7000;9000
541,AM,R9F13,00,EH?,2026-02-21T12:45:06.926000Z,2026-02-21T12:45:41.926000Z,event_template,-5.0,59.99,100.0,preprocessing_v1_0_6,controlled-v1-case-0541,RASPISHAKE,https://data.raspberryshake.org/fdsnws/dataselect/1/query,AM.R9F13.event.20260221T124506,AM;AM;AM,R9F13;R9F13;R9F13,00;00;00,EH?;EH?;EH?,2025-06-10T08:34:07.306000Z;2025-06-08T15:34:40.146000Z;2025-06-01T00:23:43.556000Z,2025-06-10T08:37:11.116000Z;2025-06-08T15:37:44.386000Z;2025-06-01T00:26:47.756000Z,RASPISHAKE;RASPISHAKE;RASPISHAKE,https://data.raspberryshake.org/fdsnws/dataselect/1/query;https://data.raspberryshake.org/fdsnws/dataselect/1/query;https://data.raspberryshake.org/fdsnws/dataselect/1/query,AM.R9F13.noise.20250610T083409;AM.R9F13.noise.20250608T153442;AM.R9F13.noise.20250601T002345,ordered_three_chunk_concat_v1,3500;3500;3500,3500;3500;2000,0;3500;7000,3500;7000;9000
542,AM,R9F13,00,EH?,2026-02-21T12:45:06.926000Z,2026-02-21T12:45:41.926000Z,event_template,0.0,59.99,100.0,preprocessing_v1_0_6,controlled-v1-case-0542,RASPISHAKE,https://data.raspberryshake.org/fdsnws/dataselect/1/query,AM.R9F13.event.20260221T124506,AM;AM;AM,R9F13;R9F13;R9F13,00;00;00,EH?;EH?;EH?,2025-06-10T08:34:07.306000Z;2025-06-08T15:34:40.146000Z;2025-06-01T00:23:43.556000Z,2025-06-10T08:37:11.116000Z;2025-06-08T15:37:44.386000Z;2025-06-01T00:26:47.756000Z,RASPISHAKE;RASPISHAKE;RASPISHAKE,https://data.raspberryshake.org/fdsnws/dataselect/1/query;https://data.raspberryshake.org/fdsnws/dataselect/1/query;https://data.raspberryshake.org/fdsnws/dataselect/1/query,AM.R9F13.noise.20250610T083409;AM.R9F13.noise.20250608T153442;AM.R9F13.noise.20250601T002345,ordered_three_chunk_concat_v1,3500;3500;3500,3500;3500;2000,0;3500;7000,3500;7000;9000
543,AM,R9F13,00,EH?,2026-02-21T12:45:06.926000Z,2026-02-21T12:45:41.926000Z,event_template,5.0,59.99,100.0,preprocessing_v1_0_6,controlled-v1-case-0543,RASPISHAKE,https://data.raspberryshake.org/fdsnws/dataselect/1/query,AM.R9F13.event.20260221T124506,AM;AM;AM,R9F13;R9F13;R9F13,00;00;00,EH?;EH?;EH?,2025-06-10T08:34:07.306000Z;2025-06-08T15:34:40.146000Z;2025-06-01T00:23:43.556000Z,2025-06-10T08:37:11.116000Z;2025-06-08T15:37:44.386000Z;2025-06-01T00:26:47.756000Z,RASPISHAKE;RASPISHAKE;RASPISHAKE,https://data.raspberryshake.org/fdsnws/dataselect/1/query;https://data.raspberryshake.org/fdsnws/dataselect/1/query;https://data.raspberryshake.org/fdsnws/dataselect/1/query,AM.R9F13.noise.20250610T083409;AM.R9F13.noise.20250608T153442;AM.R9F13.noise.20250601T002345,ordered_three_chunk_concat_v1,3500;3500;3500,3500;3500;2000,0;3500;7000,3500;7000;9000
544,AM,R9F13,00,EH?,2026-03-04T00:25:15.076000Z,2026-03-04T00:25:50.076000Z,event_template,-5.0,23.41,100.0,preprocessing_v1_0_6,controlled-v1-case-0544,RASPISHAKE,https://data.raspberryshake.org/fdsnws/dataselect/1/query,AM.R9F13.event.20260304T002515,AM;AM;AM,R9F13;R9F13;R9F13,00;00;00,EH?;EH?;EH?,2025-06-10T08:34:07.306000Z;2025-06-10T21:18:09.136000Z;2025-06-03T22:23:38.946000Z,2025-06-10T08:37:11.116000Z;2025-06-10T21:21:13.996000Z;2025-06-03T22:26:43.966000Z,RASPISHAKE;RASPISHAKE;RASPISHAKE,https://data.raspberryshake.org/fdsnws/dataselect/1/query;https://data.raspberryshake.org/fdsnws/dataselect/1/query;https://data.raspberryshake.org/fdsnws/dataselect/1/query,AM.R9F13.noise.20250610T083409;AM.R9F13.noise.20250610T211811;AM.R9F13.noise.20250603T222341,ordered_three_chunk_concat_v1,3500;3500;3500,3500;3500;2000,0;3500;7000,3500;7000;9000
545,AM,R9F13,00,EH?,2026-03-04T00:25:15.076000Z,2026-03-04T00:25:50.076000Z,event_template,0.0,23.41,100.0,preprocessing_v1_0_6,controlled-v1-case-0545,RASPISHAKE,https://data.raspberryshake.org/fdsnws/dataselect/1/query,AM.R9F13.event.20260304T002515,AM;AM;AM,R9F13;R9F13;R9F13,00;00;00,EH?;EH?;EH?,2025-06-10T08:34:07.306000Z;2025-06-10T21:18:09.136000Z;2025-06-03T22:23:38.946000Z,2025-06-10T08:37:11.116000Z;2025-06-10T21:21:13.996000Z;2025-06-03T22:26:43.966000Z,RASPISHAKE;RASPISHAKE;RASPISHAKE,https://data.raspberryshake.org/fdsnws/dataselect/1/query;https://data.raspberryshake.org/fdsnws/dataselect/1/query;https://data.raspberryshake.org/fdsnws/dataselect/1/query,AM.R9F13.noise.20250610T083409;AM.R9F13.noise.20250610T211811;AM.R9F13.noise.20250603T222341,ordered_three_chunk_concat_v1,3500;3500;3500,3500;3500;2000,0;3500;7000,3500;7000;9000
546,AM,R9F13,00,EH?,2026-03-04T00:25:15.076000Z,2026-03-04T00:25:50.076000Z,event_template,5.0,23.41,100.0,preprocessing_v1_0_6,controlled-v1-case-0546,RASPISHAKE,https://data.raspberryshake.org/fdsnws/dataselect/1/query,AM.R9F13.event.20260304T002515,AM;AM;AM,R9F13;R9F13;R9F13,00;00;00,EH?;EH?;EH?,2025-06-10T08:34:07.306000Z;2025-06-10T21:18:09.136000Z;2025-06-03T22:23:38.946000Z,2025-06-10T08:37:11.116000Z;2025-06-10T21:21:13.996000Z;2025-06-03T22:26:43.966000Z,RASPISHAKE;RASPISHAKE;RASPISHAKE,https://data.raspberryshake.org/fdsnws/dataselect/1/query;https://data.raspberryshake.org/fdsnws/dataselect/1/query;https://data.raspberryshake.org/fdsnws/dataselect/1/query,AM.R9F13.noise.20250610T083409;AM.R9F13.noise.20250610T211811;AM.R9F13.noise.20250603T222341,ordered_three_chunk_concat_v1,3500;3500;3500,3500;3500;2000,0;3500;7000,3500;7000;9000
547,AM,R9F13,00,EH?,2026-04-26T02:26:06.936000Z,2026-04-26T02:26:41.936000Z,event_template,-5.0,60.66,100.0,preprocessing_v1_0_6,controlled-v1-case-0547,RASPISHAKE,https://data.raspberryshake.org/fdsnws/dataselect/1/query,AM.R9F13.event.20260426T022606,AM;AM;AM,R9F13;R9F13;R9F13,00;00;00,EH?;EH?;EH?,2025-06-06T00:40:39.226000Z;2025-06-06T16:03:38.096000Z;2025-06-07T23:52:56.296000Z,2025-06-06T00:43:44.556000Z;2025-06-06T16:06:43.756000Z;2025-06-07T23:56:03.336000Z,RASPISHAKE;RASPISHAKE;RASPISHAKE,https://data.raspberryshake.org/fdsnws/dataselect/1/query;https://data.raspberryshake.org/fdsnws/dataselect/1/query;https://data.raspberryshake.org/fdsnws/dataselect/1/query,AM.R9F13.noise.20250606T004041;AM.R9F13.noise.20250606T160341;AM.R9F13.noise.20250607T235259,ordered_three_chunk_concat_v1,3500;3500;3500,3500;3500;2000,0;3500;7000,3500;7000;9000
548,AM,R9F13,00,EH?,2026-04-26T02:26:06.936000Z,2026-04-26T02:26:41.936000Z,event_template,0.0,60.66,100.0,preprocessing_v1_0_6,controlled-v1-case-0548,RASPISHAKE,https://data.raspberryshake.org/fdsnws/dataselect/1/query,AM.R9F13.event.20260426T022606,AM;AM;AM,R9F13;R9F13;R9F13,00;00;00,EH?;EH?;EH?,2025-06-06T00:40:39.226000Z;2025-06-06T16:03:38.096000Z;2025-06-07T23:52:56.296000Z,2025-06-06T00:43:44.556000Z;2025-06-06T16:06:43.756000Z;2025-06-07T23:56:03.336000Z,RASPISHAKE;RASPISHAKE;RASPISHAKE,https://data.raspberryshake.org/fdsnws/dataselect/1/query;https://data.raspberryshake.org/fdsnws/dataselect/1/query;https://data.raspberryshake.org/fdsnws/dataselect/1/query,AM.R9F13.noise.20250606T004041;AM.R9F13.noise.20250606T160341;AM.R9F13.noise.20250607T235259,ordered_three_chunk_concat_v1,3500;3500;3500,3500;3500;2000,0;3500;7000,3500;7000;9000
549,AM,R9F13,00,EH?,2026-04-26T02:26:06.936000Z,2026-04-26T02:26:41.936000Z,event_template,5.0,60.66,100.0,preprocessing_v1_0_6,controlled-v1-case-0549,RASPISHAKE,https://data.raspberryshake.org/fdsnws/dataselect/1/query,AM.R9F13.event.20260426T022606,AM;AM;AM,R9F13;R9F13;R9F13,00;00;00,EH?;EH?;EH?,2025-06-06T00:40:39.226000Z;2025-06-06T16:03:38.096000Z;2025-06-07T23:52:56.296000Z,2025-06-06T00:43:44.556000Z;2025-06-06T16:06:43.756000Z;2025-06-07T23:56:03.336000Z,RASPISHAKE;RASPISHAKE;RASPISHAKE,https://data.raspberryshake.org/fdsnws/dataselect/1/query;https://data.raspberryshake.org/fdsnws/dataselect/1/query;https://data.raspberryshake.org/fdsnws/dataselect/1/query,AM.R9F13.noise.20250606T004041;AM.R9F13.noise.20250606T160341;AM.R9F13.noise.20250607T235259,ordered_three_chunk_concat_v1,3500;3500;3500,3500;3500;2000,0;3500;7000,3500;7000;9000
550,AM,R9F13,00,EH?,2026-05-05T00:37:18.736000Z,2026-05-05T00:37:53.736000Z,event_template,-5.0,18.04,100.0,preprocessing_v1_0_6,controlled-v1-case-0550,RASPISHAKE,https://data.raspberryshake.org/fdsnws/dataselect/1/query,AM.R9F13.event.20260505T003718,AM;AM;AM,R9F13;R9F13;R9F13,00;00;00,EH?;EH?;EH?,2025-06-02T14:31:41.556000Z;2025-06-05T20:40:20.556000Z;2025-06-07T09:11:18.786000Z,2025-06-02T14:34:45.076000Z;2025-06-05T20:43:25.526000Z;2025-06-07T09:14:23.806000Z,RASPISHAKE;RASPISHAKE;RASPISHAKE,https://data.raspberryshake.org/fdsnws/dataselect/1/query;https://data.raspberryshake.org/fdsnws/dataselect/1/query;https://data.raspberryshake.org/fdsnws/dataselect/1/query,AM.R9F13.noise.20250602T143144;AM.R9F13.noise.20250605T204023;AM.R9F13.noise.20250607T091120,ordered_three_chunk_concat_v1,3500;3500;3500,3500;3500;2000,0;3500;7000,3500;7000;9000
551,AM,R9F13,00,EH?,2026-05-05T00:37:18.736000Z,2026-05-05T00:37:53.736000Z,event_template,0.0,18.04,100.0,preprocessing_v1_0_6,controlled-v1-case-0551,RASPISHAKE,https://data.raspberryshake.org/fdsnws/dataselect/1/query,AM.R9F13.event.20260505T003718,AM;AM;AM,R9F13;R9F13;R9F13,00;00;00,EH?;EH?;EH?,2025-06-02T14:31:41.556000Z;2025-06-05T20:40:20.556000Z;2025-06-07T09:11:18.786000Z,2025-06-02T14:34:45.076000Z;2025-06-05T20:43:25.526000Z;2025-06-07T09:14:23.806000Z,RASPISHAKE;RASPISHAKE;RASPISHAKE,https://data.raspberryshake.org/fdsnws/dataselect/1/query;https://data.raspberryshake.org/fdsnws/dataselect/1/query;https://data.raspberryshake.org/fdsnws/dataselect/1/query,AM.R9F13.noise.20250602T143144;AM.R9F13.noise.20250605T204023;AM.R9F13.noise.20250607T091120,ordered_three_chunk_concat_v1,3500;3500;3500,3500;3500;2000,0;3500;7000,3500;7000;9000
552,AM,R9F13,00,EH?,2026-05-05T00:37:18.736000Z,2026-05-05T00:37:53.736000Z,event_template,5.0,18.04,100.0,preprocessing_v1_0_6,controlled-v1-case-0552,RASPISHAKE,https://data.raspberryshake.org/fdsnws/dataselect/1/query,AM.R9F13.event.20260505T003718,AM;AM;AM,R9F13;R9F13;R9F13,00;00;00,EH?;EH?;EH?,2025-06-02T14:31:41.556000Z;2025-06-05T20:40:20.556000Z;2025-06-07T09:11:18.786000Z,2025-06-02T14:34:45.076000Z;2025-06-05T20:43:25.526000Z;2025-06-07T09:14:23.806000Z,RASPISHAKE;RASPISHAKE;RASPISHAKE,https://data.raspberryshake.org/fdsnws/dataselect/1/query;https://data.raspberryshake.org/fdsnws/dataselect/1/query;https://data.raspberryshake.org/fdsnws/dataselect/1/query,AM.R9F13.noise.20250602T143144;AM.R9F13.noise.20250605T204023;AM.R9F13.noise.20250607T091120,ordered_three_chunk_concat_v1,3500;3500;3500,3500;3500;2000,0;3500;7000,3500;7000;9000
553,AM,RA825,00,EH?,2026-04-20T22:44:13.429000Z,2026-04-20T22:44:48.429000Z,event_template,-5.0,36.82,100.0,preprocessing_v1_0_6,controlled-v1-case-0553,RASPISHAKE,https://data.raspberryshake.org/fdsnws/dataselect/1/query,AM.RA825.event.20260420T224413,AM;AM;AM,RA825;RA825;RA825,00;00;00,EH?;EH?;EH?,2025-06-05T10:07:20.379000Z;2025-06-07T23:29:25.119000Z;2025-06-07T09:11:20.399000Z,2025-06-05T10:10:26.919000Z;2025-06-07T23:32:30.579000Z;2025-06-07T09:14:22.149000Z,RASPISHAKE;RASPISHAKE;RASPISHAKE,https://data.raspberryshake.org/fdsnws/dataselect/1/query;https://data.raspberryshake.org/fdsnws/dataselect/1/query;https://data.raspberryshake.org/fdsnws/dataselect/1/query,AM.RA825.noise.20250605T100724;AM.RA825.noise.20250607T232927;AM.RA825.noise.20250607T091120,ordered_three_chunk_concat_v1,3500;3500;3500,3500;3500;2000,0;3500;7000,3500;7000;9000
554,AM,RA825,00,EH?,2026-04-20T22:44:13.429000Z,2026-04-20T22:44:48.429000Z,event_template,0.0,36.82,100.0,preprocessing_v1_0_6,controlled-v1-case-0554,RASPISHAKE,https://data.raspberryshake.org/fdsnws/dataselect/1/query,AM.RA825.event.20260420T224413,AM;AM;AM,RA825;RA825;RA825,00;00;00,EH?;EH?;EH?,2025-06-05T10:07:20.379000Z;2025-06-07T23:29:25.119000Z;2025-06-07T09:11:20.399000Z,2025-06-05T10:10:26.919000Z;2025-06-07T23:32:30.579000Z;2025-06-07T09:14:22.149000Z,RASPISHAKE;RASPISHAKE;RASPISHAKE,https://data.raspberryshake.org/fdsnws/dataselect/1/query;https://data.raspberryshake.org/fdsnws/dataselect/1/query;https://data.raspberryshake.org/fdsnws/dataselect/1/query,AM.RA825.noise.20250605T100724;AM.RA825.noise.20250607T232927;AM.RA825.noise.20250607T091120,ordered_three_chunk_concat_v1,3500;3500;3500,3500;3500;2000,0;3500;7000,3500;7000;9000
555,AM,RA825,00,EH?,2026-04-20T22:44:13.429000Z,2026-04-20T22:44:48.429000Z,event_template,5.0,36.82,100.0,preprocessing_v1_0_6,controlled-v1-case-0555,RASPISHAKE,https://data.raspberryshake.org/fdsnws/dataselect/1/query,AM.RA825.event.20260420T224413,AM;AM;AM,RA825;RA825;RA825,00;00;00,EH?;EH?;EH?,2025-06-05T10:07:20.379000Z;2025-06-07T23:29:25.119000Z;2025-06-07T09:11:20.399000Z,2025-06-05T10:10:26.919000Z;2025-06-07T23:32:30.579000Z;2025-06-07T09:14:22.149000Z,RASPISHAKE;RASPISHAKE;RASPISHAKE,https://data.raspberryshake.org/fdsnws/dataselect/1/query;https://data.raspberryshake.org/fdsnws/dataselect/1/query;https://data.raspberryshake.org/fdsnws/dataselect/1/query,AM.RA825.noise.20250605T100724;AM.RA825.noise.20250607T232927;AM.RA825.noise.20250607T091120,ordered_three_chunk_concat_v1,3500;3500;3500,3500;3500;2000,0;3500;7000,3500;7000;9000
556,AM,RA825,00,EH?,2026-04-22T17:24:16.329000Z,2026-04-22T17:24:51.329000Z,event_template,-5.0,42.07,100.0,preprocessing_v1_0_6,controlled-v1-case-0556,RASPISHAKE,https://data.raspberryshake.org/fdsnws/dataselect/1/query,AM.RA825.event.20260422T172416,AM;AM;AM,RA825;RA825;RA825,00;00;00,EH?;EH?;EH?,2025-06-10T22:22:10.999000Z;2025-06-06T16:03:38.359000Z;2025-06-06T15:29:58.229000Z,2025-06-10T22:25:13.709000Z;2025-06-06T16:06:43.729000Z;2025-06-06T15:33:02.579000Z,RASPISHAKE;RASPISHAKE;RASPISHAKE,https://data.raspberryshake.org/fdsnws/dataselect/1/query;https://data.raspberryshake.org/fdsnws/dataselect/1/query;https://data.raspberryshake.org/fdsnws/dataselect/1/query,AM.RA825.noise.20250610T222213;AM.RA825.noise.20250606T160341;AM.RA825.noise.20250606T153000,ordered_three_chunk_concat_v1,3500;3500;3500,3500;3500;2000,0;3500;7000,3500;7000;9000
557,AM,RA825,00,EH?,2026-04-22T17:24:16.329000Z,2026-04-22T17:24:51.329000Z,event_template,0.0,42.07,100.0,preprocessing_v1_0_6,controlled-v1-case-0557,RASPISHAKE,https://data.raspberryshake.org/fdsnws/dataselect/1/query,AM.RA825.event.20260422T172416,AM;AM;AM,RA825;RA825;RA825,00;00;00,EH?;EH?;EH?,2025-06-10T22:22:10.999000Z;2025-06-06T16:03:38.359000Z;2025-06-06T15:29:58.229000Z,2025-06-10T22:25:13.709000Z;2025-06-06T16:06:43.729000Z;2025-06-06T15:33:02.579000Z,RASPISHAKE;RASPISHAKE;RASPISHAKE,https://data.raspberryshake.org/fdsnws/dataselect/1/query;https://data.raspberryshake.org/fdsnws/dataselect/1/query;https://data.raspberryshake.org/fdsnws/dataselect/1/query,AM.RA825.noise.20250610T222213;AM.RA825.noise.20250606T160341;AM.RA825.noise.20250606T153000,ordered_three_chunk_concat_v1,3500;3500;3500,3500;3500;2000,0;3500;7000,3500;7000;9000
558,AM,RA825,00,EH?,2026-04-22T17:24:16.329000Z,2026-04-22T17:24:51.329000Z,event_template,5.0,42.07,100.0,preprocessing_v1_0_6,controlled-v1-case-0558,RASPISHAKE,https://data.raspberryshake.org/fdsnws/dataselect/1/query,AM.RA825.event.20260422T172416,AM;AM;AM,RA825;RA825;RA825,00;00;00,EH?;EH?;EH?,2025-06-10T22:22:10.999000Z;2025-06-06T16:03:38.359000Z;2025-06-06T15:29:58.229000Z,2025-06-10T22:25:13.709000Z;2025-06-06T16:06:43.729000Z;2025-06-06T15:33:02.579000Z,RASPISHAKE;RASPISHAKE;RASPISHAKE,https://data.raspberryshake.org/fdsnws/dataselect/1/query;https://data.raspberryshake.org/fdsnws/dataselect/1/query;https://data.raspberryshake.org/fdsnws/dataselect/1/query,AM.RA825.noise.20250610T222213;AM.RA825.noise.20250606T160341;AM.RA825.noise.20250606T153000,ordered_three_chunk_concat_v1,3500;3500;3500,3500;3500;2000,0;3500;7000,3500;7000;9000
559,AM,RA825,00,EH?,2026-04-22T17:25:39.219000Z,2026-04-22T17:26:14.219000Z,event_template,-5.0,38.57,100.0,preprocessing_v1_0_6,controlled-v1-case-0559,RASPISHAKE,https://data.raspberryshake.org/fdsnws/dataselect/1/query,AM.RA825.event.20260422T172539,AM;AM;AM,RA825;RA825;RA825,00;00;00,EH?;EH?;EH?,2025-06-05T10:07:20.379000Z;2025-06-03T22:23:39.019000Z;2025-06-06T00:40:39.859000Z,2025-06-05T10:10:26.919000Z;2025-06-03T22:26:43.709000Z;2025-06-06T00:43:43.459000Z,RASPISHAKE;RASPISHAKE;RASPISHAKE,https://data.raspberryshake.org/fdsnws/dataselect/1/query;https://data.raspberryshake.org/fdsnws/dataselect/1/query;https://data.raspberryshake.org/fdsnws/dataselect/1/query,AM.RA825.noise.20250605T100724;AM.RA825.noise.20250603T222341;AM.RA825.noise.20250606T004041,ordered_three_chunk_concat_v1,3500;3500;3500,3500;3500;2000,0;3500;7000,3500;7000;9000
560,AM,RA825,00,EH?,2026-04-22T17:25:39.219000Z,2026-04-22T17:26:14.219000Z,event_template,0.0,38.57,100.0,preprocessing_v1_0_6,controlled-v1-case-0560,RASPISHAKE,https://data.raspberryshake.org/fdsnws/dataselect/1/query,AM.RA825.event.20260422T172539,AM;AM;AM,RA825;RA825;RA825,00;00;00,EH?;EH?;EH?,2025-06-05T10:07:20.379000Z;2025-06-03T22:23:39.019000Z;2025-06-06T00:40:39.859000Z,2025-06-05T10:10:26.919000Z;2025-06-03T22:26:43.709000Z;2025-06-06T00:43:43.459000Z,RASPISHAKE;RASPISHAKE;RASPISHAKE,https://data.raspberryshake.org/fdsnws/dataselect/1/query;https://data.raspberryshake.org/fdsnws/dataselect/1/query;https://data.raspberryshake.org/fdsnws/dataselect/1/query,AM.RA825.noise.20250605T100724;AM.RA825.noise.20250603T222341;AM.RA825.noise.20250606T004041,ordered_three_chunk_concat_v1,3500;3500;3500,3500;3500;2000,0;3500;7000,3500;7000;9000
561,AM,RA825,00,EH?,2026-04-22T17:25:39.219000Z,2026-04-22T17:26:14.219000Z,event_template,5.0,38.57,100.0,preprocessing_v1_0_6,controlled-v1-case-0561,RASPISHAKE,https://data.raspberryshake.org/fdsnws/dataselect/1/query,AM.RA825.event.20260422T172539,AM;AM;AM,RA825;RA825;RA825,00;00;00,EH?;EH?;EH?,2025-06-05T10:07:20.379000Z;2025-06-03T22:23:39.019000Z;2025-06-06T00:40:39.859000Z,2025-06-05T10:10:26.919000Z;2025-06-03T22:26:43.709000Z;2025-06-06T00:43:43.459000Z,RASPISHAKE;RASPISHAKE;RASPISHAKE,https://data.raspberryshake.org/fdsnws/dataselect/1/query;https://data.raspberryshake.org/fdsnws/dataselect/1/query;https://data.raspberryshake.org/fdsnws/dataselect/1/query,AM.RA825.noise.20250605T100724;AM.RA825.noise.20250603T222341;AM.RA825.noise.20250606T004041,ordered_three_chunk_concat_v1,3500;3500;3500,3500;3500;2000,0;3500;7000,3500;7000;9000
562,AM,RA825,00,EH?,2026-04-24T19:31:41.309000Z,2026-04-24T19:32:16.309000Z,event_template,-5.0,49.26,100.0,preprocessing_v1_0_6,controlled-v1-case-0562,RASPISHAKE,https://data.raspberryshake.org/fdsnws/dataselect/1/query,AM.RA825.event.20260424T193141,AM;AM;AM,RA825;RA825;RA825,00;00;00,EH?;EH?;EH?,2025-06-10T11:38:04.999000Z;2025-06-07T14:44:15.759000Z;2025-06-07T23:52:57.109000Z,2025-06-10T11:41:10.269000Z;2025-06-07T14:47:20.149000Z;2025-06-07T23:56:01.509000Z,RASPISHAKE;RASPISHAKE;RASPISHAKE,https://data.raspberryshake.org/fdsnws/dataselect/1/query;https://data.raspberryshake.org/fdsnws/dataselect/1/query;https://data.raspberryshake.org/fdsnws/dataselect/1/query,AM.RA825.noise.20250610T113808;AM.RA825.noise.20250607T144418;AM.RA825.noise.20250607T235259,ordered_three_chunk_concat_v1,3500;3500;3500,3500;3500;2000,0;3500;7000,3500;7000;9000
563,AM,RA825,00,EH?,2026-04-24T19:31:41.309000Z,2026-04-24T19:32:16.309000Z,event_template,0.0,49.26,100.0,preprocessing_v1_0_6,controlled-v1-case-0563,RASPISHAKE,https://data.raspberryshake.org/fdsnws/dataselect/1/query,AM.RA825.event.20260424T193141,AM;AM;AM,RA825;RA825;RA825,00;00;00,EH?;EH?;EH?,2025-06-10T11:38:04.999000Z;2025-06-07T14:44:15.759000Z;2025-06-07T23:52:57.109000Z,2025-06-10T11:41:10.269000Z;2025-06-07T14:47:20.149000Z;2025-06-07T23:56:01.509000Z,RASPISHAKE;RASPISHAKE;RASPISHAKE,https://data.raspberryshake.org/fdsnws/dataselect/1/query;https://data.raspberryshake.org/fdsnws/dataselect/1/query;https://data.raspberryshake.org/fdsnws/dataselect/1/query,AM.RA825.noise.20250610T113808;AM.RA825.noise.20250607T144418;AM.RA825.noise.20250607T235259,ordered_three_chunk_concat_v1,3500;3500;3500,3500;3500;2000,0;3500;7000,3500;7000;9000
564,AM,RA825,00,EH?,2026-04-24T19:31:41.309000Z,2026-04-24T19:32:16.309000Z,event_template,5.0,49.26,100.0,preprocessing_v1_0_6,controlled-v1-case-0564,RASPISHAKE,https://data.raspberryshake.org/fdsnws/dataselect/1/query,AM.RA825.event.20260424T193141,AM;AM;AM,RA825;RA825;RA825,00;00;00,EH?;EH?;EH?,2025-06-10T11:38:04.999000Z;2025-06-07T14:44:15.759000Z;2025-06-07T23:52:57.109000Z,2025-06-10T11:41:10.269000Z;2025-06-07T14:47:20.149000Z;2025-06-07T23:56:01.509000Z,RASPISHAKE;RASPISHAKE;RASPISHAKE,https://data.raspberryshake.org/fdsnws/dataselect/1/query;https://data.raspberryshake.org/fdsnws/dataselect/1/query;https://data.raspberryshake.org/fdsnws/dataselect/1/query,AM.RA825.noise.20250610T113808;AM.RA825.noise.20250607T144418;AM.RA825.noise.20250607T235259,ordered_three_chunk_concat_v1,3500;3500;3500,3500;3500;2000,0;3500;7000,3500;7000;9000
565,AM,RA825,00,EH?,2026-04-25T19:21:59.439000Z,2026-04-25T19:22:34.439000Z,event_template,-5.0,41.99,100.0,preprocessing_v1_0_6,controlled-v1-case-0565,RASPISHAKE,https://data.raspberryshake.org/fdsnws/dataselect/1/query,AM.RA825.event.20260425T192159,AM;AM;AM,RA825;RA825;RA825,00;00;00,EH?;EH?;EH?,2025-06-04T04:12:22.859000Z;2025-06-03T22:23:39.019000Z;2025-06-03T00:03:52.889000Z,2025-06-04T04:15:28.749000Z;2025-06-03T22:26:43.709000Z;2025-06-03T00:06:58.329000Z,RASPISHAKE;RASPISHAKE;RASPISHAKE,https://data.raspberryshake.org/fdsnws/dataselect/1/query;https://data.raspberryshake.org/fdsnws/dataselect/1/query;https://data.raspberryshake.org/fdsnws/dataselect/1/query,AM.RA825.noise.20250604T041225;AM.RA825.noise.20250603T222341;AM.RA825.noise.20250603T000356,ordered_three_chunk_concat_v1,3500;3500;3500,3500;3500;2000,0;3500;7000,3500;7000;9000
566,AM,RA825,00,EH?,2026-04-25T19:21:59.439000Z,2026-04-25T19:22:34.439000Z,event_template,0.0,41.99,100.0,preprocessing_v1_0_6,controlled-v1-case-0566,RASPISHAKE,https://data.raspberryshake.org/fdsnws/dataselect/1/query,AM.RA825.event.20260425T192159,AM;AM;AM,RA825;RA825;RA825,00;00;00,EH?;EH?;EH?,2025-06-04T04:12:22.859000Z;2025-06-03T22:23:39.019000Z;2025-06-03T00:03:52.889000Z,2025-06-04T04:15:28.749000Z;2025-06-03T22:26:43.709000Z;2025-06-03T00:06:58.329000Z,RASPISHAKE;RASPISHAKE;RASPISHAKE,https://data.raspberryshake.org/fdsnws/dataselect/1/query;https://data.raspberryshake.org/fdsnws/dataselect/1/query;https://data.raspberryshake.org/fdsnws/dataselect/1/query,AM.RA825.noise.20250604T041225;AM.RA825.noise.20250603T222341;AM.RA825.noise.20250603T000356,ordered_three_chunk_concat_v1,3500;3500;3500,3500;3500;2000,0;3500;7000,3500;7000;9000
567,AM,RA825,00,EH?,2026-04-25T19:21:59.439000Z,2026-04-25T19:22:34.439000Z,event_template,5.0,41.99,100.0,preprocessing_v1_0_6,controlled-v1-case-0567,RASPISHAKE,https://data.raspberryshake.org/fdsnws/dataselect/1/query,AM.RA825.event.20260425T192159,AM;AM;AM,RA825;RA825;RA825,00;00;00,EH?;EH?;EH?,2025-06-04T04:12:22.859000Z;2025-06-03T22:23:39.019000Z;2025-06-03T00:03:52.889000Z,2025-06-04T04:15:28.749000Z;2025-06-03T22:26:43.709000Z;2025-06-03T00:06:58.329000Z,RASPISHAKE;RASPISHAKE;RASPISHAKE,https://data.raspberryshake.org/fdsnws/dataselect/1/query;https://data.raspberryshake.org/fdsnws/dataselect/1/query;https://data.raspberryshake.org/fdsnws/dataselect/1/query,AM.RA825.noise.20250604T041225;AM.RA825.noise.20250603T222341;AM.RA825.noise.20250603T000356,ordered_three_chunk_concat_v1,3500;3500;3500,3500;3500;2000,0;3500;7000,3500;7000;9000
568,AM,RA825,00,EH?,2026-05-09T04:59:30.099000Z,2026-05-09T05:00:05.099000Z,event_template,-5.0,54.79,100.0,preprocessing_v1_0_6,controlled-v1-case-0568,RASPISHAKE,https://data.raspberryshake.org/fdsnws/dataselect/1/query,AM.RA825.event.20260509T045930,AM;AM;AM,RA825;RA825;RA825,00;00;00,EH?;EH?;EH?,2025-06-05T07:10:38.699000Z;2025-06-06T00:40:39.859000Z;2025-06-06T02:58:32.209000Z,2025-06-05T07:13:44.199000Z;2025-06-06T00:43:43.459000Z;2025-06-06T03:01:38.789000Z,RASPISHAKE;RASPISHAKE;RASPISHAKE,https://data.raspberryshake.org/fdsnws/dataselect/1/query;https://data.raspberryshake.org/fdsnws/dataselect/1/query;https://data.raspberryshake.org/fdsnws/dataselect/1/query,AM.RA825.noise.20250605T071041;AM.RA825.noise.20250606T004041;AM.RA825.noise.20250606T025835,ordered_three_chunk_concat_v1,3500;3500;3500,3500;3500;2000,0;3500;7000,3500;7000;9000
569,AM,RA825,00,EH?,2026-05-09T04:59:30.099000Z,2026-05-09T05:00:05.099000Z,event_template,0.0,54.79,100.0,preprocessing_v1_0_6,controlled-v1-case-0569,RASPISHAKE,https://data.raspberryshake.org/fdsnws/dataselect/1/query,AM.RA825.event.20260509T045930,AM;AM;AM,RA825;RA825;RA825,00;00;00,EH?;EH?;EH?,2025-06-05T07:10:38.699000Z;2025-06-06T00:40:39.859000Z;2025-06-06T02:58:32.209000Z,2025-06-05T07:13:44.199000Z;2025-06-06T00:43:43.459000Z;2025-06-06T03:01:38.789000Z,RASPISHAKE;RASPISHAKE;RASPISHAKE,https://data.raspberryshake.org/fdsnws/dataselect/1/query;https://data.raspberryshake.org/fdsnws/dataselect/1/query;https://data.raspberryshake.org/fdsnws/dataselect/1/query,AM.RA825.noise.20250605T071041;AM.RA825.noise.20250606T004041;AM.RA825.noise.20250606T025835,ordered_three_chunk_concat_v1,3500;3500;3500,3500;3500;2000,0;3500;7000,3500;7000;9000
570,AM,RA825,00,EH?,2026-05-09T04:59:30.099000Z,2026-05-09T05:00:05.099000Z,event_template,5.0,54.79,100.0,preprocessing_v1_0_6,controlled-v1-case-0570,RASPISHAKE,https://data.raspberryshake.org/fdsnws/dataselect/1/query,AM.RA825.event.20260509T045930,AM;AM;AM,RA825;RA825;RA825,00;00;00,EH?;EH?;EH?,2025-06-05T07:10:38.699000Z;2025-06-06T00:40:39.859000Z;2025-06-06T02:58:32.209000Z,2025-06-05T07:13:44.199000Z;2025-06-06T00:43:43.459000Z;2025-06-06T03:01:38.789000Z,RASPISHAKE;RASPISHAKE;RASPISHAKE,https://data.raspberryshake.org/fdsnws/dataselect/1/query;https://data.raspberryshake.org/fdsnws/dataselect/1/query;https://data.raspberryshake.org/fdsnws/dataselect/1/query,AM.RA825.noise.20250605T071041;AM.RA825.noise.20250606T004041;AM.RA825.noise.20250606T025835,ordered_three_chunk_concat_v1,3500;3500;3500,3500;3500;2000,0;3500;7000,3500;7000;9000
571,AM,RA825,00,EH?,2026-05-09T15:07:00.849000Z,2026-05-09T15:07:35.849000Z,event_template,-5.0,49.22,100.0,preprocessing_v1_0_6,controlled-v1-case-0571,RASPISHAKE,https://data.raspberryshake.org/fdsnws/dataselect/1/query,AM.RA825.event.20260509T150700,AM;AM;AM,RA825;RA825;RA825,00;00;00,EH?;EH?;EH?,2025-06-04T20:32:03.309000Z;2025-06-06T16:03:38.359000Z;2025-06-04T04:12:22.859000Z,2025-06-04T20:35:06.689000Z;2025-06-06T16:06:43.729000Z;2025-06-04T04:15:28.749000Z,RASPISHAKE;RASPISHAKE;RASPISHAKE,https://data.raspberryshake.org/fdsnws/dataselect/1/query;https://data.raspberryshake.org/fdsnws/dataselect/1/query;https://data.raspberryshake.org/fdsnws/dataselect/1/query,AM.RA825.noise.20250604T203205;AM.RA825.noise.20250606T160341;AM.RA825.noise.20250604T041225,ordered_three_chunk_concat_v1,3500;3500;3500,3500;3500;2000,0;3500;7000,3500;7000;9000
572,AM,RA825,00,EH?,2026-05-09T15:07:00.849000Z,2026-05-09T15:07:35.849000Z,event_template,0.0,49.22,100.0,preprocessing_v1_0_6,controlled-v1-case-0572,RASPISHAKE,https://data.raspberryshake.org/fdsnws/dataselect/1/query,AM.RA825.event.20260509T150700,AM;AM;AM,RA825;RA825;RA825,00;00;00,EH?;EH?;EH?,2025-06-04T20:32:03.309000Z;2025-06-06T16:03:38.359000Z;2025-06-04T04:12:22.859000Z,2025-06-04T20:35:06.689000Z;2025-06-06T16:06:43.729000Z;2025-06-04T04:15:28.749000Z,RASPISHAKE;RASPISHAKE;RASPISHAKE,https://data.raspberryshake.org/fdsnws/dataselect/1/query;https://data.raspberryshake.org/fdsnws/dataselect/1/query;https://data.raspberryshake.org/fdsnws/dataselect/1/query,AM.RA825.noise.20250604T203205;AM.RA825.noise.20250606T160341;AM.RA825.noise.20250604T041225,ordered_three_chunk_concat_v1,3500;3500;3500,3500;3500;2000,0;3500;7000,3500;7000;9000
573,AM,RA825,00,EH?,2026-05-09T15:07:00.849000Z,2026-05-09T15:07:35.849000Z,event_template,5.0,49.22,100.0,preprocessing_v1_0_6,controlled-v1-case-0573,RASPISHAKE,https://data.raspberryshake.org/fdsnws/dataselect/1/query,AM.RA825.event.20260509T150700,AM;AM;AM,RA825;RA825;RA825,00;00;00,EH?;EH?;EH?,2025-06-04T20:32:03.309000Z;2025-06-06T16:03:38.359000Z;2025-06-04T04:12:22.859000Z,2025-06-04T20:35:06.689000Z;2025-06-06T16:06:43.729000Z;2025-06-04T04:15:28.749000Z,RASPISHAKE;RASPISHAKE;RASPISHAKE,https://data.raspberryshake.org/fdsnws/dataselect/1/query;https://data.raspberryshake.org/fdsnws/dataselect/1/query;https://data.raspberryshake.org/fdsnws/dataselect/1/query,AM.RA825.noise.20250604T203205;AM.RA825.noise.20250606T160341;AM.RA825.noise.20250604T041225,ordered_three_chunk_concat_v1,3500;3500;3500,3500;3500;2000,0;3500;7000,3500;7000;9000
574,AM,RA825,00,EH?,2026-05-21T19:01:54.429000Z,2026-05-21T19:02:29.429000Z,event_template,-5.0,33.56,100.0,preprocessing_v1_0_6,controlled-v1-case-0574,RASPISHAKE,https://data.raspberryshake.org/fdsnws/dataselect/1/query,AM.RA825.event.20260521T190154,AM;AM;AM,RA825;RA825;RA825,00;00;00,EH?;EH?;EH?,2025-06-01T06:27:37.759000Z;2025-06-04T04:12:22.859000Z;2025-06-08T16:25:04.549000Z,2025-06-01T06:30:43.989000Z;2025-06-04T04:15:28.749000Z;2025-06-08T16:28:10.669000Z,RASPISHAKE;RASPISHAKE;RASPISHAKE,https://data.raspberryshake.org/fdsnws/dataselect/1/query;https://data.raspberryshake.org/fdsnws/dataselect/1/query;https://data.raspberryshake.org/fdsnws/dataselect/1/query,AM.RA825.noise.20250601T062741;AM.RA825.noise.20250604T041225;AM.RA825.noise.20250608T162507,ordered_three_chunk_concat_v1,3500;3500;3500,3500;3500;2000,0;3500;7000,3500;7000;9000
575,AM,RA825,00,EH?,2026-05-21T19:01:54.429000Z,2026-05-21T19:02:29.429000Z,event_template,0.0,33.56,100.0,preprocessing_v1_0_6,controlled-v1-case-0575,RASPISHAKE,https://data.raspberryshake.org/fdsnws/dataselect/1/query,AM.RA825.event.20260521T190154,AM;AM;AM,RA825;RA825;RA825,00;00;00,EH?;EH?;EH?,2025-06-01T06:27:37.759000Z;2025-06-04T04:12:22.859000Z;2025-06-08T16:25:04.549000Z,2025-06-01T06:30:43.989000Z;2025-06-04T04:15:28.749000Z;2025-06-08T16:28:10.669000Z,RASPISHAKE;RASPISHAKE;RASPISHAKE,https://data.raspberryshake.org/fdsnws/dataselect/1/query;https://data.raspberryshake.org/fdsnws/dataselect/1/query;https://data.raspberryshake.org/fdsnws/dataselect/1/query,AM.RA825.noise.20250601T062741;AM.RA825.noise.20250604T041225;AM.RA825.noise.20250608T162507,ordered_three_chunk_concat_v1,3500;3500;3500,3500;3500;2000,0;3500;7000,3500;7000;9000
576,AM,RA825,00,EH?,2026-05-21T19:01:54.429000Z,2026-05-21T19:02:29.429000Z,event_template,5.0,33.56,100.0,preprocessing_v1_0_6,controlled-v1-case-0576,RASPISHAKE,https://data.raspberryshake.org/fdsnws/dataselect/1/query,AM.RA825.event.20260521T190154,AM;AM;AM,RA825;RA825;RA825,00;00;00,EH?;EH?;EH?,2025-06-01T06:27:37.759000Z;2025-06-04T04:12:22.859000Z;2025-06-08T16:25:04.549000Z,2025-06-01T06:30:43.989000Z;2025-06-04T04:15:28.749000Z;2025-06-08T16:28:10.669000Z,RASPISHAKE;RASPISHAKE;RASPISHAKE,https://data.raspberryshake.org/fdsnws/dataselect/1/query;https://data.raspberryshake.org/fdsnws/dataselect/1/query;https://data.raspberryshake.org/fdsnws/dataselect/1/query,AM.RA825.noise.20250601T062741;AM.RA825.noise.20250604T041225;AM.RA825.noise.20250608T162507,ordered_three_chunk_concat_v1,3500;3500;3500,3500;3500;2000,0;3500;7000,3500;7000;9000
577,AM,RAB7F,00,EH?,2025-06-02T23:18:52.364000Z,2025-06-02T23:19:27.364000Z,event_template,-5.0,39.56,100.0,preprocessing_v1_0_6,controlled-v1-case-0577,RASPISHAKE,https://data.raspberryshake.org/fdsnws/dataselect/1/query,AM.RAB7F.event.20250602T231852,AM;AM;AM,RAB7F;RAB7F;RAB7F,00;00;00,EH?;EH?;EH?,2025-06-01T15:15:15.905000Z;2025-07-01T10:18:19.238000Z;2025-06-02T21:51:37.254000Z,2025-06-01T15:18:21.875000Z;2025-07-01T10:21:22.578000Z;2025-06-02T21:54:39.414000Z,RASPISHAKE;RASPISHAKE;RASPISHAKE,https://data.raspberryshake.org/fdsnws/dataselect/1/query;https://data.raspberryshake.org/fdsnws/dataselect/1/query;https://data.raspberryshake.org/fdsnws/dataselect/1/query,AM.RAB7F.noise.20250601T151518;AM.RAB7F.noise.20250701T101820;AM.RAB7F.noise.20250602T215137,ordered_three_chunk_concat_v1,3500;3500;3500,3500;3500;2000,0;3500;7000,3500;7000;9000
578,AM,RAB7F,00,EH?,2025-06-02T23:18:52.364000Z,2025-06-02T23:19:27.364000Z,event_template,0.0,39.56,100.0,preprocessing_v1_0_6,controlled-v1-case-0578,RASPISHAKE,https://data.raspberryshake.org/fdsnws/dataselect/1/query,AM.RAB7F.event.20250602T231852,AM;AM;AM,RAB7F;RAB7F;RAB7F,00;00;00,EH?;EH?;EH?,2025-06-01T15:15:15.905000Z;2025-07-01T10:18:19.238000Z;2025-06-02T21:51:37.254000Z,2025-06-01T15:18:21.875000Z;2025-07-01T10:21:22.578000Z;2025-06-02T21:54:39.414000Z,RASPISHAKE;RASPISHAKE;RASPISHAKE,https://data.raspberryshake.org/fdsnws/dataselect/1/query;https://data.raspberryshake.org/fdsnws/dataselect/1/query;https://data.raspberryshake.org/fdsnws/dataselect/1/query,AM.RAB7F.noise.20250601T151518;AM.RAB7F.noise.20250701T101820;AM.RAB7F.noise.20250602T215137,ordered_three_chunk_concat_v1,3500;3500;3500,3500;3500;2000,0;3500;7000,3500;7000;9000
579,AM,RAB7F,00,EH?,2025-06-02T23:18:52.364000Z,2025-06-02T23:19:27.364000Z,event_template,5.0,39.56,100.0,preprocessing_v1_0_6,controlled-v1-case-0579,RASPISHAKE,https://data.raspberryshake.org/fdsnws/dataselect/1/query,AM.RAB7F.event.20250602T231852,AM;AM;AM,RAB7F;RAB7F;RAB7F,00;00;00,EH?;EH?;EH?,2025-06-01T15:15:15.905000Z;2025-07-01T10:18:19.238000Z;2025-06-02T21:51:37.254000Z,2025-06-01T15:18:21.875000Z;2025-07-01T10:21:22.578000Z;2025-06-02T21:54:39.414000Z,RASPISHAKE;RASPISHAKE;RASPISHAKE,https://data.raspberryshake.org/fdsnws/dataselect/1/query;https://data.raspberryshake.org/fdsnws/dataselect/1/query;https://data.raspberryshake.org/fdsnws/dataselect/1/query,AM.RAB7F.noise.20250601T151518;AM.RAB7F.noise.20250701T101820;AM.RAB7F.noise.20250602T215137,ordered_three_chunk_concat_v1,3500;3500;3500,3500;3500;2000,0;3500;7000,3500;7000;9000
580,AM,RAB7F,00,EH?,2025-09-07T09:36:55.115000Z,2025-09-07T09:37:30.115000Z,event_template,-5.0,55.66,100.0,preprocessing_v1_0_6,controlled-v1-case-0580,RASPISHAKE,https://data.raspberryshake.org/fdsnws/dataselect/1/query,AM.RAB7F.event.20250907T093655,AM;AM;AM,RAB7F;RAB7F;RAB7F,00;00;00,EH?;EH?;EH?,2025-06-24T23:29:56.199000Z;2025-06-01T00:23:42.268000Z;2025-06-25T21:18:47.512000Z,2025-06-24T23:33:01.309000Z;2025-06-01T00:26:47.368000Z;2025-06-25T21:21:51.772000Z,RASPISHAKE;RASPISHAKE;RASPISHAKE,https://data.raspberryshake.org/fdsnws/dataselect/1/query;https://data.raspberryshake.org/fdsnws/dataselect/1/query;https://data.raspberryshake.org/fdsnws/dataselect/1/query,AM.RAB7F.noise.20250624T232958;AM.RAB7F.noise.20250601T002345;AM.RAB7F.noise.20250625T211850,ordered_three_chunk_concat_v1,3500;3500;3500,3500;3500;2000,0;3500;7000,3500;7000;9000
581,AM,RAB7F,00,EH?,2025-09-07T09:36:55.115000Z,2025-09-07T09:37:30.115000Z,event_template,0.0,55.66,100.0,preprocessing_v1_0_6,controlled-v1-case-0581,RASPISHAKE,https://data.raspberryshake.org/fdsnws/dataselect/1/query,AM.RAB7F.event.20250907T093655,AM;AM;AM,RAB7F;RAB7F;RAB7F,00;00;00,EH?;EH?;EH?,2025-06-24T23:29:56.199000Z;2025-06-01T00:23:42.268000Z;2025-06-25T21:18:47.512000Z,2025-06-24T23:33:01.309000Z;2025-06-01T00:26:47.368000Z;2025-06-25T21:21:51.772000Z,RASPISHAKE;RASPISHAKE;RASPISHAKE,https://data.raspberryshake.org/fdsnws/dataselect/1/query;https://data.raspberryshake.org/fdsnws/dataselect/1/query;https://data.raspberryshake.org/fdsnws/dataselect/1/query,AM.RAB7F.noise.20250624T232958;AM.RAB7F.noise.20250601T002345;AM.RAB7F.noise.20250625T211850,ordered_three_chunk_concat_v1,3500;3500;3500,3500;3500;2000,0;3500;7000,3500;7000;9000
582,AM,RAB7F,00,EH?,2025-09-07T09:36:55.115000Z,2025-09-07T09:37:30.115000Z,event_template,5.0,55.66,100.0,preprocessing_v1_0_6,controlled-v1-case-0582,RASPISHAKE,https://data.raspberryshake.org/fdsnws/dataselect/1/query,AM.RAB7F.event.20250907T093655,AM;AM;AM,RAB7F;RAB7F;RAB7F,00;00;00,EH?;EH?;EH?,2025-06-24T23:29:56.199000Z;2025-06-01T00:23:42.268000Z;2025-06-25T21:18:47.512000Z,2025-06-24T23:33:01.309000Z;2025-06-01T00:26:47.368000Z;2025-06-25T21:21:51.772000Z,RASPISHAKE;RASPISHAKE;RASPISHAKE,https://data.raspberryshake.org/fdsnws/dataselect/1/query;https://data.raspberryshake.org/fdsnws/dataselect/1/query;https://data.raspberryshake.org/fdsnws/dataselect/1/query,AM.RAB7F.noise.20250624T232958;AM.RAB7F.noise.20250601T002345;AM.RAB7F.noise.20250625T211850,ordered_three_chunk_concat_v1,3500;3500;3500,3500;3500;2000,0;3500;7000,3500;7000;9000
583,AM,RAB7F,00,EH?,2026-02-20T03:11:27.588000Z,2026-02-20T03:12:02.588000Z,event_template,-5.0,47.53,100.0,preprocessing_v1_0_6,controlled-v1-case-0583,RASPISHAKE,https://data.raspberryshake.org/fdsnws/dataselect/1/query,AM.RAB7F.event.20260220T031127,AM;AM;AM,RAB7F;RAB7F;RAB7F,00;00;00,EH?;EH?;EH?,2025-06-02T14:31:41.825000Z;2025-07-01T23:08:11.251000Z;2025-06-28T17:31:52.407000Z,2025-06-02T14:34:46.825000Z;2025-07-01T23:11:15.831000Z;2025-06-28T17:34:55.867000Z,RASPISHAKE;RASPISHAKE;RASPISHAKE,https://data.raspberryshake.org/fdsnws/dataselect/1/query;https://data.raspberryshake.org/fdsnws/dataselect/1/query;https://data.raspberryshake.org/fdsnws/dataselect/1/query,AM.RAB7F.noise.20250602T143144;AM.RAB7F.noise.20250701T230813;AM.RAB7F.noise.20250628T173153,ordered_three_chunk_concat_v1,3500;3500;3500,3500;3500;2000,0;3500;7000,3500;7000;9000
584,AM,RAB7F,00,EH?,2026-02-20T03:11:27.588000Z,2026-02-20T03:12:02.588000Z,event_template,0.0,47.53,100.0,preprocessing_v1_0_6,controlled-v1-case-0584,RASPISHAKE,https://data.raspberryshake.org/fdsnws/dataselect/1/query,AM.RAB7F.event.20260220T031127,AM;AM;AM,RAB7F;RAB7F;RAB7F,00;00;00,EH?;EH?;EH?,2025-06-02T14:31:41.825000Z;2025-07-01T23:08:11.251000Z;2025-06-28T17:31:52.407000Z,2025-06-02T14:34:46.825000Z;2025-07-01T23:11:15.831000Z;2025-06-28T17:34:55.867000Z,RASPISHAKE;RASPISHAKE;RASPISHAKE,https://data.raspberryshake.org/fdsnws/dataselect/1/query;https://data.raspberryshake.org/fdsnws/dataselect/1/query;https://data.raspberryshake.org/fdsnws/dataselect/1/query,AM.RAB7F.noise.20250602T143144;AM.RAB7F.noise.20250701T230813;AM.RAB7F.noise.20250628T173153,ordered_three_chunk_concat_v1,3500;3500;3500,3500;3500;2000,0;3500;7000,3500;7000;9000
585,AM,RAB7F,00,EH?,2026-02-20T03:11:27.588000Z,2026-02-20T03:12:02.588000Z,event_template,5.0,47.53,100.0,preprocessing_v1_0_6,controlled-v1-case-0585,RASPISHAKE,https://data.raspberryshake.org/fdsnws/dataselect/1/query,AM.RAB7F.event.20260220T031127,AM;AM;AM,RAB7F;RAB7F;RAB7F,00;00;00,EH?;EH?;EH?,2025-06-02T14:31:41.825000Z;2025-07-01T23:08:11.251000Z;2025-06-28T17:31:52.407000Z,2025-06-02T14:34:46.825000Z;2025-07-01T23:11:15.831000Z;2025-06-28T17:34:55.867000Z,RASPISHAKE;RASPISHAKE;RASPISHAKE,https://data.raspberryshake.org/fdsnws/dataselect/1/query;https://data.raspberryshake.org/fdsnws/dataselect/1/query;https://data.raspberryshake.org/fdsnws/dataselect/1/query,AM.RAB7F.noise.20250602T143144;AM.RAB7F.noise.20250701T230813;AM.RAB7F.noise.20250628T173153,ordered_three_chunk_concat_v1,3500;3500;3500,3500;3500;2000,0;3500;7000,3500;7000;9000
586,AM,RAB7F,00,EH?,2026-04-06T07:52:18.144000Z,2026-04-06T07:52:53.144000Z,event_template,-5.0,30.88,100.0,preprocessing_v1_0_6,controlled-v1-case-0586,RASPISHAKE,https://data.raspberryshake.org/fdsnws/dataselect/1/query,AM.RAB7F.event.20260406T075218,AM;AM;AM,RAB7F;RAB7F;RAB7F,00;00;00,EH?;EH?;EH?,2025-07-01T10:18:19.238000Z;2025-06-29T00:22:57.965000Z;2025-06-27T10:36:12.469000Z,2025-07-01T10:21:22.578000Z;2025-06-29T00:26:01.005000Z;2025-06-27T10:39:16.209000Z,RASPISHAKE;RASPISHAKE;RASPISHAKE,https://data.raspberryshake.org/fdsnws/dataselect/1/query;https://data.raspberryshake.org/fdsnws/dataselect/1/query;https://data.raspberryshake.org/fdsnws/dataselect/1/query,AM.RAB7F.noise.20250701T101820;AM.RAB7F.noise.20250629T002258;AM.RAB7F.noise.20250627T103614,ordered_three_chunk_concat_v1,3500;3500;3500,3500;3500;2000,0;3500;7000,3500;7000;9000
587,AM,RAB7F,00,EH?,2026-04-06T07:52:18.144000Z,2026-04-06T07:52:53.144000Z,event_template,0.0,30.88,100.0,preprocessing_v1_0_6,controlled-v1-case-0587,RASPISHAKE,https://data.raspberryshake.org/fdsnws/dataselect/1/query,AM.RAB7F.event.20260406T075218,AM;AM;AM,RAB7F;RAB7F;RAB7F,00;00;00,EH?;EH?;EH?,2025-07-01T10:18:19.238000Z;2025-06-29T00:22:57.965000Z;2025-06-27T10:36:12.469000Z,2025-07-01T10:21:22.578000Z;2025-06-29T00:26:01.005000Z;2025-06-27T10:39:16.209000Z,RASPISHAKE;RASPISHAKE;RASPISHAKE,https://data.raspberryshake.org/fdsnws/dataselect/1/query;https://data.raspberryshake.org/fdsnws/dataselect/1/query;https://data.raspberryshake.org/fdsnws/dataselect/1/query,AM.RAB7F.noise.20250701T101820;AM.RAB7F.noise.20250629T002258;AM.RAB7F.noise.20250627T103614,ordered_three_chunk_concat_v1,3500;3500;3500,3500;3500;2000,0;3500;7000,3500;7000;9000
588,AM,RAB7F,00,EH?,2026-04-06T07:52:18.144000Z,2026-04-06T07:52:53.144000Z,event_template,5.0,30.88,100.0,preprocessing_v1_0_6,controlled-v1-case-0588,RASPISHAKE,https://data.raspberryshake.org/fdsnws/dataselect/1/query,AM.RAB7F.event.20260406T075218,AM;AM;AM,RAB7F;RAB7F;RAB7F,00;00;00,EH?;EH?;EH?,2025-07-01T10:18:19.238000Z;2025-06-29T00:22:57.965000Z;2025-06-27T10:36:12.469000Z,2025-07-01T10:21:22.578000Z;2025-06-29T00:26:01.005000Z;2025-06-27T10:39:16.209000Z,RASPISHAKE;RASPISHAKE;RASPISHAKE,https://data.raspberryshake.org/fdsnws/dataselect/1/query;https://data.raspberryshake.org/fdsnws/dataselect/1/query;https://data.raspberryshake.org/fdsnws/dataselect/1/query,AM.RAB7F.noise.20250701T101820;AM.RAB7F.noise.20250629T002258;AM.RAB7F.noise.20250627T103614,ordered_three_chunk_concat_v1,3500;3500;3500,3500;3500;2000,0;3500;7000,3500;7000;9000
589,AM,RAB7F,00,EH?,2026-04-24T12:11:38.744000Z,2026-04-24T12:12:13.744000Z,event_template,-5.0,56.24,100.0,preprocessing_v1_0_6,controlled-v1-case-0589,RASPISHAKE,https://data.raspberryshake.org/fdsnws/dataselect/1/query,AM.RAB7F.event.20260424T121138,AM;AM;AM,RAB7F;RAB7F;RAB7F,00;00;00,EH?;EH?;EH?,2025-06-01T00:23:42.268000Z;2025-06-01T00:58:49.998000Z;2025-06-27T12:54:24.918000Z,2025-06-01T00:26:47.368000Z;2025-06-01T01:01:55.668000Z;2025-06-27T12:57:29.078000Z,RASPISHAKE;RASPISHAKE;RASPISHAKE,https://data.raspberryshake.org/fdsnws/dataselect/1/query;https://data.raspberryshake.org/fdsnws/dataselect/1/query;https://data.raspberryshake.org/fdsnws/dataselect/1/query,AM.RAB7F.noise.20250601T002345;AM.RAB7F.noise.20250601T005852;AM.RAB7F.noise.20250627T125426,ordered_three_chunk_concat_v1,3500;3500;3500,3500;3500;2000,0;3500;7000,3500;7000;9000
590,AM,RAB7F,00,EH?,2026-04-24T12:11:38.744000Z,2026-04-24T12:12:13.744000Z,event_template,0.0,56.24,100.0,preprocessing_v1_0_6,controlled-v1-case-0590,RASPISHAKE,https://data.raspberryshake.org/fdsnws/dataselect/1/query,AM.RAB7F.event.20260424T121138,AM;AM;AM,RAB7F;RAB7F;RAB7F,00;00;00,EH?;EH?;EH?,2025-06-01T00:23:42.268000Z;2025-06-01T00:58:49.998000Z;2025-06-27T12:54:24.918000Z,2025-06-01T00:26:47.368000Z;2025-06-01T01:01:55.668000Z;2025-06-27T12:57:29.078000Z,RASPISHAKE;RASPISHAKE;RASPISHAKE,https://data.raspberryshake.org/fdsnws/dataselect/1/query;https://data.raspberryshake.org/fdsnws/dataselect/1/query;https://data.raspberryshake.org/fdsnws/dataselect/1/query,AM.RAB7F.noise.20250601T002345;AM.RAB7F.noise.20250601T005852;AM.RAB7F.noise.20250627T125426,ordered_three_chunk_concat_v1,3500;3500;3500,3500;3500;2000,0;3500;7000,3500;7000;9000
591,AM,RAB7F,00,EH?,2026-04-24T12:11:38.744000Z,2026-04-24T12:12:13.744000Z,event_template,5.0,56.24,100.0,preprocessing_v1_0_6,controlled-v1-case-0591,RASPISHAKE,https://data.raspberryshake.org/fdsnws/dataselect/1/query,AM.RAB7F.event.20260424T121138,AM;AM;AM,RAB7F;RAB7F;RAB7F,00;00;00,EH?;EH?;EH?,2025-06-01T00:23:42.268000Z;2025-06-01T00:58:49.998000Z;2025-06-27T12:54:24.918000Z,2025-06-01T00:26:47.368000Z;2025-06-01T01:01:55.668000Z;2025-06-27T12:57:29.078000Z,RASPISHAKE;RASPISHAKE;RASPISHAKE,https://data.raspberryshake.org/fdsnws/dataselect/1/query;https://data.raspberryshake.org/fdsnws/dataselect/1/query;https://data.raspberryshake.org/fdsnws/dataselect/1/query,AM.RAB7F.noise.20250601T002345;AM.RAB7F.noise.20250601T005852;AM.RAB7F.noise.20250627T125426,ordered_three_chunk_concat_v1,3500;3500;3500,3500;3500;2000,0;3500;7000,3500;7000;9000
592,AM,RAB7F,00,EH?,2026-05-16T15:02:29.658000Z,2026-05-16T15:03:04.658000Z,event_template,-5.0,58.89,100.0,preprocessing_v1_0_6,controlled-v1-case-0592,RASPISHAKE,https://data.raspberryshake.org/fdsnws/dataselect/1/query,AM.RAB7F.event.20260516T150229,AM;AM;AM,RAB7F;RAB7F;RAB7F,00;00;00,EH?;EH?;EH?,2025-06-24T23:29:56.199000Z;2025-06-01T15:15:15.905000Z;2025-07-01T23:08:11.251000Z,2025-06-24T23:33:01.309000Z;2025-06-01T15:18:21.875000Z;2025-07-01T23:11:15.831000Z,RASPISHAKE;RASPISHAKE;RASPISHAKE,https://data.raspberryshake.org/fdsnws/dataselect/1/query;https://data.raspberryshake.org/fdsnws/dataselect/1/query;https://data.raspberryshake.org/fdsnws/dataselect/1/query,AM.RAB7F.noise.20250624T232958;AM.RAB7F.noise.20250601T151518;AM.RAB7F.noise.20250701T230813,ordered_three_chunk_concat_v1,3500;3500;3500,3500;3500;2000,0;3500;7000,3500;7000;9000
593,AM,RAB7F,00,EH?,2026-05-16T15:02:29.658000Z,2026-05-16T15:03:04.658000Z,event_template,0.0,58.89,100.0,preprocessing_v1_0_6,controlled-v1-case-0593,RASPISHAKE,https://data.raspberryshake.org/fdsnws/dataselect/1/query,AM.RAB7F.event.20260516T150229,AM;AM;AM,RAB7F;RAB7F;RAB7F,00;00;00,EH?;EH?;EH?,2025-06-24T23:29:56.199000Z;2025-06-01T15:15:15.905000Z;2025-07-01T23:08:11.251000Z,2025-06-24T23:33:01.309000Z;2025-06-01T15:18:21.875000Z;2025-07-01T23:11:15.831000Z,RASPISHAKE;RASPISHAKE;RASPISHAKE,https://data.raspberryshake.org/fdsnws/dataselect/1/query;https://data.raspberryshake.org/fdsnws/dataselect/1/query;https://data.raspberryshake.org/fdsnws/dataselect/1/query,AM.RAB7F.noise.20250624T232958;AM.RAB7F.noise.20250601T151518;AM.RAB7F.noise.20250701T230813,ordered_three_chunk_concat_v1,3500;3500;3500,3500;3500;2000,0;3500;7000,3500;7000;9000
594,AM,RAB7F,00,EH?,2026-05-16T15:02:29.658000Z,2026-05-16T15:03:04.658000Z,event_template,5.0,58.89,100.0,preprocessing_v1_0_6,controlled-v1-case-0594,RASPISHAKE,https://data.raspberryshake.org/fdsnws/dataselect/1/query,AM.RAB7F.event.20260516T150229,AM;AM;AM,RAB7F;RAB7F;RAB7F,00;00;00,EH?;EH?;EH?,2025-06-24T23:29:56.199000Z;2025-06-01T15:15:15.905000Z;2025-07-01T23:08:11.251000Z,2025-06-24T23:33:01.309000Z;2025-06-01T15:18:21.875000Z;2025-07-01T23:11:15.831000Z,RASPISHAKE;RASPISHAKE;RASPISHAKE,https://data.raspberryshake.org/fdsnws/dataselect/1/query;https://data.raspberryshake.org/fdsnws/dataselect/1/query;https://data.raspberryshake.org/fdsnws/dataselect/1/query,AM.RAB7F.noise.20250624T232958;AM.RAB7F.noise.20250601T151518;AM.RAB7F.noise.20250701T230813,ordered_three_chunk_concat_v1,3500;3500;3500,3500;3500;2000,0;3500;7000,3500;7000;9000
595,AM,RAB7F,00,EH?,2026-05-20T06:01:20.948000Z,2026-05-20T06:01:55.948000Z,event_template,-5.0,39.36,100.0,preprocessing_v1_0_6,controlled-v1-case-0595,RASPISHAKE,https://data.raspberryshake.org/fdsnws/dataselect/1/query,AM.RAB7F.event.20260520T060120,AM;AM;AM,RAB7F;RAB7F;RAB7F,00;00;00,EH?;EH?;EH?,2025-06-02T17:28:14.375000Z;2025-06-03T00:03:53.034000Z;2025-06-24T22:55:28.199000Z,2025-06-02T17:31:19.855000Z;2025-06-03T00:06:58.104000Z;2025-06-24T22:58:33.259000Z,RASPISHAKE;RASPISHAKE;RASPISHAKE,https://data.raspberryshake.org/fdsnws/dataselect/1/query;https://data.raspberryshake.org/fdsnws/dataselect/1/query;https://data.raspberryshake.org/fdsnws/dataselect/1/query,AM.RAB7F.noise.20250602T172817;AM.RAB7F.noise.20250603T000356;AM.RAB7F.noise.20250624T225530,ordered_three_chunk_concat_v1,3500;3500;3500,3500;3500;2000,0;3500;7000,3500;7000;9000
596,AM,RAB7F,00,EH?,2026-05-20T06:01:20.948000Z,2026-05-20T06:01:55.948000Z,event_template,0.0,39.36,100.0,preprocessing_v1_0_6,controlled-v1-case-0596,RASPISHAKE,https://data.raspberryshake.org/fdsnws/dataselect/1/query,AM.RAB7F.event.20260520T060120,AM;AM;AM,RAB7F;RAB7F;RAB7F,00;00;00,EH?;EH?;EH?,2025-06-02T17:28:14.375000Z;2025-06-03T00:03:53.034000Z;2025-06-24T22:55:28.199000Z,2025-06-02T17:31:19.855000Z;2025-06-03T00:06:58.104000Z;2025-06-24T22:58:33.259000Z,RASPISHAKE;RASPISHAKE;RASPISHAKE,https://data.raspberryshake.org/fdsnws/dataselect/1/query;https://data.raspberryshake.org/fdsnws/dataselect/1/query;https://data.raspberryshake.org/fdsnws/dataselect/1/query,AM.RAB7F.noise.20250602T172817;AM.RAB7F.noise.20250603T000356;AM.RAB7F.noise.20250624T225530,ordered_three_chunk_concat_v1,3500;3500;3500,3500;3500;2000,0;3500;7000,3500;7000;9000
597,AM,RAB7F,00,EH?,2026-05-20T06:01:20.948000Z,2026-05-20T06:01:55.948000Z,event_template,5.0,39.36,100.0,preprocessing_v1_0_6,controlled-v1-case-0597,RASPISHAKE,https://data.raspberryshake.org/fdsnws/dataselect/1/query,AM.RAB7F.event.20260520T060120,AM;AM;AM,RAB7F;RAB7F;RAB7F,00;00;00,EH?;EH?;EH?,2025-06-02T17:28:14.375000Z;2025-06-03T00:03:53.034000Z;2025-06-24T22:55:28.199000Z,2025-06-02T17:31:19.855000Z;2025-06-03T00:06:58.104000Z;2025-06-24T22:58:33.259000Z,RASPISHAKE;RASPISHAKE;RASPISHAKE,https://data.raspberryshake.org/fdsnws/dataselect/1/query;https://data.raspberryshake.org/fdsnws/dataselect/1/query;https://data.raspberryshake.org/fdsnws/dataselect/1/query,AM.RAB7F.noise.20250602T172817;AM.RAB7F.noise.20250603T000356;AM.RAB7F.noise.20250624T225530,ordered_three_chunk_concat_v1,3500;3500;3500,3500;3500;2000,0;3500;7000,3500;7000;9000
598,AM,RAB7F,00,EH?,2026-05-29T14:38:45.778000Z,2026-05-29T14:39:20.778000Z,event_template,-5.0,51.42,100.0,preprocessing_v1_0_6,controlled-v1-case-0598,RASPISHAKE,https://data.raspberryshake.org/fdsnws/dataselect/1/query,AM.RAB7F.event.20260529T143845,AM;AM;AM,RAB7F;RAB7F;RAB7F,00;00;00,EH?;EH?;EH?,2025-07-01T08:14:44.268000Z;2025-06-28T00:40:44.128000Z;2025-06-27T22:17:51.223000Z,2025-07-01T08:17:48.618000Z;2025-06-28T00:43:47.958000Z;2025-06-27T22:20:54.703000Z,RASPISHAKE;RASPISHAKE;RASPISHAKE,https://data.raspberryshake.org/fdsnws/dataselect/1/query;https://data.raspberryshake.org/fdsnws/dataselect/1/query;https://data.raspberryshake.org/fdsnws/dataselect/1/query,AM.RAB7F.noise.20250701T081446;AM.RAB7F.noise.20250628T004045;AM.RAB7F.noise.20250627T221752,ordered_three_chunk_concat_v1,3500;3500;3500,3500;3500;2000,0;3500;7000,3500;7000;9000
599,AM,RAB7F,00,EH?,2026-05-29T14:38:45.778000Z,2026-05-29T14:39:20.778000Z,event_template,0.0,51.42,100.0,preprocessing_v1_0_6,controlled-v1-case-0599,RASPISHAKE,https://data.raspberryshake.org/fdsnws/dataselect/1/query,AM.RAB7F.event.20260529T143845,AM;AM;AM,RAB7F;RAB7F;RAB7F,00;00;00,EH?;EH?;EH?,2025-07-01T08:14:44.268000Z;2025-06-28T00:40:44.128000Z;2025-06-27T22:17:51.223000Z,2025-07-01T08:17:48.618000Z;2025-06-28T00:43:47.958000Z;2025-06-27T22:20:54.703000Z,RASPISHAKE;RASPISHAKE;RASPISHAKE,https://data.raspberryshake.org/fdsnws/dataselect/1/query;https://data.raspberryshake.org/fdsnws/dataselect/1/query;https://data.raspberryshake.org/fdsnws/dataselect/1/query,AM.RAB7F.noise.20250701T081446;AM.RAB7F.noise.20250628T004045;AM.RAB7F.noise.20250627T221752,ordered_three_chunk_concat_v1,3500;3500;3500,3500;3500;2000,0;3500;7000,3500;7000;9000
600,AM,RAB7F,00,EH?,2026-05-29T14:38:45.778000Z,2026-05-29T14:39:20.778000Z,event_template,5.0,51.42,100.0,preprocessing_v1_0_6,controlled-v1-case-0600,RASPISHAKE,https://data.raspberryshake.org/fdsnws/dataselect/1/query,AM.RAB7F.event.20260529T143845,AM;AM;AM,RAB7F;RAB7F;RAB7F,00;00;00,EH?;EH?;EH?,2025-07-01T08:14:44.268000Z;2025-06-28T00:40:44.128000Z;2025-06-27T22:17:51.223000Z,2025-07-01T08:17:48.618000Z;2025-06-28T00:43:47.958000Z;2025-06-27T22:20:54.703000Z,RASPISHAKE;RASPISHAKE;RASPISHAKE,https://data.raspberryshake.org/fdsnws/dataselect/1/query;https://data.raspberryshake.org/fdsnws/dataselect/1/query;https://data.raspberryshake.org/fdsnws/dataselect/1/query,AM.RAB7F.noise.20250701T081446;AM.RAB7F.noise.20250628T004045;AM.RAB7F.noise.20250627T221752,ordered_three_chunk_concat_v1,3500;3500;3500,3500;3500;2000,0;3500;7000,3500;7000;9000
601,AM,RAC20,00,EH?,2026-04-25T07:39:30.091000Z,2026-04-25T07:40:05.091000Z,event_template,-5.0,57.62,100.0,preprocessing_v1_0_6,controlled-v1-case-0601,RASPISHAKE,https://data.raspberryshake.org/fdsnws/dataselect/1/query,AM.RAC20.event.20260425T073930,AM;AM;AM,RAC20;RAC20;RAC20,00;00;00,EH?;EH?;EH?,2025-06-03T13:01:07.382000Z;2025-06-05T12:58:02.302000Z;2025-06-05T07:10:38.492000Z,2025-06-03T13:04:15.022000Z;2025-06-05T13:01:07.982000Z;2025-06-05T07:13:43.452000Z,RASPISHAKE;RASPISHAKE;RASPISHAKE,https://data.raspberryshake.org/fdsnws/dataselect/1/query;https://data.raspberryshake.org/fdsnws/dataselect/1/query;https://data.raspberryshake.org/fdsnws/dataselect/1/query,AM.RAC20.noise.20250603T130111;AM.RAC20.noise.20250605T125804;AM.RAC20.noise.20250605T071041,ordered_three_chunk_concat_v1,3500;3500;3500,3500;3500;2000,0;3500;7000,3500;7000;9000
602,AM,RAC20,00,EH?,2026-04-25T07:39:30.091000Z,2026-04-25T07:40:05.091000Z,event_template,0.0,57.62,100.0,preprocessing_v1_0_6,controlled-v1-case-0602,RASPISHAKE,https://data.raspberryshake.org/fdsnws/dataselect/1/query,AM.RAC20.event.20260425T073930,AM;AM;AM,RAC20;RAC20;RAC20,00;00;00,EH?;EH?;EH?,2025-06-03T13:01:07.382000Z;2025-06-05T12:58:02.302000Z;2025-06-05T07:10:38.492000Z,2025-06-03T13:04:15.022000Z;2025-06-05T13:01:07.982000Z;2025-06-05T07:13:43.452000Z,RASPISHAKE;RASPISHAKE;RASPISHAKE,https://data.raspberryshake.org/fdsnws/dataselect/1/query;https://data.raspberryshake.org/fdsnws/dataselect/1/query;https://data.raspberryshake.org/fdsnws/dataselect/1/query,AM.RAC20.noise.20250603T130111;AM.RAC20.noise.20250605T125804;AM.RAC20.noise.20250605T071041,ordered_three_chunk_concat_v1,3500;3500;3500,3500;3500;2000,0;3500;7000,3500;7000;9000
603,AM,RAC20,00,EH?,2026-04-25T07:39:30.091000Z,2026-04-25T07:40:05.091000Z,event_template,5.0,57.62,100.0,preprocessing_v1_0_6,controlled-v1-case-0603,RASPISHAKE,https://data.raspberryshake.org/fdsnws/dataselect/1/query,AM.RAC20.event.20260425T073930,AM;AM;AM,RAC20;RAC20;RAC20,00;00;00,EH?;EH?;EH?,2025-06-03T13:01:07.382000Z;2025-06-05T12:58:02.302000Z;2025-06-05T07:10:38.492000Z,2025-06-03T13:04:15.022000Z;2025-06-05T13:01:07.982000Z;2025-06-05T07:13:43.452000Z,RASPISHAKE;RASPISHAKE;RASPISHAKE,https://data.raspberryshake.org/fdsnws/dataselect/1/query;https://data.raspberryshake.org/fdsnws/dataselect/1/query;https://data.raspberryshake.org/fdsnws/dataselect/1/query,AM.RAC20.noise.20250603T130111;AM.RAC20.noise.20250605T125804;AM.RAC20.noise.20250605T071041,ordered_three_chunk_concat_v1,3500;3500;3500,3500;3500;2000,0;3500;7000,3500;7000;9000
604,AM,RAC20,00,EH?,2026-04-25T12:12:22.591000Z,2026-04-25T12:12:57.591000Z,event_template,-5.0,32.3,100.0,preprocessing_v1_0_6,controlled-v1-case-0604,RASPISHAKE,https://data.raspberryshake.org/fdsnws/dataselect/1/query,AM.RAC20.event.20260425T121222,AM;AM;AM,RAC20;RAC20;RAC20,00;00;00,EH?;EH?;EH?,2025-06-09T12:34:52.302000Z;2025-06-10T21:18:08.532000Z;2025-06-09T17:16:42.772000Z,2025-06-09T12:37:58.672000Z;2025-06-10T21:21:14.882000Z;2025-06-09T17:19:50.292000Z,RASPISHAKE;RASPISHAKE;RASPISHAKE,https://data.raspberryshake.org/fdsnws/dataselect/1/query;https://data.raspberryshake.org/fdsnws/dataselect/1/query;https://data.raspberryshake.org/fdsnws/dataselect/1/query,AM.RAC20.noise.20250609T123456;AM.RAC20.noise.20250610T211811;AM.RAC20.noise.20250609T171646,ordered_three_chunk_concat_v1,3500;3500;3500,3500;3500;2000,0;3500;7000,3500;7000;9000
605,AM,RAC20,00,EH?,2026-04-25T12:12:22.591000Z,2026-04-25T12:12:57.591000Z,event_template,0.0,32.3,100.0,preprocessing_v1_0_6,controlled-v1-case-0605,RASPISHAKE,https://data.raspberryshake.org/fdsnws/dataselect/1/query,AM.RAC20.event.20260425T121222,AM;AM;AM,RAC20;RAC20;RAC20,00;00;00,EH?;EH?;EH?,2025-06-09T12:34:52.302000Z;2025-06-10T21:18:08.532000Z;2025-06-09T17:16:42.772000Z,2025-06-09T12:37:58.672000Z;2025-06-10T21:21:14.882000Z;2025-06-09T17:19:50.292000Z,RASPISHAKE;RASPISHAKE;RASPISHAKE,https://data.raspberryshake.org/fdsnws/dataselect/1/query;https://data.raspberryshake.org/fdsnws/dataselect/1/query;https://data.raspberryshake.org/fdsnws/dataselect/1/query,AM.RAC20.noise.20250609T123456;AM.RAC20.noise.20250610T211811;AM.RAC20.noise.20250609T171646,ordered_three_chunk_concat_v1,3500;3500;3500,3500;3500;2000,0;3500;7000,3500;7000;9000
606,AM,RAC20,00,EH?,2026-04-25T12:12:22.591000Z,2026-04-25T12:12:57.591000Z,event_template,5.0,32.3,100.0,preprocessing_v1_0_6,controlled-v1-case-0606,RASPISHAKE,https://data.raspberryshake.org/fdsnws/dataselect/1/query,AM.RAC20.event.20260425T121222,AM;AM;AM,RAC20;RAC20;RAC20,00;00;00,EH?;EH?;EH?,2025-06-09T12:34:52.302000Z;2025-06-10T21:18:08.532000Z;2025-06-09T17:16:42.772000Z,2025-06-09T12:37:58.672000Z;2025-06-10T21:21:14.882000Z;2025-06-09T17:19:50.292000Z,RASPISHAKE;RASPISHAKE;RASPISHAKE,https://data.raspberryshake.org/fdsnws/dataselect/1/query;https://data.raspberryshake.org/fdsnws/dataselect/1/query;https://data.raspberryshake.org/fdsnws/dataselect/1/query,AM.RAC20.noise.20250609T123456;AM.RAC20.noise.20250610T211811;AM.RAC20.noise.20250609T171646,ordered_three_chunk_concat_v1,3500;3500;3500,3500;3500;2000,0;3500;7000,3500;7000;9000
607,AM,RAC20,00,EH?,2026-05-01T08:18:41.041000Z,2026-05-01T08:19:16.041000Z,event_template,-5.0,51.31,100.0,preprocessing_v1_0_6,controlled-v1-case-0607,RASPISHAKE,https://data.raspberryshake.org/fdsnws/dataselect/1/query,AM.RAC20.event.20260501T081841,AM;AM;AM,RAC20;RAC20;RAC20,00;00;00,EH?;EH?;EH?,2025-06-09T03:14:06.582000Z;2025-06-09T07:25:45.002000Z;2025-06-01T00:58:49.772000Z,2025-06-09T03:17:11.762000Z;2025-06-09T07:28:51.292000Z;2025-06-01T01:01:55.292000Z,RASPISHAKE;RASPISHAKE;RASPISHAKE,https://data.raspberryshake.org/fdsnws/dataselect/1/query;https://data.raspberryshake.org/fdsnws/dataselect/1/query;https://data.raspberryshake.org/fdsnws/dataselect/1/query,AM.RAC20.noise.20250609T031408;AM.RAC20.noise.20250609T072549;AM.RAC20.noise.20250601T005852,ordered_three_chunk_concat_v1,3500;3500;3500,3500;3500;2000,0;3500;7000,3500;7000;9000
608,AM,RAC20,00,EH?,2026-05-01T08:18:41.041000Z,2026-05-01T08:19:16.041000Z,event_template,0.0,51.31,100.0,preprocessing_v1_0_6,controlled-v1-case-0608,RASPISHAKE,https://data.raspberryshake.org/fdsnws/dataselect/1/query,AM.RAC20.event.20260501T081841,AM;AM;AM,RAC20;RAC20;RAC20,00;00;00,EH?;EH?;EH?,2025-06-09T03:14:06.582000Z;2025-06-09T07:25:45.002000Z;2025-06-01T00:58:49.772000Z,2025-06-09T03:17:11.762000Z;2025-06-09T07:28:51.292000Z;2025-06-01T01:01:55.292000Z,RASPISHAKE;RASPISHAKE;RASPISHAKE,https://data.raspberryshake.org/fdsnws/dataselect/1/query;https://data.raspberryshake.org/fdsnws/dataselect/1/query;https://data.raspberryshake.org/fdsnws/dataselect/1/query,AM.RAC20.noise.20250609T031408;AM.RAC20.noise.20250609T072549;AM.RAC20.noise.20250601T005852,ordered_three_chunk_concat_v1,3500;3500;3500,3500;3500;2000,0;3500;7000,3500;7000;9000
609,AM,RAC20,00,EH?,2026-05-01T08:18:41.041000Z,2026-05-01T08:19:16.041000Z,event_template,5.0,51.31,100.0,preprocessing_v1_0_6,controlled-v1-case-0609,RASPISHAKE,https://data.raspberryshake.org/fdsnws/dataselect/1/query,AM.RAC20.event.20260501T081841,AM;AM;AM,RAC20;RAC20;RAC20,00;00;00,EH?;EH?;EH?,2025-06-09T03:14:06.582000Z;2025-06-09T07:25:45.002000Z;2025-06-01T00:58:49.772000Z,2025-06-09T03:17:11.762000Z;2025-06-09T07:28:51.292000Z;2025-06-01T01:01:55.292000Z,RASPISHAKE;RASPISHAKE;RASPISHAKE,https://data.raspberryshake.org/fdsnws/dataselect/1/query;https://data.raspberryshake.org/fdsnws/dataselect/1/query;https://data.raspberryshake.org/fdsnws/dataselect/1/query,AM.RAC20.noise.20250609T031408;AM.RAC20.noise.20250609T072549;AM.RAC20.noise.20250601T005852,ordered_three_chunk_concat_v1,3500;3500;3500,3500;3500;2000,0;3500;7000,3500;7000;9000
610,AM,RAC20,00,EH?,2026-05-04T03:13:25.541000Z,2026-05-04T03:14:00.541000Z,event_template,-5.0,27.68,100.0,preprocessing_v1_0_6,controlled-v1-case-0610,RASPISHAKE,https://data.raspberryshake.org/fdsnws/dataselect/1/query,AM.RAC20.event.20260504T031325,AM;AM;AM,RAC20;RAC20;RAC20,00;00;00,EH?;EH?;EH?,2025-06-04T00:48:13.772000Z;2025-06-10T21:18:08.532000Z;2025-06-02T19:28:36.952000Z,2025-06-04T00:51:18.792000Z;2025-06-10T21:21:14.882000Z;2025-06-02T19:31:42.562000Z,RASPISHAKE;RASPISHAKE;RASPISHAKE,https://data.raspberryshake.org/fdsnws/dataselect/1/query;https://data.raspberryshake.org/fdsnws/dataselect/1/query;https://data.raspberryshake.org/fdsnws/dataselect/1/query,AM.RAC20.noise.20250604T004815;AM.RAC20.noise.20250610T211811;AM.RAC20.noise.20250602T192840,ordered_three_chunk_concat_v1,3500;3500;3500,3500;3500;2000,0;3500;7000,3500;7000;9000
611,AM,RAC20,00,EH?,2026-05-04T03:13:25.541000Z,2026-05-04T03:14:00.541000Z,event_template,0.0,27.68,100.0,preprocessing_v1_0_6,controlled-v1-case-0611,RASPISHAKE,https://data.raspberryshake.org/fdsnws/dataselect/1/query,AM.RAC20.event.20260504T031325,AM;AM;AM,RAC20;RAC20;RAC20,00;00;00,EH?;EH?;EH?,2025-06-04T00:48:13.772000Z;2025-06-10T21:18:08.532000Z;2025-06-02T19:28:36.952000Z,2025-06-04T00:51:18.792000Z;2025-06-10T21:21:14.882000Z;2025-06-02T19:31:42.562000Z,RASPISHAKE;RASPISHAKE;RASPISHAKE,https://data.raspberryshake.org/fdsnws/dataselect/1/query;https://data.raspberryshake.org/fdsnws/dataselect/1/query;https://data.raspberryshake.org/fdsnws/dataselect/1/query,AM.RAC20.noise.20250604T004815;AM.RAC20.noise.20250610T211811;AM.RAC20.noise.20250602T192840,ordered_three_chunk_concat_v1,3500;3500;3500,3500;3500;2000,0;3500;7000,3500;7000;9000
612,AM,RAC20,00,EH?,2026-05-04T03:13:25.541000Z,2026-05-04T03:14:00.541000Z,event_template,5.0,27.68,100.0,preprocessing_v1_0_6,controlled-v1-case-0612,RASPISHAKE,https://data.raspberryshake.org/fdsnws/dataselect/1/query,AM.RAC20.event.20260504T031325,AM;AM;AM,RAC20;RAC20;RAC20,00;00;00,EH?;EH?;EH?,2025-06-04T00:48:13.772000Z;2025-06-10T21:18:08.532000Z;2025-06-02T19:28:36.952000Z,2025-06-04T00:51:18.792000Z;2025-06-10T21:21:14.882000Z;2025-06-02T19:31:42.562000Z,RASPISHAKE;RASPISHAKE;RASPISHAKE,https://data.raspberryshake.org/fdsnws/dataselect/1/query;https://data.raspberryshake.org/fdsnws/dataselect/1/query;https://data.raspberryshake.org/fdsnws/dataselect/1/query,AM.RAC20.noise.20250604T004815;AM.RAC20.noise.20250610T211811;AM.RAC20.noise.20250602T192840,ordered_three_chunk_concat_v1,3500;3500;3500,3500;3500;2000,0;3500;7000,3500;7000;9000
613,AM,RAC20,00,EH?,2026-05-09T04:58:48.581000Z,2026-05-09T04:59:23.581000Z,event_template,-5.0,40.78,100.0,preprocessing_v1_0_6,controlled-v1-case-0613,RASPISHAKE,https://data.raspberryshake.org/fdsnws/dataselect/1/query,AM.RAC20.event.20260509T045848,AM;AM;AM,RAC20;RAC20;RAC20,00;00;00,EH?;EH?;EH?,2025-06-10T11:38:05.692000Z;2025-06-09T07:25:45.002000Z;2025-06-05T10:07:21.562000Z,2025-06-10T11:41:09.992000Z;2025-06-09T07:28:51.292000Z;2025-06-05T10:10:26.742000Z,RASPISHAKE;RASPISHAKE;RASPISHAKE,https://data.raspberryshake.org/fdsnws/dataselect/1/query;https://data.raspberryshake.org/fdsnws/dataselect/1/query;https://data.raspberryshake.org/fdsnws/dataselect/1/query,AM.RAC20.noise.20250610T113808;AM.RAC20.noise.20250609T072549;AM.RAC20.noise.20250605T100724,ordered_three_chunk_concat_v1,3500;3500;3500,3500;3500;2000,0;3500;7000,3500;7000;9000
614,AM,RAC20,00,EH?,2026-05-09T04:58:48.581000Z,2026-05-09T04:59:23.581000Z,event_template,0.0,40.78,100.0,preprocessing_v1_0_6,controlled-v1-case-0614,RASPISHAKE,https://data.raspberryshake.org/fdsnws/dataselect/1/query,AM.RAC20.event.20260509T045848,AM;AM;AM,RAC20;RAC20;RAC20,00;00;00,EH?;EH?;EH?,2025-06-10T11:38:05.692000Z;2025-06-09T07:25:45.002000Z;2025-06-05T10:07:21.562000Z,2025-06-10T11:41:09.992000Z;2025-06-09T07:28:51.292000Z;2025-06-05T10:10:26.742000Z,RASPISHAKE;RASPISHAKE;RASPISHAKE,https://data.raspberryshake.org/fdsnws/dataselect/1/query;https://data.raspberryshake.org/fdsnws/dataselect/1/query;https://data.raspberryshake.org/fdsnws/dataselect/1/query,AM.RAC20.noise.20250610T113808;AM.RAC20.noise.20250609T072549;AM.RAC20.noise.20250605T100724,ordered_three_chunk_concat_v1,3500;3500;3500,3500;3500;2000,0;3500;7000,3500;7000;9000
615,AM,RAC20,00,EH?,2026-05-09T04:58:48.581000Z,2026-05-09T04:59:23.581000Z,event_template,5.0,40.78,100.0,preprocessing_v1_0_6,controlled-v1-case-0615,RASPISHAKE,https://data.raspberryshake.org/fdsnws/dataselect/1/query,AM.RAC20.event.20260509T045848,AM;AM;AM,RAC20;RAC20;RAC20,00;00;00,EH?;EH?;EH?,2025-06-10T11:38:05.692000Z;2025-06-09T07:25:45.002000Z;2025-06-05T10:07:21.562000Z,2025-06-10T11:41:09.992000Z;2025-06-09T07:28:51.292000Z;2025-06-05T10:10:26.742000Z,RASPISHAKE;RASPISHAKE;RASPISHAKE,https://data.raspberryshake.org/fdsnws/dataselect/1/query;https://data.raspberryshake.org/fdsnws/dataselect/1/query;https://data.raspberryshake.org/fdsnws/dataselect/1/query,AM.RAC20.noise.20250610T113808;AM.RAC20.noise.20250609T072549;AM.RAC20.noise.20250605T100724,ordered_three_chunk_concat_v1,3500;3500;3500,3500;3500;2000,0;3500;7000,3500;7000;9000
616,AM,RAC20,00,EH?,2026-05-15T11:07:39.571000Z,2026-05-15T11:08:14.571000Z,event_template,-5.0,54.53,100.0,preprocessing_v1_0_6,controlled-v1-case-0616,RASPISHAKE,https://data.raspberryshake.org/fdsnws/dataselect/1/query,AM.RAC20.event.20260515T110739,AM;AM;AM,RAC20;RAC20;RAC20,00;00;00,EH?;EH?;EH?,2025-06-09T07:25:45.002000Z;2025-06-09T03:14:06.582000Z;2025-06-10T21:18:08.532000Z,2025-06-09T07:28:51.292000Z;2025-06-09T03:17:11.762000Z;2025-06-10T21:21:14.882000Z,RASPISHAKE;RASPISHAKE;RASPISHAKE,https://data.raspberryshake.org/fdsnws/dataselect/1/query;https://data.raspberryshake.org/fdsnws/dataselect/1/query;https://data.raspberryshake.org/fdsnws/dataselect/1/query,AM.RAC20.noise.20250609T072549;AM.RAC20.noise.20250609T031408;AM.RAC20.noise.20250610T211811,ordered_three_chunk_concat_v1,3500;3500;3500,3500;3500;2000,0;3500;7000,3500;7000;9000
617,AM,RAC20,00,EH?,2026-05-15T11:07:39.571000Z,2026-05-15T11:08:14.571000Z,event_template,0.0,54.53,100.0,preprocessing_v1_0_6,controlled-v1-case-0617,RASPISHAKE,https://data.raspberryshake.org/fdsnws/dataselect/1/query,AM.RAC20.event.20260515T110739,AM;AM;AM,RAC20;RAC20;RAC20,00;00;00,EH?;EH?;EH?,2025-06-09T07:25:45.002000Z;2025-06-09T03:14:06.582000Z;2025-06-10T21:18:08.532000Z,2025-06-09T07:28:51.292000Z;2025-06-09T03:17:11.762000Z;2025-06-10T21:21:14.882000Z,RASPISHAKE;RASPISHAKE;RASPISHAKE,https://data.raspberryshake.org/fdsnws/dataselect/1/query;https://data.raspberryshake.org/fdsnws/dataselect/1/query;https://data.raspberryshake.org/fdsnws/dataselect/1/query,AM.RAC20.noise.20250609T072549;AM.RAC20.noise.20250609T031408;AM.RAC20.noise.20250610T211811,ordered_three_chunk_concat_v1,3500;3500;3500,3500;3500;2000,0;3500;7000,3500;7000;9000
618,AM,RAC20,00,EH?,2026-05-15T11:07:39.571000Z,2026-05-15T11:08:14.571000Z,event_template,5.0,54.53,100.0,preprocessing_v1_0_6,controlled-v1-case-0618,RASPISHAKE,https://data.raspberryshake.org/fdsnws/dataselect/1/query,AM.RAC20.event.20260515T110739,AM;AM;AM,RAC20;RAC20;RAC20,00;00;00,EH?;EH?;EH?,2025-06-09T07:25:45.002000Z;2025-06-09T03:14:06.582000Z;2025-06-10T21:18:08.532000Z,2025-06-09T07:28:51.292000Z;2025-06-09T03:17:11.762000Z;2025-06-10T21:21:14.882000Z,RASPISHAKE;RASPISHAKE;RASPISHAKE,https://data.raspberryshake.org/fdsnws/dataselect/1/query;https://data.raspberryshake.org/fdsnws/dataselect/1/query;https://data.raspberryshake.org/fdsnws/dataselect/1/query,AM.RAC20.noise.20250609T072549;AM.RAC20.noise.20250609T031408;AM.RAC20.noise.20250610T211811,ordered_three_chunk_concat_v1,3500;3500;3500,3500;3500;2000,0;3500;7000,3500;7000;9000
619,AM,RAC20,00,EH?,2026-05-25T08:54:23.591000Z,2026-05-25T08:54:58.591000Z,event_template,-5.0,40.54,100.0,preprocessing_v1_0_6,controlled-v1-case-0619,RASPISHAKE,https://data.raspberryshake.org/fdsnws/dataselect/1/query,AM.RAC20.event.20260525T085423,AM;AM;AM,RAC20;RAC20;RAC20,00;00;00,EH?;EH?;EH?,2025-06-02T17:28:13.182000Z;2025-06-08T16:29:14.392000Z;2025-06-07T23:52:57.452000Z,2025-06-02T17:31:18.762000Z;2025-06-08T16:32:19.742000Z;2025-06-07T23:56:02.582000Z,RASPISHAKE;RASPISHAKE;RASPISHAKE,https://data.raspberryshake.org/fdsnws/dataselect/1/query;https://data.raspberryshake.org/fdsnws/dataselect/1/query;https://data.raspberryshake.org/fdsnws/dataselect/1/query,AM.RAC20.noise.20250602T172817;AM.RAC20.noise.20250608T162917;AM.RAC20.noise.20250607T235259,ordered_three_chunk_concat_v1,3500;3500;3500,3500;3500;2000,0;3500;7000,3500;7000;9000
620,AM,RAC20,00,EH?,2026-05-25T08:54:23.591000Z,2026-05-25T08:54:58.591000Z,event_template,0.0,40.54,100.0,preprocessing_v1_0_6,controlled-v1-case-0620,RASPISHAKE,https://data.raspberryshake.org/fdsnws/dataselect/1/query,AM.RAC20.event.20260525T085423,AM;AM;AM,RAC20;RAC20;RAC20,00;00;00,EH?;EH?;EH?,2025-06-02T17:28:13.182000Z;2025-06-08T16:29:14.392000Z;2025-06-07T23:52:57.452000Z,2025-06-02T17:31:18.762000Z;2025-06-08T16:32:19.742000Z;2025-06-07T23:56:02.582000Z,RASPISHAKE;RASPISHAKE;RASPISHAKE,https://data.raspberryshake.org/fdsnws/dataselect/1/query;https://data.raspberryshake.org/fdsnws/dataselect/1/query;https://data.raspberryshake.org/fdsnws/dataselect/1/query,AM.RAC20.noise.20250602T172817;AM.RAC20.noise.20250608T162917;AM.RAC20.noise.20250607T235259,ordered_three_chunk_concat_v1,3500;3500;3500,3500;3500;2000,0;3500;7000,3500;7000;9000
621,AM,RAC20,00,EH?,2026-05-25T08:54:23.591000Z,2026-05-25T08:54:58.591000Z,event_template,5.0,40.54,100.0,preprocessing_v1_0_6,controlled-v1-case-0621,RASPISHAKE,https://data.raspberryshake.org/fdsnws/dataselect/1/query,AM.RAC20.event.20260525T085423,AM;AM;AM,RAC20;RAC20;RAC20,00;00;00,EH?;EH?;EH?,2025-06-02T17:28:13.182000Z;2025-06-08T16:29:14.392000Z;2025-06-07T23:52:57.452000Z,2025-06-02T17:31:18.762000Z;2025-06-08T16:32:19.742000Z;2025-06-07T23:56:02.582000Z,RASPISHAKE;RASPISHAKE;RASPISHAKE,https://data.raspberryshake.org/fdsnws/dataselect/1/query;https://data.raspberryshake.org/fdsnws/dataselect/1/query;https://data.raspberryshake.org/fdsnws/dataselect/1/query,AM.RAC20.noise.20250602T172817;AM.RAC20.noise.20250608T162917;AM.RAC20.noise.20250607T235259,ordered_three_chunk_concat_v1,3500;3500;3500,3500;3500;2000,0;3500;7000,3500;7000;9000
622,AM,RAC20,00,EH?,2026-05-28T11:49:56.261000Z,2026-05-28T11:50:31.261000Z,event_template,-5.0,36.67,100.0,preprocessing_v1_0_6,controlled-v1-case-0622,RASPISHAKE,https://data.raspberryshake.org/fdsnws/dataselect/1/query,AM.RAC20.event.20260528T114956,AM;AM;AM,RAC20;RAC20;RAC20,00;00;00,EH?;EH?;EH?,2025-06-09T12:34:52.302000Z;2025-06-06T02:58:34.562000Z;2025-06-05T10:07:21.562000Z,2025-06-09T12:37:58.672000Z;2025-06-06T03:01:37.732000Z;2025-06-05T10:10:26.742000Z,RASPISHAKE;RASPISHAKE;RASPISHAKE,https://data.raspberryshake.org/fdsnws/dataselect/1/query;https://data.raspberryshake.org/fdsnws/dataselect/1/query;https://data.raspberryshake.org/fdsnws/dataselect/1/query,AM.RAC20.noise.20250609T123456;AM.RAC20.noise.20250606T025835;AM.RAC20.noise.20250605T100724,ordered_three_chunk_concat_v1,3500;3500;3500,3500;3500;2000,0;3500;7000,3500;7000;9000
623,AM,RAC20,00,EH?,2026-05-28T11:49:56.261000Z,2026-05-28T11:50:31.261000Z,event_template,0.0,36.67,100.0,preprocessing_v1_0_6,controlled-v1-case-0623,RASPISHAKE,https://data.raspberryshake.org/fdsnws/dataselect/1/query,AM.RAC20.event.20260528T114956,AM;AM;AM,RAC20;RAC20;RAC20,00;00;00,EH?;EH?;EH?,2025-06-09T12:34:52.302000Z;2025-06-06T02:58:34.562000Z;2025-06-05T10:07:21.562000Z,2025-06-09T12:37:58.672000Z;2025-06-06T03:01:37.732000Z;2025-06-05T10:10:26.742000Z,RASPISHAKE;RASPISHAKE;RASPISHAKE,https://data.raspberryshake.org/fdsnws/dataselect/1/query;https://data.raspberryshake.org/fdsnws/dataselect/1/query;https://data.raspberryshake.org/fdsnws/dataselect/1/query,AM.RAC20.noise.20250609T123456;AM.RAC20.noise.20250606T025835;AM.RAC20.noise.20250605T100724,ordered_three_chunk_concat_v1,3500;3500;3500,3500;3500;2000,0;3500;7000,3500;7000;9000
624,AM,RAC20,00,EH?,2026-05-28T11:49:56.261000Z,2026-05-28T11:50:31.261000Z,event_template,5.0,36.67,100.0,preprocessing_v1_0_6,controlled-v1-case-0624,RASPISHAKE,https://data.raspberryshake.org/fdsnws/dataselect/1/query,AM.RAC20.event.20260528T114956,AM;AM;AM,RAC20;RAC20;RAC20,00;00;00,EH?;EH?;EH?,2025-06-09T12:34:52.302000Z;2025-06-06T02:58:34.562000Z;2025-06-05T10:07:21.562000Z,2025-06-09T12:37:58.672000Z;2025-06-06T03:01:37.732000Z;2025-06-05T10:10:26.742000Z,RASPISHAKE;RASPISHAKE;RASPISHAKE,https://data.raspberryshake.org/fdsnws/dataselect/1/query;https://data.raspberryshake.org/fdsnws/dataselect/1/query;https://data.raspberryshake.org/fdsnws/dataselect/1/query,AM.RAC20.noise.20250609T123456;AM.RAC20.noise.20250606T025835;AM.RAC20.noise.20250605T100724,ordered_three_chunk_concat_v1,3500;3500;3500,3500;3500;2000,0;3500;7000,3500;7000;9000
625,AM,RB0FB,00,EH?,2026-04-20T08:09:58.049000Z,2026-04-20T08:10:33.049000Z,event_template,-5.0,38.96,100.0,preprocessing_v1_0_6,controlled-v1-case-0625,RASPISHAKE,https://data.raspberryshake.org/fdsnws/dataselect/1/query,AM.RB0FB.event.20260420T080958,AM;AM;AM,RB0FB;RB0FB;RB0FB,00;00;00,EH?;EH?;EH?,2025-06-06T16:03:39.132000Z;2025-06-07T23:52:56.932000Z;2025-06-08T16:25:04.262000Z,2025-06-06T16:06:44.692000Z;2025-06-07T23:56:02.102000Z;2025-06-08T16:28:10.362000Z,RASPISHAKE;RASPISHAKE;RASPISHAKE,https://data.raspberryshake.org/fdsnws/dataselect/1/query;https://data.raspberryshake.org/fdsnws/dataselect/1/query;https://data.raspberryshake.org/fdsnws/dataselect/1/query,AM.RB0FB.noise.20250606T160341;AM.RB0FB.noise.20250607T235259;AM.RB0FB.noise.20250608T162507,ordered_three_chunk_concat_v1,3500;3500;3500,3500;3500;2000,0;3500;7000,3500;7000;9000
626,AM,RB0FB,00,EH?,2026-04-20T08:09:58.049000Z,2026-04-20T08:10:33.049000Z,event_template,0.0,38.96,100.0,preprocessing_v1_0_6,controlled-v1-case-0626,RASPISHAKE,https://data.raspberryshake.org/fdsnws/dataselect/1/query,AM.RB0FB.event.20260420T080958,AM;AM;AM,RB0FB;RB0FB;RB0FB,00;00;00,EH?;EH?;EH?,2025-06-06T16:03:39.132000Z;2025-06-07T23:52:56.932000Z;2025-06-08T16:25:04.262000Z,2025-06-06T16:06:44.692000Z;2025-06-07T23:56:02.102000Z;2025-06-08T16:28:10.362000Z,RASPISHAKE;RASPISHAKE;RASPISHAKE,https://data.raspberryshake.org/fdsnws/dataselect/1/query;https://data.raspberryshake.org/fdsnws/dataselect/1/query;https://data.raspberryshake.org/fdsnws/dataselect/1/query,AM.RB0FB.noise.20250606T160341;AM.RB0FB.noise.20250607T235259;AM.RB0FB.noise.20250608T162507,ordered_three_chunk_concat_v1,3500;3500;3500,3500;3500;2000,0;3500;7000,3500;7000;9000
627,AM,RB0FB,00,EH?,2026-04-20T08:09:58.049000Z,2026-04-20T08:10:33.049000Z,event_template,5.0,38.96,100.0,preprocessing_v1_0_6,controlled-v1-case-0627,RASPISHAKE,https://data.raspberryshake.org/fdsnws/dataselect/1/query,AM.RB0FB.event.20260420T080958,AM;AM;AM,RB0FB;RB0FB;RB0FB,00;00;00,EH?;EH?;EH?,2025-06-06T16:03:39.132000Z;2025-06-07T23:52:56.932000Z;2025-06-08T16:25:04.262000Z,2025-06-06T16:06:44.692000Z;2025-06-07T23:56:02.102000Z;2025-06-08T16:28:10.362000Z,RASPISHAKE;RASPISHAKE;RASPISHAKE,https://data.raspberryshake.org/fdsnws/dataselect/1/query;https://data.raspberryshake.org/fdsnws/dataselect/1/query;https://data.raspberryshake.org/fdsnws/dataselect/1/query,AM.RB0FB.noise.20250606T160341;AM.RB0FB.noise.20250607T235259;AM.RB0FB.noise.20250608T162507,ordered_three_chunk_concat_v1,3500;3500;3500,3500;3500;2000,0;3500;7000,3500;7000;9000
628,AM,RB0FB,00,EH?,2026-04-25T08:15:43.309000Z,2026-04-25T08:16:18.309000Z,event_template,-5.0,24.57,100.0,preprocessing_v1_0_6,controlled-v1-case-0628,RASPISHAKE,https://data.raspberryshake.org/fdsnws/dataselect/1/query,AM.RB0FB.event.20260425T081543,AM;AM;AM,RB0FB;RB0FB;RB0FB,00;00;00,EH?;EH?;EH?,2025-06-05T20:40:20.442000Z;2025-06-09T03:14:05.932000Z;2025-06-08T16:25:04.262000Z,2025-06-05T20:43:26.362000Z;2025-06-09T03:17:11.192000Z;2025-06-08T16:28:10.362000Z,RASPISHAKE;RASPISHAKE;RASPISHAKE,https://data.raspberryshake.org/fdsnws/dataselect/1/query;https://data.raspberryshake.org/fdsnws/dataselect/1/query;https://data.raspberryshake.org/fdsnws/dataselect/1/query,AM.RB0FB.noise.20250605T204023;AM.RB0FB.noise.20250609T031408;AM.RB0FB.noise.20250608T162507,ordered_three_chunk_concat_v1,3500;3500;3500,3500;3500;2000,0;3500;7000,3500;7000;9000
629,AM,RB0FB,00,EH?,2026-04-25T08:15:43.309000Z,2026-04-25T08:16:18.309000Z,event_template,0.0,24.57,100.0,preprocessing_v1_0_6,controlled-v1-case-0629,RASPISHAKE,https://data.raspberryshake.org/fdsnws/dataselect/1/query,AM.RB0FB.event.20260425T081543,AM;AM;AM,RB0FB;RB0FB;RB0FB,00;00;00,EH?;EH?;EH?,2025-06-05T20:40:20.442000Z;2025-06-09T03:14:05.932000Z;2025-06-08T16:25:04.262000Z,2025-06-05T20:43:26.362000Z;2025-06-09T03:17:11.192000Z;2025-06-08T16:28:10.362000Z,RASPISHAKE;RASPISHAKE;RASPISHAKE,https://data.raspberryshake.org/fdsnws/dataselect/1/query;https://data.raspberryshake.org/fdsnws/dataselect/1/query;https://data.raspberryshake.org/fdsnws/dataselect/1/query,AM.RB0FB.noise.20250605T204023;AM.RB0FB.noise.20250609T031408;AM.RB0FB.noise.20250608T162507,ordered_three_chunk_concat_v1,3500;3500;3500,3500;3500;2000,0;3500;7000,3500;7000;9000
630,AM,RB0FB,00,EH?,2026-04-25T08:15:43.309000Z,2026-04-25T08:16:18.309000Z,event_template,5.0,24.57,100.0,preprocessing_v1_0_6,controlled-v1-case-0630,RASPISHAKE,https://data.raspberryshake.org/fdsnws/dataselect/1/query,AM.RB0FB.event.20260425T081543,AM;AM;AM,RB0FB;RB0FB;RB0FB,00;00;00,EH?;EH?;EH?,2025-06-05T20:40:20.442000Z;2025-06-09T03:14:05.932000Z;2025-06-08T16:25:04.262000Z,2025-06-05T20:43:26.362000Z;2025-06-09T03:17:11.192000Z;2025-06-08T16:28:10.362000Z,RASPISHAKE;RASPISHAKE;RASPISHAKE,https://data.raspberryshake.org/fdsnws/dataselect/1/query;https://data.raspberryshake.org/fdsnws/dataselect/1/query;https://data.raspberryshake.org/fdsnws/dataselect/1/query,AM.RB0FB.noise.20250605T204023;AM.RB0FB.noise.20250609T031408;AM.RB0FB.noise.20250608T162507,ordered_three_chunk_concat_v1,3500;3500;3500,3500;3500;2000,0;3500;7000,3500;7000;9000
631,AM,RB0FB,00,EH?,2026-05-04T15:24:30.869000Z,2026-05-04T15:25:05.869000Z,event_template,-5.0,37.44,100.0,preprocessing_v1_0_6,controlled-v1-case-0631,RASPISHAKE,https://data.raspberryshake.org/fdsnws/dataselect/1/query,AM.RB0FB.event.20260504T152430,AM;AM;AM,RB0FB;RB0FB;RB0FB,00;00;00,EH?;EH?;EH?,2025-06-03T00:03:53.452000Z;2025-06-08T09:18:50.652000Z;2025-06-08T16:29:15.052000Z,2025-06-03T00:06:58.922000Z;2025-06-08T09:21:56.142000Z;2025-06-08T16:32:19.712000Z,RASPISHAKE;RASPISHAKE;RASPISHAKE,https://data.raspberryshake.org/fdsnws/dataselect/1/query;https://data.raspberryshake.org/fdsnws/dataselect/1/query;https://data.raspberryshake.org/fdsnws/dataselect/1/query,AM.RB0FB.noise.20250603T000356;AM.RB0FB.noise.20250608T091852;AM.RB0FB.noise.20250608T162917,ordered_three_chunk_concat_v1,3500;3500;3500,3500;3500;2000,0;3500;7000,3500;7000;9000
632,AM,RB0FB,00,EH?,2026-05-04T15:24:30.869000Z,2026-05-04T15:25:05.869000Z,event_template,0.0,37.44,100.0,preprocessing_v1_0_6,controlled-v1-case-0632,RASPISHAKE,https://data.raspberryshake.org/fdsnws/dataselect/1/query,AM.RB0FB.event.20260504T152430,AM;AM;AM,RB0FB;RB0FB;RB0FB,00;00;00,EH?;EH?;EH?,2025-06-03T00:03:53.452000Z;2025-06-08T09:18:50.652000Z;2025-06-08T16:29:15.052000Z,2025-06-03T00:06:58.922000Z;2025-06-08T09:21:56.142000Z;2025-06-08T16:32:19.712000Z,RASPISHAKE;RASPISHAKE;RASPISHAKE,https://data.raspberryshake.org/fdsnws/dataselect/1/query;https://data.raspberryshake.org/fdsnws/dataselect/1/query;https://data.raspberryshake.org/fdsnws/dataselect/1/query,AM.RB0FB.noise.20250603T000356;AM.RB0FB.noise.20250608T091852;AM.RB0FB.noise.20250608T162917,ordered_three_chunk_concat_v1,3500;3500;3500,3500;3500;2000,0;3500;7000,3500;7000;9000
633,AM,RB0FB,00,EH?,2026-05-04T15:24:30.869000Z,2026-05-04T15:25:05.869000Z,event_template,5.0,37.44,100.0,preprocessing_v1_0_6,controlled-v1-case-0633,RASPISHAKE,https://data.raspberryshake.org/fdsnws/dataselect/1/query,AM.RB0FB.event.20260504T152430,AM;AM;AM,RB0FB;RB0FB;RB0FB,00;00;00,EH?;EH?;EH?,2025-06-03T00:03:53.452000Z;2025-06-08T09:18:50.652000Z;2025-06-08T16:29:15.052000Z,2025-06-03T00:06:58.922000Z;2025-06-08T09:21:56.142000Z;2025-06-08T16:32:19.712000Z,RASPISHAKE;RASPISHAKE;RASPISHAKE,https://data.raspberryshake.org/fdsnws/dataselect/1/query;https://data.raspberryshake.org/fdsnws/dataselect/1/query;https://data.raspberryshake.org/fdsnws/dataselect/1/query,AM.RB0FB.noise.20250603T000356;AM.RB0FB.noise.20250608T091852;AM.RB0FB.noise.20250608T162917,ordered_three_chunk_concat_v1,3500;3500;3500,3500;3500;2000,0;3500;7000,3500;7000;9000
634,AM,RB0FB,00,EH?,2026-05-09T04:53:17.109000Z,2026-05-09T04:53:52.109000Z,event_template,-5.0,25.13,100.0,preprocessing_v1_0_6,controlled-v1-case-0634,RASPISHAKE,https://data.raspberryshake.org/fdsnws/dataselect/1/query,AM.RB0FB.event.20260509T045317,AM;AM;AM,RB0FB;RB0FB;RB0FB,00;00;00,EH?;EH?;EH?,2025-06-07T23:29:25.282000Z;2025-06-06T00:40:40.422000Z;2025-06-10T11:38:06.472000Z,2025-06-07T23:32:30.142000Z;2025-06-06T00:43:45.002000Z;2025-06-10T11:41:11.952000Z,RASPISHAKE;RASPISHAKE;RASPISHAKE,https://data.raspberryshake.org/fdsnws/dataselect/1/query;https://data.raspberryshake.org/fdsnws/dataselect/1/query;https://data.raspberryshake.org/fdsnws/dataselect/1/query,AM.RB0FB.noise.20250607T232927;AM.RB0FB.noise.20250606T004041;AM.RB0FB.noise.20250610T113808,ordered_three_chunk_concat_v1,3500;3500;3500,3500;3500;2000,0;3500;7000,3500;7000;9000
635,AM,RB0FB,00,EH?,2026-05-09T04:53:17.109000Z,2026-05-09T04:53:52.109000Z,event_template,0.0,25.13,100.0,preprocessing_v1_0_6,controlled-v1-case-0635,RASPISHAKE,https://data.raspberryshake.org/fdsnws/dataselect/1/query,AM.RB0FB.event.20260509T045317,AM;AM;AM,RB0FB;RB0FB;RB0FB,00;00;00,EH?;EH?;EH?,2025-06-07T23:29:25.282000Z;2025-06-06T00:40:40.422000Z;2025-06-10T11:38:06.472000Z,2025-06-07T23:32:30.142000Z;2025-06-06T00:43:45.002000Z;2025-06-10T11:41:11.952000Z,RASPISHAKE;RASPISHAKE;RASPISHAKE,https://data.raspberryshake.org/fdsnws/dataselect/1/query;https://data.raspberryshake.org/fdsnws/dataselect/1/query;https://data.raspberryshake.org/fdsnws/dataselect/1/query,AM.RB0FB.noise.20250607T232927;AM.RB0FB.noise.20250606T004041;AM.RB0FB.noise.20250610T113808,ordered_three_chunk_concat_v1,3500;3500;3500,3500;3500;2000,0;3500;7000,3500;7000;9000
636,AM,RB0FB,00,EH?,2026-05-09T04:53:17.109000Z,2026-05-09T04:53:52.109000Z,event_template,5.0,25.13,100.0,preprocessing_v1_0_6,controlled-v1-case-0636,RASPISHAKE,https://data.raspberryshake.org/fdsnws/dataselect/1/query,AM.RB0FB.event.20260509T045317,AM;AM;AM,RB0FB;RB0FB;RB0FB,00;00;00,EH?;EH?;EH?,2025-06-07T23:29:25.282000Z;2025-06-06T00:40:40.422000Z;2025-06-10T11:38:06.472000Z,2025-06-07T23:32:30.142000Z;2025-06-06T00:43:45.002000Z;2025-06-10T11:41:11.952000Z,RASPISHAKE;RASPISHAKE;RASPISHAKE,https://data.raspberryshake.org/fdsnws/dataselect/1/query;https://data.raspberryshake.org/fdsnws/dataselect/1/query;https://data.raspberryshake.org/fdsnws/dataselect/1/query,AM.RB0FB.noise.20250607T232927;AM.RB0FB.noise.20250606T004041;AM.RB0FB.noise.20250610T113808,ordered_three_chunk_concat_v1,3500;3500;3500,3500;3500;2000,0;3500;7000,3500;7000;9000
637,AM,RB0FB,00,EH?,2026-05-16T14:55:12.289000Z,2026-05-16T14:55:47.289000Z,event_template,-5.0,42.44,100.0,preprocessing_v1_0_6,controlled-v1-case-0637,RASPISHAKE,https://data.raspberryshake.org/fdsnws/dataselect/1/query,AM.RB0FB.event.20260516T145512,AM;AM;AM,RB0FB;RB0FB;RB0FB,00;00;00,EH?;EH?;EH?,2025-06-03T13:01:10.632000Z;2025-06-04T20:32:02.832000Z;2025-06-05T12:58:02.412000Z,2025-06-03T13:04:14.572000Z;2025-06-04T20:35:07.192000Z;2025-06-05T13:01:08.212000Z,RASPISHAKE;RASPISHAKE;RASPISHAKE,https://data.raspberryshake.org/fdsnws/dataselect/1/query;https://data.raspberryshake.org/fdsnws/dataselect/1/query;https://data.raspberryshake.org/fdsnws/dataselect/1/query,AM.RB0FB.noise.20250603T130111;AM.RB0FB.noise.20250604T203205;AM.RB0FB.noise.20250605T125804,ordered_three_chunk_concat_v1,3500;3500;3500,3500;3500;2000,0;3500;7000,3500;7000;9000
638,AM,RB0FB,00,EH?,2026-05-16T14:55:12.289000Z,2026-05-16T14:55:47.289000Z,event_template,0.0,42.44,100.0,preprocessing_v1_0_6,controlled-v1-case-0638,RASPISHAKE,https://data.raspberryshake.org/fdsnws/dataselect/1/query,AM.RB0FB.event.20260516T145512,AM;AM;AM,RB0FB;RB0FB;RB0FB,00;00;00,EH?;EH?;EH?,2025-06-03T13:01:10.632000Z;2025-06-04T20:32:02.832000Z;2025-06-05T12:58:02.412000Z,2025-06-03T13:04:14.572000Z;2025-06-04T20:35:07.192000Z;2025-06-05T13:01:08.212000Z,RASPISHAKE;RASPISHAKE;RASPISHAKE,https://data.raspberryshake.org/fdsnws/dataselect/1/query;https://data.raspberryshake.org/fdsnws/dataselect/1/query;https://data.raspberryshake.org/fdsnws/dataselect/1/query,AM.RB0FB.noise.20250603T130111;AM.RB0FB.noise.20250604T203205;AM.RB0FB.noise.20250605T125804,ordered_three_chunk_concat_v1,3500;3500;3500,3500;3500;2000,0;3500;7000,3500;7000;9000
639,AM,RB0FB,00,EH?,2026-05-16T14:55:12.289000Z,2026-05-16T14:55:47.289000Z,event_template,5.0,42.44,100.0,preprocessing_v1_0_6,controlled-v1-case-0639,RASPISHAKE,https://data.raspberryshake.org/fdsnws/dataselect/1/query,AM.RB0FB.event.20260516T145512,AM;AM;AM,RB0FB;RB0FB;RB0FB,00;00;00,EH?;EH?;EH?,2025-06-03T13:01:10.632000Z;2025-06-04T20:32:02.832000Z;2025-06-05T12:58:02.412000Z,2025-06-03T13:04:14.572000Z;2025-06-04T20:35:07.192000Z;2025-06-05T13:01:08.212000Z,RASPISHAKE;RASPISHAKE;RASPISHAKE,https://data.raspberryshake.org/fdsnws/dataselect/1/query;https://data.raspberryshake.org/fdsnws/dataselect/1/query;https://data.raspberryshake.org/fdsnws/dataselect/1/query,AM.RB0FB.noise.20250603T130111;AM.RB0FB.noise.20250604T203205;AM.RB0FB.noise.20250605T125804,ordered_three_chunk_concat_v1,3500;3500;3500,3500;3500;2000,0;3500;7000,3500;7000;9000
640,AM,RB0FB,00,EH?,2026-05-19T18:06:29.459000Z,2026-05-19T18:07:04.459000Z,event_template,-5.0,48.3,100.0,preprocessing_v1_0_6,controlled-v1-case-0640,RASPISHAKE,https://data.raspberryshake.org/fdsnws/dataselect/1/query,AM.RB0FB.event.20260519T180629,AM;AM;AM,RB0FB;RB0FB;RB0FB,00;00;00,EH?;EH?;EH?,2025-06-01T00:23:42.612000Z;2025-06-02T14:31:41.522000Z;2025-06-06T02:58:33.802000Z,2025-06-01T00:26:47.032000Z;2025-06-02T14:34:46.812000Z;2025-06-06T03:01:37.932000Z,RASPISHAKE;RASPISHAKE;RASPISHAKE,https://data.raspberryshake.org/fdsnws/dataselect/1/query;https://data.raspberryshake.org/fdsnws/dataselect/1/query;https://data.raspberryshake.org/fdsnws/dataselect/1/query,AM.RB0FB.noise.20250601T002345;AM.RB0FB.noise.20250602T143144;AM.RB0FB.noise.20250606T025835,ordered_three_chunk_concat_v1,3500;3500;3500,3500;3500;2000,0;3500;7000,3500;7000;9000
641,AM,RB0FB,00,EH?,2026-05-19T18:06:29.459000Z,2026-05-19T18:07:04.459000Z,event_template,0.0,48.3,100.0,preprocessing_v1_0_6,controlled-v1-case-0641,RASPISHAKE,https://data.raspberryshake.org/fdsnws/dataselect/1/query,AM.RB0FB.event.20260519T180629,AM;AM;AM,RB0FB;RB0FB;RB0FB,00;00;00,EH?;EH?;EH?,2025-06-01T00:23:42.612000Z;2025-06-02T14:31:41.522000Z;2025-06-06T02:58:33.802000Z,2025-06-01T00:26:47.032000Z;2025-06-02T14:34:46.812000Z;2025-06-06T03:01:37.932000Z,RASPISHAKE;RASPISHAKE;RASPISHAKE,https://data.raspberryshake.org/fdsnws/dataselect/1/query;https://data.raspberryshake.org/fdsnws/dataselect/1/query;https://data.raspberryshake.org/fdsnws/dataselect/1/query,AM.RB0FB.noise.20250601T002345;AM.RB0FB.noise.20250602T143144;AM.RB0FB.noise.20250606T025835,ordered_three_chunk_concat_v1,3500;3500;3500,3500;3500;2000,0;3500;7000,3500;7000;9000
642,AM,RB0FB,00,EH?,2026-05-19T18:06:29.459000Z,2026-05-19T18:07:04.459000Z,event_template,5.0,48.3,100.0,preprocessing_v1_0_6,controlled-v1-case-0642,RASPISHAKE,https://data.raspberryshake.org/fdsnws/dataselect/1/query,AM.RB0FB.event.20260519T180629,AM;AM;AM,RB0FB;RB0FB;RB0FB,00;00;00,EH?;EH?;EH?,2025-06-01T00:23:42.612000Z;2025-06-02T14:31:41.522000Z;2025-06-06T02:58:33.802000Z,2025-06-01T00:26:47.032000Z;2025-06-02T14:34:46.812000Z;2025-06-06T03:01:37.932000Z,RASPISHAKE;RASPISHAKE;RASPISHAKE,https://data.raspberryshake.org/fdsnws/dataselect/1/query;https://data.raspberryshake.org/fdsnws/dataselect/1/query;https://data.raspberryshake.org/fdsnws/dataselect/1/query,AM.RB0FB.noise.20250601T002345;AM.RB0FB.noise.20250602T143144;AM.RB0FB.noise.20250606T025835,ordered_three_chunk_concat_v1,3500;3500;3500,3500;3500;2000,0;3500;7000,3500;7000;9000
643,AM,RB0FB,00,EH?,2026-05-25T22:01:55.919000Z,2026-05-25T22:02:30.919000Z,event_template,-5.0,61.1,100.0,preprocessing_v1_0_6,controlled-v1-case-0643,RASPISHAKE,https://data.raspberryshake.org/fdsnws/dataselect/1/query,AM.RB0FB.event.20260525T220155,AM;AM;AM,RB0FB;RB0FB;RB0FB,00;00;00,EH?;EH?;EH?,2025-06-03T19:32:21.022000Z;2025-06-09T03:14:05.932000Z;2025-06-09T17:16:43.352000Z,2025-06-03T19:35:23.832000Z;2025-06-09T03:17:11.192000Z;2025-06-09T17:19:48.192000Z,RASPISHAKE;RASPISHAKE;RASPISHAKE,https://data.raspberryshake.org/fdsnws/dataselect/1/query;https://data.raspberryshake.org/fdsnws/dataselect/1/query;https://data.raspberryshake.org/fdsnws/dataselect/1/query,AM.RB0FB.noise.20250603T193222;AM.RB0FB.noise.20250609T031408;AM.RB0FB.noise.20250609T171646,ordered_three_chunk_concat_v1,3500;3500;3500,3500;3500;2000,0;3500;7000,3500;7000;9000
644,AM,RB0FB,00,EH?,2026-05-25T22:01:55.919000Z,2026-05-25T22:02:30.919000Z,event_template,0.0,61.1,100.0,preprocessing_v1_0_6,controlled-v1-case-0644,RASPISHAKE,https://data.raspberryshake.org/fdsnws/dataselect/1/query,AM.RB0FB.event.20260525T220155,AM;AM;AM,RB0FB;RB0FB;RB0FB,00;00;00,EH?;EH?;EH?,2025-06-03T19:32:21.022000Z;2025-06-09T03:14:05.932000Z;2025-06-09T17:16:43.352000Z,2025-06-03T19:35:23.832000Z;2025-06-09T03:17:11.192000Z;2025-06-09T17:19:48.192000Z,RASPISHAKE;RASPISHAKE;RASPISHAKE,https://data.raspberryshake.org/fdsnws/dataselect/1/query;https://data.raspberryshake.org/fdsnws/dataselect/1/query;https://data.raspberryshake.org/fdsnws/dataselect/1/query,AM.RB0FB.noise.20250603T193222;AM.RB0FB.noise.20250609T031408;AM.RB0FB.noise.20250609T171646,ordered_three_chunk_concat_v1,3500;3500;3500,3500;3500;2000,0;3500;7000,3500;7000;9000
645,AM,RB0FB,00,EH?,2026-05-25T22:01:55.919000Z,2026-05-25T22:02:30.919000Z,event_template,5.0,61.1,100.0,preprocessing_v1_0_6,controlled-v1-case-0645,RASPISHAKE,https://data.raspberryshake.org/fdsnws/dataselect/1/query,AM.RB0FB.event.20260525T220155,AM;AM;AM,RB0FB;RB0FB;RB0FB,00;00;00,EH?;EH?;EH?,2025-06-03T19:32:21.022000Z;2025-06-09T03:14:05.932000Z;2025-06-09T17:16:43.352000Z,2025-06-03T19:35:23.832000Z;2025-06-09T03:17:11.192000Z;2025-06-09T17:19:48.192000Z,RASPISHAKE;RASPISHAKE;RASPISHAKE,https://data.raspberryshake.org/fdsnws/dataselect/1/query;https://data.raspberryshake.org/fdsnws/dataselect/1/query;https://data.raspberryshake.org/fdsnws/dataselect/1/query,AM.RB0FB.noise.20250603T193222;AM.RB0FB.noise.20250609T031408;AM.RB0FB.noise.20250609T171646,ordered_three_chunk_concat_v1,3500;3500;3500,3500;3500;2000,0;3500;7000,3500;7000;9000
646,AM,RB0FB,00,EH?,2026-05-31T21:45:08.029000Z,2026-05-31T21:45:43.029000Z,event_template,-5.0,43.91,100.0,preprocessing_v1_0_6,controlled-v1-case-0646,RASPISHAKE,https://data.raspberryshake.org/fdsnws/dataselect/1/query,AM.RB0FB.event.20260531T214508,AM;AM;AM,RB0FB;RB0FB;RB0FB,00;00;00,EH?;EH?;EH?,2025-06-09T17:16:43.352000Z;2025-06-04T04:12:23.122000Z;2025-06-08T16:25:04.262000Z,2025-06-09T17:19:48.192000Z;2025-06-04T04:15:27.282000Z;2025-06-08T16:28:10.362000Z,RASPISHAKE;RASPISHAKE;RASPISHAKE,https://data.raspberryshake.org/fdsnws/dataselect/1/query;https://data.raspberryshake.org/fdsnws/dataselect/1/query;https://data.raspberryshake.org/fdsnws/dataselect/1/query,AM.RB0FB.noise.20250609T171646;AM.RB0FB.noise.20250604T041225;AM.RB0FB.noise.20250608T162507,ordered_three_chunk_concat_v1,3500;3500;3500,3500;3500;2000,0;3500;7000,3500;7000;9000
647,AM,RB0FB,00,EH?,2026-05-31T21:45:08.029000Z,2026-05-31T21:45:43.029000Z,event_template,0.0,43.91,100.0,preprocessing_v1_0_6,controlled-v1-case-0647,RASPISHAKE,https://data.raspberryshake.org/fdsnws/dataselect/1/query,AM.RB0FB.event.20260531T214508,AM;AM;AM,RB0FB;RB0FB;RB0FB,00;00;00,EH?;EH?;EH?,2025-06-09T17:16:43.352000Z;2025-06-04T04:12:23.122000Z;2025-06-08T16:25:04.262000Z,2025-06-09T17:19:48.192000Z;2025-06-04T04:15:27.282000Z;2025-06-08T16:28:10.362000Z,RASPISHAKE;RASPISHAKE;RASPISHAKE,https://data.raspberryshake.org/fdsnws/dataselect/1/query;https://data.raspberryshake.org/fdsnws/dataselect/1/query;https://data.raspberryshake.org/fdsnws/dataselect/1/query,AM.RB0FB.noise.20250609T171646;AM.RB0FB.noise.20250604T041225;AM.RB0FB.noise.20250608T162507,ordered_three_chunk_concat_v1,3500;3500;3500,3500;3500;2000,0;3500;7000,3500;7000;9000
648,AM,RB0FB,00,EH?,2026-05-31T21:45:08.029000Z,2026-05-31T21:45:43.029000Z,event_template,5.0,43.91,100.0,preprocessing_v1_0_6,controlled-v1-case-0648,RASPISHAKE,https://data.raspberryshake.org/fdsnws/dataselect/1/query,AM.RB0FB.event.20260531T214508,AM;AM;AM,RB0FB;RB0FB;RB0FB,00;00;00,EH?;EH?;EH?,2025-06-09T17:16:43.352000Z;2025-06-04T04:12:23.122000Z;2025-06-08T16:25:04.262000Z,2025-06-09T17:19:48.192000Z;2025-06-04T04:15:27.282000Z;2025-06-08T16:28:10.362000Z,RASPISHAKE;RASPISHAKE;RASPISHAKE,https://data.raspberryshake.org/fdsnws/dataselect/1/query;https://data.raspberryshake.org/fdsnws/dataselect/1/query;https://data.raspberryshake.org/fdsnws/dataselect/1/query,AM.RB0FB.noise.20250609T171646;AM.RB0FB.noise.20250604T041225;AM.RB0FB.noise.20250608T162507,ordered_three_chunk_concat_v1,3500;3500;3500,3500;3500;2000,0;3500;7000,3500;7000;9000
649,AM,RB53D,00,EH?,2026-04-14T16:37:31.611000Z,2026-04-14T16:38:06.611000Z,event_template,-5.0,34.67,100.0,preprocessing_v1_0_6,controlled-v1-case-0649,RASPISHAKE,https://data.raspberryshake.org/fdsnws/dataselect/1/query,AM.RB53D.event.20260414T163731,AM;AM;AM,RB53D;RB53D;RB53D,00;00;00,EH?;EH?;EH?,2025-06-07T14:44:15.546000Z;2025-06-09T07:25:45.566000Z;2025-06-08T09:18:48.826000Z,2025-06-07T14:47:22.036000Z;2025-06-09T07:28:51.686000Z;2025-06-08T09:21:56.336000Z,RASPISHAKE;RASPISHAKE;RASPISHAKE,https://data.raspberryshake.org/fdsnws/dataselect/1/query;https://data.raspberryshake.org/fdsnws/dataselect/1/query;https://data.raspberryshake.org/fdsnws/dataselect/1/query,AM.RB53D.noise.20250607T144418;AM.RB53D.noise.20250609T072549;AM.RB53D.noise.20250608T091852,ordered_three_chunk_concat_v1,3500;3500;3500,3500;3500;2000,0;3500;7000,3500;7000;9000
650,AM,RB53D,00,EH?,2026-04-14T16:37:31.611000Z,2026-04-14T16:38:06.611000Z,event_template,0.0,34.67,100.0,preprocessing_v1_0_6,controlled-v1-case-0650,RASPISHAKE,https://data.raspberryshake.org/fdsnws/dataselect/1/query,AM.RB53D.event.20260414T163731,AM;AM;AM,RB53D;RB53D;RB53D,00;00;00,EH?;EH?;EH?,2025-06-07T14:44:15.546000Z;2025-06-09T07:25:45.566000Z;2025-06-08T09:18:48.826000Z,2025-06-07T14:47:22.036000Z;2025-06-09T07:28:51.686000Z;2025-06-08T09:21:56.336000Z,RASPISHAKE;RASPISHAKE;RASPISHAKE,https://data.raspberryshake.org/fdsnws/dataselect/1/query;https://data.raspberryshake.org/fdsnws/dataselect/1/query;https://data.raspberryshake.org/fdsnws/dataselect/1/query,AM.RB53D.noise.20250607T144418;AM.RB53D.noise.20250609T072549;AM.RB53D.noise.20250608T091852,ordered_three_chunk_concat_v1,3500;3500;3500,3500;3500;2000,0;3500;7000,3500;7000;9000
651,AM,RB53D,00,EH?,2026-04-14T16:37:31.611000Z,2026-04-14T16:38:06.611000Z,event_template,5.0,34.67,100.0,preprocessing_v1_0_6,controlled-v1-case-0651,RASPISHAKE,https://data.raspberryshake.org/fdsnws/dataselect/1/query,AM.RB53D.event.20260414T163731,AM;AM;AM,RB53D;RB53D;RB53D,00;00;00,EH?;EH?;EH?,2025-06-07T14:44:15.546000Z;2025-06-09T07:25:45.566000Z;2025-06-08T09:18:48.826000Z,2025-06-07T14:47:22.036000Z;2025-06-09T07:28:51.686000Z;2025-06-08T09:21:56.336000Z,RASPISHAKE;RASPISHAKE;RASPISHAKE,https://data.raspberryshake.org/fdsnws/dataselect/1/query;https://data.raspberryshake.org/fdsnws/dataselect/1/query;https://data.raspberryshake.org/fdsnws/dataselect/1/query,AM.RB53D.noise.20250607T144418;AM.RB53D.noise.20250609T072549;AM.RB53D.noise.20250608T091852,ordered_three_chunk_concat_v1,3500;3500;3500,3500;3500;2000,0;3500;7000,3500;7000;9000
652,AM,RB53D,00,EH?,2026-04-20T08:09:41.131000Z,2026-04-20T08:10:16.131000Z,event_template,-5.0,39.98,100.0,preprocessing_v1_0_6,controlled-v1-case-0652,RASPISHAKE,https://data.raspberryshake.org/fdsnws/dataselect/1/query,AM.RB53D.event.20260420T080941,AM;AM;AM,RB53D;RB53D;RB53D,00;00;00,EH?;EH?;EH?,2025-06-06T00:40:38.416000Z;2025-06-07T23:29:24.946000Z;2025-06-06T16:03:39.106000Z,2025-06-06T00:43:43.396000Z;2025-06-07T23:32:30.736000Z;2025-06-06T16:06:44.456000Z,RASPISHAKE;RASPISHAKE;RASPISHAKE,https://data.raspberryshake.org/fdsnws/dataselect/1/query;https://data.raspberryshake.org/fdsnws/dataselect/1/query;https://data.raspberryshake.org/fdsnws/dataselect/1/query,AM.RB53D.noise.20250606T004041;AM.RB53D.noise.20250607T232927;AM.RB53D.noise.20250606T160341,ordered_three_chunk_concat_v1,3500;3500;3500,3500;3500;2000,0;3500;7000,3500;7000;9000
653,AM,RB53D,00,EH?,2026-04-20T08:09:41.131000Z,2026-04-20T08:10:16.131000Z,event_template,0.0,39.98,100.0,preprocessing_v1_0_6,controlled-v1-case-0653,RASPISHAKE,https://data.raspberryshake.org/fdsnws/dataselect/1/query,AM.RB53D.event.20260420T080941,AM;AM;AM,RB53D;RB53D;RB53D,00;00;00,EH?;EH?;EH?,2025-06-06T00:40:38.416000Z;2025-06-07T23:29:24.946000Z;2025-06-06T16:03:39.106000Z,2025-06-06T00:43:43.396000Z;2025-06-07T23:32:30.736000Z;2025-06-06T16:06:44.456000Z,RASPISHAKE;RASPISHAKE;RASPISHAKE,https://data.raspberryshake.org/fdsnws/dataselect/1/query;https://data.raspberryshake.org/fdsnws/dataselect/1/query;https://data.raspberryshake.org/fdsnws/dataselect/1/query,AM.RB53D.noise.20250606T004041;AM.RB53D.noise.20250607T232927;AM.RB53D.noise.20250606T160341,ordered_three_chunk_concat_v1,3500;3500;3500,3500;3500;2000,0;3500;7000,3500;7000;9000
654,AM,RB53D,00,EH?,2026-04-20T08:09:41.131000Z,2026-04-20T08:10:16.131000Z,event_template,5.0,39.98,100.0,preprocessing_v1_0_6,controlled-v1-case-0654,RASPISHAKE,https://data.raspberryshake.org/fdsnws/dataselect/1/query,AM.RB53D.event.20260420T080941,AM;AM;AM,RB53D;RB53D;RB53D,00;00;00,EH?;EH?;EH?,2025-06-06T00:40:38.416000Z;2025-06-07T23:29:24.946000Z;2025-06-06T16:03:39.106000Z,2025-06-06T00:43:43.396000Z;2025-06-07T23:32:30.736000Z;2025-06-06T16:06:44.456000Z,RASPISHAKE;RASPISHAKE;RASPISHAKE,https://data.raspberryshake.org/fdsnws/dataselect/1/query;https://data.raspberryshake.org/fdsnws/dataselect/1/query;https://data.raspberryshake.org/fdsnws/dataselect/1/query,AM.RB53D.noise.20250606T004041;AM.RB53D.noise.20250607T232927;AM.RB53D.noise.20250606T160341,ordered_three_chunk_concat_v1,3500;3500;3500,3500;3500;2000,0;3500;7000,3500;7000;9000
655,AM,RB53D,00,EH?,2026-05-04T15:25:54.641000Z,2026-05-04T15:26:29.641000Z,event_template,-5.0,50.41,100.0,preprocessing_v1_0_6,controlled-v1-case-0655,RASPISHAKE,https://data.raspberryshake.org/fdsnws/dataselect/1/query,AM.RB53D.event.20260504T152554,AM;AM;AM,RB53D;RB53D;RB53D,00;00;00,EH?;EH?;EH?,2025-06-02T21:51:35.076000Z;2025-06-02T17:28:13.586000Z;2025-06-10T21:18:11.056000Z,2025-06-02T21:54:40.226000Z;2025-06-02T17:31:20.326000Z;2025-06-10T21:21:15.646000Z,RASPISHAKE;RASPISHAKE;RASPISHAKE,https://data.raspberryshake.org/fdsnws/dataselect/1/query;https://data.raspberryshake.org/fdsnws/dataselect/1/query;https://data.raspberryshake.org/fdsnws/dataselect/1/query,AM.RB53D.noise.20250602T215137;AM.RB53D.noise.20250602T172817;AM.RB53D.noise.20250610T211811,ordered_three_chunk_concat_v1,3500;3500;3500,3500;3500;2000,0;3500;7000,3500;7000;9000
656,AM,RB53D,00,EH?,2026-05-04T15:25:54.641000Z,2026-05-04T15:26:29.641000Z,event_template,0.0,50.41,100.0,preprocessing_v1_0_6,controlled-v1-case-0656,RASPISHAKE,https://data.raspberryshake.org/fdsnws/dataselect/1/query,AM.RB53D.event.20260504T152554,AM;AM;AM,RB53D;RB53D;RB53D,00;00;00,EH?;EH?;EH?,2025-06-02T21:51:35.076000Z;2025-06-02T17:28:13.586000Z;2025-06-10T21:18:11.056000Z,2025-06-02T21:54:40.226000Z;2025-06-02T17:31:20.326000Z;2025-06-10T21:21:15.646000Z,RASPISHAKE;RASPISHAKE;RASPISHAKE,https://data.raspberryshake.org/fdsnws/dataselect/1/query;https://data.raspberryshake.org/fdsnws/dataselect/1/query;https://data.raspberryshake.org/fdsnws/dataselect/1/query,AM.RB53D.noise.20250602T215137;AM.RB53D.noise.20250602T172817;AM.RB53D.noise.20250610T211811,ordered_three_chunk_concat_v1,3500;3500;3500,3500;3500;2000,0;3500;7000,3500;7000;9000
657,AM,RB53D,00,EH?,2026-05-04T15:25:54.641000Z,2026-05-04T15:26:29.641000Z,event_template,5.0,50.41,100.0,preprocessing_v1_0_6,controlled-v1-case-0657,RASPISHAKE,https://data.raspberryshake.org/fdsnws/dataselect/1/query,AM.RB53D.event.20260504T152554,AM;AM;AM,RB53D;RB53D;RB53D,00;00;00,EH?;EH?;EH?,2025-06-02T21:51:35.076000Z;2025-06-02T17:28:13.586000Z;2025-06-10T21:18:11.056000Z,2025-06-02T21:54:40.226000Z;2025-06-02T17:31:20.326000Z;2025-06-10T21:21:15.646000Z,RASPISHAKE;RASPISHAKE;RASPISHAKE,https://data.raspberryshake.org/fdsnws/dataselect/1/query;https://data.raspberryshake.org/fdsnws/dataselect/1/query;https://data.raspberryshake.org/fdsnws/dataselect/1/query,AM.RB53D.noise.20250602T215137;AM.RB53D.noise.20250602T172817;AM.RB53D.noise.20250610T211811,ordered_three_chunk_concat_v1,3500;3500;3500,3500;3500;2000,0;3500;7000,3500;7000;9000
658,AM,RB53D,00,EH?,2026-05-15T11:34:57.161000Z,2026-05-15T11:35:32.161000Z,event_template,-5.0,27.65,100.0,preprocessing_v1_0_6,controlled-v1-case-0658,RASPISHAKE,https://data.raspberryshake.org/fdsnws/dataselect/1/query,AM.RB53D.event.20260515T113457,AM;AM;AM,RB53D;RB53D;RB53D,00;00;00,EH?;EH?;EH?,2025-06-06T16:03:39.106000Z;2025-06-02T21:51:35.076000Z;2025-06-08T16:25:03.556000Z,2025-06-06T16:06:44.456000Z;2025-06-02T21:54:40.226000Z;2025-06-08T16:28:10.016000Z,RASPISHAKE;RASPISHAKE;RASPISHAKE,https://data.raspberryshake.org/fdsnws/dataselect/1/query;https://data.raspberryshake.org/fdsnws/dataselect/1/query;https://data.raspberryshake.org/fdsnws/dataselect/1/query,AM.RB53D.noise.20250606T160341;AM.RB53D.noise.20250602T215137;AM.RB53D.noise.20250608T162507,ordered_three_chunk_concat_v1,3500;3500;3500,3500;3500;2000,0;3500;7000,3500;7000;9000
659,AM,RB53D,00,EH?,2026-05-15T11:34:57.161000Z,2026-05-15T11:35:32.161000Z,event_template,0.0,27.65,100.0,preprocessing_v1_0_6,controlled-v1-case-0659,RASPISHAKE,https://data.raspberryshake.org/fdsnws/dataselect/1/query,AM.RB53D.event.20260515T113457,AM;AM;AM,RB53D;RB53D;RB53D,00;00;00,EH?;EH?;EH?,2025-06-06T16:03:39.106000Z;2025-06-02T21:51:35.076000Z;2025-06-08T16:25:03.556000Z,2025-06-06T16:06:44.456000Z;2025-06-02T21:54:40.226000Z;2025-06-08T16:28:10.016000Z,RASPISHAKE;RASPISHAKE;RASPISHAKE,https://data.raspberryshake.org/fdsnws/dataselect/1/query;https://data.raspberryshake.org/fdsnws/dataselect/1/query;https://data.raspberryshake.org/fdsnws/dataselect/1/query,AM.RB53D.noise.20250606T160341;AM.RB53D.noise.20250602T215137;AM.RB53D.noise.20250608T162507,ordered_three_chunk_concat_v1,3500;3500;3500,3500;3500;2000,0;3500;7000,3500;7000;9000
660,AM,RB53D,00,EH?,2026-05-15T11:34:57.161000Z,2026-05-15T11:35:32.161000Z,event_template,5.0,27.65,100.0,preprocessing_v1_0_6,controlled-v1-case-0660,RASPISHAKE,https://data.raspberryshake.org/fdsnws/dataselect/1/query,AM.RB53D.event.20260515T113457,AM;AM;AM,RB53D;RB53D;RB53D,00;00;00,EH?;EH?;EH?,2025-06-06T16:03:39.106000Z;2025-06-02T21:51:35.076000Z;2025-06-08T16:25:03.556000Z,2025-06-06T16:06:44.456000Z;2025-06-02T21:54:40.226000Z;2025-06-08T16:28:10.016000Z,RASPISHAKE;RASPISHAKE;RASPISHAKE,https://data.raspberryshake.org/fdsnws/dataselect/1/query;https://data.raspberryshake.org/fdsnws/dataselect/1/query;https://data.raspberryshake.org/fdsnws/dataselect/1/query,AM.RB53D.noise.20250606T160341;AM.RB53D.noise.20250602T215137;AM.RB53D.noise.20250608T162507,ordered_three_chunk_concat_v1,3500;3500;3500,3500;3500;2000,0;3500;7000,3500;7000;9000
661,AM,RB53D,00,EH?,2026-05-16T14:55:35.051000Z,2026-05-16T14:56:10.051000Z,event_template,-5.0,49.83,100.0,preprocessing_v1_0_6,controlled-v1-case-0661,RASPISHAKE,https://data.raspberryshake.org/fdsnws/dataselect/1/query,AM.RB53D.event.20260516T145535,AM;AM;AM,RB53D;RB53D;RB53D,00;00;00,EH?;EH?;EH?,2025-06-02T21:51:35.076000Z;2025-06-01T15:15:15.596000Z;2025-06-08T16:29:14.506000Z,2025-06-02T21:54:40.226000Z;2025-06-01T15:18:22.646000Z;2025-06-08T16:32:21.446000Z,RASPISHAKE;RASPISHAKE;RASPISHAKE,https://data.raspberryshake.org/fdsnws/dataselect/1/query;https://data.raspberryshake.org/fdsnws/dataselect/1/query;https://data.raspberryshake.org/fdsnws/dataselect/1/query,AM.RB53D.noise.20250602T215137;AM.RB53D.noise.20250601T151518;AM.RB53D.noise.20250608T162917,ordered_three_chunk_concat_v1,3500;3500;3500,3500;3500;2000,0;3500;7000,3500;7000;9000
662,AM,RB53D,00,EH?,2026-05-16T14:55:35.051000Z,2026-05-16T14:56:10.051000Z,event_template,0.0,49.83,100.0,preprocessing_v1_0_6,controlled-v1-case-0662,RASPISHAKE,https://data.raspberryshake.org/fdsnws/dataselect/1/query,AM.RB53D.event.20260516T145535,AM;AM;AM,RB53D;RB53D;RB53D,00;00;00,EH?;EH?;EH?,2025-06-02T21:51:35.076000Z;2025-06-01T15:15:15.596000Z;2025-06-08T16:29:14.506000Z,2025-06-02T21:54:40.226000Z;2025-06-01T15:18:22.646000Z;2025-06-08T16:32:21.446000Z,RASPISHAKE;RASPISHAKE;RASPISHAKE,https://data.raspberryshake.org/fdsnws/dataselect/1/query;https://data.raspberryshake.org/fdsnws/dataselect/1/query;https://data.raspberryshake.org/fdsnws/dataselect/1/query,AM.RB53D.noise.20250602T215137;AM.RB53D.noise.20250601T151518;AM.RB53D.noise.20250608T162917,ordered_three_chunk_concat_v1,3500;3500;3500,3500;3500;2000,0;3500;7000,3500;7000;9000
663,AM,RB53D,00,EH?,2026-05-16T14:55:35.051000Z,2026-05-16T14:56:10.051000Z,event_template,5.0,49.83,100.0,preprocessing_v1_0_6,controlled-v1-case-0663,RASPISHAKE,https://data.raspberryshake.org/fdsnws/dataselect/1/query,AM.RB53D.event.20260516T145535,AM;AM;AM,RB53D;RB53D;RB53D,00;00;00,EH?;EH?;EH?,2025-06-02T21:51:35.076000Z;2025-06-01T15:15:15.596000Z;2025-06-08T16:29:14.506000Z,2025-06-02T21:54:40.226000Z;2025-06-01T15:18:22.646000Z;2025-06-08T16:32:21.446000Z,RASPISHAKE;RASPISHAKE;RASPISHAKE,https://data.raspberryshake.org/fdsnws/dataselect/1/query;https://data.raspberryshake.org/fdsnws/dataselect/1/query;https://data.raspberryshake.org/fdsnws/dataselect/1/query,AM.RB53D.noise.20250602T215137;AM.RB53D.noise.20250601T151518;AM.RB53D.noise.20250608T162917,ordered_three_chunk_concat_v1,3500;3500;3500,3500;3500;2000,0;3500;7000,3500;7000;9000
664,AM,RB53D,00,EH?,2026-05-25T22:02:39.901000Z,2026-05-25T22:03:14.901000Z,event_template,-5.0,20.06,100.0,preprocessing_v1_0_6,controlled-v1-case-0664,RASPISHAKE,https://data.raspberryshake.org/fdsnws/dataselect/1/query,AM.RB53D.event.20260525T220239,AM;AM;AM,RB53D;RB53D;RB53D,00;00;00,EH?;EH?;EH?,2025-06-05T10:07:20.746000Z;2025-06-08T16:25:03.556000Z;2025-06-10T08:34:05.726000Z,2025-06-05T10:10:26.816000Z;2025-06-08T16:28:10.016000Z;2025-06-10T08:37:12.796000Z,RASPISHAKE;RASPISHAKE;RASPISHAKE,https://data.raspberryshake.org/fdsnws/dataselect/1/query;https://data.raspberryshake.org/fdsnws/dataselect/1/query;https://data.raspberryshake.org/fdsnws/dataselect/1/query,AM.RB53D.noise.20250605T100724;AM.RB53D.noise.20250608T162507;AM.RB53D.noise.20250610T083409,ordered_three_chunk_concat_v1,3500;3500;3500,3500;3500;2000,0;3500;7000,3500;7000;9000
665,AM,RB53D,00,EH?,2026-05-25T22:02:39.901000Z,2026-05-25T22:03:14.901000Z,event_template,0.0,20.06,100.0,preprocessing_v1_0_6,controlled-v1-case-0665,RASPISHAKE,https://data.raspberryshake.org/fdsnws/dataselect/1/query,AM.RB53D.event.20260525T220239,AM;AM;AM,RB53D;RB53D;RB53D,00;00;00,EH?;EH?;EH?,2025-06-05T10:07:20.746000Z;2025-06-08T16:25:03.556000Z;2025-06-10T08:34:05.726000Z,2025-06-05T10:10:26.816000Z;2025-06-08T16:28:10.016000Z;2025-06-10T08:37:12.796000Z,RASPISHAKE;RASPISHAKE;RASPISHAKE,https://data.raspberryshake.org/fdsnws/dataselect/1/query;https://data.raspberryshake.org/fdsnws/dataselect/1/query;https://data.raspberryshake.org/fdsnws/dataselect/1/query,AM.RB53D.noise.20250605T100724;AM.RB53D.noise.20250608T162507;AM.RB53D.noise.20250610T083409,ordered_three_chunk_concat_v1,3500;3500;3500,3500;3500;2000,0;3500;7000,3500;7000;9000
666,AM,RB53D,00,EH?,2026-05-25T22:02:39.901000Z,2026-05-25T22:03:14.901000Z,event_template,5.0,20.06,100.0,preprocessing_v1_0_6,controlled-v1-case-0666,RASPISHAKE,https://data.raspberryshake.org/fdsnws/dataselect/1/query,AM.RB53D.event.20260525T220239,AM;AM;AM,RB53D;RB53D;RB53D,00;00;00,EH?;EH?;EH?,2025-06-05T10:07:20.746000Z;2025-06-08T16:25:03.556000Z;2025-06-10T08:34:05.726000Z,2025-06-05T10:10:26.816000Z;2025-06-08T16:28:10.016000Z;2025-06-10T08:37:12.796000Z,RASPISHAKE;RASPISHAKE;RASPISHAKE,https://data.raspberryshake.org/fdsnws/dataselect/1/query;https://data.raspberryshake.org/fdsnws/dataselect/1/query;https://data.raspberryshake.org/fdsnws/dataselect/1/query,AM.RB53D.noise.20250605T100724;AM.RB53D.noise.20250608T162507;AM.RB53D.noise.20250610T083409,ordered_three_chunk_concat_v1,3500;3500;3500,3500;3500;2000,0;3500;7000,3500;7000;9000
667,AM,RB53D,00,EH?,2026-05-30T21:33:48.541000Z,2026-05-30T21:34:23.541000Z,event_template,-5.0,48.96,100.0,preprocessing_v1_0_6,controlled-v1-case-0667,RASPISHAKE,https://data.raspberryshake.org/fdsnws/dataselect/1/query,AM.RB53D.event.20260530T213348,AM;AM;AM,RB53D;RB53D;RB53D,00;00;00,EH?;EH?;EH?,2025-06-09T17:16:42.896000Z;2025-06-01T06:27:37.416000Z;2025-06-04T04:12:23.026000Z,2025-06-09T17:19:50.106000Z;2025-06-01T06:30:43.796000Z;2025-06-04T04:15:28.096000Z,RASPISHAKE;RASPISHAKE;RASPISHAKE,https://data.raspberryshake.org/fdsnws/dataselect/1/query;https://data.raspberryshake.org/fdsnws/dataselect/1/query;https://data.raspberryshake.org/fdsnws/dataselect/1/query,AM.RB53D.noise.20250609T171646;AM.RB53D.noise.20250601T062741;AM.RB53D.noise.20250604T041225,ordered_three_chunk_concat_v1,3500;3500;3500,3500;3500;2000,0;3500;7000,3500;7000;9000
668,AM,RB53D,00,EH?,2026-05-30T21:33:48.541000Z,2026-05-30T21:34:23.541000Z,event_template,0.0,48.96,100.0,preprocessing_v1_0_6,controlled-v1-case-0668,RASPISHAKE,https://data.raspberryshake.org/fdsnws/dataselect/1/query,AM.RB53D.event.20260530T213348,AM;AM;AM,RB53D;RB53D;RB53D,00;00;00,EH?;EH?;EH?,2025-06-09T17:16:42.896000Z;2025-06-01T06:27:37.416000Z;2025-06-04T04:12:23.026000Z,2025-06-09T17:19:50.106000Z;2025-06-01T06:30:43.796000Z;2025-06-04T04:15:28.096000Z,RASPISHAKE;RASPISHAKE;RASPISHAKE,https://data.raspberryshake.org/fdsnws/dataselect/1/query;https://data.raspberryshake.org/fdsnws/dataselect/1/query;https://data.raspberryshake.org/fdsnws/dataselect/1/query,AM.RB53D.noise.20250609T171646;AM.RB53D.noise.20250601T062741;AM.RB53D.noise.20250604T041225,ordered_three_chunk_concat_v1,3500;3500;3500,3500;3500;2000,0;3500;7000,3500;7000;9000
669,AM,RB53D,00,EH?,2026-05-30T21:33:48.541000Z,2026-05-30T21:34:23.541000Z,event_template,5.0,48.96,100.0,preprocessing_v1_0_6,controlled-v1-case-0669,RASPISHAKE,https://data.raspberryshake.org/fdsnws/dataselect/1/query,AM.RB53D.event.20260530T213348,AM;AM;AM,RB53D;RB53D;RB53D,00;00;00,EH?;EH?;EH?,2025-06-09T17:16:42.896000Z;2025-06-01T06:27:37.416000Z;2025-06-04T04:12:23.026000Z,2025-06-09T17:19:50.106000Z;2025-06-01T06:30:43.796000Z;2025-06-04T04:15:28.096000Z,RASPISHAKE;RASPISHAKE;RASPISHAKE,https://data.raspberryshake.org/fdsnws/dataselect/1/query;https://data.raspberryshake.org/fdsnws/dataselect/1/query;https://data.raspberryshake.org/fdsnws/dataselect/1/query,AM.RB53D.noise.20250609T171646;AM.RB53D.noise.20250601T062741;AM.RB53D.noise.20250604T041225,ordered_three_chunk_concat_v1,3500;3500;3500,3500;3500;2000,0;3500;7000,3500;7000;9000
670,AM,RB53D,00,EH?,2026-05-31T21:45:50.331000Z,2026-05-31T21:46:25.331000Z,event_template,-5.0,35.73,100.0,preprocessing_v1_0_6,controlled-v1-case-0670,RASPISHAKE,https://data.raspberryshake.org/fdsnws/dataselect/1/query,AM.RB53D.event.20260531T214550,AM;AM;AM,RB53D;RB53D;RB53D,00;00;00,EH?;EH?;EH?,2025-06-09T12:34:53.066000Z;2025-06-05T20:40:21.056000Z;2025-06-10T21:18:11.056000Z,2025-06-09T12:37:59.726000Z;2025-06-05T20:43:25.756000Z;2025-06-10T21:21:15.646000Z,RASPISHAKE;RASPISHAKE;RASPISHAKE,https://data.raspberryshake.org/fdsnws/dataselect/1/query;https://data.raspberryshake.org/fdsnws/dataselect/1/query;https://data.raspberryshake.org/fdsnws/dataselect/1/query,AM.RB53D.noise.20250609T123456;AM.RB53D.noise.20250605T204023;AM.RB53D.noise.20250610T211811,ordered_three_chunk_concat_v1,3500;3500;3500,3500;3500;2000,0;3500;7000,3500;7000;9000
671,AM,RB53D,00,EH?,2026-05-31T21:45:50.331000Z,2026-05-31T21:46:25.331000Z,event_template,0.0,35.73,100.0,preprocessing_v1_0_6,controlled-v1-case-0671,RASPISHAKE,https://data.raspberryshake.org/fdsnws/dataselect/1/query,AM.RB53D.event.20260531T214550,AM;AM;AM,RB53D;RB53D;RB53D,00;00;00,EH?;EH?;EH?,2025-06-09T12:34:53.066000Z;2025-06-05T20:40:21.056000Z;2025-06-10T21:18:11.056000Z,2025-06-09T12:37:59.726000Z;2025-06-05T20:43:25.756000Z;2025-06-10T21:21:15.646000Z,RASPISHAKE;RASPISHAKE;RASPISHAKE,https://data.raspberryshake.org/fdsnws/dataselect/1/query;https://data.raspberryshake.org/fdsnws/dataselect/1/query;https://data.raspberryshake.org/fdsnws/dataselect/1/query,AM.RB53D.noise.20250609T123456;AM.RB53D.noise.20250605T204023;AM.RB53D.noise.20250610T211811,ordered_three_chunk_concat_v1,3500;3500;3500,3500;3500;2000,0;3500;7000,3500;7000;9000
672,AM,RB53D,00,EH?,2026-05-31T21:45:50.331000Z,2026-05-31T21:46:25.331000Z,event_template,5.0,35.73,100.0,preprocessing_v1_0_6,controlled-v1-case-0672,RASPISHAKE,https://data.raspberryshake.org/fdsnws/dataselect/1/query,AM.RB53D.event.20260531T214550,AM;AM;AM,RB53D;RB53D;RB53D,00;00;00,EH?;EH?;EH?,2025-06-09T12:34:53.066000Z;2025-06-05T20:40:21.056000Z;2025-06-10T21:18:11.056000Z,2025-06-09T12:37:59.726000Z;2025-06-05T20:43:25.756000Z;2025-06-10T21:21:15.646000Z,RASPISHAKE;RASPISHAKE;RASPISHAKE,https://data.raspberryshake.org/fdsnws/dataselect/1/query;https://data.raspberryshake.org/fdsnws/dataselect/1/query;https://data.raspberryshake.org/fdsnws/dataselect/1/query,AM.RB53D.noise.20250609T123456;AM.RB53D.noise.20250605T204023;AM.RB53D.noise.20250610T211811,ordered_three_chunk_concat_v1,3500;3500;3500,3500;3500;2000,0;3500;7000,3500;7000;9000
673,AM,RC131,00,EH?,2025-10-20T17:08:27.601000Z,2025-10-20T17:09:02.601000Z,event_template,-5.0,28.24,100.0,preprocessing_v1_0_6,controlled-v1-case-0673,RASPISHAKE,https://data.raspberryshake.org/fdsnws/dataselect/1/query,AM.RC131.event.20251020T170827,AM;AM;AM,RC131;RC131;RC131,00;00;00,EH?;EH?;EH?,2025-06-08T15:34:38.824000Z;2025-06-06T16:03:40.274000Z;2025-06-03T19:32:18.864000Z,2025-06-08T15:37:45.694000Z;2025-06-06T16:06:44.734000Z;2025-06-03T19:35:25.374000Z,RASPISHAKE;RASPISHAKE;RASPISHAKE,https://data.raspberryshake.org/fdsnws/dataselect/1/query;https://data.raspberryshake.org/fdsnws/dataselect/1/query;https://data.raspberryshake.org/fdsnws/dataselect/1/query,AM.RC131.noise.20250608T153442;AM.RC131.noise.20250606T160341;AM.RC131.noise.20250603T193222,ordered_three_chunk_concat_v1,3500;3500;3500,3500;3500;2000,0;3500;7000,3500;7000;9000
674,AM,RC131,00,EH?,2025-10-20T17:08:27.601000Z,2025-10-20T17:09:02.601000Z,event_template,0.0,28.24,100.0,preprocessing_v1_0_6,controlled-v1-case-0674,RASPISHAKE,https://data.raspberryshake.org/fdsnws/dataselect/1/query,AM.RC131.event.20251020T170827,AM;AM;AM,RC131;RC131;RC131,00;00;00,EH?;EH?;EH?,2025-06-08T15:34:38.824000Z;2025-06-06T16:03:40.274000Z;2025-06-03T19:32:18.864000Z,2025-06-08T15:37:45.694000Z;2025-06-06T16:06:44.734000Z;2025-06-03T19:35:25.374000Z,RASPISHAKE;RASPISHAKE;RASPISHAKE,https://data.raspberryshake.org/fdsnws/dataselect/1/query;https://data.raspberryshake.org/fdsnws/dataselect/1/query;https://data.raspberryshake.org/fdsnws/dataselect/1/query,AM.RC131.noise.20250608T153442;AM.RC131.noise.20250606T160341;AM.RC131.noise.20250603T193222,ordered_three_chunk_concat_v1,3500;3500;3500,3500;3500;2000,0;3500;7000,3500;7000;9000
675,AM,RC131,00,EH?,2025-10-20T17:08:27.601000Z,2025-10-20T17:09:02.601000Z,event_template,5.0,28.24,100.0,preprocessing_v1_0_6,controlled-v1-case-0675,RASPISHAKE,https://data.raspberryshake.org/fdsnws/dataselect/1/query,AM.RC131.event.20251020T170827,AM;AM;AM,RC131;RC131;RC131,00;00;00,EH?;EH?;EH?,2025-06-08T15:34:38.824000Z;2025-06-06T16:03:40.274000Z;2025-06-03T19:32:18.864000Z,2025-06-08T15:37:45.694000Z;2025-06-06T16:06:44.734000Z;2025-06-03T19:35:25.374000Z,RASPISHAKE;RASPISHAKE;RASPISHAKE,https://data.raspberryshake.org/fdsnws/dataselect/1/query;https://data.raspberryshake.org/fdsnws/dataselect/1/query;https://data.raspberryshake.org/fdsnws/dataselect/1/query,AM.RC131.noise.20250608T153442;AM.RC131.noise.20250606T160341;AM.RC131.noise.20250603T193222,ordered_three_chunk_concat_v1,3500;3500;3500,3500;3500;2000,0;3500;7000,3500;7000;9000
676,AM,RC131,00,EH?,2025-11-14T00:17:58.981000Z,2025-11-14T00:18:33.981000Z,event_template,-5.0,59.64,100.0,preprocessing_v1_0_6,controlled-v1-case-0676,RASPISHAKE,https://data.raspberryshake.org/fdsnws/dataselect/1/query,AM.RC131.event.20251114T001758,AM;AM;AM,RC131;RC131;RC131,00;00;00,EH?;EH?;EH?,2025-06-05T07:10:38.114000Z;2025-06-07T23:52:56.554000Z;2025-06-10T11:38:05.544000Z,2025-06-05T07:13:44.724000Z;2025-06-07T23:56:03.364000Z;2025-06-10T11:41:12.744000Z,RASPISHAKE;RASPISHAKE;RASPISHAKE,https://data.raspberryshake.org/fdsnws/dataselect/1/query;https://data.raspberryshake.org/fdsnws/dataselect/1/query;https://data.raspberryshake.org/fdsnws/dataselect/1/query,AM.RC131.noise.20250605T071041;AM.RC131.noise.20250607T235259;AM.RC131.noise.20250610T113808,ordered_three_chunk_concat_v1,3500;3500;3500,3500;3500;2000,0;3500;7000,3500;7000;9000
677,AM,RC131,00,EH?,2025-11-14T00:17:58.981000Z,2025-11-14T00:18:33.981000Z,event_template,0.0,59.64,100.0,preprocessing_v1_0_6,controlled-v1-case-0677,RASPISHAKE,https://data.raspberryshake.org/fdsnws/dataselect/1/query,AM.RC131.event.20251114T001758,AM;AM;AM,RC131;RC131;RC131,00;00;00,EH?;EH?;EH?,2025-06-05T07:10:38.114000Z;2025-06-07T23:52:56.554000Z;2025-06-10T11:38:05.544000Z,2025-06-05T07:13:44.724000Z;2025-06-07T23:56:03.364000Z;2025-06-10T11:41:12.744000Z,RASPISHAKE;RASPISHAKE;RASPISHAKE,https://data.raspberryshake.org/fdsnws/dataselect/1/query;https://data.raspberryshake.org/fdsnws/dataselect/1/query;https://data.raspberryshake.org/fdsnws/dataselect/1/query,AM.RC131.noise.20250605T071041;AM.RC131.noise.20250607T235259;AM.RC131.noise.20250610T113808,ordered_three_chunk_concat_v1,3500;3500;3500,3500;3500;2000,0;3500;7000,3500;7000;9000
678,AM,RC131,00,EH?,2025-11-14T00:17:58.981000Z,2025-11-14T00:18:33.981000Z,event_template,5.0,59.64,100.0,preprocessing_v1_0_6,controlled-v1-case-0678,RASPISHAKE,https://data.raspberryshake.org/fdsnws/dataselect/1/query,AM.RC131.event.20251114T001758,AM;AM;AM,RC131;RC131;RC131,00;00;00,EH?;EH?;EH?,2025-06-05T07:10:38.114000Z;2025-06-07T23:52:56.554000Z;2025-06-10T11:38:05.544000Z,2025-06-05T07:13:44.724000Z;2025-06-07T23:56:03.364000Z;2025-06-10T11:41:12.744000Z,RASPISHAKE;RASPISHAKE;RASPISHAKE,https://data.raspberryshake.org/fdsnws/dataselect/1/query;https://data.raspberryshake.org/fdsnws/dataselect/1/query;https://data.raspberryshake.org/fdsnws/dataselect/1/query,AM.RC131.noise.20250605T071041;AM.RC131.noise.20250607T235259;AM.RC131.noise.20250610T113808,ordered_three_chunk_concat_v1,3500;3500;3500,3500;3500;2000,0;3500;7000,3500;7000;9000
679,AM,RC131,00,EH?,2026-01-21T09:18:30.485000Z,2026-01-21T09:19:05.485000Z,event_template,-5.0,45.67,100.0,preprocessing_v1_0_6,controlled-v1-case-0679,RASPISHAKE,https://data.raspberryshake.org/fdsnws/dataselect/1/query,AM.RC131.event.20260121T091830,AM;AM;AM,RC131;RC131;RC131,00;00;00,EH?;EH?;EH?,2025-06-09T03:14:05.714000Z;2025-06-08T15:34:38.824000Z;2025-06-01T00:58:48.954000Z,2025-06-09T03:17:11.384000Z;2025-06-08T15:37:45.694000Z;2025-06-01T01:01:54.704000Z,RASPISHAKE;RASPISHAKE;RASPISHAKE,https://data.raspberryshake.org/fdsnws/dataselect/1/query;https://data.raspberryshake.org/fdsnws/dataselect/1/query;https://data.raspberryshake.org/fdsnws/dataselect/1/query,AM.RC131.noise.20250609T031408;AM.RC131.noise.20250608T153442;AM.RC131.noise.20250601T005852,ordered_three_chunk_concat_v1,3500;3500;3500,3500;3500;2000,0;3500;7000,3500;7000;9000
680,AM,RC131,00,EH?,2026-01-21T09:18:30.485000Z,2026-01-21T09:19:05.485000Z,event_template,0.0,45.67,100.0,preprocessing_v1_0_6,controlled-v1-case-0680,RASPISHAKE,https://data.raspberryshake.org/fdsnws/dataselect/1/query,AM.RC131.event.20260121T091830,AM;AM;AM,RC131;RC131;RC131,00;00;00,EH?;EH?;EH?,2025-06-09T03:14:05.714000Z;2025-06-08T15:34:38.824000Z;2025-06-01T00:58:48.954000Z,2025-06-09T03:17:11.384000Z;2025-06-08T15:37:45.694000Z;2025-06-01T01:01:54.704000Z,RASPISHAKE;RASPISHAKE;RASPISHAKE,https://data.raspberryshake.org/fdsnws/dataselect/1/query;https://data.raspberryshake.org/fdsnws/dataselect/1/query;https://data.raspberryshake.org/fdsnws/dataselect/1/query,AM.RC131.noise.20250609T031408;AM.RC131.noise.20250608T153442;AM.RC131.noise.20250601T005852,ordered_three_chunk_concat_v1,3500;3500;3500,3500;3500;2000,0;3500;7000,3500;7000;9000
681,AM,RC131,00,EH?,2026-01-21T09:18:30.485000Z,2026-01-21T09:19:05.485000Z,event_template,5.0,45.67,100.0,preprocessing_v1_0_6,controlled-v1-case-0681,RASPISHAKE,https://data.raspberryshake.org/fdsnws/dataselect/1/query,AM.RC131.event.20260121T091830,AM;AM;AM,RC131;RC131;RC131,00;00;00,EH?;EH?;EH?,2025-06-09T03:14:05.714000Z;2025-06-08T15:34:38.824000Z;2025-06-01T00:58:48.954000Z,2025-06-09T03:17:11.384000Z;2025-06-08T15:37:45.694000Z;2025-06-01T01:01:54.704000Z,RASPISHAKE;RASPISHAKE;RASPISHAKE,https://data.raspberryshake.org/fdsnws/dataselect/1/query;https://data.raspberryshake.org/fdsnws/dataselect/1/query;https://data.raspberryshake.org/fdsnws/dataselect/1/query,AM.RC131.noise.20250609T031408;AM.RC131.noise.20250608T153442;AM.RC131.noise.20250601T005852,ordered_three_chunk_concat_v1,3500;3500;3500,3500;3500;2000,0;3500;7000,3500;7000;9000
682,AM,RC131,00,EH?,2026-04-26T07:25:06.340000Z,2026-04-26T07:25:41.340000Z,event_template,-5.0,24.8,100.0,preprocessing_v1_0_6,controlled-v1-case-0682,RASPISHAKE,https://data.raspberryshake.org/fdsnws/dataselect/1/query,AM.RC131.event.20260426T072506,AM;AM;AM,RC131;RC131;RC131,00;00;00,EH?;EH?;EH?,2025-06-04T17:28:27.164000Z;2025-06-03T19:32:18.864000Z;2025-06-07T23:52:56.554000Z,2025-06-04T17:31:32.964000Z;2025-06-03T19:35:25.374000Z;2025-06-07T23:56:03.364000Z,RASPISHAKE;RASPISHAKE;RASPISHAKE,https://data.raspberryshake.org/fdsnws/dataselect/1/query;https://data.raspberryshake.org/fdsnws/dataselect/1/query;https://data.raspberryshake.org/fdsnws/dataselect/1/query,AM.RC131.noise.20250604T172830;AM.RC131.noise.20250603T193222;AM.RC131.noise.20250607T235259,ordered_three_chunk_concat_v1,3500;3500;3500,3500;3500;2000,0;3500;7000,3500;7000;9000
683,AM,RC131,00,EH?,2026-04-26T07:25:06.340000Z,2026-04-26T07:25:41.340000Z,event_template,0.0,24.8,100.0,preprocessing_v1_0_6,controlled-v1-case-0683,RASPISHAKE,https://data.raspberryshake.org/fdsnws/dataselect/1/query,AM.RC131.event.20260426T072506,AM;AM;AM,RC131;RC131;RC131,00;00;00,EH?;EH?;EH?,2025-06-04T17:28:27.164000Z;2025-06-03T19:32:18.864000Z;2025-06-07T23:52:56.554000Z,2025-06-04T17:31:32.964000Z;2025-06-03T19:35:25.374000Z;2025-06-07T23:56:03.364000Z,RASPISHAKE;RASPISHAKE;RASPISHAKE,https://data.raspberryshake.org/fdsnws/dataselect/1/query;https://data.raspberryshake.org/fdsnws/dataselect/1/query;https://data.raspberryshake.org/fdsnws/dataselect/1/query,AM.RC131.noise.20250604T172830;AM.RC131.noise.20250603T193222;AM.RC131.noise.20250607T235259,ordered_three_chunk_concat_v1,3500;3500;3500,3500;3500;2000,0;3500;7000,3500;7000;9000
684,AM,RC131,00,EH?,2026-04-26T07:25:06.340000Z,2026-04-26T07:25:41.340000Z,event_template,5.0,24.8,100.0,preprocessing_v1_0_6,controlled-v1-case-0684,RASPISHAKE,https://data.raspberryshake.org/fdsnws/dataselect/1/query,AM.RC131.event.20260426T072506,AM;AM;AM,RC131;RC131;RC131,00;00;00,EH?;EH?;EH?,2025-06-04T17:28:27.164000Z;2025-06-03T19:32:18.864000Z;2025-06-07T23:52:56.554000Z,2025-06-04T17:31:32.964000Z;2025-06-03T19:35:25.374000Z;2025-06-07T23:56:03.364000Z,RASPISHAKE;RASPISHAKE;RASPISHAKE,https://data.raspberryshake.org/fdsnws/dataselect/1/query;https://data.raspberryshake.org/fdsnws/dataselect/1/query;https://data.raspberryshake.org/fdsnws/dataselect/1/query,AM.RC131.noise.20250604T172830;AM.RC131.noise.20250603T193222;AM.RC131.noise.20250607T235259,ordered_three_chunk_concat_v1,3500;3500;3500,3500;3500;2000,0;3500;7000,3500;7000;9000
685,AM,RC131,00,EH?,2026-05-04T06:22:43.410000Z,2026-05-04T06:23:18.410000Z,event_template,-5.0,58.56,100.0,preprocessing_v1_0_6,controlled-v1-case-0685,RASPISHAKE,https://data.raspberryshake.org/fdsnws/dataselect/1/query,AM.RC131.event.20260504T062243,AM;AM;AM,RC131;RC131;RC131,00;00;00,EH?;EH?;EH?,2025-06-06T02:58:31.564000Z;2025-06-07T14:44:16.434000Z;2025-06-02T14:31:39.944000Z,2025-06-06T03:01:38.654000Z;2025-06-07T14:47:21.074000Z;2025-06-02T14:34:47.974000Z,RASPISHAKE;RASPISHAKE;RASPISHAKE,https://data.raspberryshake.org/fdsnws/dataselect/1/query;https://data.raspberryshake.org/fdsnws/dataselect/1/query;https://data.raspberryshake.org/fdsnws/dataselect/1/query,AM.RC131.noise.20250606T025835;AM.RC131.noise.20250607T144418;AM.RC131.noise.20250602T143144,ordered_three_chunk_concat_v1,3500;3500;3500,3500;3500;2000,0;3500;7000,3500;7000;9000
686,AM,RC131,00,EH?,2026-05-04T06:22:43.410000Z,2026-05-04T06:23:18.410000Z,event_template,0.0,58.56,100.0,preprocessing_v1_0_6,controlled-v1-case-0686,RASPISHAKE,https://data.raspberryshake.org/fdsnws/dataselect/1/query,AM.RC131.event.20260504T062243,AM;AM;AM,RC131;RC131;RC131,00;00;00,EH?;EH?;EH?,2025-06-06T02:58:31.564000Z;2025-06-07T14:44:16.434000Z;2025-06-02T14:31:39.944000Z,2025-06-06T03:01:38.654000Z;2025-06-07T14:47:21.074000Z;2025-06-02T14:34:47.974000Z,RASPISHAKE;RASPISHAKE;RASPISHAKE,https://data.raspberryshake.org/fdsnws/dataselect/1/query;https://data.raspberryshake.org/fdsnws/dataselect/1/query;https://data.raspberryshake.org/fdsnws/dataselect/1/query,AM.RC131.noise.20250606T025835;AM.RC131.noise.20250607T144418;AM.RC131.noise.20250602T143144,ordered_three_chunk_concat_v1,3500;3500;3500,3500;3500;2000,0;3500;7000,3500;7000;9000
687,AM,RC131,00,EH?,2026-05-04T06:22:43.410000Z,2026-05-04T06:23:18.410000Z,event_template,5.0,58.56,100.0,preprocessing_v1_0_6,controlled-v1-case-0687,RASPISHAKE,https://data.raspberryshake.org/fdsnws/dataselect/1/query,AM.RC131.event.20260504T062243,AM;AM;AM,RC131;RC131;RC131,00;00;00,EH?;EH?;EH?,2025-06-06T02:58:31.564000Z;2025-06-07T14:44:16.434000Z;2025-06-02T14:31:39.944000Z,2025-06-06T03:01:38.654000Z;2025-06-07T14:47:21.074000Z;2025-06-02T14:34:47.974000Z,RASPISHAKE;RASPISHAKE;RASPISHAKE,https://data.raspberryshake.org/fdsnws/dataselect/1/query;https://data.raspberryshake.org/fdsnws/dataselect/1/query;https://data.raspberryshake.org/fdsnws/dataselect/1/query,AM.RC131.noise.20250606T025835;AM.RC131.noise.20250607T144418;AM.RC131.noise.20250602T143144,ordered_three_chunk_concat_v1,3500;3500;3500,3500;3500;2000,0;3500;7000,3500;7000;9000
688,AM,RC131,00,EH?,2026-05-09T04:53:19.640000Z,2026-05-09T04:53:54.640000Z,event_template,-5.0,29.37,100.0,preprocessing_v1_0_6,controlled-v1-case-0688,RASPISHAKE,https://data.raspberryshake.org/fdsnws/dataselect/1/query,AM.RC131.event.20260509T045319,AM;AM;AM,RC131;RC131;RC131,00;00;00,EH?;EH?;EH?,2025-06-06T02:58:31.564000Z;2025-06-08T16:25:03.784000Z;2025-06-04T20:32:04.624000Z,2025-06-06T03:01:38.654000Z;2025-06-08T16:28:10.424000Z;2025-06-04T20:35:08.784000Z,RASPISHAKE;RASPISHAKE;RASPISHAKE,https://data.raspberryshake.org/fdsnws/dataselect/1/query;https://data.raspberryshake.org/fdsnws/dataselect/1/query;https://data.raspberryshake.org/fdsnws/dataselect/1/query,AM.RC131.noise.20250606T025835;AM.RC131.noise.20250608T162507;AM.RC131.noise.20250604T203205,ordered_three_chunk_concat_v1,3500;3500;3500,3500;3500;2000,0;3500;7000,3500;7000;9000
689,AM,RC131,00,EH?,2026-05-09T04:53:19.640000Z,2026-05-09T04:53:54.640000Z,event_template,0.0,29.37,100.0,preprocessing_v1_0_6,controlled-v1-case-0689,RASPISHAKE,https://data.raspberryshake.org/fdsnws/dataselect/1/query,AM.RC131.event.20260509T045319,AM;AM;AM,RC131;RC131;RC131,00;00;00,EH?;EH?;EH?,2025-06-06T02:58:31.564000Z;2025-06-08T16:25:03.784000Z;2025-06-04T20:32:04.624000Z,2025-06-06T03:01:38.654000Z;2025-06-08T16:28:10.424000Z;2025-06-04T20:35:08.784000Z,RASPISHAKE;RASPISHAKE;RASPISHAKE,https://data.raspberryshake.org/fdsnws/dataselect/1/query;https://data.raspberryshake.org/fdsnws/dataselect/1/query;https://data.raspberryshake.org/fdsnws/dataselect/1/query,AM.RC131.noise.20250606T025835;AM.RC131.noise.20250608T162507;AM.RC131.noise.20250604T203205,ordered_three_chunk_concat_v1,3500;3500;3500,3500;3500;2000,0;3500;7000,3500;7000;9000
690,AM,RC131,00,EH?,2026-05-09T04:53:19.640000Z,2026-05-09T04:53:54.640000Z,event_template,5.0,29.37,100.0,preprocessing_v1_0_6,controlled-v1-case-0690,RASPISHAKE,https://data.raspberryshake.org/fdsnws/dataselect/1/query,AM.RC131.event.20260509T045319,AM;AM;AM,RC131;RC131;RC131,00;00;00,EH?;EH?;EH?,2025-06-06T02:58:31.564000Z;2025-06-08T16:25:03.784000Z;2025-06-04T20:32:04.624000Z,2025-06-06T03:01:38.654000Z;2025-06-08T16:28:10.424000Z;2025-06-04T20:35:08.784000Z,RASPISHAKE;RASPISHAKE;RASPISHAKE,https://data.raspberryshake.org/fdsnws/dataselect/1/query;https://data.raspberryshake.org/fdsnws/dataselect/1/query;https://data.raspberryshake.org/fdsnws/dataselect/1/query,AM.RC131.noise.20250606T025835;AM.RC131.noise.20250608T162507;AM.RC131.noise.20250604T203205,ordered_three_chunk_concat_v1,3500;3500;3500,3500;3500;2000,0;3500;7000,3500;7000;9000
691,AM,RC131,00,EH?,2026-05-15T11:33:24.770000Z,2026-05-15T11:33:59.770000Z,event_template,-5.0,23.38,100.0,preprocessing_v1_0_6,controlled-v1-case-0691,RASPISHAKE,https://data.raspberryshake.org/fdsnws/dataselect/1/query,AM.RC131.event.20260515T113324,AM;AM;AM,RC131;RC131;RC131,00;00;00,EH?;EH?;EH?,2025-06-06T00:40:39.974000Z;2025-06-04T17:28:27.164000Z;2025-06-01T15:15:15.054000Z,2025-06-06T00:43:46.214000Z;2025-06-04T17:31:32.964000Z;2025-06-01T15:18:20.254000Z,RASPISHAKE;RASPISHAKE;RASPISHAKE,https://data.raspberryshake.org/fdsnws/dataselect/1/query;https://data.raspberryshake.org/fdsnws/dataselect/1/query;https://data.raspberryshake.org/fdsnws/dataselect/1/query,AM.RC131.noise.20250606T004041;AM.RC131.noise.20250604T172830;AM.RC131.noise.20250601T151518,ordered_three_chunk_concat_v1,3500;3500;3500,3500;3500;2000,0;3500;7000,3500;7000;9000
692,AM,RC131,00,EH?,2026-05-15T11:33:24.770000Z,2026-05-15T11:33:59.770000Z,event_template,0.0,23.38,100.0,preprocessing_v1_0_6,controlled-v1-case-0692,RASPISHAKE,https://data.raspberryshake.org/fdsnws/dataselect/1/query,AM.RC131.event.20260515T113324,AM;AM;AM,RC131;RC131;RC131,00;00;00,EH?;EH?;EH?,2025-06-06T00:40:39.974000Z;2025-06-04T17:28:27.164000Z;2025-06-01T15:15:15.054000Z,2025-06-06T00:43:46.214000Z;2025-06-04T17:31:32.964000Z;2025-06-01T15:18:20.254000Z,RASPISHAKE;RASPISHAKE;RASPISHAKE,https://data.raspberryshake.org/fdsnws/dataselect/1/query;https://data.raspberryshake.org/fdsnws/dataselect/1/query;https://data.raspberryshake.org/fdsnws/dataselect/1/query,AM.RC131.noise.20250606T004041;AM.RC131.noise.20250604T172830;AM.RC131.noise.20250601T151518,ordered_three_chunk_concat_v1,3500;3500;3500,3500;3500;2000,0;3500;7000,3500;7000;9000
693,AM,RC131,00,EH?,2026-05-15T11:33:24.770000Z,2026-05-15T11:33:59.770000Z,event_template,5.0,23.38,100.0,preprocessing_v1_0_6,controlled-v1-case-0693,RASPISHAKE,https://data.raspberryshake.org/fdsnws/dataselect/1/query,AM.RC131.event.20260515T113324,AM;AM;AM,RC131;RC131;RC131,00;00;00,EH?;EH?;EH?,2025-06-06T00:40:39.974000Z;2025-06-04T17:28:27.164000Z;2025-06-01T15:15:15.054000Z,2025-06-06T00:43:46.214000Z;2025-06-04T17:31:32.964000Z;2025-06-01T15:18:20.254000Z,RASPISHAKE;RASPISHAKE;RASPISHAKE,https://data.raspberryshake.org/fdsnws/dataselect/1/query;https://data.raspberryshake.org/fdsnws/dataselect/1/query;https://data.raspberryshake.org/fdsnws/dataselect/1/query,AM.RC131.noise.20250606T004041;AM.RC131.noise.20250604T172830;AM.RC131.noise.20250601T151518,ordered_three_chunk_concat_v1,3500;3500;3500,3500;3500;2000,0;3500;7000,3500;7000;9000
694,AM,RC131,00,EH?,2026-05-16T15:00:32.740000Z,2026-05-16T15:01:07.740000Z,event_template,-5.0,38.97,100.0,preprocessing_v1_0_6,controlled-v1-case-0694,RASPISHAKE,https://data.raspberryshake.org/fdsnws/dataselect/1/query,AM.RC131.event.20260516T150032,AM;AM;AM,RC131;RC131;RC131,00;00;00,EH?;EH?;EH?,2025-06-08T09:18:48.914000Z;2025-06-02T21:51:36.054000Z;2025-06-10T21:18:09.474000Z,2025-06-08T09:21:56.094000Z;2025-06-02T21:54:41.594000Z;2025-06-10T21:21:15.814000Z,RASPISHAKE;RASPISHAKE;RASPISHAKE,https://data.raspberryshake.org/fdsnws/dataselect/1/query;https://data.raspberryshake.org/fdsnws/dataselect/1/query;https://data.raspberryshake.org/fdsnws/dataselect/1/query,AM.RC131.noise.20250608T091852;AM.RC131.noise.20250602T215137;AM.RC131.noise.20250610T211811,ordered_three_chunk_concat_v1,3500;3500;3500,3500;3500;2000,0;3500;7000,3500;7000;9000
695,AM,RC131,00,EH?,2026-05-16T15:00:32.740000Z,2026-05-16T15:01:07.740000Z,event_template,0.0,38.97,100.0,preprocessing_v1_0_6,controlled-v1-case-0695,RASPISHAKE,https://data.raspberryshake.org/fdsnws/dataselect/1/query,AM.RC131.event.20260516T150032,AM;AM;AM,RC131;RC131;RC131,00;00;00,EH?;EH?;EH?,2025-06-08T09:18:48.914000Z;2025-06-02T21:51:36.054000Z;2025-06-10T21:18:09.474000Z,2025-06-08T09:21:56.094000Z;2025-06-02T21:54:41.594000Z;2025-06-10T21:21:15.814000Z,RASPISHAKE;RASPISHAKE;RASPISHAKE,https://data.raspberryshake.org/fdsnws/dataselect/1/query;https://data.raspberryshake.org/fdsnws/dataselect/1/query;https://data.raspberryshake.org/fdsnws/dataselect/1/query,AM.RC131.noise.20250608T091852;AM.RC131.noise.20250602T215137;AM.RC131.noise.20250610T211811,ordered_three_chunk_concat_v1,3500;3500;3500,3500;3500;2000,0;3500;7000,3500;7000;9000
696,AM,RC131,00,EH?,2026-05-16T15:00:32.740000Z,2026-05-16T15:01:07.740000Z,event_template,5.0,38.97,100.0,preprocessing_v1_0_6,controlled-v1-case-0696,RASPISHAKE,https://data.raspberryshake.org/fdsnws/dataselect/1/query,AM.RC131.event.20260516T150032,AM;AM;AM,RC131;RC131;RC131,00;00;00,EH?;EH?;EH?,2025-06-08T09:18:48.914000Z;2025-06-02T21:51:36.054000Z;2025-06-10T21:18:09.474000Z,2025-06-08T09:21:56.094000Z;2025-06-02T21:54:41.594000Z;2025-06-10T21:21:15.814000Z,RASPISHAKE;RASPISHAKE;RASPISHAKE,https://data.raspberryshake.org/fdsnws/dataselect/1/query;https://data.raspberryshake.org/fdsnws/dataselect/1/query;https://data.raspberryshake.org/fdsnws/dataselect/1/query,AM.RC131.noise.20250608T091852;AM.RC131.noise.20250602T215137;AM.RC131.noise.20250610T211811,ordered_three_chunk_concat_v1,3500;3500;3500,3500;3500;2000,0;3500;7000,3500;7000;9000
697,AM,RC2BF,00,EH?,2026-04-14T02:06:42.820000Z,2026-04-14T02:07:17.820000Z,event_template,-5.0,20.77,100.0,preprocessing_v1_0_6,controlled-v1-case-0697,RASPISHAKE,https://data.raspberryshake.org/fdsnws/dataselect/1/query,AM.RC2BF.event.20260414T020642,AM;AM;AM,RC2BF;RC2BF;RC2BF,00;00;00,EH?;EH?;EH?,2025-06-04T00:48:13.136000Z;2025-06-05T07:10:37.466000Z;2025-06-10T08:34:05.896000Z,2025-06-04T00:51:19.716000Z;2025-06-05T07:13:44.496000Z;2025-06-10T08:37:12.566000Z,RASPISHAKE;RASPISHAKE;RASPISHAKE,https://data.raspberryshake.org/fdsnws/dataselect/1/query;https://data.raspberryshake.org/fdsnws/dataselect/1/query;https://data.raspberryshake.org/fdsnws/dataselect/1/query,AM.RC2BF.noise.20250604T004815;AM.RC2BF.noise.20250605T071041;AM.RC2BF.noise.20250610T083409,ordered_three_chunk_concat_v1,3500;3500;3500,3500;3500;2000,0;3500;7000,3500;7000;9000
698,AM,RC2BF,00,EH?,2026-04-14T02:06:42.820000Z,2026-04-14T02:07:17.820000Z,event_template,0.0,20.77,100.0,preprocessing_v1_0_6,controlled-v1-case-0698,RASPISHAKE,https://data.raspberryshake.org/fdsnws/dataselect/1/query,AM.RC2BF.event.20260414T020642,AM;AM;AM,RC2BF;RC2BF;RC2BF,00;00;00,EH?;EH?;EH?,2025-06-04T00:48:13.136000Z;2025-06-05T07:10:37.466000Z;2025-06-10T08:34:05.896000Z,2025-06-04T00:51:19.716000Z;2025-06-05T07:13:44.496000Z;2025-06-10T08:37:12.566000Z,RASPISHAKE;RASPISHAKE;RASPISHAKE,https://data.raspberryshake.org/fdsnws/dataselect/1/query;https://data.raspberryshake.org/fdsnws/dataselect/1/query;https://data.raspberryshake.org/fdsnws/dataselect/1/query,AM.RC2BF.noise.20250604T004815;AM.RC2BF.noise.20250605T071041;AM.RC2BF.noise.20250610T083409,ordered_three_chunk_concat_v1,3500;3500;3500,3500;3500;2000,0;3500;7000,3500;7000;9000
699,AM,RC2BF,00,EH?,2026-04-14T02:06:42.820000Z,2026-04-14T02:07:17.820000Z,event_template,5.0,20.77,100.0,preprocessing_v1_0_6,controlled-v1-case-0699,RASPISHAKE,https://data.raspberryshake.org/fdsnws/dataselect/1/query,AM.RC2BF.event.20260414T020642,AM;AM;AM,RC2BF;RC2BF;RC2BF,00;00;00,EH?;EH?;EH?,2025-06-04T00:48:13.136000Z;2025-06-05T07:10:37.466000Z;2025-06-10T08:34:05.896000Z,2025-06-04T00:51:19.716000Z;2025-06-05T07:13:44.496000Z;2025-06-10T08:37:12.566000Z,RASPISHAKE;RASPISHAKE;RASPISHAKE,https://data.raspberryshake.org/fdsnws/dataselect/1/query;https://data.raspberryshake.org/fdsnws/dataselect/1/query;https://data.raspberryshake.org/fdsnws/dataselect/1/query,AM.RC2BF.noise.20250604T004815;AM.RC2BF.noise.20250605T071041;AM.RC2BF.noise.20250610T083409,ordered_three_chunk_concat_v1,3500;3500;3500,3500;3500;2000,0;3500;7000,3500;7000;9000
700,AM,RC2BF,00,EH?,2026-04-19T14:44:53.460000Z,2026-04-19T14:45:28.460000Z,event_template,-5.0,44.86,100.0,preprocessing_v1_0_6,controlled-v1-case-0700,RASPISHAKE,https://data.raspberryshake.org/fdsnws/dataselect/1/query,AM.RC2BF.event.20260419T144453,AM;AM;AM,RC2BF;RC2BF;RC2BF,00;00;00,EH?;EH?;EH?,2025-06-10T11:38:05.786000Z;2025-06-01T15:15:16.146000Z;2025-06-10T22:22:09.396000Z,2025-06-10T11:41:13.166000Z;2025-06-01T15:18:20.506000Z;2025-06-10T22:25:17.266000Z,RASPISHAKE;RASPISHAKE;RASPISHAKE,https://data.raspberryshake.org/fdsnws/dataselect/1/query;https://data.raspberryshake.org/fdsnws/dataselect/1/query;https://data.raspberryshake.org/fdsnws/dataselect/1/query,AM.RC2BF.noise.20250610T113808;AM.RC2BF.noise.20250601T151518;AM.RC2BF.noise.20250610T222213,ordered_three_chunk_concat_v1,3500;3500;3500,3500;3500;2000,0;3500;7000,3500;7000;9000
701,AM,RC2BF,00,EH?,2026-04-19T14:44:53.460000Z,2026-04-19T14:45:28.460000Z,event_template,0.0,44.86,100.0,preprocessing_v1_0_6,controlled-v1-case-0701,RASPISHAKE,https://data.raspberryshake.org/fdsnws/dataselect/1/query,AM.RC2BF.event.20260419T144453,AM;AM;AM,RC2BF;RC2BF;RC2BF,00;00;00,EH?;EH?;EH?,2025-06-10T11:38:05.786000Z;2025-06-01T15:15:16.146000Z;2025-06-10T22:22:09.396000Z,2025-06-10T11:41:13.166000Z;2025-06-01T15:18:20.506000Z;2025-06-10T22:25:17.266000Z,RASPISHAKE;RASPISHAKE;RASPISHAKE,https://data.raspberryshake.org/fdsnws/dataselect/1/query;https://data.raspberryshake.org/fdsnws/dataselect/1/query;https://data.raspberryshake.org/fdsnws/dataselect/1/query,AM.RC2BF.noise.20250610T113808;AM.RC2BF.noise.20250601T151518;AM.RC2BF.noise.20250610T222213,ordered_three_chunk_concat_v1,3500;3500;3500,3500;3500;2000,0;3500;7000,3500;7000;9000
702,AM,RC2BF,00,EH?,2026-04-19T14:44:53.460000Z,2026-04-19T14:45:28.460000Z,event_template,5.0,44.86,100.0,preprocessing_v1_0_6,controlled-v1-case-0702,RASPISHAKE,https://data.raspberryshake.org/fdsnws/dataselect/1/query,AM.RC2BF.event.20260419T144453,AM;AM;AM,RC2BF;RC2BF;RC2BF,00;00;00,EH?;EH?;EH?,2025-06-10T11:38:05.786000Z;2025-06-01T15:15:16.146000Z;2025-06-10T22:22:09.396000Z,2025-06-10T11:41:13.166000Z;2025-06-01T15:18:20.506000Z;2025-06-10T22:25:17.266000Z,RASPISHAKE;RASPISHAKE;RASPISHAKE,https://data.raspberryshake.org/fdsnws/dataselect/1/query;https://data.raspberryshake.org/fdsnws/dataselect/1/query;https://data.raspberryshake.org/fdsnws/dataselect/1/query,AM.RC2BF.noise.20250610T113808;AM.RC2BF.noise.20250601T151518;AM.RC2BF.noise.20250610T222213,ordered_three_chunk_concat_v1,3500;3500;3500,3500;3500;2000,0;3500;7000,3500;7000;9000
703,AM,RC2BF,00,EH?,2026-05-01T02:00:30.800000Z,2026-05-01T02:01:05.800000Z,event_template,-5.0,41.86,100.0,preprocessing_v1_0_6,controlled-v1-case-0703,RASPISHAKE,https://data.raspberryshake.org/fdsnws/dataselect/1/query,AM.RC2BF.event.20260501T020030,AM;AM;AM,RC2BF;RC2BF;RC2BF,00;00;00,EH?;EH?;EH?,2025-06-10T11:38:05.786000Z;2025-06-05T10:07:20.756000Z;2025-06-08T09:18:50.026000Z,2025-06-10T11:41:13.166000Z;2025-06-05T10:10:27.276000Z;2025-06-08T09:21:55.616000Z,RASPISHAKE;RASPISHAKE;RASPISHAKE,https://data.raspberryshake.org/fdsnws/dataselect/1/query;https://data.raspberryshake.org/fdsnws/dataselect/1/query;https://data.raspberryshake.org/fdsnws/dataselect/1/query,AM.RC2BF.noise.20250610T113808;AM.RC2BF.noise.20250605T100724;AM.RC2BF.noise.20250608T091852,ordered_three_chunk_concat_v1,3500;3500;3500,3500;3500;2000,0;3500;7000,3500;7000;9000
704,AM,RC2BF,00,EH?,2026-05-01T02:00:30.800000Z,2026-05-01T02:01:05.800000Z,event_template,0.0,41.86,100.0,preprocessing_v1_0_6,controlled-v1-case-0704,RASPISHAKE,https://data.raspberryshake.org/fdsnws/dataselect/1/query,AM.RC2BF.event.20260501T020030,AM;AM;AM,RC2BF;RC2BF;RC2BF,00;00;00,EH?;EH?;EH?,2025-06-10T11:38:05.786000Z;2025-06-05T10:07:20.756000Z;2025-06-08T09:18:50.026000Z,2025-06-10T11:41:13.166000Z;2025-06-05T10:10:27.276000Z;2025-06-08T09:21:55.616000Z,RASPISHAKE;RASPISHAKE;RASPISHAKE,https://data.raspberryshake.org/fdsnws/dataselect/1/query;https://data.raspberryshake.org/fdsnws/dataselect/1/query;https://data.raspberryshake.org/fdsnws/dataselect/1/query,AM.RC2BF.noise.20250610T113808;AM.RC2BF.noise.20250605T100724;AM.RC2BF.noise.20250608T091852,ordered_three_chunk_concat_v1,3500;3500;3500,3500;3500;2000,0;3500;7000,3500;7000;9000
705,AM,RC2BF,00,EH?,2026-05-01T02:00:30.800000Z,2026-05-01T02:01:05.800000Z,event_template,5.0,41.86,100.0,preprocessing_v1_0_6,controlled-v1-case-0705,RASPISHAKE,https://data.raspberryshake.org/fdsnws/dataselect/1/query,AM.RC2BF.event.20260501T020030,AM;AM;AM,RC2BF;RC2BF;RC2BF,00;00;00,EH?;EH?;EH?,2025-06-10T11:38:05.786000Z;2025-06-05T10:07:20.756000Z;2025-06-08T09:18:50.026000Z,2025-06-10T11:41:13.166000Z;2025-06-05T10:10:27.276000Z;2025-06-08T09:21:55.616000Z,RASPISHAKE;RASPISHAKE;RASPISHAKE,https://data.raspberryshake.org/fdsnws/dataselect/1/query;https://data.raspberryshake.org/fdsnws/dataselect/1/query;https://data.raspberryshake.org/fdsnws/dataselect/1/query,AM.RC2BF.noise.20250610T113808;AM.RC2BF.noise.20250605T100724;AM.RC2BF.noise.20250608T091852,ordered_three_chunk_concat_v1,3500;3500;3500,3500;3500;2000,0;3500;7000,3500;7000;9000
706,AM,RC2BF,00,EH?,2026-05-01T08:18:05.610000Z,2026-05-01T08:18:40.610000Z,event_template,-5.0,51.46,100.0,preprocessing_v1_0_6,controlled-v1-case-0706,RASPISHAKE,https://data.raspberryshake.org/fdsnws/dataselect/1/query,AM.RC2BF.event.20260501T081805,AM;AM;AM,RC2BF;RC2BF;RC2BF,00;00;00,EH?;EH?;EH?,2025-06-08T09:18:50.026000Z;2025-06-03T19:32:20.866000Z;2025-06-06T00:40:38.506000Z,2025-06-08T09:21:55.616000Z;2025-06-03T19:35:25.796000Z;2025-06-06T00:43:43.776000Z,RASPISHAKE;RASPISHAKE;RASPISHAKE,https://data.raspberryshake.org/fdsnws/dataselect/1/query;https://data.raspberryshake.org/fdsnws/dataselect/1/query;https://data.raspberryshake.org/fdsnws/dataselect/1/query,AM.RC2BF.noise.20250608T091852;AM.RC2BF.noise.20250603T193222;AM.RC2BF.noise.20250606T004041,ordered_three_chunk_concat_v1,3500;3500;3500,3500;3500;2000,0;3500;7000,3500;7000;9000
707,AM,RC2BF,00,EH?,2026-05-01T08:18:05.610000Z,2026-05-01T08:18:40.610000Z,event_template,0.0,51.46,100.0,preprocessing_v1_0_6,controlled-v1-case-0707,RASPISHAKE,https://data.raspberryshake.org/fdsnws/dataselect/1/query,AM.RC2BF.event.20260501T081805,AM;AM;AM,RC2BF;RC2BF;RC2BF,00;00;00,EH?;EH?;EH?,2025-06-08T09:18:50.026000Z;2025-06-03T19:32:20.866000Z;2025-06-06T00:40:38.506000Z,2025-06-08T09:21:55.616000Z;2025-06-03T19:35:25.796000Z;2025-06-06T00:43:43.776000Z,RASPISHAKE;RASPISHAKE;RASPISHAKE,https://data.raspberryshake.org/fdsnws/dataselect/1/query;https://data.raspberryshake.org/fdsnws/dataselect/1/query;https://data.raspberryshake.org/fdsnws/dataselect/1/query,AM.RC2BF.noise.20250608T091852;AM.RC2BF.noise.20250603T193222;AM.RC2BF.noise.20250606T004041,ordered_three_chunk_concat_v1,3500;3500;3500,3500;3500;2000,0;3500;7000,3500;7000;9000
708,AM,RC2BF,00,EH?,2026-05-01T08:18:05.610000Z,2026-05-01T08:18:40.610000Z,event_template,5.0,51.46,100.0,preprocessing_v1_0_6,controlled-v1-case-0708,RASPISHAKE,https://data.raspberryshake.org/fdsnws/dataselect/1/query,AM.RC2BF.event.20260501T081805,AM;AM;AM,RC2BF;RC2BF;RC2BF,00;00;00,EH?;EH?;EH?,2025-06-08T09:18:50.026000Z;2025-06-03T19:32:20.866000Z;2025-06-06T00:40:38.506000Z,2025-06-08T09:21:55.616000Z;2025-06-03T19:35:25.796000Z;2025-06-06T00:43:43.776000Z,RASPISHAKE;RASPISHAKE;RASPISHAKE,https://data.raspberryshake.org/fdsnws/dataselect/1/query;https://data.raspberryshake.org/fdsnws/dataselect/1/query;https://data.raspberryshake.org/fdsnws/dataselect/1/query,AM.RC2BF.noise.20250608T091852;AM.RC2BF.noise.20250603T193222;AM.RC2BF.noise.20250606T004041,ordered_three_chunk_concat_v1,3500;3500;3500,3500;3500;2000,0;3500;7000,3500;7000;9000
709,AM,RC2BF,00,EH?,2026-05-10T18:24:23.850000Z,2026-05-10T18:24:58.850000Z,event_template,-5.0,38.63,100.0,preprocessing_v1_0_6,controlled-v1-case-0709,RASPISHAKE,https://data.raspberryshake.org/fdsnws/dataselect/1/query,AM.RC2BF.event.20260510T182423,AM;AM;AM,RC2BF;RC2BF;RC2BF,00;00;00,EH?;EH?;EH?,2025-06-09T03:14:05.766000Z;2025-06-05T07:10:37.466000Z;2025-06-03T22:23:39.536000Z,2025-06-09T03:17:10.566000Z;2025-06-05T07:13:44.496000Z;2025-06-03T22:26:44.986000Z,RASPISHAKE;RASPISHAKE;RASPISHAKE,https://data.raspberryshake.org/fdsnws/dataselect/1/query;https://data.raspberryshake.org/fdsnws/dataselect/1/query;https://data.raspberryshake.org/fdsnws/dataselect/1/query,AM.RC2BF.noise.20250609T031408;AM.RC2BF.noise.20250605T071041;AM.RC2BF.noise.20250603T222341,ordered_three_chunk_concat_v1,3500;3500;3500,3500;3500;2000,0;3500;7000,3500;7000;9000
710,AM,RC2BF,00,EH?,2026-05-10T18:24:23.850000Z,2026-05-10T18:24:58.850000Z,event_template,0.0,38.63,100.0,preprocessing_v1_0_6,controlled-v1-case-0710,RASPISHAKE,https://data.raspberryshake.org/fdsnws/dataselect/1/query,AM.RC2BF.event.20260510T182423,AM;AM;AM,RC2BF;RC2BF;RC2BF,00;00;00,EH?;EH?;EH?,2025-06-09T03:14:05.766000Z;2025-06-05T07:10:37.466000Z;2025-06-03T22:23:39.536000Z,2025-06-09T03:17:10.566000Z;2025-06-05T07:13:44.496000Z;2025-06-03T22:26:44.986000Z,RASPISHAKE;RASPISHAKE;RASPISHAKE,https://data.raspberryshake.org/fdsnws/dataselect/1/query;https://data.raspberryshake.org/fdsnws/dataselect/1/query;https://data.raspberryshake.org/fdsnws/dataselect/1/query,AM.RC2BF.noise.20250609T031408;AM.RC2BF.noise.20250605T071041;AM.RC2BF.noise.20250603T222341,ordered_three_chunk_concat_v1,3500;3500;3500,3500;3500;2000,0;3500;7000,3500;7000;9000
711,AM,RC2BF,00,EH?,2026-05-10T18:24:23.850000Z,2026-05-10T18:24:58.850000Z,event_template,5.0,38.63,100.0,preprocessing_v1_0_6,controlled-v1-case-0711,RASPISHAKE,https://data.raspberryshake.org/fdsnws/dataselect/1/query,AM.RC2BF.event.20260510T182423,AM;AM;AM,RC2BF;RC2BF;RC2BF,00;00;00,EH?;EH?;EH?,2025-06-09T03:14:05.766000Z;2025-06-05T07:10:37.466000Z;2025-06-03T22:23:39.536000Z,2025-06-09T03:17:10.566000Z;2025-06-05T07:13:44.496000Z;2025-06-03T22:26:44.986000Z,RASPISHAKE;RASPISHAKE;RASPISHAKE,https://data.raspberryshake.org/fdsnws/dataselect/1/query;https://data.raspberryshake.org/fdsnws/dataselect/1/query;https://data.raspberryshake.org/fdsnws/dataselect/1/query,AM.RC2BF.noise.20250609T031408;AM.RC2BF.noise.20250605T071041;AM.RC2BF.noise.20250603T222341,ordered_three_chunk_concat_v1,3500;3500;3500,3500;3500;2000,0;3500;7000,3500;7000;9000
712,AM,RC2BF,00,EH?,2026-05-12T11:37:48.360000Z,2026-05-12T11:38:23.360000Z,event_template,-5.0,18.55,100.0,preprocessing_v1_0_6,controlled-v1-case-0712,RASPISHAKE,https://data.raspberryshake.org/fdsnws/dataselect/1/query,AM.RC2BF.event.20260512T113748,AM;AM;AM,RC2BF;RC2BF;RC2BF,00;00;00,EH?;EH?;EH?,2025-06-04T04:12:22.196000Z;2025-06-05T07:10:37.466000Z;2025-06-04T00:48:13.136000Z,2025-06-04T04:15:28.166000Z;2025-06-05T07:13:44.496000Z;2025-06-04T00:51:19.716000Z,RASPISHAKE;RASPISHAKE;RASPISHAKE,https://data.raspberryshake.org/fdsnws/dataselect/1/query;https://data.raspberryshake.org/fdsnws/dataselect/1/query;https://data.raspberryshake.org/fdsnws/dataselect/1/query,AM.RC2BF.noise.20250604T041225;AM.RC2BF.noise.20250605T071041;AM.RC2BF.noise.20250604T004815,ordered_three_chunk_concat_v1,3500;3500;3500,3500;3500;2000,0;3500;7000,3500;7000;9000
713,AM,RC2BF,00,EH?,2026-05-12T11:37:48.360000Z,2026-05-12T11:38:23.360000Z,event_template,0.0,18.55,100.0,preprocessing_v1_0_6,controlled-v1-case-0713,RASPISHAKE,https://data.raspberryshake.org/fdsnws/dataselect/1/query,AM.RC2BF.event.20260512T113748,AM;AM;AM,RC2BF;RC2BF;RC2BF,00;00;00,EH?;EH?;EH?,2025-06-04T04:12:22.196000Z;2025-06-05T07:10:37.466000Z;2025-06-04T00:48:13.136000Z,2025-06-04T04:15:28.166000Z;2025-06-05T07:13:44.496000Z;2025-06-04T00:51:19.716000Z,RASPISHAKE;RASPISHAKE;RASPISHAKE,https://data.raspberryshake.org/fdsnws/dataselect/1/query;https://data.raspberryshake.org/fdsnws/dataselect/1/query;https://data.raspberryshake.org/fdsnws/dataselect/1/query,AM.RC2BF.noise.20250604T041225;AM.RC2BF.noise.20250605T071041;AM.RC2BF.noise.20250604T004815,ordered_three_chunk_concat_v1,3500;3500;3500,3500;3500;2000,0;3500;7000,3500;7000;9000
714,AM,RC2BF,00,EH?,2026-05-12T11:37:48.360000Z,2026-05-12T11:38:23.360000Z,event_template,5.0,18.55,100.0,preprocessing_v1_0_6,controlled-v1-case-0714,RASPISHAKE,https://data.raspberryshake.org/fdsnws/dataselect/1/query,AM.RC2BF.event.20260512T113748,AM;AM;AM,RC2BF;RC2BF;RC2BF,00;00;00,EH?;EH?;EH?,2025-06-04T04:12:22.196000Z;2025-06-05T07:10:37.466000Z;2025-06-04T00:48:13.136000Z,2025-06-04T04:15:28.166000Z;2025-06-05T07:13:44.496000Z;2025-06-04T00:51:19.716000Z,RASPISHAKE;RASPISHAKE;RASPISHAKE,https://data.raspberryshake.org/fdsnws/dataselect/1/query;https://data.raspberryshake.org/fdsnws/dataselect/1/query;https://data.raspberryshake.org/fdsnws/dataselect/1/query,AM.RC2BF.noise.20250604T041225;AM.RC2BF.noise.20250605T071041;AM.RC2BF.noise.20250604T004815,ordered_three_chunk_concat_v1,3500;3500;3500,3500;3500;2000,0;3500;7000,3500;7000;9000
715,AM,RC2BF,00,EH?,2026-05-13T10:45:10.860000Z,2026-05-13T10:45:45.860000Z,event_template,-5.0,23.35,100.0,preprocessing_v1_0_6,controlled-v1-case-0715,RASPISHAKE,https://data.raspberryshake.org/fdsnws/dataselect/1/query,AM.RC2BF.event.20260513T104510,AM;AM;AM,RC2BF;RC2BF;RC2BF,00;00;00,EH?;EH?;EH?,2025-06-06T02:58:32.756000Z;2025-06-05T07:10:37.466000Z;2025-06-02T21:51:34.086000Z,2025-06-06T03:01:38.316000Z;2025-06-05T07:13:44.496000Z;2025-06-02T21:54:41.886000Z,RASPISHAKE;RASPISHAKE;RASPISHAKE,https://data.raspberryshake.org/fdsnws/dataselect/1/query;https://data.raspberryshake.org/fdsnws/dataselect/1/query;https://data.raspberryshake.org/fdsnws/dataselect/1/query,AM.RC2BF.noise.20250606T025835;AM.RC2BF.noise.20250605T071041;AM.RC2BF.noise.20250602T215137,ordered_three_chunk_concat_v1,3500;3500;3500,3500;3500;2000,0;3500;7000,3500;7000;9000
716,AM,RC2BF,00,EH?,2026-05-13T10:45:10.860000Z,2026-05-13T10:45:45.860000Z,event_template,0.0,23.35,100.0,preprocessing_v1_0_6,controlled-v1-case-0716,RASPISHAKE,https://data.raspberryshake.org/fdsnws/dataselect/1/query,AM.RC2BF.event.20260513T104510,AM;AM;AM,RC2BF;RC2BF;RC2BF,00;00;00,EH?;EH?;EH?,2025-06-06T02:58:32.756000Z;2025-06-05T07:10:37.466000Z;2025-06-02T21:51:34.086000Z,2025-06-06T03:01:38.316000Z;2025-06-05T07:13:44.496000Z;2025-06-02T21:54:41.886000Z,RASPISHAKE;RASPISHAKE;RASPISHAKE,https://data.raspberryshake.org/fdsnws/dataselect/1/query;https://data.raspberryshake.org/fdsnws/dataselect/1/query;https://data.raspberryshake.org/fdsnws/dataselect/1/query,AM.RC2BF.noise.20250606T025835;AM.RC2BF.noise.20250605T071041;AM.RC2BF.noise.20250602T215137,ordered_three_chunk_concat_v1,3500;3500;3500,3500;3500;2000,0;3500;7000,3500;7000;9000
717,AM,RC2BF,00,EH?,2026-05-13T10:45:10.860000Z,2026-05-13T10:45:45.860000Z,event_template,5.0,23.35,100.0,preprocessing_v1_0_6,controlled-v1-case-0717,RASPISHAKE,https://data.raspberryshake.org/fdsnws/dataselect/1/query,AM.RC2BF.event.20260513T104510,AM;AM;AM,RC2BF;RC2BF;RC2BF,00;00;00,EH?;EH?;EH?,2025-06-06T02:58:32.756000Z;2025-06-05T07:10:37.466000Z;2025-06-02T21:51:34.086000Z,2025-06-06T03:01:38.316000Z;2025-06-05T07:13:44.496000Z;2025-06-02T21:54:41.886000Z,RASPISHAKE;RASPISHAKE;RASPISHAKE,https://data.raspberryshake.org/fdsnws/dataselect/1/query;https://data.raspberryshake.org/fdsnws/dataselect/1/query;https://data.raspberryshake.org/fdsnws/dataselect/1/query,AM.RC2BF.noise.20250606T025835;AM.RC2BF.noise.20250605T071041;AM.RC2BF.noise.20250602T215137,ordered_three_chunk_concat_v1,3500;3500;3500,3500;3500;2000,0;3500;7000,3500;7000;9000
718,AM,RC2BF,00,EH?,2026-05-21T19:01:58.980000Z,2026-05-21T19:02:33.980000Z,event_template,-5.0,37.09,100.0,preprocessing_v1_0_6,controlled-v1-case-0718,RASPISHAKE,https://data.raspberryshake.org/fdsnws/dataselect/1/query,AM.RC2BF.event.20260521T190158,AM;AM;AM,RC2BF;RC2BF;RC2BF,00;00;00,EH?;EH?;EH?,2025-06-07T23:52:55.936000Z;2025-06-06T00:40:38.506000Z;2025-06-03T19:32:20.866000Z,2025-06-07T23:56:03.506000Z;2025-06-06T00:43:43.776000Z;2025-06-03T19:35:25.796000Z,RASPISHAKE;RASPISHAKE;RASPISHAKE,https://data.raspberryshake.org/fdsnws/dataselect/1/query;https://data.raspberryshake.org/fdsnws/dataselect/1/query;https://data.raspberryshake.org/fdsnws/dataselect/1/query,AM.RC2BF.noise.20250607T235259;AM.RC2BF.noise.20250606T004041;AM.RC2BF.noise.20250603T193222,ordered_three_chunk_concat_v1,3500;3500;3500,3500;3500;2000,0;3500;7000,3500;7000;9000
719,AM,RC2BF,00,EH?,2026-05-21T19:01:58.980000Z,2026-05-21T19:02:33.980000Z,event_template,0.0,37.09,100.0,preprocessing_v1_0_6,controlled-v1-case-0719,RASPISHAKE,https://data.raspberryshake.org/fdsnws/dataselect/1/query,AM.RC2BF.event.20260521T190158,AM;AM;AM,RC2BF;RC2BF;RC2BF,00;00;00,EH?;EH?;EH?,2025-06-07T23:52:55.936000Z;2025-06-06T00:40:38.506000Z;2025-06-03T19:32:20.866000Z,2025-06-07T23:56:03.506000Z;2025-06-06T00:43:43.776000Z;2025-06-03T19:35:25.796000Z,RASPISHAKE;RASPISHAKE;RASPISHAKE,https://data.raspberryshake.org/fdsnws/dataselect/1/query;https://data.raspberryshake.org/fdsnws/dataselect/1/query;https://data.raspberryshake.org/fdsnws/dataselect/1/query,AM.RC2BF.noise.20250607T235259;AM.RC2BF.noise.20250606T004041;AM.RC2BF.noise.20250603T193222,ordered_three_chunk_concat_v1,3500;3500;3500,3500;3500;2000,0;3500;7000,3500;7000;9000
720,AM,RC2BF,00,EH?,2026-05-21T19:01:58.980000Z,2026-05-21T19:02:33.980000Z,event_template,5.0,37.09,100.0,preprocessing_v1_0_6,controlled-v1-case-0720,RASPISHAKE,https://data.raspberryshake.org/fdsnws/dataselect/1/query,AM.RC2BF.event.20260521T190158,AM;AM;AM,RC2BF;RC2BF;RC2BF,00;00;00,EH?;EH?;EH?,2025-06-07T23:52:55.936000Z;2025-06-06T00:40:38.506000Z;2025-06-03T19:32:20.866000Z,2025-06-07T23:56:03.506000Z;2025-06-06T00:43:43.776000Z;2025-06-03T19:35:25.796000Z,RASPISHAKE;RASPISHAKE;RASPISHAKE,https://data.raspberryshake.org/fdsnws/dataselect/1/query;https://data.raspberryshake.org/fdsnws/dataselect/1/query;https://data.raspberryshake.org/fdsnws/dataselect/1/query,AM.RC2BF.noise.20250607T235259;AM.RC2BF.noise.20250606T004041;AM.RC2BF.noise.20250603T193222,ordered_three_chunk_concat_v1,3500;3500;3500,3500;3500;2000,0;3500;7000,3500;7000;9000
721,AM,RCBF0,00,EH?,2026-03-04T00:24:52.290000Z,2026-03-04T00:25:27.290000Z,event_template,-5.0,27.84,100.0,preprocessing_v1_0_6,controlled-v1-case-0721,RASPISHAKE,https://data.raspberryshake.org/fdsnws/dataselect/1/query,AM.RCBF0.event.20260304T002452,AM;AM;AM,RCBF0;RCBF0;RCBF0,00;00;00,EH?;EH?;EH?,2025-06-01T00:23:41.456000Z;2025-06-10T21:18:07.426000Z;2025-06-05T10:07:21.736000Z,2025-06-01T00:26:47.776000Z;2025-06-10T21:21:15.606000Z;2025-06-05T10:10:25.706000Z,RASPISHAKE;RASPISHAKE;RASPISHAKE,https://data.raspberryshake.org/fdsnws/dataselect/1/query;https://data.raspberryshake.org/fdsnws/dataselect/1/query;https://data.raspberryshake.org/fdsnws/dataselect/1/query,AM.RCBF0.noise.20250601T002345;AM.RCBF0.noise.20250610T211811;AM.RCBF0.noise.20250605T100724,ordered_three_chunk_concat_v1,3500;3500;3500,3500;3500;2000,0;3500;7000,3500;7000;9000
722,AM,RCBF0,00,EH?,2026-03-04T00:24:52.290000Z,2026-03-04T00:25:27.290000Z,event_template,0.0,27.84,100.0,preprocessing_v1_0_6,controlled-v1-case-0722,RASPISHAKE,https://data.raspberryshake.org/fdsnws/dataselect/1/query,AM.RCBF0.event.20260304T002452,AM;AM;AM,RCBF0;RCBF0;RCBF0,00;00;00,EH?;EH?;EH?,2025-06-01T00:23:41.456000Z;2025-06-10T21:18:07.426000Z;2025-06-05T10:07:21.736000Z,2025-06-01T00:26:47.776000Z;2025-06-10T21:21:15.606000Z;2025-06-05T10:10:25.706000Z,RASPISHAKE;RASPISHAKE;RASPISHAKE,https://data.raspberryshake.org/fdsnws/dataselect/1/query;https://data.raspberryshake.org/fdsnws/dataselect/1/query;https://data.raspberryshake.org/fdsnws/dataselect/1/query,AM.RCBF0.noise.20250601T002345;AM.RCBF0.noise.20250610T211811;AM.RCBF0.noise.20250605T100724,ordered_three_chunk_concat_v1,3500;3500;3500,3500;3500;2000,0;3500;7000,3500;7000;9000
723,AM,RCBF0,00,EH?,2026-03-04T00:24:52.290000Z,2026-03-04T00:25:27.290000Z,event_template,5.0,27.84,100.0,preprocessing_v1_0_6,controlled-v1-case-0723,RASPISHAKE,https://data.raspberryshake.org/fdsnws/dataselect/1/query,AM.RCBF0.event.20260304T002452,AM;AM;AM,RCBF0;RCBF0;RCBF0,00;00;00,EH?;EH?;EH?,2025-06-01T00:23:41.456000Z;2025-06-10T21:18:07.426000Z;2025-06-05T10:07:21.736000Z,2025-06-01T00:26:47.776000Z;2025-06-10T21:21:15.606000Z;2025-06-05T10:10:25.706000Z,RASPISHAKE;RASPISHAKE;RASPISHAKE,https://data.raspberryshake.org/fdsnws/dataselect/1/query;https://data.raspberryshake.org/fdsnws/dataselect/1/query;https://data.raspberryshake.org/fdsnws/dataselect/1/query,AM.RCBF0.noise.20250601T002345;AM.RCBF0.noise.20250610T211811;AM.RCBF0.noise.20250605T100724,ordered_three_chunk_concat_v1,3500;3500;3500,3500;3500;2000,0;3500;7000,3500;7000;9000
724,AM,RCBF0,00,EH?,2026-03-09T23:05:46.250000Z,2026-03-09T23:06:21.250000Z,event_template,-5.0,22.37,100.0,preprocessing_v1_0_6,controlled-v1-case-0724,RASPISHAKE,https://data.raspberryshake.org/fdsnws/dataselect/1/query,AM.RCBF0.event.20260309T230546,AM;AM;AM,RCBF0;RCBF0;RCBF0,00;00;00,EH?;EH?;EH?,2025-06-10T22:22:08.976000Z;2025-06-03T19:32:20.716000Z;2025-06-01T15:15:17.496000Z,2025-06-10T22:25:16.176000Z;2025-06-03T19:35:26.336000Z;2025-06-01T15:18:22.396000Z,RASPISHAKE;RASPISHAKE;RASPISHAKE,https://data.raspberryshake.org/fdsnws/dataselect/1/query;https://data.raspberryshake.org/fdsnws/dataselect/1/query;https://data.raspberryshake.org/fdsnws/dataselect/1/query,AM.RCBF0.noise.20250610T222213;AM.RCBF0.noise.20250603T193222;AM.RCBF0.noise.20250601T151518,ordered_three_chunk_concat_v1,3500;3500;3500,3500;3500;2000,0;3500;7000,3500;7000;9000
725,AM,RCBF0,00,EH?,2026-03-09T23:05:46.250000Z,2026-03-09T23:06:21.250000Z,event_template,0.0,22.37,100.0,preprocessing_v1_0_6,controlled-v1-case-0725,RASPISHAKE,https://data.raspberryshake.org/fdsnws/dataselect/1/query,AM.RCBF0.event.20260309T230546,AM;AM;AM,RCBF0;RCBF0;RCBF0,00;00;00,EH?;EH?;EH?,2025-06-10T22:22:08.976000Z;2025-06-03T19:32:20.716000Z;2025-06-01T15:15:17.496000Z,2025-06-10T22:25:16.176000Z;2025-06-03T19:35:26.336000Z;2025-06-01T15:18:22.396000Z,RASPISHAKE;RASPISHAKE;RASPISHAKE,https://data.raspberryshake.org/fdsnws/dataselect/1/query;https://data.raspberryshake.org/fdsnws/dataselect/1/query;https://data.raspberryshake.org/fdsnws/dataselect/1/query,AM.RCBF0.noise.20250610T222213;AM.RCBF0.noise.20250603T193222;AM.RCBF0.noise.20250601T151518,ordered_three_chunk_concat_v1,3500;3500;3500,3500;3500;2000,0;3500;7000,3500;7000;9000
726,AM,RCBF0,00,EH?,2026-03-09T23:05:46.250000Z,2026-03-09T23:06:21.250000Z,event_template,5.0,22.37,100.0,preprocessing_v1_0_6,controlled-v1-case-0726,RASPISHAKE,https://data.raspberryshake.org/fdsnws/dataselect/1/query,AM.RCBF0.event.20260309T230546,AM;AM;AM,RCBF0;RCBF0;RCBF0,00;00;00,EH?;EH?;EH?,2025-06-10T22:22:08.976000Z;2025-06-03T19:32:20.716000Z;2025-06-01T15:15:17.496000Z,2025-06-10T22:25:16.176000Z;2025-06-03T19:35:26.336000Z;2025-06-01T15:18:22.396000Z,RASPISHAKE;RASPISHAKE;RASPISHAKE,https://data.raspberryshake.org/fdsnws/dataselect/1/query;https://data.raspberryshake.org/fdsnws/dataselect/1/query;https://data.raspberryshake.org/fdsnws/dataselect/1/query,AM.RCBF0.noise.20250610T222213;AM.RCBF0.noise.20250603T193222;AM.RCBF0.noise.20250601T151518,ordered_three_chunk_concat_v1,3500;3500;3500,3500;3500;2000,0;3500;7000,3500;7000;9000
727,AM,RCBF0,00,EH?,2026-03-25T07:14:36.127000Z,2026-03-25T07:15:11.127000Z,event_template,-5.0,55.23,100.0,preprocessing_v1_0_6,controlled-v1-case-0727,RASPISHAKE,https://data.raspberryshake.org/fdsnws/dataselect/1/query,AM.RCBF0.event.20260325T071436,AM;AM;AM,RCBF0;RCBF0;RCBF0,00;00;00,EH?;EH?;EH?,2025-06-10T21:18:07.426000Z;2025-06-05T12:58:03.776000Z;2025-06-08T09:18:50.036000Z,2025-06-10T21:21:15.606000Z;2025-06-05T13:01:08.506000Z;2025-06-08T09:21:55.736000Z,RASPISHAKE;RASPISHAKE;RASPISHAKE,https://data.raspberryshake.org/fdsnws/dataselect/1/query;https://data.raspberryshake.org/fdsnws/dataselect/1/query;https://data.raspberryshake.org/fdsnws/dataselect/1/query,AM.RCBF0.noise.20250610T211811;AM.RCBF0.noise.20250605T125804;AM.RCBF0.noise.20250608T091852,ordered_three_chunk_concat_v1,3500;3500;3500,3500;3500;2000,0;3500;7000,3500;7000;9000
728,AM,RCBF0,00,EH?,2026-03-25T07:14:36.127000Z,2026-03-25T07:15:11.127000Z,event_template,0.0,55.23,100.0,preprocessing_v1_0_6,controlled-v1-case-0728,RASPISHAKE,https://data.raspberryshake.org/fdsnws/dataselect/1/query,AM.RCBF0.event.20260325T071436,AM;AM;AM,RCBF0;RCBF0;RCBF0,00;00;00,EH?;EH?;EH?,2025-06-10T21:18:07.426000Z;2025-06-05T12:58:03.776000Z;2025-06-08T09:18:50.036000Z,2025-06-10T21:21:15.606000Z;2025-06-05T13:01:08.506000Z;2025-06-08T09:21:55.736000Z,RASPISHAKE;RASPISHAKE;RASPISHAKE,https://data.raspberryshake.org/fdsnws/dataselect/1/query;https://data.raspberryshake.org/fdsnws/dataselect/1/query;https://data.raspberryshake.org/fdsnws/dataselect/1/query,AM.RCBF0.noise.20250610T211811;AM.RCBF0.noise.20250605T125804;AM.RCBF0.noise.20250608T091852,ordered_three_chunk_concat_v1,3500;3500;3500,3500;3500;2000,0;3500;7000,3500;7000;9000
729,AM,RCBF0,00,EH?,2026-03-25T07:14:36.127000Z,2026-03-25T07:15:11.127000Z,event_template,5.0,55.23,100.0,preprocessing_v1_0_6,controlled-v1-case-0729,RASPISHAKE,https://data.raspberryshake.org/fdsnws/dataselect/1/query,AM.RCBF0.event.20260325T071436,AM;AM;AM,RCBF0;RCBF0;RCBF0,00;00;00,EH?;EH?;EH?,2025-06-10T21:18:07.426000Z;2025-06-05T12:58:03.776000Z;2025-06-08T09:18:50.036000Z,2025-06-10T21:21:15.606000Z;2025-06-05T13:01:08.506000Z;2025-06-08T09:21:55.736000Z,RASPISHAKE;RASPISHAKE;RASPISHAKE,https://data.raspberryshake.org/fdsnws/dataselect/1/query;https://data.raspberryshake.org/fdsnws/dataselect/1/query;https://data.raspberryshake.org/fdsnws/dataselect/1/query,AM.RCBF0.noise.20250610T211811;AM.RCBF0.noise.20250605T125804;AM.RCBF0.noise.20250608T091852,ordered_three_chunk_concat_v1,3500;3500;3500,3500;3500;2000,0;3500;7000,3500;7000;9000
730,AM,RCBF0,00,EH?,2026-03-26T08:41:26.867000Z,2026-03-26T08:42:01.867000Z,event_template,-5.0,49.69,100.0,preprocessing_v1_0_6,controlled-v1-case-0730,RASPISHAKE,https://data.raspberryshake.org/fdsnws/dataselect/1/query,AM.RCBF0.event.20260326T084126,AM;AM;AM,RCBF0;RCBF0;RCBF0,00;00;00,EH?;EH?;EH?,2025-06-05T12:58:03.776000Z;2025-06-05T10:07:21.736000Z;2025-06-02T14:31:40.896000Z,2025-06-05T13:01:08.506000Z;2025-06-05T10:10:25.706000Z;2025-06-02T14:34:46.886000Z,RASPISHAKE;RASPISHAKE;RASPISHAKE,https://data.raspberryshake.org/fdsnws/dataselect/1/query;https://data.raspberryshake.org/fdsnws/dataselect/1/query;https://data.raspberryshake.org/fdsnws/dataselect/1/query,AM.RCBF0.noise.20250605T125804;AM.RCBF0.noise.20250605T100724;AM.RCBF0.noise.20250602T143144,ordered_three_chunk_concat_v1,3500;3500;3500,3500;3500;2000,0;3500;7000,3500;7000;9000
731,AM,RCBF0,00,EH?,2026-03-26T08:41:26.867000Z,2026-03-26T08:42:01.867000Z,event_template,0.0,49.69,100.0,preprocessing_v1_0_6,controlled-v1-case-0731,RASPISHAKE,https://data.raspberryshake.org/fdsnws/dataselect/1/query,AM.RCBF0.event.20260326T084126,AM;AM;AM,RCBF0;RCBF0;RCBF0,00;00;00,EH?;EH?;EH?,2025-06-05T12:58:03.776000Z;2025-06-05T10:07:21.736000Z;2025-06-02T14:31:40.896000Z,2025-06-05T13:01:08.506000Z;2025-06-05T10:10:25.706000Z;2025-06-02T14:34:46.886000Z,RASPISHAKE;RASPISHAKE;RASPISHAKE,https://data.raspberryshake.org/fdsnws/dataselect/1/query;https://data.raspberryshake.org/fdsnws/dataselect/1/query;https://data.raspberryshake.org/fdsnws/dataselect/1/query,AM.RCBF0.noise.20250605T125804;AM.RCBF0.noise.20250605T100724;AM.RCBF0.noise.20250602T143144,ordered_three_chunk_concat_v1,3500;3500;3500,3500;3500;2000,0;3500;7000,3500;7000;9000
732,AM,RCBF0,00,EH?,2026-03-26T08:41:26.867000Z,2026-03-26T08:42:01.867000Z,event_template,5.0,49.69,100.0,preprocessing_v1_0_6,controlled-v1-case-0732,RASPISHAKE,https://data.raspberryshake.org/fdsnws/dataselect/1/query,AM.RCBF0.event.20260326T084126,AM;AM;AM,RCBF0;RCBF0;RCBF0,00;00;00,EH?;EH?;EH?,2025-06-05T12:58:03.776000Z;2025-06-05T10:07:21.736000Z;2025-06-02T14:31:40.896000Z,2025-06-05T13:01:08.506000Z;2025-06-05T10:10:25.706000Z;2025-06-02T14:34:46.886000Z,RASPISHAKE;RASPISHAKE;RASPISHAKE,https://data.raspberryshake.org/fdsnws/dataselect/1/query;https://data.raspberryshake.org/fdsnws/dataselect/1/query;https://data.raspberryshake.org/fdsnws/dataselect/1/query,AM.RCBF0.noise.20250605T125804;AM.RCBF0.noise.20250605T100724;AM.RCBF0.noise.20250602T143144,ordered_three_chunk_concat_v1,3500;3500;3500,3500;3500;2000,0;3500;7000,3500;7000;9000
733,AM,RCBF0,00,EH?,2026-04-26T02:24:20.467000Z,2026-04-26T02:24:55.467000Z,event_template,-5.0,52.71,100.0,preprocessing_v1_0_6,controlled-v1-case-0733,RASPISHAKE,https://data.raspberryshake.org/fdsnws/dataselect/1/query,AM.RCBF0.event.20260426T022420,AM;AM;AM,RCBF0;RCBF0;RCBF0,00;00;00,EH?;EH?;EH?,2025-06-04T04:12:22.066000Z;2025-06-08T09:18:50.036000Z;2025-06-10T11:38:05.716000Z,2025-06-04T04:15:26.466000Z;2025-06-08T09:21:55.736000Z;2025-06-10T11:41:09.946000Z,RASPISHAKE;RASPISHAKE;RASPISHAKE,https://data.raspberryshake.org/fdsnws/dataselect/1/query;https://data.raspberryshake.org/fdsnws/dataselect/1/query;https://data.raspberryshake.org/fdsnws/dataselect/1/query,AM.RCBF0.noise.20250604T041225;AM.RCBF0.noise.20250608T091852;AM.RCBF0.noise.20250610T113808,ordered_three_chunk_concat_v1,3500;3500;3500,3500;3500;2000,0;3500;7000,3500;7000;9000
734,AM,RCBF0,00,EH?,2026-04-26T02:24:20.467000Z,2026-04-26T02:24:55.467000Z,event_template,0.0,52.71,100.0,preprocessing_v1_0_6,controlled-v1-case-0734,RASPISHAKE,https://data.raspberryshake.org/fdsnws/dataselect/1/query,AM.RCBF0.event.20260426T022420,AM;AM;AM,RCBF0;RCBF0;RCBF0,00;00;00,EH?;EH?;EH?,2025-06-04T04:12:22.066000Z;2025-06-08T09:18:50.036000Z;2025-06-10T11:38:05.716000Z,2025-06-04T04:15:26.466000Z;2025-06-08T09:21:55.736000Z;2025-06-10T11:41:09.946000Z,RASPISHAKE;RASPISHAKE;RASPISHAKE,https://data.raspberryshake.org/fdsnws/dataselect/1/query;https://data.raspberryshake.org/fdsnws/dataselect/1/query;https://data.raspberryshake.org/fdsnws/dataselect/1/query,AM.RCBF0.noise.20250604T041225;AM.RCBF0.noise.20250608T091852;AM.RCBF0.noise.20250610T113808,ordered_three_chunk_concat_v1,3500;3500;3500,3500;3500;2000,0;3500;7000,3500;7000;9000
735,AM,RCBF0,00,EH?,2026-04-26T02:24:20.467000Z,2026-04-26T02:24:55.467000Z,event_template,5.0,52.71,100.0,preprocessing_v1_0_6,controlled-v1-case-0735,RASPISHAKE,https://data.raspberryshake.org/fdsnws/dataselect/1/query,AM.RCBF0.event.20260426T022420,AM;AM;AM,RCBF0;RCBF0;RCBF0,00;00;00,EH?;EH?;EH?,2025-06-04T04:12:22.066000Z;2025-06-08T09:18:50.036000Z;2025-06-10T11:38:05.716000Z,2025-06-04T04:15:26.466000Z;2025-06-08T09:21:55.736000Z;2025-06-10T11:41:09.946000Z,RASPISHAKE;RASPISHAKE;RASPISHAKE,https://data.raspberryshake.org/fdsnws/dataselect/1/query;https://data.raspberryshake.org/fdsnws/dataselect/1/query;https://data.raspberryshake.org/fdsnws/dataselect/1/query,AM.RCBF0.noise.20250604T041225;AM.RCBF0.noise.20250608T091852;AM.RCBF0.noise.20250610T113808,ordered_three_chunk_concat_v1,3500;3500;3500,3500;3500;2000,0;3500;7000,3500;7000;9000
736,AM,RCBF0,00,EH?,2026-05-20T14:16:21.367000Z,2026-05-20T14:16:56.367000Z,event_template,-5.0,53.07,100.0,preprocessing_v1_0_6,controlled-v1-case-0736,RASPISHAKE,https://data.raspberryshake.org/fdsnws/dataselect/1/query,AM.RCBF0.event.20260520T141621,AM;AM;AM,RCBF0;RCBF0;RCBF0,00;00;00,EH?;EH?;EH?,2025-06-04T00:48:11.866000Z;2025-06-03T22:23:37.836000Z;2025-06-02T21:51:33.316000Z,2025-06-04T00:51:19.076000Z;2025-06-03T22:26:43.686000Z;2025-06-02T21:54:41.966000Z,RASPISHAKE;RASPISHAKE;RASPISHAKE,https://data.raspberryshake.org/fdsnws/dataselect/1/query;https://data.raspberryshake.org/fdsnws/dataselect/1/query;https://data.raspberryshake.org/fdsnws/dataselect/1/query,AM.RCBF0.noise.20250604T004815;AM.RCBF0.noise.20250603T222341;AM.RCBF0.noise.20250602T215137,ordered_three_chunk_concat_v1,3500;3500;3500,3500;3500;2000,0;3500;7000,3500;7000;9000
737,AM,RCBF0,00,EH?,2026-05-20T14:16:21.367000Z,2026-05-20T14:16:56.367000Z,event_template,0.0,53.07,100.0,preprocessing_v1_0_6,controlled-v1-case-0737,RASPISHAKE,https://data.raspberryshake.org/fdsnws/dataselect/1/query,AM.RCBF0.event.20260520T141621,AM;AM;AM,RCBF0;RCBF0;RCBF0,00;00;00,EH?;EH?;EH?,2025-06-04T00:48:11.866000Z;2025-06-03T22:23:37.836000Z;2025-06-02T21:51:33.316000Z,2025-06-04T00:51:19.076000Z;2025-06-03T22:26:43.686000Z;2025-06-02T21:54:41.966000Z,RASPISHAKE;RASPISHAKE;RASPISHAKE,https://data.raspberryshake.org/fdsnws/dataselect/1/query;https://data.raspberryshake.org/fdsnws/dataselect/1/query;https://data.raspberryshake.org/fdsnws/dataselect/1/query,AM.RCBF0.noise.20250604T004815;AM.RCBF0.noise.20250603T222341;AM.RCBF0.noise.20250602T215137,ordered_three_chunk_concat_v1,3500;3500;3500,3500;3500;2000,0;3500;7000,3500;7000;9000
738,AM,RCBF0,00,EH?,2026-05-20T14:16:21.367000Z,2026-05-20T14:16:56.367000Z,event_template,5.0,53.07,100.0,preprocessing_v1_0_6,controlled-v1-case-0738,RASPISHAKE,https://data.raspberryshake.org/fdsnws/dataselect/1/query,AM.RCBF0.event.20260520T141621,AM;AM;AM,RCBF0;RCBF0;RCBF0,00;00;00,EH?;EH?;EH?,2025-06-04T00:48:11.866000Z;2025-06-03T22:23:37.836000Z;2025-06-02T21:51:33.316000Z,2025-06-04T00:51:19.076000Z;2025-06-03T22:26:43.686000Z;2025-06-02T21:54:41.966000Z,RASPISHAKE;RASPISHAKE;RASPISHAKE,https://data.raspberryshake.org/fdsnws/dataselect/1/query;https://data.raspberryshake.org/fdsnws/dataselect/1/query;https://data.raspberryshake.org/fdsnws/dataselect/1/query,AM.RCBF0.noise.20250604T004815;AM.RCBF0.noise.20250603T222341;AM.RCBF0.noise.20250602T215137,ordered_three_chunk_concat_v1,3500;3500;3500,3500;3500;2000,0;3500;7000,3500;7000;9000
739,AM,RCBF0,00,EH?,2026-05-23T00:14:57.127000Z,2026-05-23T00:15:32.127000Z,event_template,-5.0,26.32,100.0,preprocessing_v1_0_6,controlled-v1-case-0739,RASPISHAKE,https://data.raspberryshake.org/fdsnws/dataselect/1/query,AM.RCBF0.event.20260523T001457,AM;AM;AM,RCBF0;RCBF0;RCBF0,00;00;00,EH?;EH?;EH?,2025-06-09T17:16:44.726000Z;2025-06-06T00:40:37.536000Z;2025-06-05T10:07:21.736000Z,2025-06-09T17:19:49.816000Z;2025-06-06T00:43:44.656000Z;2025-06-05T10:10:25.706000Z,RASPISHAKE;RASPISHAKE;RASPISHAKE,https://data.raspberryshake.org/fdsnws/dataselect/1/query;https://data.raspberryshake.org/fdsnws/dataselect/1/query;https://data.raspberryshake.org/fdsnws/dataselect/1/query,AM.RCBF0.noise.20250609T171646;AM.RCBF0.noise.20250606T004041;AM.RCBF0.noise.20250605T100724,ordered_three_chunk_concat_v1,3500;3500;3500,3500;3500;2000,0;3500;7000,3500;7000;9000
740,AM,RCBF0,00,EH?,2026-05-23T00:14:57.127000Z,2026-05-23T00:15:32.127000Z,event_template,0.0,26.32,100.0,preprocessing_v1_0_6,controlled-v1-case-0740,RASPISHAKE,https://data.raspberryshake.org/fdsnws/dataselect/1/query,AM.RCBF0.event.20260523T001457,AM;AM;AM,RCBF0;RCBF0;RCBF0,00;00;00,EH?;EH?;EH?,2025-06-09T17:16:44.726000Z;2025-06-06T00:40:37.536000Z;2025-06-05T10:07:21.736000Z,2025-06-09T17:19:49.816000Z;2025-06-06T00:43:44.656000Z;2025-06-05T10:10:25.706000Z,RASPISHAKE;RASPISHAKE;RASPISHAKE,https://data.raspberryshake.org/fdsnws/dataselect/1/query;https://data.raspberryshake.org/fdsnws/dataselect/1/query;https://data.raspberryshake.org/fdsnws/dataselect/1/query,AM.RCBF0.noise.20250609T171646;AM.RCBF0.noise.20250606T004041;AM.RCBF0.noise.20250605T100724,ordered_three_chunk_concat_v1,3500;3500;3500,3500;3500;2000,0;3500;7000,3500;7000;9000
741,AM,RCBF0,00,EH?,2026-05-23T00:14:57.127000Z,2026-05-23T00:15:32.127000Z,event_template,5.0,26.32,100.0,preprocessing_v1_0_6,controlled-v1-case-0741,RASPISHAKE,https://data.raspberryshake.org/fdsnws/dataselect/1/query,AM.RCBF0.event.20260523T001457,AM;AM;AM,RCBF0;RCBF0;RCBF0,00;00;00,EH?;EH?;EH?,2025-06-09T17:16:44.726000Z;2025-06-06T00:40:37.536000Z;2025-06-05T10:07:21.736000Z,2025-06-09T17:19:49.816000Z;2025-06-06T00:43:44.656000Z;2025-06-05T10:10:25.706000Z,RASPISHAKE;RASPISHAKE;RASPISHAKE,https://data.raspberryshake.org/fdsnws/dataselect/1/query;https://data.raspberryshake.org/fdsnws/dataselect/1/query;https://data.raspberryshake.org/fdsnws/dataselect/1/query,AM.RCBF0.noise.20250609T171646;AM.RCBF0.noise.20250606T004041;AM.RCBF0.noise.20250605T100724,ordered_three_chunk_concat_v1,3500;3500;3500,3500;3500;2000,0;3500;7000,3500;7000;9000
742,AM,RCBF0,00,EH?,2026-05-25T15:27:10.747000Z,2026-05-25T15:27:45.747000Z,event_template,-5.0,51.99,100.0,preprocessing_v1_0_6,controlled-v1-case-0742,RASPISHAKE,https://data.raspberryshake.org/fdsnws/dataselect/1/query,AM.RCBF0.event.20260525T152710,AM;AM;AM,RCBF0;RCBF0;RCBF0,00;00;00,EH?;EH?;EH?,2025-06-05T20:40:20.206000Z;2025-06-06T16:03:38.016000Z;2025-06-04T00:48:11.866000Z,2025-06-05T20:43:26.616000Z;2025-06-06T16:06:44.366000Z;2025-06-04T00:51:19.076000Z,RASPISHAKE;RASPISHAKE;RASPISHAKE,https://data.raspberryshake.org/fdsnws/dataselect/1/query;https://data.raspberryshake.org/fdsnws/dataselect/1/query;https://data.raspberryshake.org/fdsnws/dataselect/1/query,AM.RCBF0.noise.20250605T204023;AM.RCBF0.noise.20250606T160341;AM.RCBF0.noise.20250604T004815,ordered_three_chunk_concat_v1,3500;3500;3500,3500;3500;2000,0;3500;7000,3500;7000;9000
743,AM,RCBF0,00,EH?,2026-05-25T15:27:10.747000Z,2026-05-25T15:27:45.747000Z,event_template,0.0,51.99,100.0,preprocessing_v1_0_6,controlled-v1-case-0743,RASPISHAKE,https://data.raspberryshake.org/fdsnws/dataselect/1/query,AM.RCBF0.event.20260525T152710,AM;AM;AM,RCBF0;RCBF0;RCBF0,00;00;00,EH?;EH?;EH?,2025-06-05T20:40:20.206000Z;2025-06-06T16:03:38.016000Z;2025-06-04T00:48:11.866000Z,2025-06-05T20:43:26.616000Z;2025-06-06T16:06:44.366000Z;2025-06-04T00:51:19.076000Z,RASPISHAKE;RASPISHAKE;RASPISHAKE,https://data.raspberryshake.org/fdsnws/dataselect/1/query;https://data.raspberryshake.org/fdsnws/dataselect/1/query;https://data.raspberryshake.org/fdsnws/dataselect/1/query,AM.RCBF0.noise.20250605T204023;AM.RCBF0.noise.20250606T160341;AM.RCBF0.noise.20250604T004815,ordered_three_chunk_concat_v1,3500;3500;3500,3500;3500;2000,0;3500;7000,3500;7000;9000
744,AM,RCBF0,00,EH?,2026-05-25T15:27:10.747000Z,2026-05-25T15:27:45.747000Z,event_template,5.0,51.99,100.0,preprocessing_v1_0_6,controlled-v1-case-0744,RASPISHAKE,https://data.raspberryshake.org/fdsnws/dataselect/1/query,AM.RCBF0.event.20260525T152710,AM;AM;AM,RCBF0;RCBF0;RCBF0,00;00;00,EH?;EH?;EH?,2025-06-05T20:40:20.206000Z;2025-06-06T16:03:38.016000Z;2025-06-04T00:48:11.866000Z,2025-06-05T20:43:26.616000Z;2025-06-06T16:06:44.366000Z;2025-06-04T00:51:19.076000Z,RASPISHAKE;RASPISHAKE;RASPISHAKE,https://data.raspberryshake.org/fdsnws/dataselect/1/query;https://data.raspberryshake.org/fdsnws/dataselect/1/query;https://data.raspberryshake.org/fdsnws/dataselect/1/query,AM.RCBF0.noise.20250605T204023;AM.RCBF0.noise.20250606T160341;AM.RCBF0.noise.20250604T004815,ordered_three_chunk_concat_v1,3500;3500;3500,3500;3500;2000,0;3500;7000,3500;7000;9000
745,AM,RCCE6,00,EH?,2026-05-27T04:17:36.819000Z,2026-05-27T04:18:11.819000Z,event_template,-5.0,55.73,100.0,preprocessing_v1_0_6,controlled-v1-case-0745,RASPISHAKE,https://data.raspberryshake.org/fdsnws/dataselect/1/query,AM.RCCE6.event.20260527T041736,AM;AM;AM,RCCE6;RCCE6;RCCE6,00;00;00,EH?;EH?;EH?,2025-08-28T07:29:09.048000Z;2025-09-03T01:58:58.042000Z;2025-09-05T09:22:14.393000Z,2025-08-28T07:32:13.988000Z;2025-09-03T02:02:02.232000Z;2025-09-05T09:25:18.773000Z,RASPISHAKE;RASPISHAKE;RASPISHAKE,https://data.raspberryshake.org/fdsnws/dataselect/1/query;https://data.raspberryshake.org/fdsnws/dataselect/1/query;https://data.raspberryshake.org/fdsnws/dataselect/1/query,AM.RCCE6.noise.20250828T072911;AM.RCCE6.noise.20250903T015859;AM.RCCE6.noise.20250905T092217,ordered_three_chunk_concat_v1,3500;3500;3500,3500;3500;2000,0;3500;7000,3500;7000;9000
746,AM,RCCE6,00,EH?,2026-05-27T04:17:36.819000Z,2026-05-27T04:18:11.819000Z,event_template,0.0,55.73,100.0,preprocessing_v1_0_6,controlled-v1-case-0746,RASPISHAKE,https://data.raspberryshake.org/fdsnws/dataselect/1/query,AM.RCCE6.event.20260527T041736,AM;AM;AM,RCCE6;RCCE6;RCCE6,00;00;00,EH?;EH?;EH?,2025-08-28T07:29:09.048000Z;2025-09-03T01:58:58.042000Z;2025-09-05T09:22:14.393000Z,2025-08-28T07:32:13.988000Z;2025-09-03T02:02:02.232000Z;2025-09-05T09:25:18.773000Z,RASPISHAKE;RASPISHAKE;RASPISHAKE,https://data.raspberryshake.org/fdsnws/dataselect/1/query;https://data.raspberryshake.org/fdsnws/dataselect/1/query;https://data.raspberryshake.org/fdsnws/dataselect/1/query,AM.RCCE6.noise.20250828T072911;AM.RCCE6.noise.20250903T015859;AM.RCCE6.noise.20250905T092217,ordered_three_chunk_concat_v1,3500;3500;3500,3500;3500;2000,0;3500;7000,3500;7000;9000
747,AM,RCCE6,00,EH?,2026-05-27T04:17:36.819000Z,2026-05-27T04:18:11.819000Z,event_template,5.0,55.73,100.0,preprocessing_v1_0_6,controlled-v1-case-0747,RASPISHAKE,https://data.raspberryshake.org/fdsnws/dataselect/1/query,AM.RCCE6.event.20260527T041736,AM;AM;AM,RCCE6;RCCE6;RCCE6,00;00;00,EH?;EH?;EH?,2025-08-28T07:29:09.048000Z;2025-09-03T01:58:58.042000Z;2025-09-05T09:22:14.393000Z,2025-08-28T07:32:13.988000Z;2025-09-03T02:02:02.232000Z;2025-09-05T09:25:18.773000Z,RASPISHAKE;RASPISHAKE;RASPISHAKE,https://data.raspberryshake.org/fdsnws/dataselect/1/query;https://data.raspberryshake.org/fdsnws/dataselect/1/query;https://data.raspberryshake.org/fdsnws/dataselect/1/query,AM.RCCE6.noise.20250828T072911;AM.RCCE6.noise.20250903T015859;AM.RCCE6.noise.20250905T092217,ordered_three_chunk_concat_v1,3500;3500;3500,3500;3500;2000,0;3500;7000,3500;7000;9000
748,AM,RCCE6,00,EH?,2026-05-31T05:51:04.899000Z,2026-05-31T05:51:39.899000Z,event_template,-5.0,59.03,100.0,preprocessing_v1_0_6,controlled-v1-case-0748,RASPISHAKE,https://data.raspberryshake.org/fdsnws/dataselect/1/query,AM.RCCE6.event.20260531T055104,AM;AM;AM,RCCE6;RCCE6;RCCE6,00;00;00,EH?;EH?;EH?,2025-08-28T07:29:09.048000Z;2025-09-05T09:22:14.393000Z;2025-09-02T05:33:48.372000Z,2025-08-28T07:32:13.988000Z;2025-09-05T09:25:18.773000Z;2025-09-02T05:36:52.182000Z,RASPISHAKE;RASPISHAKE;RASPISHAKE,https://data.raspberryshake.org/fdsnws/dataselect/1/query;https://data.raspberryshake.org/fdsnws/dataselect/1/query;https://data.raspberryshake.org/fdsnws/dataselect/1/query,AM.RCCE6.noise.20250828T072911;AM.RCCE6.noise.20250905T092217;AM.RCCE6.noise.20250902T053349,ordered_three_chunk_concat_v1,3500;3500;3500,3500;3500;2000,0;3500;7000,3500;7000;9000
749,AM,RCCE6,00,EH?,2026-05-31T05:51:04.899000Z,2026-05-31T05:51:39.899000Z,event_template,0.0,59.03,100.0,preprocessing_v1_0_6,controlled-v1-case-0749,RASPISHAKE,https://data.raspberryshake.org/fdsnws/dataselect/1/query,AM.RCCE6.event.20260531T055104,AM;AM;AM,RCCE6;RCCE6;RCCE6,00;00;00,EH?;EH?;EH?,2025-08-28T07:29:09.048000Z;2025-09-05T09:22:14.393000Z;2025-09-02T05:33:48.372000Z,2025-08-28T07:32:13.988000Z;2025-09-05T09:25:18.773000Z;2025-09-02T05:36:52.182000Z,RASPISHAKE;RASPISHAKE;RASPISHAKE,https://data.raspberryshake.org/fdsnws/dataselect/1/query;https://data.raspberryshake.org/fdsnws/dataselect/1/query;https://data.raspberryshake.org/fdsnws/dataselect/1/query,AM.RCCE6.noise.20250828T072911;AM.RCCE6.noise.20250905T092217;AM.RCCE6.noise.20250902T053349,ordered_three_chunk_concat_v1,3500;3500;3500,3500;3500;2000,0;3500;7000,3500;7000;9000
750,AM,RCCE6,00,EH?,2026-05-31T05:51:04.899000Z,2026-05-31T05:51:39.899000Z,event_template,5.0,59.03,100.0,preprocessing_v1_0_6,controlled-v1-case-0750,RASPISHAKE,https://data.raspberryshake.org/fdsnws/dataselect/1/query,AM.RCCE6.event.20260531T055104,AM;AM;AM,RCCE6;RCCE6;RCCE6,00;00;00,EH?;EH?;EH?,2025-08-28T07:29:09.048000Z;2025-09-05T09:22:14.393000Z;2025-09-02T05:33:48.372000Z,2025-08-28T07:32:13.988000Z;2025-09-05T09:25:18.773000Z;2025-09-02T05:36:52.182000Z,RASPISHAKE;RASPISHAKE;RASPISHAKE,https://data.raspberryshake.org/fdsnws/dataselect/1/query;https://data.raspberryshake.org/fdsnws/dataselect/1/query;https://data.raspberryshake.org/fdsnws/dataselect/1/query,AM.RCCE6.noise.20250828T072911;AM.RCCE6.noise.20250905T092217;AM.RCCE6.noise.20250902T053349,ordered_three_chunk_concat_v1,3500;3500;3500,3500;3500;2000,0;3500;7000,3500;7000;9000
751,AM,RCCE6,00,EH?,2026-05-31T07:41:14.589000Z,2026-05-31T07:41:49.589000Z,event_template,-5.0,27.82,100.0,preprocessing_v1_0_6,controlled-v1-case-0751,RASPISHAKE,https://data.raspberryshake.org/fdsnws/dataselect/1/query,AM.RCCE6.event.20260531T074114,AM;AM;AM,RCCE6;RCCE6;RCCE6,00;00;00,EH?;EH?;EH?,2025-09-04T00:58:19.893000Z;2025-08-31T13:53:22.422000Z;2025-09-06T18:08:36.813000Z,2025-09-04T01:01:24.483000Z;2025-08-31T13:56:26.502000Z;2025-09-06T18:11:41.873000Z,RASPISHAKE;RASPISHAKE;RASPISHAKE,https://data.raspberryshake.org/fdsnws/dataselect/1/query;https://data.raspberryshake.org/fdsnws/dataselect/1/query;https://data.raspberryshake.org/fdsnws/dataselect/1/query,AM.RCCE6.noise.20250904T005822;AM.RCCE6.noise.20250831T135325;AM.RCCE6.noise.20250906T180839,ordered_three_chunk_concat_v1,3500;3500;3500,3500;3500;2000,0;3500;7000,3500;7000;9000
752,AM,RCCE6,00,EH?,2026-05-31T07:41:14.589000Z,2026-05-31T07:41:49.589000Z,event_template,0.0,27.82,100.0,preprocessing_v1_0_6,controlled-v1-case-0752,RASPISHAKE,https://data.raspberryshake.org/fdsnws/dataselect/1/query,AM.RCCE6.event.20260531T074114,AM;AM;AM,RCCE6;RCCE6;RCCE6,00;00;00,EH?;EH?;EH?,2025-09-04T00:58:19.893000Z;2025-08-31T13:53:22.422000Z;2025-09-06T18:08:36.813000Z,2025-09-04T01:01:24.483000Z;2025-08-31T13:56:26.502000Z;2025-09-06T18:11:41.873000Z,RASPISHAKE;RASPISHAKE;RASPISHAKE,https://data.raspberryshake.org/fdsnws/dataselect/1/query;https://data.raspberryshake.org/fdsnws/dataselect/1/query;https://data.raspberryshake.org/fdsnws/dataselect/1/query,AM.RCCE6.noise.20250904T005822;AM.RCCE6.noise.20250831T135325;AM.RCCE6.noise.20250906T180839,ordered_three_chunk_concat_v1,3500;3500;3500,3500;3500;2000,0;3500;7000,3500;7000;9000
753,AM,RCCE6,00,EH?,2026-05-31T07:41:14.589000Z,2026-05-31T07:41:49.589000Z,event_template,5.0,27.82,100.0,preprocessing_v1_0_6,controlled-v1-case-0753,RASPISHAKE,https://data.raspberryshake.org/fdsnws/dataselect/1/query,AM.RCCE6.event.20260531T074114,AM;AM;AM,RCCE6;RCCE6;RCCE6,00;00;00,EH?;EH?;EH?,2025-09-04T00:58:19.893000Z;2025-08-31T13:53:22.422000Z;2025-09-06T18:08:36.813000Z,2025-09-04T01:01:24.483000Z;2025-08-31T13:56:26.502000Z;2025-09-06T18:11:41.873000Z,RASPISHAKE;RASPISHAKE;RASPISHAKE,https://data.raspberryshake.org/fdsnws/dataselect/1/query;https://data.raspberryshake.org/fdsnws/dataselect/1/query;https://data.raspberryshake.org/fdsnws/dataselect/1/query,AM.RCCE6.noise.20250904T005822;AM.RCCE6.noise.20250831T135325;AM.RCCE6.noise.20250906T180839,ordered_three_chunk_concat_v1,3500;3500;3500,3500;3500;2000,0;3500;7000,3500;7000;9000
754,AM,RCCE6,00,EH?,2026-05-31T21:34:30.389000Z,2026-05-31T21:35:05.389000Z,event_template,-5.0,40.07,100.0,preprocessing_v1_0_6,controlled-v1-case-0754,RASPISHAKE,https://data.raspberryshake.org/fdsnws/dataselect/1/query,AM.RCCE6.event.20260531T213430,AM;AM;AM,RCCE6;RCCE6;RCCE6,00;00;00,EH?;EH?;EH?,2025-08-27T22:07:23.278000Z;2025-09-06T16:18:05.923000Z;2025-09-04T03:53:33.333000Z,2025-08-27T22:10:27.058000Z;2025-09-06T16:21:10.473000Z;2025-09-04T03:56:40.473000Z,RASPISHAKE;RASPISHAKE;RASPISHAKE,https://data.raspberryshake.org/fdsnws/dataselect/1/query;https://data.raspberryshake.org/fdsnws/dataselect/1/query;https://data.raspberryshake.org/fdsnws/dataselect/1/query,AM.RCCE6.noise.20250827T220725;AM.RCCE6.noise.20250906T161808;AM.RCCE6.noise.20250904T035336,ordered_three_chunk_concat_v1,3500;3500;3500,3500;3500;2000,0;3500;7000,3500;7000;9000
755,AM,RCCE6,00,EH?,2026-05-31T21:34:30.389000Z,2026-05-31T21:35:05.389000Z,event_template,0.0,40.07,100.0,preprocessing_v1_0_6,controlled-v1-case-0755,RASPISHAKE,https://data.raspberryshake.org/fdsnws/dataselect/1/query,AM.RCCE6.event.20260531T213430,AM;AM;AM,RCCE6;RCCE6;RCCE6,00;00;00,EH?;EH?;EH?,2025-08-27T22:07:23.278000Z;2025-09-06T16:18:05.923000Z;2025-09-04T03:53:33.333000Z,2025-08-27T22:10:27.058000Z;2025-09-06T16:21:10.473000Z;2025-09-04T03:56:40.473000Z,RASPISHAKE;RASPISHAKE;RASPISHAKE,https://data.raspberryshake.org/fdsnws/dataselect/1/query;https://data.raspberryshake.org/fdsnws/dataselect/1/query;https://data.raspberryshake.org/fdsnws/dataselect/1/query,AM.RCCE6.noise.20250827T220725;AM.RCCE6.noise.20250906T161808;AM.RCCE6.noise.20250904T035336,ordered_three_chunk_concat_v1,3500;3500;3500,3500;3500;2000,0;3500;7000,3500;7000;9000
756,AM,RCCE6,00,EH?,2026-05-31T21:34:30.389000Z,2026-05-31T21:35:05.389000Z,event_template,5.0,40.07,100.0,preprocessing_v1_0_6,controlled-v1-case-0756,RASPISHAKE,https://data.raspberryshake.org/fdsnws/dataselect/1/query,AM.RCCE6.event.20260531T213430,AM;AM;AM,RCCE6;RCCE6;RCCE6,00;00;00,EH?;EH?;EH?,2025-08-27T22:07:23.278000Z;2025-09-06T16:18:05.923000Z;2025-09-04T03:53:33.333000Z,2025-08-27T22:10:27.058000Z;2025-09-06T16:21:10.473000Z;2025-09-04T03:56:40.473000Z,RASPISHAKE;RASPISHAKE;RASPISHAKE,https://data.raspberryshake.org/fdsnws/dataselect/1/query;https://data.raspberryshake.org/fdsnws/dataselect/1/query;https://data.raspberryshake.org/fdsnws/dataselect/1/query,AM.RCCE6.noise.20250827T220725;AM.RCCE6.noise.20250906T161808;AM.RCCE6.noise.20250904T035336,ordered_three_chunk_concat_v1,3500;3500;3500,3500;3500;2000,0;3500;7000,3500;7000;9000
757,AM,RCCE6,00,EH?,2026-05-31T21:47:07.539000Z,2026-05-31T21:47:42.539000Z,event_template,-5.0,50.11,100.0,preprocessing_v1_0_6,controlled-v1-case-0757,RASPISHAKE,https://data.raspberryshake.org/fdsnws/dataselect/1/query,AM.RCCE6.event.20260531T214707,AM;AM;AM,RCCE6;RCCE6;RCCE6,00;00;00,EH?;EH?;EH?,2025-09-04T22:37:58.633000Z;2025-09-07T21:51:54.153000Z;2025-09-04T00:58:19.893000Z,2025-09-04T22:41:02.073000Z;2025-09-07T21:54:58.813000Z;2025-09-04T01:01:24.483000Z,RASPISHAKE;RASPISHAKE;RASPISHAKE,https://data.raspberryshake.org/fdsnws/dataselect/1/query;https://data.raspberryshake.org/fdsnws/dataselect/1/query;https://data.raspberryshake.org/fdsnws/dataselect/1/query,AM.RCCE6.noise.20250904T223800;AM.RCCE6.noise.20250907T215156;AM.RCCE6.noise.20250904T005822,ordered_three_chunk_concat_v1,3500;3500;3500,3500;3500;2000,0;3500;7000,3500;7000;9000
758,AM,RCCE6,00,EH?,2026-05-31T21:47:07.539000Z,2026-05-31T21:47:42.539000Z,event_template,0.0,50.11,100.0,preprocessing_v1_0_6,controlled-v1-case-0758,RASPISHAKE,https://data.raspberryshake.org/fdsnws/dataselect/1/query,AM.RCCE6.event.20260531T214707,AM;AM;AM,RCCE6;RCCE6;RCCE6,00;00;00,EH?;EH?;EH?,2025-09-04T22:37:58.633000Z;2025-09-07T21:51:54.153000Z;2025-09-04T00:58:19.893000Z,2025-09-04T22:41:02.073000Z;2025-09-07T21:54:58.813000Z;2025-09-04T01:01:24.483000Z,RASPISHAKE;RASPISHAKE;RASPISHAKE,https://data.raspberryshake.org/fdsnws/dataselect/1/query;https://data.raspberryshake.org/fdsnws/dataselect/1/query;https://data.raspberryshake.org/fdsnws/dataselect/1/query,AM.RCCE6.noise.20250904T223800;AM.RCCE6.noise.20250907T215156;AM.RCCE6.noise.20250904T005822,ordered_three_chunk_concat_v1,3500;3500;3500,3500;3500;2000,0;3500;7000,3500;7000;9000
759,AM,RCCE6,00,EH?,2026-05-31T21:47:07.539000Z,2026-05-31T21:47:42.539000Z,event_template,5.0,50.11,100.0,preprocessing_v1_0_6,controlled-v1-case-0759,RASPISHAKE,https://data.raspberryshake.org/fdsnws/dataselect/1/query,AM.RCCE6.event.20260531T214707,AM;AM;AM,RCCE6;RCCE6;RCCE6,00;00;00,EH?;EH?;EH?,2025-09-04T22:37:58.633000Z;2025-09-07T21:51:54.153000Z;2025-09-04T00:58:19.893000Z,2025-09-04T22:41:02.073000Z;2025-09-07T21:54:58.813000Z;2025-09-04T01:01:24.483000Z,RASPISHAKE;RASPISHAKE;RASPISHAKE,https://data.raspberryshake.org/fdsnws/dataselect/1/query;https://data.raspberryshake.org/fdsnws/dataselect/1/query;https://data.raspberryshake.org/fdsnws/dataselect/1/query,AM.RCCE6.noise.20250904T223800;AM.RCCE6.noise.20250907T215156;AM.RCCE6.noise.20250904T005822,ordered_three_chunk_concat_v1,3500;3500;3500,3500;3500;2000,0;3500;7000,3500;7000;9000
760,AM,RCCE6,00,EH?,2026-05-31T21:52:22.999000Z,2026-05-31T21:52:57.999000Z,event_template,-5.0,19.51,100.0,preprocessing_v1_0_6,controlled-v1-case-0760,RASPISHAKE,https://data.raspberryshake.org/fdsnws/dataselect/1/query,AM.RCCE6.event.20260531T215223,AM;AM;AM,RCCE6;RCCE6;RCCE6,00;00;00,EH?;EH?;EH?,2025-09-05T11:10:43.423000Z;2025-09-02T15:24:58.452000Z;2025-09-08T10:11:55.243000Z,2025-09-05T11:13:48.863000Z;2025-09-02T15:28:01.462000Z;2025-09-08T10:14:59.773000Z,RASPISHAKE;RASPISHAKE;RASPISHAKE,https://data.raspberryshake.org/fdsnws/dataselect/1/query;https://data.raspberryshake.org/fdsnws/dataselect/1/query;https://data.raspberryshake.org/fdsnws/dataselect/1/query,AM.RCCE6.noise.20250905T111046;AM.RCCE6.noise.20250902T152500;AM.RCCE6.noise.20250908T101157,ordered_three_chunk_concat_v1,3500;3500;3500,3500;3500;2000,0;3500;7000,3500;7000;9000
761,AM,RCCE6,00,EH?,2026-05-31T21:52:22.999000Z,2026-05-31T21:52:57.999000Z,event_template,0.0,19.51,100.0,preprocessing_v1_0_6,controlled-v1-case-0761,RASPISHAKE,https://data.raspberryshake.org/fdsnws/dataselect/1/query,AM.RCCE6.event.20260531T215223,AM;AM;AM,RCCE6;RCCE6;RCCE6,00;00;00,EH?;EH?;EH?,2025-09-05T11:10:43.423000Z;2025-09-02T15:24:58.452000Z;2025-09-08T10:11:55.243000Z,2025-09-05T11:13:48.863000Z;2025-09-02T15:28:01.462000Z;2025-09-08T10:14:59.773000Z,RASPISHAKE;RASPISHAKE;RASPISHAKE,https://data.raspberryshake.org/fdsnws/dataselect/1/query;https://data.raspberryshake.org/fdsnws/dataselect/1/query;https://data.raspberryshake.org/fdsnws/dataselect/1/query,AM.RCCE6.noise.20250905T111046;AM.RCCE6.noise.20250902T152500;AM.RCCE6.noise.20250908T101157,ordered_three_chunk_concat_v1,3500;3500;3500,3500;3500;2000,0;3500;7000,3500;7000;9000
762,AM,RCCE6,00,EH?,2026-05-31T21:52:22.999000Z,2026-05-31T21:52:57.999000Z,event_template,5.0,19.51,100.0,preprocessing_v1_0_6,controlled-v1-case-0762,RASPISHAKE,https://data.raspberryshake.org/fdsnws/dataselect/1/query,AM.RCCE6.event.20260531T215223,AM;AM;AM,RCCE6;RCCE6;RCCE6,00;00;00,EH?;EH?;EH?,2025-09-05T11:10:43.423000Z;2025-09-02T15:24:58.452000Z;2025-09-08T10:11:55.243000Z,2025-09-05T11:13:48.863000Z;2025-09-02T15:28:01.462000Z;2025-09-08T10:14:59.773000Z,RASPISHAKE;RASPISHAKE;RASPISHAKE,https://data.raspberryshake.org/fdsnws/dataselect/1/query;https://data.raspberryshake.org/fdsnws/dataselect/1/query;https://data.raspberryshake.org/fdsnws/dataselect/1/query,AM.RCCE6.noise.20250905T111046;AM.RCCE6.noise.20250902T152500;AM.RCCE6.noise.20250908T101157,ordered_three_chunk_concat_v1,3500;3500;3500,3500;3500;2000,0;3500;7000,3500;7000;9000
763,AM,RCCE6,00,EH?,2026-05-31T22:10:10.699000Z,2026-05-31T22:10:45.699000Z,event_template,-5.0,24.93,100.0,preprocessing_v1_0_6,controlled-v1-case-0763,RASPISHAKE,https://data.raspberryshake.org/fdsnws/dataselect/1/query,AM.RCCE6.event.20260531T221010,AM;AM;AM,RCCE6;RCCE6;RCCE6,00;00;00,EH?;EH?;EH?,2025-09-06T19:44:04.963000Z;2025-09-02T17:22:53.102000Z;2025-09-02T17:55:55.872000Z,2025-09-06T19:47:08.213000Z;2025-09-02T17:25:56.642000Z;2025-09-02T17:58:59.712000Z,RASPISHAKE;RASPISHAKE;RASPISHAKE,https://data.raspberryshake.org/fdsnws/dataselect/1/query;https://data.raspberryshake.org/fdsnws/dataselect/1/query;https://data.raspberryshake.org/fdsnws/dataselect/1/query,AM.RCCE6.noise.20250906T194405;AM.RCCE6.noise.20250902T172254;AM.RCCE6.noise.20250902T175557,ordered_three_chunk_concat_v1,3500;3500;3500,3500;3500;2000,0;3500;7000,3500;7000;9000
764,AM,RCCE6,00,EH?,2026-05-31T22:10:10.699000Z,2026-05-31T22:10:45.699000Z,event_template,0.0,24.93,100.0,preprocessing_v1_0_6,controlled-v1-case-0764,RASPISHAKE,https://data.raspberryshake.org/fdsnws/dataselect/1/query,AM.RCCE6.event.20260531T221010,AM;AM;AM,RCCE6;RCCE6;RCCE6,00;00;00,EH?;EH?;EH?,2025-09-06T19:44:04.963000Z;2025-09-02T17:22:53.102000Z;2025-09-02T17:55:55.872000Z,2025-09-06T19:47:08.213000Z;2025-09-02T17:25:56.642000Z;2025-09-02T17:58:59.712000Z,RASPISHAKE;RASPISHAKE;RASPISHAKE,https://data.raspberryshake.org/fdsnws/dataselect/1/query;https://data.raspberryshake.org/fdsnws/dataselect/1/query;https://data.raspberryshake.org/fdsnws/dataselect/1/query,AM.RCCE6.noise.20250906T194405;AM.RCCE6.noise.20250902T172254;AM.RCCE6.noise.20250902T175557,ordered_three_chunk_concat_v1,3500;3500;3500,3500;3500;2000,0;3500;7000,3500;7000;9000
765,AM,RCCE6,00,EH?,2026-05-31T22:10:10.699000Z,2026-05-31T22:10:45.699000Z,event_template,5.0,24.93,100.0,preprocessing_v1_0_6,controlled-v1-case-0765,RASPISHAKE,https://data.raspberryshake.org/fdsnws/dataselect/1/query,AM.RCCE6.event.20260531T221010,AM;AM;AM,RCCE6;RCCE6;RCCE6,00;00;00,EH?;EH?;EH?,2025-09-06T19:44:04.963000Z;2025-09-02T17:22:53.102000Z;2025-09-02T17:55:55.872000Z,2025-09-06T19:47:08.213000Z;2025-09-02T17:25:56.642000Z;2025-09-02T17:58:59.712000Z,RASPISHAKE;RASPISHAKE;RASPISHAKE,https://data.raspberryshake.org/fdsnws/dataselect/1/query;https://data.raspberryshake.org/fdsnws/dataselect/1/query;https://data.raspberryshake.org/fdsnws/dataselect/1/query,AM.RCCE6.noise.20250906T194405;AM.RCCE6.noise.20250902T172254;AM.RCCE6.noise.20250902T175557,ordered_three_chunk_concat_v1,3500;3500;3500,3500;3500;2000,0;3500;7000,3500;7000;9000
766,AM,RCCE6,00,EH?,2026-05-31T22:19:01.159000Z,2026-05-31T22:19:36.159000Z,event_template,-5.0,18.67,100.0,preprocessing_v1_0_6,controlled-v1-case-0766,RASPISHAKE,https://data.raspberryshake.org/fdsnws/dataselect/1/query,AM.RCCE6.event.20260531T221901,AM;AM;AM,RCCE6;RCCE6;RCCE6,00;00;00,EH?;EH?;EH?,2025-09-04T22:37:58.633000Z;2025-09-02T17:22:53.102000Z;2025-09-02T17:55:55.872000Z,2025-09-04T22:41:02.073000Z;2025-09-02T17:25:56.642000Z;2025-09-02T17:58:59.712000Z,RASPISHAKE;RASPISHAKE;RASPISHAKE,https://data.raspberryshake.org/fdsnws/dataselect/1/query;https://data.raspberryshake.org/fdsnws/dataselect/1/query;https://data.raspberryshake.org/fdsnws/dataselect/1/query,AM.RCCE6.noise.20250904T223800;AM.RCCE6.noise.20250902T172254;AM.RCCE6.noise.20250902T175557,ordered_three_chunk_concat_v1,3500;3500;3500,3500;3500;2000,0;3500;7000,3500;7000;9000
767,AM,RCCE6,00,EH?,2026-05-31T22:19:01.159000Z,2026-05-31T22:19:36.159000Z,event_template,0.0,18.67,100.0,preprocessing_v1_0_6,controlled-v1-case-0767,RASPISHAKE,https://data.raspberryshake.org/fdsnws/dataselect/1/query,AM.RCCE6.event.20260531T221901,AM;AM;AM,RCCE6;RCCE6;RCCE6,00;00;00,EH?;EH?;EH?,2025-09-04T22:37:58.633000Z;2025-09-02T17:22:53.102000Z;2025-09-02T17:55:55.872000Z,2025-09-04T22:41:02.073000Z;2025-09-02T17:25:56.642000Z;2025-09-02T17:58:59.712000Z,RASPISHAKE;RASPISHAKE;RASPISHAKE,https://data.raspberryshake.org/fdsnws/dataselect/1/query;https://data.raspberryshake.org/fdsnws/dataselect/1/query;https://data.raspberryshake.org/fdsnws/dataselect/1/query,AM.RCCE6.noise.20250904T223800;AM.RCCE6.noise.20250902T172254;AM.RCCE6.noise.20250902T175557,ordered_three_chunk_concat_v1,3500;3500;3500,3500;3500;2000,0;3500;7000,3500;7000;9000
768,AM,RCCE6,00,EH?,2026-05-31T22:19:01.159000Z,2026-05-31T22:19:36.159000Z,event_template,5.0,18.67,100.0,preprocessing_v1_0_6,controlled-v1-case-0768,RASPISHAKE,https://data.raspberryshake.org/fdsnws/dataselect/1/query,AM.RCCE6.event.20260531T221901,AM;AM;AM,RCCE6;RCCE6;RCCE6,00;00;00,EH?;EH?;EH?,2025-09-04T22:37:58.633000Z;2025-09-02T17:22:53.102000Z;2025-09-02T17:55:55.872000Z,2025-09-04T22:41:02.073000Z;2025-09-02T17:25:56.642000Z;2025-09-02T17:58:59.712000Z,RASPISHAKE;RASPISHAKE;RASPISHAKE,https://data.raspberryshake.org/fdsnws/dataselect/1/query;https://data.raspberryshake.org/fdsnws/dataselect/1/query;https://data.raspberryshake.org/fdsnws/dataselect/1/query,AM.RCCE6.noise.20250904T223800;AM.RCCE6.noise.20250902T172254;AM.RCCE6.noise.20250902T175557,ordered_three_chunk_concat_v1,3500;3500;3500,3500;3500;2000,0;3500;7000,3500;7000;9000
769,AM,RD349,00,EH?,2025-12-24T03:52:08.117000Z,2025-12-24T03:52:43.117000Z,event_template,-5.0,45.48,100.0,preprocessing_v1_0_6,controlled-v1-case-0769,RASPISHAKE,https://data.raspberryshake.org/fdsnws/dataselect/1/query,AM.RD349.event.20251224T035208,AM;AM;AM,RD349;RD349;RD349,00;00;00,EH?;EH?;EH?,2025-06-03T22:23:39.088000Z;2025-06-05T20:40:21.928000Z;2025-06-06T02:58:32.668000Z,2025-06-03T22:26:44.658000Z;2025-06-05T20:43:24.708000Z;2025-06-06T03:01:38.618000Z,RASPISHAKE;RASPISHAKE;RASPISHAKE,https://data.raspberryshake.org/fdsnws/dataselect/1/query;https://data.raspberryshake.org/fdsnws/dataselect/1/query;https://data.raspberryshake.org/fdsnws/dataselect/1/query,AM.RD349.noise.20250603T222341;AM.RD349.noise.20250605T204023;AM.RD349.noise.20250606T025835,ordered_three_chunk_concat_v1,3500;3500;3500,3500;3500;2000,0;3500;7000,3500;7000;9000
770,AM,RD349,00,EH?,2025-12-24T03:52:08.117000Z,2025-12-24T03:52:43.117000Z,event_template,0.0,45.48,100.0,preprocessing_v1_0_6,controlled-v1-case-0770,RASPISHAKE,https://data.raspberryshake.org/fdsnws/dataselect/1/query,AM.RD349.event.20251224T035208,AM;AM;AM,RD349;RD349;RD349,00;00;00,EH?;EH?;EH?,2025-06-03T22:23:39.088000Z;2025-06-05T20:40:21.928000Z;2025-06-06T02:58:32.668000Z,2025-06-03T22:26:44.658000Z;2025-06-05T20:43:24.708000Z;2025-06-06T03:01:38.618000Z,RASPISHAKE;RASPISHAKE;RASPISHAKE,https://data.raspberryshake.org/fdsnws/dataselect/1/query;https://data.raspberryshake.org/fdsnws/dataselect/1/query;https://data.raspberryshake.org/fdsnws/dataselect/1/query,AM.RD349.noise.20250603T222341;AM.RD349.noise.20250605T204023;AM.RD349.noise.20250606T025835,ordered_three_chunk_concat_v1,3500;3500;3500,3500;3500;2000,0;3500;7000,3500;7000;9000
771,AM,RD349,00,EH?,2025-12-24T03:52:08.117000Z,2025-12-24T03:52:43.117000Z,event_template,5.0,45.48,100.0,preprocessing_v1_0_6,controlled-v1-case-0771,RASPISHAKE,https://data.raspberryshake.org/fdsnws/dataselect/1/query,AM.RD349.event.20251224T035208,AM;AM;AM,RD349;RD349;RD349,00;00;00,EH?;EH?;EH?,2025-06-03T22:23:39.088000Z;2025-06-05T20:40:21.928000Z;2025-06-06T02:58:32.668000Z,2025-06-03T22:26:44.658000Z;2025-06-05T20:43:24.708000Z;2025-06-06T03:01:38.618000Z,RASPISHAKE;RASPISHAKE;RASPISHAKE,https://data.raspberryshake.org/fdsnws/dataselect/1/query;https://data.raspberryshake.org/fdsnws/dataselect/1/query;https://data.raspberryshake.org/fdsnws/dataselect/1/query,AM.RD349.noise.20250603T222341;AM.RD349.noise.20250605T204023;AM.RD349.noise.20250606T025835,ordered_three_chunk_concat_v1,3500;3500;3500,3500;3500;2000,0;3500;7000,3500;7000;9000
772,AM,RD349,00,EH?,2026-01-09T18:39:36.787000Z,2026-01-09T18:40:11.787000Z,event_template,-5.0,51.69,100.0,preprocessing_v1_0_6,controlled-v1-case-0772,RASPISHAKE,https://data.raspberryshake.org/fdsnws/dataselect/1/query,AM.RD349.event.20260109T183936,AM;AM;AM,RD349;RD349;RD349,00;00;00,EH?;EH?;EH?,2025-06-10T11:38:05.318000Z;2025-06-07T14:44:15.718000Z;2025-06-08T15:34:41.078000Z,2025-06-10T11:41:11.468000Z;2025-06-07T14:47:21.258000Z;2025-06-08T15:37:45.428000Z,RASPISHAKE;RASPISHAKE;RASPISHAKE,https://data.raspberryshake.org/fdsnws/dataselect/1/query;https://data.raspberryshake.org/fdsnws/dataselect/1/query;https://data.raspberryshake.org/fdsnws/dataselect/1/query,AM.RD349.noise.20250610T113808;AM.RD349.noise.20250607T144418;AM.RD349.noise.20250608T153442,ordered_three_chunk_concat_v1,3500;3500;3500,3500;3500;2000,0;3500;7000,3500;7000;9000
773,AM,RD349,00,EH?,2026-01-09T18:39:36.787000Z,2026-01-09T18:40:11.787000Z,event_template,0.0,51.69,100.0,preprocessing_v1_0_6,controlled-v1-case-0773,RASPISHAKE,https://data.raspberryshake.org/fdsnws/dataselect/1/query,AM.RD349.event.20260109T183936,AM;AM;AM,RD349;RD349;RD349,00;00;00,EH?;EH?;EH?,2025-06-10T11:38:05.318000Z;2025-06-07T14:44:15.718000Z;2025-06-08T15:34:41.078000Z,2025-06-10T11:41:11.468000Z;2025-06-07T14:47:21.258000Z;2025-06-08T15:37:45.428000Z,RASPISHAKE;RASPISHAKE;RASPISHAKE,https://data.raspberryshake.org/fdsnws/dataselect/1/query;https://data.raspberryshake.org/fdsnws/dataselect/1/query;https://data.raspberryshake.org/fdsnws/dataselect/1/query,AM.RD349.noise.20250610T113808;AM.RD349.noise.20250607T144418;AM.RD349.noise.20250608T153442,ordered_three_chunk_concat_v1,3500;3500;3500,3500;3500;2000,0;3500;7000,3500;7000;9000
774,AM,RD349,00,EH?,2026-01-09T18:39:36.787000Z,2026-01-09T18:40:11.787000Z,event_template,5.0,51.69,100.0,preprocessing_v1_0_6,controlled-v1-case-0774,RASPISHAKE,https://data.raspberryshake.org/fdsnws/dataselect/1/query,AM.RD349.event.20260109T183936,AM;AM;AM,RD349;RD349;RD349,00;00;00,EH?;EH?;EH?,2025-06-10T11:38:05.318000Z;2025-06-07T14:44:15.718000Z;2025-06-08T15:34:41.078000Z,2025-06-10T11:41:11.468000Z;2025-06-07T14:47:21.258000Z;2025-06-08T15:37:45.428000Z,RASPISHAKE;RASPISHAKE;RASPISHAKE,https://data.raspberryshake.org/fdsnws/dataselect/1/query;https://data.raspberryshake.org/fdsnws/dataselect/1/query;https://data.raspberryshake.org/fdsnws/dataselect/1/query,AM.RD349.noise.20250610T113808;AM.RD349.noise.20250607T144418;AM.RD349.noise.20250608T153442,ordered_three_chunk_concat_v1,3500;3500;3500,3500;3500;2000,0;3500;7000,3500;7000;9000
775,AM,RD349,00,EH?,2026-02-05T19:54:18.477000Z,2026-02-05T19:54:53.477000Z,event_template,-5.0,31.81,100.0,preprocessing_v1_0_6,controlled-v1-case-0775,RASPISHAKE,https://data.raspberryshake.org/fdsnws/dataselect/1/query,AM.RD349.event.20260205T195418,AM;AM;AM,RD349;RD349;RD349,00;00;00,EH?;EH?;EH?,2025-06-03T22:23:39.088000Z;2025-06-04T04:12:22.598000Z;2025-06-02T14:31:41.518000Z,2025-06-03T22:26:44.658000Z;2025-06-04T04:15:28.008000Z;2025-06-02T14:34:46.278000Z,RASPISHAKE;RASPISHAKE;RASPISHAKE,https://data.raspberryshake.org/fdsnws/dataselect/1/query;https://data.raspberryshake.org/fdsnws/dataselect/1/query;https://data.raspberryshake.org/fdsnws/dataselect/1/query,AM.RD349.noise.20250603T222341;AM.RD349.noise.20250604T041225;AM.RD349.noise.20250602T143144,ordered_three_chunk_concat_v1,3500;3500;3500,3500;3500;2000,0;3500;7000,3500;7000;9000
776,AM,RD349,00,EH?,2026-02-05T19:54:18.477000Z,2026-02-05T19:54:53.477000Z,event_template,0.0,31.81,100.0,preprocessing_v1_0_6,controlled-v1-case-0776,RASPISHAKE,https://data.raspberryshake.org/fdsnws/dataselect/1/query,AM.RD349.event.20260205T195418,AM;AM;AM,RD349;RD349;RD349,00;00;00,EH?;EH?;EH?,2025-06-03T22:23:39.088000Z;2025-06-04T04:12:22.598000Z;2025-06-02T14:31:41.518000Z,2025-06-03T22:26:44.658000Z;2025-06-04T04:15:28.008000Z;2025-06-02T14:34:46.278000Z,RASPISHAKE;RASPISHAKE;RASPISHAKE,https://data.raspberryshake.org/fdsnws/dataselect/1/query;https://data.raspberryshake.org/fdsnws/dataselect/1/query;https://data.raspberryshake.org/fdsnws/dataselect/1/query,AM.RD349.noise.20250603T222341;AM.RD349.noise.20250604T041225;AM.RD349.noise.20250602T143144,ordered_three_chunk_concat_v1,3500;3500;3500,3500;3500;2000,0;3500;7000,3500;7000;9000
777,AM,RD349,00,EH?,2026-02-05T19:54:18.477000Z,2026-02-05T19:54:53.477000Z,event_template,5.0,31.81,100.0,preprocessing_v1_0_6,controlled-v1-case-0777,RASPISHAKE,https://data.raspberryshake.org/fdsnws/dataselect/1/query,AM.RD349.event.20260205T195418,AM;AM;AM,RD349;RD349;RD349,00;00;00,EH?;EH?;EH?,2025-06-03T22:23:39.088000Z;2025-06-04T04:12:22.598000Z;2025-06-02T14:31:41.518000Z,2025-06-03T22:26:44.658000Z;2025-06-04T04:15:28.008000Z;2025-06-02T14:34:46.278000Z,RASPISHAKE;RASPISHAKE;RASPISHAKE,https://data.raspberryshake.org/fdsnws/dataselect/1/query;https://data.raspberryshake.org/fdsnws/dataselect/1/query;https://data.raspberryshake.org/fdsnws/dataselect/1/query,AM.RD349.noise.20250603T222341;AM.RD349.noise.20250604T041225;AM.RD349.noise.20250602T143144,ordered_three_chunk_concat_v1,3500;3500;3500,3500;3500;2000,0;3500;7000,3500;7000;9000
778,AM,RD349,00,EH?,2026-02-16T20:04:56.666000Z,2026-02-16T20:05:31.666000Z,event_template,-5.0,43.85,100.0,preprocessing_v1_0_6,controlled-v1-case-0778,RASPISHAKE,https://data.raspberryshake.org/fdsnws/dataselect/1/query,AM.RD349.event.20260216T200456,AM;AM;AM,RD349;RD349;RD349,00;00;00,EH?;EH?;EH?,2025-06-03T22:23:39.088000Z;2025-06-09T03:14:05.408000Z;2025-06-01T00:23:42.198000Z,2025-06-03T22:26:44.658000Z;2025-06-09T03:17:11.178000Z;2025-06-01T00:26:47.688000Z,RASPISHAKE;RASPISHAKE;RASPISHAKE,https://data.raspberryshake.org/fdsnws/dataselect/1/query;https://data.raspberryshake.org/fdsnws/dataselect/1/query;https://data.raspberryshake.org/fdsnws/dataselect/1/query,AM.RD349.noise.20250603T222341;AM.RD349.noise.20250609T031408;AM.RD349.noise.20250601T002345,ordered_three_chunk_concat_v1,3500;3500;3500,3500;3500;2000,0;3500;7000,3500;7000;9000
779,AM,RD349,00,EH?,2026-02-16T20:04:56.666000Z,2026-02-16T20:05:31.666000Z,event_template,0.0,43.85,100.0,preprocessing_v1_0_6,controlled-v1-case-0779,RASPISHAKE,https://data.raspberryshake.org/fdsnws/dataselect/1/query,AM.RD349.event.20260216T200456,AM;AM;AM,RD349;RD349;RD349,00;00;00,EH?;EH?;EH?,2025-06-03T22:23:39.088000Z;2025-06-09T03:14:05.408000Z;2025-06-01T00:23:42.198000Z,2025-06-03T22:26:44.658000Z;2025-06-09T03:17:11.178000Z;2025-06-01T00:26:47.688000Z,RASPISHAKE;RASPISHAKE;RASPISHAKE,https://data.raspberryshake.org/fdsnws/dataselect/1/query;https://data.raspberryshake.org/fdsnws/dataselect/1/query;https://data.raspberryshake.org/fdsnws/dataselect/1/query,AM.RD349.noise.20250603T222341;AM.RD349.noise.20250609T031408;AM.RD349.noise.20250601T002345,ordered_three_chunk_concat_v1,3500;3500;3500,3500;3500;2000,0;3500;7000,3500;7000;9000
780,AM,RD349,00,EH?,2026-02-16T20:04:56.666000Z,2026-02-16T20:05:31.666000Z,event_template,5.0,43.85,100.0,preprocessing_v1_0_6,controlled-v1-case-0780,RASPISHAKE,https://data.raspberryshake.org/fdsnws/dataselect/1/query,AM.RD349.event.20260216T200456,AM;AM;AM,RD349;RD349;RD349,00;00;00,EH?;EH?;EH?,2025-06-03T22:23:39.088000Z;2025-06-09T03:14:05.408000Z;2025-06-01T00:23:42.198000Z,2025-06-03T22:26:44.658000Z;2025-06-09T03:17:11.178000Z;2025-06-01T00:26:47.688000Z,RASPISHAKE;RASPISHAKE;RASPISHAKE,https://data.raspberryshake.org/fdsnws/dataselect/1/query;https://data.raspberryshake.org/fdsnws/dataselect/1/query;https://data.raspberryshake.org/fdsnws/dataselect/1/query,AM.RD349.noise.20250603T222341;AM.RD349.noise.20250609T031408;AM.RD349.noise.20250601T002345,ordered_three_chunk_concat_v1,3500;3500;3500,3500;3500;2000,0;3500;7000,3500;7000;9000
781,AM,RD349,00,EH?,2026-03-01T19:00:36.776000Z,2026-03-01T19:01:11.776000Z,event_template,-5.0,31.87,100.0,preprocessing_v1_0_6,controlled-v1-case-0781,RASPISHAKE,https://data.raspberryshake.org/fdsnws/dataselect/1/query,AM.RD349.event.20260301T190036,AM;AM;AM,RD349;RD349;RD349,00;00;00,EH?;EH?;EH?,2025-06-06T02:58:32.668000Z;2025-06-07T14:44:15.718000Z;2025-06-10T21:18:08.858000Z,2025-06-06T03:01:38.618000Z;2025-06-07T14:47:21.258000Z;2025-06-10T21:21:14.318000Z,RASPISHAKE;RASPISHAKE;RASPISHAKE,https://data.raspberryshake.org/fdsnws/dataselect/1/query;https://data.raspberryshake.org/fdsnws/dataselect/1/query;https://data.raspberryshake.org/fdsnws/dataselect/1/query,AM.RD349.noise.20250606T025835;AM.RD349.noise.20250607T144418;AM.RD349.noise.20250610T211811,ordered_three_chunk_concat_v1,3500;3500;3500,3500;3500;2000,0;3500;7000,3500;7000;9000
782,AM,RD349,00,EH?,2026-03-01T19:00:36.776000Z,2026-03-01T19:01:11.776000Z,event_template,0.0,31.87,100.0,preprocessing_v1_0_6,controlled-v1-case-0782,RASPISHAKE,https://data.raspberryshake.org/fdsnws/dataselect/1/query,AM.RD349.event.20260301T190036,AM;AM;AM,RD349;RD349;RD349,00;00;00,EH?;EH?;EH?,2025-06-06T02:58:32.668000Z;2025-06-07T14:44:15.718000Z;2025-06-10T21:18:08.858000Z,2025-06-06T03:01:38.618000Z;2025-06-07T14:47:21.258000Z;2025-06-10T21:21:14.318000Z,RASPISHAKE;RASPISHAKE;RASPISHAKE,https://data.raspberryshake.org/fdsnws/dataselect/1/query;https://data.raspberryshake.org/fdsnws/dataselect/1/query;https://data.raspberryshake.org/fdsnws/dataselect/1/query,AM.RD349.noise.20250606T025835;AM.RD349.noise.20250607T144418;AM.RD349.noise.20250610T211811,ordered_three_chunk_concat_v1,3500;3500;3500,3500;3500;2000,0;3500;7000,3500;7000;9000
783,AM,RD349,00,EH?,2026-03-01T19:00:36.776000Z,2026-03-01T19:01:11.776000Z,event_template,5.0,31.87,100.0,preprocessing_v1_0_6,controlled-v1-case-0783,RASPISHAKE,https://data.raspberryshake.org/fdsnws/dataselect/1/query,AM.RD349.event.20260301T190036,AM;AM;AM,RD349;RD349;RD349,00;00;00,EH?;EH?;EH?,2025-06-06T02:58:32.668000Z;2025-06-07T14:44:15.718000Z;2025-06-10T21:18:08.858000Z,2025-06-06T03:01:38.618000Z;2025-06-07T14:47:21.258000Z;2025-06-10T21:21:14.318000Z,RASPISHAKE;RASPISHAKE;RASPISHAKE,https://data.raspberryshake.org/fdsnws/dataselect/1/query;https://data.raspberryshake.org/fdsnws/dataselect/1/query;https://data.raspberryshake.org/fdsnws/dataselect/1/query,AM.RD349.noise.20250606T025835;AM.RD349.noise.20250607T144418;AM.RD349.noise.20250610T211811,ordered_three_chunk_concat_v1,3500;3500;3500,3500;3500;2000,0;3500;7000,3500;7000;9000
784,AM,RD349,00,EH?,2026-03-03T17:25:07.266000Z,2026-03-03T17:25:42.266000Z,event_template,-5.0,60.55,100.0,preprocessing_v1_0_6,controlled-v1-case-0784,RASPISHAKE,https://data.raspberryshake.org/fdsnws/dataselect/1/query,AM.RD349.event.20260303T172507,AM;AM;AM,RD349;RD349;RD349,00;00;00,EH?;EH?;EH?,2025-06-09T17:16:44.288000Z;2025-06-02T21:51:35.048000Z;2025-06-10T21:18:08.858000Z,2025-06-09T17:19:49.338000Z;2025-06-02T21:54:40.408000Z;2025-06-10T21:21:14.318000Z,RASPISHAKE;RASPISHAKE;RASPISHAKE,https://data.raspberryshake.org/fdsnws/dataselect/1/query;https://data.raspberryshake.org/fdsnws/dataselect/1/query;https://data.raspberryshake.org/fdsnws/dataselect/1/query,AM.RD349.noise.20250609T171646;AM.RD349.noise.20250602T215137;AM.RD349.noise.20250610T211811,ordered_three_chunk_concat_v1,3500;3500;3500,3500;3500;2000,0;3500;7000,3500;7000;9000
785,AM,RD349,00,EH?,2026-03-03T17:25:07.266000Z,2026-03-03T17:25:42.266000Z,event_template,0.0,60.55,100.0,preprocessing_v1_0_6,controlled-v1-case-0785,RASPISHAKE,https://data.raspberryshake.org/fdsnws/dataselect/1/query,AM.RD349.event.20260303T172507,AM;AM;AM,RD349;RD349;RD349,00;00;00,EH?;EH?;EH?,2025-06-09T17:16:44.288000Z;2025-06-02T21:51:35.048000Z;2025-06-10T21:18:08.858000Z,2025-06-09T17:19:49.338000Z;2025-06-02T21:54:40.408000Z;2025-06-10T21:21:14.318000Z,RASPISHAKE;RASPISHAKE;RASPISHAKE,https://data.raspberryshake.org/fdsnws/dataselect/1/query;https://data.raspberryshake.org/fdsnws/dataselect/1/query;https://data.raspberryshake.org/fdsnws/dataselect/1/query,AM.RD349.noise.20250609T171646;AM.RD349.noise.20250602T215137;AM.RD349.noise.20250610T211811,ordered_three_chunk_concat_v1,3500;3500;3500,3500;3500;2000,0;3500;7000,3500;7000;9000
786,AM,RD349,00,EH?,2026-03-03T17:25:07.266000Z,2026-03-03T17:25:42.266000Z,event_template,5.0,60.55,100.0,preprocessing_v1_0_6,controlled-v1-case-0786,RASPISHAKE,https://data.raspberryshake.org/fdsnws/dataselect/1/query,AM.RD349.event.20260303T172507,AM;AM;AM,RD349;RD349;RD349,00;00;00,EH?;EH?;EH?,2025-06-09T17:16:44.288000Z;2025-06-02T21:51:35.048000Z;2025-06-10T21:18:08.858000Z,2025-06-09T17:19:49.338000Z;2025-06-02T21:54:40.408000Z;2025-06-10T21:21:14.318000Z,RASPISHAKE;RASPISHAKE;RASPISHAKE,https://data.raspberryshake.org/fdsnws/dataselect/1/query;https://data.raspberryshake.org/fdsnws/dataselect/1/query;https://data.raspberryshake.org/fdsnws/dataselect/1/query,AM.RD349.noise.20250609T171646;AM.RD349.noise.20250602T215137;AM.RD349.noise.20250610T211811,ordered_three_chunk_concat_v1,3500;3500;3500,3500;3500;2000,0;3500;7000,3500;7000;9000
787,AM,RD349,00,EH?,2026-03-04T15:35:28.816000Z,2026-03-04T15:36:03.816000Z,event_template,-5.0,24.84,100.0,preprocessing_v1_0_6,controlled-v1-case-0787,RASPISHAKE,https://data.raspberryshake.org/fdsnws/dataselect/1/query,AM.RD349.event.20260304T153528,AM;AM;AM,RD349;RD349;RD349,00;00;00,EH?;EH?;EH?,2025-06-08T15:34:41.078000Z;2025-06-06T15:29:58.058000Z;2025-06-07T14:44:15.718000Z,2025-06-08T15:37:45.428000Z;2025-06-06T15:33:03.358000Z;2025-06-07T14:47:21.258000Z,RASPISHAKE;RASPISHAKE;RASPISHAKE,https://data.raspberryshake.org/fdsnws/dataselect/1/query;https://data.raspberryshake.org/fdsnws/dataselect/1/query;https://data.raspberryshake.org/fdsnws/dataselect/1/query,AM.RD349.noise.20250608T153442;AM.RD349.noise.20250606T153000;AM.RD349.noise.20250607T144418,ordered_three_chunk_concat_v1,3500;3500;3500,3500;3500;2000,0;3500;7000,3500;7000;9000
788,AM,RD349,00,EH?,2026-03-04T15:35:28.816000Z,2026-03-04T15:36:03.816000Z,event_template,0.0,24.84,100.0,preprocessing_v1_0_6,controlled-v1-case-0788,RASPISHAKE,https://data.raspberryshake.org/fdsnws/dataselect/1/query,AM.RD349.event.20260304T153528,AM;AM;AM,RD349;RD349;RD349,00;00;00,EH?;EH?;EH?,2025-06-08T15:34:41.078000Z;2025-06-06T15:29:58.058000Z;2025-06-07T14:44:15.718000Z,2025-06-08T15:37:45.428000Z;2025-06-06T15:33:03.358000Z;2025-06-07T14:47:21.258000Z,RASPISHAKE;RASPISHAKE;RASPISHAKE,https://data.raspberryshake.org/fdsnws/dataselect/1/query;https://data.raspberryshake.org/fdsnws/dataselect/1/query;https://data.raspberryshake.org/fdsnws/dataselect/1/query,AM.RD349.noise.20250608T153442;AM.RD349.noise.20250606T153000;AM.RD349.noise.20250607T144418,ordered_three_chunk_concat_v1,3500;3500;3500,3500;3500;2000,0;3500;7000,3500;7000;9000
789,AM,RD349,00,EH?,2026-03-04T15:35:28.816000Z,2026-03-04T15:36:03.816000Z,event_template,5.0,24.84,100.0,preprocessing_v1_0_6,controlled-v1-case-0789,RASPISHAKE,https://data.raspberryshake.org/fdsnws/dataselect/1/query,AM.RD349.event.20260304T153528,AM;AM;AM,RD349;RD349;RD349,00;00;00,EH?;EH?;EH?,2025-06-08T15:34:41.078000Z;2025-06-06T15:29:58.058000Z;2025-06-07T14:44:15.718000Z,2025-06-08T15:37:45.428000Z;2025-06-06T15:33:03.358000Z;2025-06-07T14:47:21.258000Z,RASPISHAKE;RASPISHAKE;RASPISHAKE,https://data.raspberryshake.org/fdsnws/dataselect/1/query;https://data.raspberryshake.org/fdsnws/dataselect/1/query;https://data.raspberryshake.org/fdsnws/dataselect/1/query,AM.RD349.noise.20250608T153442;AM.RD349.noise.20250606T153000;AM.RD349.noise.20250607T144418,ordered_three_chunk_concat_v1,3500;3500;3500,3500;3500;2000,0;3500;7000,3500;7000;9000
790,AM,RD349,00,EH?,2026-03-26T08:11:16.466000Z,2026-03-26T08:11:51.466000Z,event_template,-5.0,24.4,100.0,preprocessing_v1_0_6,controlled-v1-case-0790,RASPISHAKE,https://data.raspberryshake.org/fdsnws/dataselect/1/query,AM.RD349.event.20260326T081116,AM;AM;AM,RD349;RD349;RD349,00;00;00,EH?;EH?;EH?,2025-06-10T21:18:08.858000Z;2025-06-10T22:22:11.578000Z;2025-06-02T19:28:37.908000Z,2025-06-10T21:21:14.318000Z;2025-06-10T22:25:15.478000Z;2025-06-02T19:31:42.688000Z,RASPISHAKE;RASPISHAKE;RASPISHAKE,https://data.raspberryshake.org/fdsnws/dataselect/1/query;https://data.raspberryshake.org/fdsnws/dataselect/1/query;https://data.raspberryshake.org/fdsnws/dataselect/1/query,AM.RD349.noise.20250610T211811;AM.RD349.noise.20250610T222213;AM.RD349.noise.20250602T192840,ordered_three_chunk_concat_v1,3500;3500;3500,3500;3500;2000,0;3500;7000,3500;7000;9000
791,AM,RD349,00,EH?,2026-03-26T08:11:16.466000Z,2026-03-26T08:11:51.466000Z,event_template,0.0,24.4,100.0,preprocessing_v1_0_6,controlled-v1-case-0791,RASPISHAKE,https://data.raspberryshake.org/fdsnws/dataselect/1/query,AM.RD349.event.20260326T081116,AM;AM;AM,RD349;RD349;RD349,00;00;00,EH?;EH?;EH?,2025-06-10T21:18:08.858000Z;2025-06-10T22:22:11.578000Z;2025-06-02T19:28:37.908000Z,2025-06-10T21:21:14.318000Z;2025-06-10T22:25:15.478000Z;2025-06-02T19:31:42.688000Z,RASPISHAKE;RASPISHAKE;RASPISHAKE,https://data.raspberryshake.org/fdsnws/dataselect/1/query;https://data.raspberryshake.org/fdsnws/dataselect/1/query;https://data.raspberryshake.org/fdsnws/dataselect/1/query,AM.RD349.noise.20250610T211811;AM.RD349.noise.20250610T222213;AM.RD349.noise.20250602T192840,ordered_three_chunk_concat_v1,3500;3500;3500,3500;3500;2000,0;3500;7000,3500;7000;9000
792,AM,RD349,00,EH?,2026-03-26T08:11:16.466000Z,2026-03-26T08:11:51.466000Z,event_template,5.0,24.4,100.0,preprocessing_v1_0_6,controlled-v1-case-0792,RASPISHAKE,https://data.raspberryshake.org/fdsnws/dataselect/1/query,AM.RD349.event.20260326T081116,AM;AM;AM,RD349;RD349;RD349,00;00;00,EH?;EH?;EH?,2025-06-10T21:18:08.858000Z;2025-06-10T22:22:11.578000Z;2025-06-02T19:28:37.908000Z,2025-06-10T21:21:14.318000Z;2025-06-10T22:25:15.478000Z;2025-06-02T19:31:42.688000Z,RASPISHAKE;RASPISHAKE;RASPISHAKE,https://data.raspberryshake.org/fdsnws/dataselect/1/query;https://data.raspberryshake.org/fdsnws/dataselect/1/query;https://data.raspberryshake.org/fdsnws/dataselect/1/query,AM.RD349.noise.20250610T211811;AM.RD349.noise.20250610T222213;AM.RD349.noise.20250602T192840,ordered_three_chunk_concat_v1,3500;3500;3500,3500;3500;2000,0;3500;7000,3500;7000;9000
793,AM,RE8DB,00,EH?,2025-10-28T08:44:26.869000Z,2025-10-28T08:45:01.869000Z,event_template,-5.0,35.38,100.0,preprocessing_v1_0_6,controlled-v1-case-0793,RASPISHAKE,https://data.raspberryshake.org/fdsnws/dataselect/1/query,AM.RE8DB.event.20251028T084426,AM;AM;AM,RE8DB;RE8DB;RE8DB,00;00;00,EH?;EH?;EH?,2025-06-01T00:58:50.661000Z;2025-07-25T18:20:35.997000Z;2025-07-12T07:23:48.053000Z,2025-06-01T01:01:54.651000Z;2025-07-25T18:23:39.077000Z;2025-07-12T07:26:50.913000Z,RASPISHAKE;RASPISHAKE;RASPISHAKE,https://data.raspberryshake.org/fdsnws/dataselect/1/query;https://data.raspberryshake.org/fdsnws/dataselect/1/query;https://data.raspberryshake.org/fdsnws/dataselect/1/query,AM.RE8DB.noise.20250601T005852;AM.RE8DB.noise.20250725T182037;AM.RE8DB.noise.20250712T072349,ordered_three_chunk_concat_v1,3500;3500;3500,3500;3500;2000,0;3500;7000,3500;7000;9000
794,AM,RE8DB,00,EH?,2025-10-28T08:44:26.869000Z,2025-10-28T08:45:01.869000Z,event_template,0.0,35.38,100.0,preprocessing_v1_0_6,controlled-v1-case-0794,RASPISHAKE,https://data.raspberryshake.org/fdsnws/dataselect/1/query,AM.RE8DB.event.20251028T084426,AM;AM;AM,RE8DB;RE8DB;RE8DB,00;00;00,EH?;EH?;EH?,2025-06-01T00:58:50.661000Z;2025-07-25T18:20:35.997000Z;2025-07-12T07:23:48.053000Z,2025-06-01T01:01:54.651000Z;2025-07-25T18:23:39.077000Z;2025-07-12T07:26:50.913000Z,RASPISHAKE;RASPISHAKE;RASPISHAKE,https://data.raspberryshake.org/fdsnws/dataselect/1/query;https://data.raspberryshake.org/fdsnws/dataselect/1/query;https://data.raspberryshake.org/fdsnws/dataselect/1/query,AM.RE8DB.noise.20250601T005852;AM.RE8DB.noise.20250725T182037;AM.RE8DB.noise.20250712T072349,ordered_three_chunk_concat_v1,3500;3500;3500,3500;3500;2000,0;3500;7000,3500;7000;9000
795,AM,RE8DB,00,EH?,2025-10-28T08:44:26.869000Z,2025-10-28T08:45:01.869000Z,event_template,5.0,35.38,100.0,preprocessing_v1_0_6,controlled-v1-case-0795,RASPISHAKE,https://data.raspberryshake.org/fdsnws/dataselect/1/query,AM.RE8DB.event.20251028T084426,AM;AM;AM,RE8DB;RE8DB;RE8DB,00;00;00,EH?;EH?;EH?,2025-06-01T00:58:50.661000Z;2025-07-25T18:20:35.997000Z;2025-07-12T07:23:48.053000Z,2025-06-01T01:01:54.651000Z;2025-07-25T18:23:39.077000Z;2025-07-12T07:26:50.913000Z,RASPISHAKE;RASPISHAKE;RASPISHAKE,https://data.raspberryshake.org/fdsnws/dataselect/1/query;https://data.raspberryshake.org/fdsnws/dataselect/1/query;https://data.raspberryshake.org/fdsnws/dataselect/1/query,AM.RE8DB.noise.20250601T005852;AM.RE8DB.noise.20250725T182037;AM.RE8DB.noise.20250712T072349,ordered_three_chunk_concat_v1,3500;3500;3500,3500;3500;2000,0;3500;7000,3500;7000;9000
796,AM,RE8DB,00,EH?,2025-11-21T03:35:51.652000Z,2025-11-21T03:36:26.652000Z,event_template,-5.0,52.85,100.0,preprocessing_v1_0_6,controlled-v1-case-0796,RASPISHAKE,https://data.raspberryshake.org/fdsnws/dataselect/1/query,AM.RE8DB.event.20251121T033551,AM;AM;AM,RE8DB;RE8DB;RE8DB,00;00;00,EH?;EH?;EH?,2025-07-28T16:08:07.407000Z;2025-07-28T07:36:57.167000Z;2025-07-18T04:39:22.892000Z,2025-07-28T16:11:11.247000Z;2025-07-28T07:40:02.107000Z;2025-07-18T04:41:41.632000Z,RASPISHAKE;RASPISHAKE;RASPISHAKE,https://data.raspberryshake.org/fdsnws/dataselect/1/query;https://data.raspberryshake.org/fdsnws/dataselect/1/query;https://data.raspberryshake.org/fdsnws/dataselect/1/query,AM.RE8DB.noise.20250728T160809;AM.RE8DB.noise.20250728T073659;AM.RE8DB.noise.20250718T043857,ordered_three_chunk_concat_v1,3500;3500;3500,3500;3500;2000,0;3500;7000,3500;7000;9000
797,AM,RE8DB,00,EH?,2025-11-21T03:35:51.652000Z,2025-11-21T03:36:26.652000Z,event_template,0.0,52.85,100.0,preprocessing_v1_0_6,controlled-v1-case-0797,RASPISHAKE,https://data.raspberryshake.org/fdsnws/dataselect/1/query,AM.RE8DB.event.20251121T033551,AM;AM;AM,RE8DB;RE8DB;RE8DB,00;00;00,EH?;EH?;EH?,2025-07-28T16:08:07.407000Z;2025-07-28T07:36:57.167000Z;2025-07-18T04:39:22.892000Z,2025-07-28T16:11:11.247000Z;2025-07-28T07:40:02.107000Z;2025-07-18T04:41:41.632000Z,RASPISHAKE;RASPISHAKE;RASPISHAKE,https://data.raspberryshake.org/fdsnws/dataselect/1/query;https://data.raspberryshake.org/fdsnws/dataselect/1/query;https://data.raspberryshake.org/fdsnws/dataselect/1/query,AM.RE8DB.noise.20250728T160809;AM.RE8DB.noise.20250728T073659;AM.RE8DB.noise.20250718T043857,ordered_three_chunk_concat_v1,3500;3500;3500,3500;3500;2000,0;3500;7000,3500;7000;9000
798,AM,RE8DB,00,EH?,2025-11-21T03:35:51.652000Z,2025-11-21T03:36:26.652000Z,event_template,5.0,52.85,100.0,preprocessing_v1_0_6,controlled-v1-case-0798,RASPISHAKE,https://data.raspberryshake.org/fdsnws/dataselect/1/query,AM.RE8DB.event.20251121T033551,AM;AM;AM,RE8DB;RE8DB;RE8DB,00;00;00,EH?;EH?;EH?,2025-07-28T16:08:07.407000Z;2025-07-28T07:36:57.167000Z;2025-07-18T04:39:22.892000Z,2025-07-28T16:11:11.247000Z;2025-07-28T07:40:02.107000Z;2025-07-18T04:41:41.632000Z,RASPISHAKE;RASPISHAKE;RASPISHAKE,https://data.raspberryshake.org/fdsnws/dataselect/1/query;https://data.raspberryshake.org/fdsnws/dataselect/1/query;https://data.raspberryshake.org/fdsnws/dataselect/1/query,AM.RE8DB.noise.20250728T160809;AM.RE8DB.noise.20250728T073659;AM.RE8DB.noise.20250718T043857,ordered_three_chunk_concat_v1,3500;3500;3500,3500;3500;2000,0;3500;7000,3500;7000;9000
799,AM,RE8DB,00,EH?,2025-12-21T07:04:25.032000Z,2025-12-21T07:05:00.032000Z,event_template,-5.0,38.69,100.0,preprocessing_v1_0_6,controlled-v1-case-0799,RASPISHAKE,https://data.raspberryshake.org/fdsnws/dataselect/1/query,AM.RE8DB.event.20251221T070425,AM;AM;AM,RE8DB;RE8DB;RE8DB,00;00;00,EH?;EH?;EH?,2025-07-25T20:55:14.597000Z;2025-07-28T11:01:30.417000Z;2025-07-26T01:45:40.977000Z,2025-07-25T20:58:16.987000Z;2025-07-28T11:04:32.637000Z;2025-07-26T01:48:44.397000Z,RASPISHAKE;RASPISHAKE;RASPISHAKE,https://data.raspberryshake.org/fdsnws/dataselect/1/query;https://data.raspberryshake.org/fdsnws/dataselect/1/query;https://data.raspberryshake.org/fdsnws/dataselect/1/query,AM.RE8DB.noise.20250725T205515;AM.RE8DB.noise.20250728T110131;AM.RE8DB.noise.20250726T014542,ordered_three_chunk_concat_v1,3500;3500;3500,3500;3500;2000,0;3500;7000,3500;7000;9000
800,AM,RE8DB,00,EH?,2025-12-21T07:04:25.032000Z,2025-12-21T07:05:00.032000Z,event_template,0.0,38.69,100.0,preprocessing_v1_0_6,controlled-v1-case-0800,RASPISHAKE,https://data.raspberryshake.org/fdsnws/dataselect/1/query,AM.RE8DB.event.20251221T070425,AM;AM;AM,RE8DB;RE8DB;RE8DB,00;00;00,EH?;EH?;EH?,2025-07-25T20:55:14.597000Z;2025-07-28T11:01:30.417000Z;2025-07-26T01:45:40.977000Z,2025-07-25T20:58:16.987000Z;2025-07-28T11:04:32.637000Z;2025-07-26T01:48:44.397000Z,RASPISHAKE;RASPISHAKE;RASPISHAKE,https://data.raspberryshake.org/fdsnws/dataselect/1/query;https://data.raspberryshake.org/fdsnws/dataselect/1/query;https://data.raspberryshake.org/fdsnws/dataselect/1/query,AM.RE8DB.noise.20250725T205515;AM.RE8DB.noise.20250728T110131;AM.RE8DB.noise.20250726T014542,ordered_three_chunk_concat_v1,3500;3500;3500,3500;3500;2000,0;3500;7000,3500;7000;9000
801,AM,RE8DB,00,EH?,2025-12-21T07:04:25.032000Z,2025-12-21T07:05:00.032000Z,event_template,5.0,38.69,100.0,preprocessing_v1_0_6,controlled-v1-case-0801,RASPISHAKE,https://data.raspberryshake.org/fdsnws/dataselect/1/query,AM.RE8DB.event.20251221T070425,AM;AM;AM,RE8DB;RE8DB;RE8DB,00;00;00,EH?;EH?;EH?,2025-07-25T20:55:14.597000Z;2025-07-28T11:01:30.417000Z;2025-07-26T01:45:40.977000Z,2025-07-25T20:58:16.987000Z;2025-07-28T11:04:32.637000Z;2025-07-26T01:48:44.397000Z,RASPISHAKE;RASPISHAKE;RASPISHAKE,https://data.raspberryshake.org/fdsnws/dataselect/1/query;https://data.raspberryshake.org/fdsnws/dataselect/1/query;https://data.raspberryshake.org/fdsnws/dataselect/1/query,AM.RE8DB.noise.20250725T205515;AM.RE8DB.noise.20250728T110131;AM.RE8DB.noise.20250726T014542,ordered_three_chunk_concat_v1,3500;3500;3500,3500;3500;2000,0;3500;7000,3500;7000;9000
802,AM,RE8DB,00,EH?,2025-12-27T10:42:52.232000Z,2025-12-27T10:43:27.232000Z,event_template,-5.0,24.93,100.0,preprocessing_v1_0_6,controlled-v1-case-0802,RASPISHAKE,https://data.raspberryshake.org/fdsnws/dataselect/1/query,AM.RE8DB.event.20251227T104252,AM;AM;AM,RE8DB;RE8DB;RE8DB,00;00;00,EH?;EH?;EH?,2025-08-07T17:49:38.675000Z;2025-07-27T20:48:31.307000Z;2025-06-04T00:48:13.759000Z,2025-08-07T17:52:41.975000Z;2025-07-27T20:51:33.727000Z;2025-06-04T00:51:17.639000Z,RASPISHAKE;RASPISHAKE;RASPISHAKE,https://data.raspberryshake.org/fdsnws/dataselect/1/query;https://data.raspberryshake.org/fdsnws/dataselect/1/query;https://data.raspberryshake.org/fdsnws/dataselect/1/query,AM.RE8DB.noise.20250807T174940;AM.RE8DB.noise.20250727T204832;AM.RE8DB.noise.20250604T004815,ordered_three_chunk_concat_v1,3500;3500;3500,3500;3500;2000,0;3500;7000,3500;7000;9000
803,AM,RE8DB,00,EH?,2025-12-27T10:42:52.232000Z,2025-12-27T10:43:27.232000Z,event_template,0.0,24.93,100.0,preprocessing_v1_0_6,controlled-v1-case-0803,RASPISHAKE,https://data.raspberryshake.org/fdsnws/dataselect/1/query,AM.RE8DB.event.20251227T104252,AM;AM;AM,RE8DB;RE8DB;RE8DB,00;00;00,EH?;EH?;EH?,2025-08-07T17:49:38.675000Z;2025-07-27T20:48:31.307000Z;2025-06-04T00:48:13.759000Z,2025-08-07T17:52:41.975000Z;2025-07-27T20:51:33.727000Z;2025-06-04T00:51:17.639000Z,RASPISHAKE;RASPISHAKE;RASPISHAKE,https://data.raspberryshake.org/fdsnws/dataselect/1/query;https://data.raspberryshake.org/fdsnws/dataselect/1/query;https://data.raspberryshake.org/fdsnws/dataselect/1/query,AM.RE8DB.noise.20250807T174940;AM.RE8DB.noise.20250727T204832;AM.RE8DB.noise.20250604T004815,ordered_three_chunk_concat_v1,3500;3500;3500,3500;3500;2000,0;3500;7000,3500;7000;9000
804,AM,RE8DB,00,EH?,2025-12-27T10:42:52.232000Z,2025-12-27T10:43:27.232000Z,event_template,5.0,24.93,100.0,preprocessing_v1_0_6,controlled-v1-case-0804,RASPISHAKE,https://data.raspberryshake.org/fdsnws/dataselect/1/query,AM.RE8DB.event.20251227T104252,AM;AM;AM,RE8DB;RE8DB;RE8DB,00;00;00,EH?;EH?;EH?,2025-08-07T17:49:38.675000Z;2025-07-27T20:48:31.307000Z;2025-06-04T00:48:13.759000Z,2025-08-07T17:52:41.975000Z;2025-07-27T20:51:33.727000Z;2025-06-04T00:51:17.639000Z,RASPISHAKE;RASPISHAKE;RASPISHAKE,https://data.raspberryshake.org/fdsnws/dataselect/1/query;https://data.raspberryshake.org/fdsnws/dataselect/1/query;https://data.raspberryshake.org/fdsnws/dataselect/1/query,AM.RE8DB.noise.20250807T174940;AM.RE8DB.noise.20250727T204832;AM.RE8DB.noise.20250604T004815,ordered_three_chunk_concat_v1,3500;3500;3500,3500;3500;2000,0;3500;7000,3500;7000;9000
805,AM,RE8DB,00,EH?,2026-01-20T23:09:45.512000Z,2026-01-20T23:10:20.512000Z,event_template,-5.0,24.72,100.0,preprocessing_v1_0_6,controlled-v1-case-0805,RASPISHAKE,https://data.raspberryshake.org/fdsnws/dataselect/1/query,AM.RE8DB.event.20260120T230945,AM;AM;AM,RE8DB;RE8DB;RE8DB,00;00;00,EH?;EH?;EH?,2025-07-12T20:40:17.272000Z;2025-07-12T06:27:42.642000Z;2025-07-12T18:34:39.757000Z,2025-07-12T20:43:19.612000Z;2025-07-12T06:30:47.502000Z;2025-07-12T18:37:41.057000Z,RASPISHAKE;RASPISHAKE;RASPISHAKE,https://data.raspberryshake.org/fdsnws/dataselect/1/query;https://data.raspberryshake.org/fdsnws/dataselect/1/query;https://data.raspberryshake.org/fdsnws/dataselect/1/query,AM.RE8DB.noise.20250712T204018;AM.RE8DB.noise.20250712T062745;AM.RE8DB.noise.20250712T183440,ordered_three_chunk_concat_v1,3500;3500;3500,3500;3500;2000,0;3500;7000,3500;7000;9000
806,AM,RE8DB,00,EH?,2026-01-20T23:09:45.512000Z,2026-01-20T23:10:20.512000Z,event_template,0.0,24.72,100.0,preprocessing_v1_0_6,controlled-v1-case-0806,RASPISHAKE,https://data.raspberryshake.org/fdsnws/dataselect/1/query,AM.RE8DB.event.20260120T230945,AM;AM;AM,RE8DB;RE8DB;RE8DB,00;00;00,EH?;EH?;EH?,2025-07-12T20:40:17.272000Z;2025-07-12T06:27:42.642000Z;2025-07-12T18:34:39.757000Z,2025-07-12T20:43:19.612000Z;2025-07-12T06:30:47.502000Z;2025-07-12T18:37:41.057000Z,RASPISHAKE;RASPISHAKE;RASPISHAKE,https://data.raspberryshake.org/fdsnws/dataselect/1/query;https://data.raspberryshake.org/fdsnws/dataselect/1/query;https://data.raspberryshake.org/fdsnws/dataselect/1/query,AM.RE8DB.noise.20250712T204018;AM.RE8DB.noise.20250712T062745;AM.RE8DB.noise.20250712T183440,ordered_three_chunk_concat_v1,3500;3500;3500,3500;3500;2000,0;3500;7000,3500;7000;9000
807,AM,RE8DB,00,EH?,2026-01-20T23:09:45.512000Z,2026-01-20T23:10:20.512000Z,event_template,5.0,24.72,100.0,preprocessing_v1_0_6,controlled-v1-case-0807,RASPISHAKE,https://data.raspberryshake.org/fdsnws/dataselect/1/query,AM.RE8DB.event.20260120T230945,AM;AM;AM,RE8DB;RE8DB;RE8DB,00;00;00,EH?;EH?;EH?,2025-07-12T20:40:17.272000Z;2025-07-12T06:27:42.642000Z;2025-07-12T18:34:39.757000Z,2025-07-12T20:43:19.612000Z;2025-07-12T06:30:47.502000Z;2025-07-12T18:37:41.057000Z,RASPISHAKE;RASPISHAKE;RASPISHAKE,https://data.raspberryshake.org/fdsnws/dataselect/1/query;https://data.raspberryshake.org/fdsnws/dataselect/1/query;https://data.raspberryshake.org/fdsnws/dataselect/1/query,AM.RE8DB.noise.20250712T204018;AM.RE8DB.noise.20250712T062745;AM.RE8DB.noise.20250712T183440,ordered_three_chunk_concat_v1,3500;3500;3500,3500;3500;2000,0;3500;7000,3500;7000;9000
808,AM,RE8DB,00,EH?,2026-02-19T11:16:39.207000Z,2026-02-19T11:17:14.207000Z,event_template,-5.0,51.92,100.0,preprocessing_v1_0_6,controlled-v1-case-0808,RASPISHAKE,https://data.raspberryshake.org/fdsnws/dataselect/1/query,AM.RE8DB.event.20260219T111639,AM;AM;AM,RE8DB;RE8DB;RE8DB,00;00;00,EH?;EH?;EH?,2025-06-01T06:27:39.341000Z;2025-07-12T20:40:17.272000Z;2025-07-25T20:55:14.597000Z,2025-06-01T06:30:41.551000Z;2025-07-12T20:43:19.612000Z;2025-07-25T20:58:16.987000Z,RASPISHAKE;RASPISHAKE;RASPISHAKE,https://data.raspberryshake.org/fdsnws/dataselect/1/query;https://data.raspberryshake.org/fdsnws/dataselect/1/query;https://data.raspberryshake.org/fdsnws/dataselect/1/query,AM.RE8DB.noise.20250601T062741;AM.RE8DB.noise.20250712T204018;AM.RE8DB.noise.20250725T205515,ordered_three_chunk_concat_v1,3500;3500;3500,3500;3500;2000,0;3500;7000,3500;7000;9000
809,AM,RE8DB,00,EH?,2026-02-19T11:16:39.207000Z,2026-02-19T11:17:14.207000Z,event_template,0.0,51.92,100.0,preprocessing_v1_0_6,controlled-v1-case-0809,RASPISHAKE,https://data.raspberryshake.org/fdsnws/dataselect/1/query,AM.RE8DB.event.20260219T111639,AM;AM;AM,RE8DB;RE8DB;RE8DB,00;00;00,EH?;EH?;EH?,2025-06-01T06:27:39.341000Z;2025-07-12T20:40:17.272000Z;2025-07-25T20:55:14.597000Z,2025-06-01T06:30:41.551000Z;2025-07-12T20:43:19.612000Z;2025-07-25T20:58:16.987000Z,RASPISHAKE;RASPISHAKE;RASPISHAKE,https://data.raspberryshake.org/fdsnws/dataselect/1/query;https://data.raspberryshake.org/fdsnws/dataselect/1/query;https://data.raspberryshake.org/fdsnws/dataselect/1/query,AM.RE8DB.noise.20250601T062741;AM.RE8DB.noise.20250712T204018;AM.RE8DB.noise.20250725T205515,ordered_three_chunk_concat_v1,3500;3500;3500,3500;3500;2000,0;3500;7000,3500;7000;9000
810,AM,RE8DB,00,EH?,2026-02-19T11:16:39.207000Z,2026-02-19T11:17:14.207000Z,event_template,5.0,51.92,100.0,preprocessing_v1_0_6,controlled-v1-case-0810,RASPISHAKE,https://data.raspberryshake.org/fdsnws/dataselect/1/query,AM.RE8DB.event.20260219T111639,AM;AM;AM,RE8DB;RE8DB;RE8DB,00;00;00,EH?;EH?;EH?,2025-06-01T06:27:39.341000Z;2025-07-12T20:40:17.272000Z;2025-07-25T20:55:14.597000Z,2025-06-01T06:30:41.551000Z;2025-07-12T20:43:19.612000Z;2025-07-25T20:58:16.987000Z,RASPISHAKE;RASPISHAKE;RASPISHAKE,https://data.raspberryshake.org/fdsnws/dataselect/1/query;https://data.raspberryshake.org/fdsnws/dataselect/1/query;https://data.raspberryshake.org/fdsnws/dataselect/1/query,AM.RE8DB.noise.20250601T062741;AM.RE8DB.noise.20250712T204018;AM.RE8DB.noise.20250725T205515,ordered_three_chunk_concat_v1,3500;3500;3500,3500;3500;2000,0;3500;7000,3500;7000;9000
811,AM,RE8DB,00,EH?,2026-04-23T20:34:20.310000Z,2026-04-23T20:34:55.310000Z,event_template,-5.0,18.54,100.0,preprocessing_v1_0_6,controlled-v1-case-0811,RASPISHAKE,https://data.raspberryshake.org/fdsnws/dataselect/1/query,AM.RE8DB.event.20260423T203420,AM;AM;AM,RE8DB;RE8DB;RE8DB,00;00;00,EH?;EH?;EH?,2025-07-12T07:23:48.053000Z;2025-07-27T03:54:58.667000Z;2025-07-12T18:34:39.757000Z,2025-07-12T07:26:50.913000Z;2025-07-27T03:58:02.307000Z;2025-07-12T18:37:41.057000Z,RASPISHAKE;RASPISHAKE;RASPISHAKE,https://data.raspberryshake.org/fdsnws/dataselect/1/query;https://data.raspberryshake.org/fdsnws/dataselect/1/query;https://data.raspberryshake.org/fdsnws/dataselect/1/query,AM.RE8DB.noise.20250712T072349;AM.RE8DB.noise.20250727T035500;AM.RE8DB.noise.20250712T183440,ordered_three_chunk_concat_v1,3500;3500;3500,3500;3500;2000,0;3500;7000,3500;7000;9000
812,AM,RE8DB,00,EH?,2026-04-23T20:34:20.310000Z,2026-04-23T20:34:55.310000Z,event_template,0.0,18.54,100.0,preprocessing_v1_0_6,controlled-v1-case-0812,RASPISHAKE,https://data.raspberryshake.org/fdsnws/dataselect/1/query,AM.RE8DB.event.20260423T203420,AM;AM;AM,RE8DB;RE8DB;RE8DB,00;00;00,EH?;EH?;EH?,2025-07-12T07:23:48.053000Z;2025-07-27T03:54:58.667000Z;2025-07-12T18:34:39.757000Z,2025-07-12T07:26:50.913000Z;2025-07-27T03:58:02.307000Z;2025-07-12T18:37:41.057000Z,RASPISHAKE;RASPISHAKE;RASPISHAKE,https://data.raspberryshake.org/fdsnws/dataselect/1/query;https://data.raspberryshake.org/fdsnws/dataselect/1/query;https://data.raspberryshake.org/fdsnws/dataselect/1/query,AM.RE8DB.noise.20250712T072349;AM.RE8DB.noise.20250727T035500;AM.RE8DB.noise.20250712T183440,ordered_three_chunk_concat_v1,3500;3500;3500,3500;3500;2000,0;3500;7000,3500;7000;9000
813,AM,RE8DB,00,EH?,2026-04-23T20:34:20.310000Z,2026-04-23T20:34:55.310000Z,event_template,5.0,18.54,100.0,preprocessing_v1_0_6,controlled-v1-case-0813,RASPISHAKE,https://data.raspberryshake.org/fdsnws/dataselect/1/query,AM.RE8DB.event.20260423T203420,AM;AM;AM,RE8DB;RE8DB;RE8DB,00;00;00,EH?;EH?;EH?,2025-07-12T07:23:48.053000Z;2025-07-27T03:54:58.667000Z;2025-07-12T18:34:39.757000Z,2025-07-12T07:26:50.913000Z;2025-07-27T03:58:02.307000Z;2025-07-12T18:37:41.057000Z,RASPISHAKE;RASPISHAKE;RASPISHAKE,https://data.raspberryshake.org/fdsnws/dataselect/1/query;https://data.raspberryshake.org/fdsnws/dataselect/1/query;https://data.raspberryshake.org/fdsnws/dataselect/1/query,AM.RE8DB.noise.20250712T072349;AM.RE8DB.noise.20250727T035500;AM.RE8DB.noise.20250712T183440,ordered_three_chunk_concat_v1,3500;3500;3500,3500;3500;2000,0;3500;7000,3500;7000;9000
814,AM,RE8DB,00,EH?,2026-05-31T05:52:09.600000Z,2026-05-31T05:52:44.600000Z,event_template,-5.0,25.85,100.0,preprocessing_v1_0_6,controlled-v1-case-0814,RASPISHAKE,https://data.raspberryshake.org/fdsnws/dataselect/1/query,AM.RE8DB.event.20260531T055209,AM;AM;AM,RE8DB;RE8DB;RE8DB,00;00;00,EH?;EH?;EH?,2025-07-28T11:01:30.417000Z;2025-06-02T14:31:42.561000Z;2025-07-27T03:54:58.667000Z,2025-07-28T11:04:32.637000Z;2025-06-02T14:34:44.811000Z;2025-07-27T03:58:02.307000Z,RASPISHAKE;RASPISHAKE;RASPISHAKE,https://data.raspberryshake.org/fdsnws/dataselect/1/query;https://data.raspberryshake.org/fdsnws/dataselect/1/query;https://data.raspberryshake.org/fdsnws/dataselect/1/query,AM.RE8DB.noise.20250728T110131;AM.RE8DB.noise.20250602T143144;AM.RE8DB.noise.20250727T035500,ordered_three_chunk_concat_v1,3500;3500;3500,3500;3500;2000,0;3500;7000,3500;7000;9000
815,AM,RE8DB,00,EH?,2026-05-31T05:52:09.600000Z,2026-05-31T05:52:44.600000Z,event_template,0.0,25.85,100.0,preprocessing_v1_0_6,controlled-v1-case-0815,RASPISHAKE,https://data.raspberryshake.org/fdsnws/dataselect/1/query,AM.RE8DB.event.20260531T055209,AM;AM;AM,RE8DB;RE8DB;RE8DB,00;00;00,EH?;EH?;EH?,2025-07-28T11:01:30.417000Z;2025-06-02T14:31:42.561000Z;2025-07-27T03:54:58.667000Z,2025-07-28T11:04:32.637000Z;2025-06-02T14:34:44.811000Z;2025-07-27T03:58:02.307000Z,RASPISHAKE;RASPISHAKE;RASPISHAKE,https://data.raspberryshake.org/fdsnws/dataselect/1/query;https://data.raspberryshake.org/fdsnws/dataselect/1/query;https://data.raspberryshake.org/fdsnws/dataselect/1/query,AM.RE8DB.noise.20250728T110131;AM.RE8DB.noise.20250602T143144;AM.RE8DB.noise.20250727T035500,ordered_three_chunk_concat_v1,3500;3500;3500,3500;3500;2000,0;3500;7000,3500;7000;9000
816,AM,RE8DB,00,EH?,2026-05-31T05:52:09.600000Z,2026-05-31T05:52:44.600000Z,event_template,5.0,25.85,100.0,preprocessing_v1_0_6,controlled-v1-case-0816,RASPISHAKE,https://data.raspberryshake.org/fdsnws/dataselect/1/query,AM.RE8DB.event.20260531T055209,AM;AM;AM,RE8DB;RE8DB;RE8DB,00;00;00,EH?;EH?;EH?,2025-07-28T11:01:30.417000Z;2025-06-02T14:31:42.561000Z;2025-07-27T03:54:58.667000Z,2025-07-28T11:04:32.637000Z;2025-06-02T14:34:44.811000Z;2025-07-27T03:58:02.307000Z,RASPISHAKE;RASPISHAKE;RASPISHAKE,https://data.raspberryshake.org/fdsnws/dataselect/1/query;https://data.raspberryshake.org/fdsnws/dataselect/1/query;https://data.raspberryshake.org/fdsnws/dataselect/1/query,AM.RE8DB.noise.20250728T110131;AM.RE8DB.noise.20250602T143144;AM.RE8DB.noise.20250727T035500,ordered_three_chunk_concat_v1,3500;3500;3500,3500;3500;2000,0;3500;7000,3500;7000;9000
