case_id,request_id,role,sequence_index,network,station,location,channel,start_time,end_time,provider,fdsn_source,expected_duration_s,construction_role,source_window_id,required_samples,used_samples,output_sample_start,output_sample_stop,duplicate_reason
1,case-0001-event,event,0,AM,R0BD5,00,EH?,2026-04-11T22:54:13.623000Z,2026-04-11T22:54:48.623000Z,RASPISHAKE,https://data.raspberryshake.org/fdsnws/dataselect/1/query,35.0,evaluator_event_reference,AM.R0BD5.event.20260411T225413,3500,3500,0,3500,shared_event_window_across_target_snr_siblings
1,case-0001-noise-01,noise,1,AM,RC131,00,EH?,2025-06-06T15:29:57.254000Z,2025-06-06T15:33:04.164000Z,RASPISHAKE,https://data.raspberryshake.org/fdsnws/dataselect/1/query,35.0,primary_noise_chunk,AM.RC131.noise.20250606T153000,3500,3500,0,3500,shared_noise_sequence_across_target_snr_siblings
1,case-0001-noise-02,noise,2,AM,R8219,00,EH?,2025-06-04T00:48:11.742000Z,2025-06-04T00:51:17.582000Z,RASPISHAKE,https://data.raspberryshake.org/fdsnws/dataselect/1/query,35.0,continuation_noise_chunk,AM.R8219.noise.20250604T004815,3500,3500,3500,7000,shared_noise_sequence_across_target_snr_siblings
1,case-0001-noise-03,noise,3,AM,RA825,00,EH?,2025-06-06T00:40:39.859000Z,2025-06-06T00:43:43.459000Z,RASPISHAKE,https://data.raspberryshake.org/fdsnws/dataselect/1/query,35.0,continuation_noise_chunk_truncated,AM.RA825.noise.20250606T004041,3500,2000,7000,9000,shared_noise_sequence_across_target_snr_siblings
2,case-0002-event,event,0,AM,R0BD5,00,EH?,2026-04-11T22:54:13.623000Z,2026-04-11T22:54:48.623000Z,RASPISHAKE,https://data.raspberryshake.org/fdsnws/dataselect/1/query,35.0,evaluator_event_reference,AM.R0BD5.event.20260411T225413,3500,3500,0,3500,shared_event_window_across_target_snr_siblings
2,case-0002-noise-01,noise,1,AM,RC131,00,EH?,2025-06-06T15:29:57.254000Z,2025-06-06T15:33:04.164000Z,RASPISHAKE,https://data.raspberryshake.org/fdsnws/dataselect/1/query,35.0,primary_noise_chunk,AM.RC131.noise.20250606T153000,3500,3500,0,3500,shared_noise_sequence_across_target_snr_siblings
2,case-0002-noise-02,noise,2,AM,R8219,00,EH?,2025-06-04T00:48:11.742000Z,2025-06-04T00:51:17.582000Z,RASPISHAKE,https://data.raspberryshake.org/fdsnws/dataselect/1/query,35.0,continuation_noise_chunk,AM.R8219.noise.20250604T004815,3500,3500,3500,7000,shared_noise_sequence_across_target_snr_siblings
2,case-0002-noise-03,noise,3,AM,RA825,00,EH?,2025-06-06T00:40:39.859000Z,2025-06-06T00:43:43.459000Z,RASPISHAKE,https://data.raspberryshake.org/fdsnws/dataselect/1/query,35.0,continuation_noise_chunk_truncated,AM.RA825.noise.20250606T004041,3500,2000,7000,9000,shared_noise_sequence_across_target_snr_siblings
3,case-0003-event,event,0,AM,R0BD5,00,EH?,2026-04-11T22:54:13.623000Z,2026-04-11T22:54:48.623000Z,RASPISHAKE,https://data.raspberryshake.org/fdsnws/dataselect/1/query,35.0,evaluator_event_reference,AM.R0BD5.event.20260411T225413,3500,3500,0,3500,shared_event_window_across_target_snr_siblings
3,case-0003-noise-01,noise,1,AM,RC131,00,EH?,2025-06-06T15:29:57.254000Z,2025-06-06T15:33:04.164000Z,RASPISHAKE,https://data.raspberryshake.org/fdsnws/dataselect/1/query,35.0,primary_noise_chunk,AM.RC131.noise.20250606T153000,3500,3500,0,3500,shared_noise_sequence_across_target_snr_siblings
3,case-0003-noise-02,noise,2,AM,R8219,00,EH?,2025-06-04T00:48:11.742000Z,2025-06-04T00:51:17.582000Z,RASPISHAKE,https://data.raspberryshake.org/fdsnws/dataselect/1/query,35.0,continuation_noise_chunk,AM.R8219.noise.20250604T004815,3500,3500,3500,7000,shared_noise_sequence_across_target_snr_siblings
3,case-0003-noise-03,noise,3,AM,RA825,00,EH?,2025-06-06T00:40:39.859000Z,2025-06-06T00:43:43.459000Z,RASPISHAKE,https://data.raspberryshake.org/fdsnws/dataselect/1/query,35.0,continuation_noise_chunk_truncated,AM.RA825.noise.20250606T004041,3500,2000,7000,9000,shared_noise_sequence_across_target_snr_siblings
4,case-0004-event,event,0,AM,R0BD5,00,EH?,2026-04-12T03:53:54.893000Z,2026-04-12T03:54:29.893000Z,RASPISHAKE,https://data.raspberryshake.org/fdsnws/dataselect/1/query,35.0,evaluator_event_reference,AM.R0BD5.event.20260412T035354,3500,3500,0,3500,shared_event_window_across_target_snr_siblings
4,case-0004-noise-01,noise,1,AM,RC131,00,EH?,2025-06-05T10:07:21.144000Z,2025-06-05T10:10:26.554000Z,RASPISHAKE,https://data.raspberryshake.org/fdsnws/dataselect/1/query,35.0,primary_noise_chunk,AM.RC131.noise.20250605T100724,3500,3500,0,3500,shared_noise_sequence_across_target_snr_siblings
4,case-0004-noise-02,noise,2,AM,RCBF0,00,EH?,2025-06-04T04:12:22.066000Z,2025-06-04T04:15:26.466000Z,RASPISHAKE,https://data.raspberryshake.org/fdsnws/dataselect/1/query,35.0,continuation_noise_chunk,AM.RCBF0.noise.20250604T041225,3500,3500,3500,7000,shared_noise_sequence_across_target_snr_siblings
4,case-0004-noise-03,noise,3,AM,R7813,00,EH?,2025-06-06T16:03:37.125000Z,2025-06-06T16:06:43.355000Z,RASPISHAKE,https://data.raspberryshake.org/fdsnws/dataselect/1/query,35.0,continuation_noise_chunk_truncated,AM.R7813.noise.20250606T160341,3500,2000,7000,9000,shared_noise_sequence_across_target_snr_siblings
5,case-0005-event,event,0,AM,R0BD5,00,EH?,2026-04-12T03:53:54.893000Z,2026-04-12T03:54:29.893000Z,RASPISHAKE,https://data.raspberryshake.org/fdsnws/dataselect/1/query,35.0,evaluator_event_reference,AM.R0BD5.event.20260412T035354,3500,3500,0,3500,shared_event_window_across_target_snr_siblings
5,case-0005-noise-01,noise,1,AM,RC131,00,EH?,2025-06-05T10:07:21.144000Z,2025-06-05T10:10:26.554000Z,RASPISHAKE,https://data.raspberryshake.org/fdsnws/dataselect/1/query,35.0,primary_noise_chunk,AM.RC131.noise.20250605T100724,3500,3500,0,3500,shared_noise_sequence_across_target_snr_siblings
5,case-0005-noise-02,noise,2,AM,RCBF0,00,EH?,2025-06-04T04:12:22.066000Z,2025-06-04T04:15:26.466000Z,RASPISHAKE,https://data.raspberryshake.org/fdsnws/dataselect/1/query,35.0,continuation_noise_chunk,AM.RCBF0.noise.20250604T041225,3500,3500,3500,7000,shared_noise_sequence_across_target_snr_siblings
5,case-0005-noise-03,noise,3,AM,R7813,00,EH?,2025-06-06T16:03:37.125000Z,2025-06-06T16:06:43.355000Z,RASPISHAKE,https://data.raspberryshake.org/fdsnws/dataselect/1/query,35.0,continuation_noise_chunk_truncated,AM.R7813.noise.20250606T160341,3500,2000,7000,9000,shared_noise_sequence_across_target_snr_siblings
6,case-0006-event,event,0,AM,R0BD5,00,EH?,2026-04-12T03:53:54.893000Z,2026-04-12T03:54:29.893000Z,RASPISHAKE,https://data.raspberryshake.org/fdsnws/dataselect/1/query,35.0,evaluator_event_reference,AM.R0BD5.event.20260412T035354,3500,3500,0,3500,shared_event_window_across_target_snr_siblings
6,case-0006-noise-01,noise,1,AM,RC131,00,EH?,2025-06-05T10:07:21.144000Z,2025-06-05T10:10:26.554000Z,RASPISHAKE,https://data.raspberryshake.org/fdsnws/dataselect/1/query,35.0,primary_noise_chunk,AM.RC131.noise.20250605T100724,3500,3500,0,3500,shared_noise_sequence_across_target_snr_siblings
6,case-0006-noise-02,noise,2,AM,RCBF0,00,EH?,2025-06-04T04:12:22.066000Z,2025-06-04T04:15:26.466000Z,RASPISHAKE,https://data.raspberryshake.org/fdsnws/dataselect/1/query,35.0,continuation_noise_chunk,AM.RCBF0.noise.20250604T041225,3500,3500,3500,7000,shared_noise_sequence_across_target_snr_siblings
6,case-0006-noise-03,noise,3,AM,R7813,00,EH?,2025-06-06T16:03:37.125000Z,2025-06-06T16:06:43.355000Z,RASPISHAKE,https://data.raspberryshake.org/fdsnws/dataselect/1/query,35.0,continuation_noise_chunk_truncated,AM.R7813.noise.20250606T160341,3500,2000,7000,9000,shared_noise_sequence_across_target_snr_siblings
7,case-0007-event,event,0,AM,R0BD5,00,EH?,2026-04-14T21:06:29.845000Z,2026-04-14T21:07:04.845000Z,RASPISHAKE,https://data.raspberryshake.org/fdsnws/dataselect/1/query,35.0,evaluator_event_reference,AM.R0BD5.event.20260414T210629,3500,3500,0,3500,shared_event_window_across_target_snr_siblings
7,case-0007-noise-01,noise,1,AM,RCCE6,00,EH?,2025-09-02T17:22:53.102000Z,2025-09-02T17:25:56.642000Z,RASPISHAKE,https://data.raspberryshake.org/fdsnws/dataselect/1/query,35.0,primary_noise_chunk,AM.RCCE6.noise.20250902T172254,3500,3500,0,3500,shared_noise_sequence_across_target_snr_siblings
7,case-0007-noise-02,noise,2,AM,RD349,00,EH?,2025-06-03T22:23:39.088000Z,2025-06-03T22:26:44.658000Z,RASPISHAKE,https://data.raspberryshake.org/fdsnws/dataselect/1/query,35.0,continuation_noise_chunk,AM.RD349.noise.20250603T222341,3500,3500,3500,7000,shared_noise_sequence_across_target_snr_siblings
7,case-0007-noise-03,noise,3,AM,R663D,00,EH?,2025-08-07T00:00:23.930000Z,2025-08-07T00:03:28.130000Z,RASPISHAKE,https://data.raspberryshake.org/fdsnws/dataselect/1/query,35.0,continuation_noise_chunk_truncated,AM.R663D.noise.20250807T000025,3500,2000,7000,9000,shared_noise_sequence_across_target_snr_siblings
8,case-0008-event,event,0,AM,R0BD5,00,EH?,2026-04-14T21:06:29.845000Z,2026-04-14T21:07:04.845000Z,RASPISHAKE,https://data.raspberryshake.org/fdsnws/dataselect/1/query,35.0,evaluator_event_reference,AM.R0BD5.event.20260414T210629,3500,3500,0,3500,shared_event_window_across_target_snr_siblings
8,case-0008-noise-01,noise,1,AM,RCCE6,00,EH?,2025-09-02T17:22:53.102000Z,2025-09-02T17:25:56.642000Z,RASPISHAKE,https://data.raspberryshake.org/fdsnws/dataselect/1/query,35.0,primary_noise_chunk,AM.RCCE6.noise.20250902T172254,3500,3500,0,3500,shared_noise_sequence_across_target_snr_siblings
8,case-0008-noise-02,noise,2,AM,RD349,00,EH?,2025-06-03T22:23:39.088000Z,2025-06-03T22:26:44.658000Z,RASPISHAKE,https://data.raspberryshake.org/fdsnws/dataselect/1/query,35.0,continuation_noise_chunk,AM.RD349.noise.20250603T222341,3500,3500,3500,7000,shared_noise_sequence_across_target_snr_siblings
8,case-0008-noise-03,noise,3,AM,R663D,00,EH?,2025-08-07T00:00:23.930000Z,2025-08-07T00:03:28.130000Z,RASPISHAKE,https://data.raspberryshake.org/fdsnws/dataselect/1/query,35.0,continuation_noise_chunk_truncated,AM.R663D.noise.20250807T000025,3500,2000,7000,9000,shared_noise_sequence_across_target_snr_siblings
9,case-0009-event,event,0,AM,R0BD5,00,EH?,2026-04-14T21:06:29.845000Z,2026-04-14T21:07:04.845000Z,RASPISHAKE,https://data.raspberryshake.org/fdsnws/dataselect/1/query,35.0,evaluator_event_reference,AM.R0BD5.event.20260414T210629,3500,3500,0,3500,shared_event_window_across_target_snr_siblings
9,case-0009-noise-01,noise,1,AM,RCCE6,00,EH?,2025-09-02T17:22:53.102000Z,2025-09-02T17:25:56.642000Z,RASPISHAKE,https://data.raspberryshake.org/fdsnws/dataselect/1/query,35.0,primary_noise_chunk,AM.RCCE6.noise.20250902T172254,3500,3500,0,3500,shared_noise_sequence_across_target_snr_siblings
9,case-0009-noise-02,noise,2,AM,RD349,00,EH?,2025-06-03T22:23:39.088000Z,2025-06-03T22:26:44.658000Z,RASPISHAKE,https://data.raspberryshake.org/fdsnws/dataselect/1/query,35.0,continuation_noise_chunk,AM.RD349.noise.20250603T222341,3500,3500,3500,7000,shared_noise_sequence_across_target_snr_siblings
9,case-0009-noise-03,noise,3,AM,R663D,00,EH?,2025-08-07T00:00:23.930000Z,2025-08-07T00:03:28.130000Z,RASPISHAKE,https://data.raspberryshake.org/fdsnws/dataselect/1/query,35.0,continuation_noise_chunk_truncated,AM.R663D.noise.20250807T000025,3500,2000,7000,9000,shared_noise_sequence_across_target_snr_siblings
10,case-0010-event,event,0,AM,R0BD5,00,EH?,2026-04-18T21:29:20.327000Z,2026-04-18T21:29:55.327000Z,RASPISHAKE,https://data.raspberryshake.org/fdsnws/dataselect/1/query,35.0,evaluator_event_reference,AM.R0BD5.event.20260418T212920,3500,3500,0,3500,shared_event_window_across_target_snr_siblings
10,case-0010-noise-01,noise,1,AM,R2004,00,EH?,2025-06-09T03:14:05.981000Z,2025-06-09T03:17:09.391000Z,RASPISHAKE,https://data.raspberryshake.org/fdsnws/dataselect/1/query,35.0,primary_noise_chunk,AM.R2004.noise.20250609T031408,3500,3500,0,3500,shared_noise_sequence_across_target_snr_siblings
10,case-0010-noise-02,noise,2,AM,R24AE,00,EH?,2025-06-07T09:11:17.524000Z,2025-06-07T09:14:22.714000Z,RASPISHAKE,https://data.raspberryshake.org/fdsnws/dataselect/1/query,35.0,continuation_noise_chunk,AM.R24AE.noise.20250607T091120,3500,3500,3500,7000,shared_noise_sequence_across_target_snr_siblings
10,case-0010-noise-03,noise,3,AM,RAB7F,00,EH?,2025-06-25T19:41:42.390000Z,2025-06-25T19:44:47.650000Z,RASPISHAKE,https://data.raspberryshake.org/fdsnws/dataselect/1/query,35.0,continuation_noise_chunk_truncated,AM.RAB7F.noise.20250625T194145,3500,2000,7000,9000,shared_noise_sequence_across_target_snr_siblings
11,case-0011-event,event,0,AM,R0BD5,00,EH?,2026-04-18T21:29:20.327000Z,2026-04-18T21:29:55.327000Z,RASPISHAKE,https://data.raspberryshake.org/fdsnws/dataselect/1/query,35.0,evaluator_event_reference,AM.R0BD5.event.20260418T212920,3500,3500,0,3500,shared_event_window_across_target_snr_siblings
11,case-0011-noise-01,noise,1,AM,R2004,00,EH?,2025-06-09T03:14:05.981000Z,2025-06-09T03:17:09.391000Z,RASPISHAKE,https://data.raspberryshake.org/fdsnws/dataselect/1/query,35.0,primary_noise_chunk,AM.R2004.noise.20250609T031408,3500,3500,0,3500,shared_noise_sequence_across_target_snr_siblings
11,case-0011-noise-02,noise,2,AM,R24AE,00,EH?,2025-06-07T09:11:17.524000Z,2025-06-07T09:14:22.714000Z,RASPISHAKE,https://data.raspberryshake.org/fdsnws/dataselect/1/query,35.0,continuation_noise_chunk,AM.R24AE.noise.20250607T091120,3500,3500,3500,7000,shared_noise_sequence_across_target_snr_siblings
11,case-0011-noise-03,noise,3,AM,RAB7F,00,EH?,2025-06-25T19:41:42.390000Z,2025-06-25T19:44:47.650000Z,RASPISHAKE,https://data.raspberryshake.org/fdsnws/dataselect/1/query,35.0,continuation_noise_chunk_truncated,AM.RAB7F.noise.20250625T194145,3500,2000,7000,9000,shared_noise_sequence_across_target_snr_siblings
12,case-0012-event,event,0,AM,R0BD5,00,EH?,2026-04-18T21:29:20.327000Z,2026-04-18T21:29:55.327000Z,RASPISHAKE,https://data.raspberryshake.org/fdsnws/dataselect/1/query,35.0,evaluator_event_reference,AM.R0BD5.event.20260418T212920,3500,3500,0,3500,shared_event_window_across_target_snr_siblings
12,case-0012-noise-01,noise,1,AM,R2004,00,EH?,2025-06-09T03:14:05.981000Z,2025-06-09T03:17:09.391000Z,RASPISHAKE,https://data.raspberryshake.org/fdsnws/dataselect/1/query,35.0,primary_noise_chunk,AM.R2004.noise.20250609T031408,3500,3500,0,3500,shared_noise_sequence_across_target_snr_siblings
12,case-0012-noise-02,noise,2,AM,R24AE,00,EH?,2025-06-07T09:11:17.524000Z,2025-06-07T09:14:22.714000Z,RASPISHAKE,https://data.raspberryshake.org/fdsnws/dataselect/1/query,35.0,continuation_noise_chunk,AM.R24AE.noise.20250607T091120,3500,3500,3500,7000,shared_noise_sequence_across_target_snr_siblings
12,case-0012-noise-03,noise,3,AM,RAB7F,00,EH?,2025-06-25T19:41:42.390000Z,2025-06-25T19:44:47.650000Z,RASPISHAKE,https://data.raspberryshake.org/fdsnws/dataselect/1/query,35.0,continuation_noise_chunk_truncated,AM.RAB7F.noise.20250625T194145,3500,2000,7000,9000,shared_noise_sequence_across_target_snr_siblings
13,case-0013-event,event,0,AM,R0BD5,00,EH?,2026-04-29T06:30:54.752000Z,2026-04-29T06:31:29.752000Z,RASPISHAKE,https://data.raspberryshake.org/fdsnws/dataselect/1/query,35.0,evaluator_event_reference,AM.R0BD5.event.20260429T063054,3500,3500,0,3500,shared_event_window_across_target_snr_siblings
13,case-0013-noise-01,noise,1,AM,R7813,00,EH?,2025-06-02T14:31:39.265000Z,2025-06-02T14:34:46.845000Z,RASPISHAKE,https://data.raspberryshake.org/fdsnws/dataselect/1/query,35.0,primary_noise_chunk,AM.R7813.noise.20250602T143144,3500,3500,0,3500,shared_noise_sequence_across_target_snr_siblings
13,case-0013-noise-02,noise,2,AM,RB0FB,00,EH?,2025-06-01T06:27:36.792000Z,2025-06-01T06:30:44.812000Z,RASPISHAKE,https://data.raspberryshake.org/fdsnws/dataselect/1/query,35.0,continuation_noise_chunk,AM.RB0FB.noise.20250601T062741,3500,3500,3500,7000,shared_noise_sequence_across_target_snr_siblings
13,case-0013-noise-03,noise,3,AM,RA825,00,EH?,2025-06-10T08:34:06.999000Z,2025-06-10T08:37:11.879000Z,RASPISHAKE,https://data.raspberryshake.org/fdsnws/dataselect/1/query,35.0,continuation_noise_chunk_truncated,AM.RA825.noise.20250610T083409,3500,2000,7000,9000,shared_noise_sequence_across_target_snr_siblings
14,case-0014-event,event,0,AM,R0BD5,00,EH?,2026-04-29T06:30:54.752000Z,2026-04-29T06:31:29.752000Z,RASPISHAKE,https://data.raspberryshake.org/fdsnws/dataselect/1/query,35.0,evaluator_event_reference,AM.R0BD5.event.20260429T063054,3500,3500,0,3500,shared_event_window_across_target_snr_siblings
14,case-0014-noise-01,noise,1,AM,R7813,00,EH?,2025-06-02T14:31:39.265000Z,2025-06-02T14:34:46.845000Z,RASPISHAKE,https://data.raspberryshake.org/fdsnws/dataselect/1/query,35.0,primary_noise_chunk,AM.R7813.noise.20250602T143144,3500,3500,0,3500,shared_noise_sequence_across_target_snr_siblings
14,case-0014-noise-02,noise,2,AM,RB0FB,00,EH?,2025-06-01T06:27:36.792000Z,2025-06-01T06:30:44.812000Z,RASPISHAKE,https://data.raspberryshake.org/fdsnws/dataselect/1/query,35.0,continuation_noise_chunk,AM.RB0FB.noise.20250601T062741,3500,3500,3500,7000,shared_noise_sequence_across_target_snr_siblings
14,case-0014-noise-03,noise,3,AM,RA825,00,EH?,2025-06-10T08:34:06.999000Z,2025-06-10T08:37:11.879000Z,RASPISHAKE,https://data.raspberryshake.org/fdsnws/dataselect/1/query,35.0,continuation_noise_chunk_truncated,AM.RA825.noise.20250610T083409,3500,2000,7000,9000,shared_noise_sequence_across_target_snr_siblings
15,case-0015-event,event,0,AM,R0BD5,00,EH?,2026-04-29T06:30:54.752000Z,2026-04-29T06:31:29.752000Z,RASPISHAKE,https://data.raspberryshake.org/fdsnws/dataselect/1/query,35.0,evaluator_event_reference,AM.R0BD5.event.20260429T063054,3500,3500,0,3500,shared_event_window_across_target_snr_siblings
15,case-0015-noise-01,noise,1,AM,R7813,00,EH?,2025-06-02T14:31:39.265000Z,2025-06-02T14:34:46.845000Z,RASPISHAKE,https://data.raspberryshake.org/fdsnws/dataselect/1/query,35.0,primary_noise_chunk,AM.R7813.noise.20250602T143144,3500,3500,0,3500,shared_noise_sequence_across_target_snr_siblings
15,case-0015-noise-02,noise,2,AM,RB0FB,00,EH?,2025-06-01T06:27:36.792000Z,2025-06-01T06:30:44.812000Z,RASPISHAKE,https://data.raspberryshake.org/fdsnws/dataselect/1/query,35.0,continuation_noise_chunk,AM.RB0FB.noise.20250601T062741,3500,3500,3500,7000,shared_noise_sequence_across_target_snr_siblings
15,case-0015-noise-03,noise,3,AM,RA825,00,EH?,2025-06-10T08:34:06.999000Z,2025-06-10T08:37:11.879000Z,RASPISHAKE,https://data.raspberryshake.org/fdsnws/dataselect/1/query,35.0,continuation_noise_chunk_truncated,AM.RA825.noise.20250610T083409,3500,2000,7000,9000,shared_noise_sequence_across_target_snr_siblings
16,case-0016-event,event,0,AM,R0BD5,00,EH?,2026-05-09T09:11:24.310000Z,2026-05-09T09:11:59.310000Z,RASPISHAKE,https://data.raspberryshake.org/fdsnws/dataselect/1/query,35.0,evaluator_event_reference,AM.R0BD5.event.20260509T091124,3500,3500,0,3500,shared_event_window_across_target_snr_siblings
16,case-0016-noise-01,noise,1,AM,R87FD,00,EH?,2025-06-01T06:27:39.791000Z,2025-06-01T06:30:44.811000Z,RASPISHAKE,https://data.raspberryshake.org/fdsnws/dataselect/1/query,35.0,primary_noise_chunk,AM.R87FD.noise.20250601T062741,3500,3500,0,3500,shared_noise_sequence_across_target_snr_siblings
16,case-0016-noise-02,noise,2,AM,R8D8E,00,EH?,2025-08-28T07:29:08.690000Z,2025-08-28T07:32:14.700000Z,RASPISHAKE,https://data.raspberryshake.org/fdsnws/dataselect/1/query,35.0,continuation_noise_chunk,AM.R8D8E.noise.20250828T072911,3500,3500,3500,7000,shared_noise_sequence_across_target_snr_siblings
16,case-0016-noise-03,noise,3,AM,RC2BF,00,EH?,2025-06-06T15:29:57.606000Z,2025-06-06T15:33:03.936000Z,RASPISHAKE,https://data.raspberryshake.org/fdsnws/dataselect/1/query,35.0,continuation_noise_chunk_truncated,AM.RC2BF.noise.20250606T153000,3500,2000,7000,9000,shared_noise_sequence_across_target_snr_siblings
17,case-0017-event,event,0,AM,R0BD5,00,EH?,2026-05-09T09:11:24.310000Z,2026-05-09T09:11:59.310000Z,RASPISHAKE,https://data.raspberryshake.org/fdsnws/dataselect/1/query,35.0,evaluator_event_reference,AM.R0BD5.event.20260509T091124,3500,3500,0,3500,shared_event_window_across_target_snr_siblings
17,case-0017-noise-01,noise,1,AM,R87FD,00,EH?,2025-06-01T06:27:39.791000Z,2025-06-01T06:30:44.811000Z,RASPISHAKE,https://data.raspberryshake.org/fdsnws/dataselect/1/query,35.0,primary_noise_chunk,AM.R87FD.noise.20250601T062741,3500,3500,0,3500,shared_noise_sequence_across_target_snr_siblings
17,case-0017-noise-02,noise,2,AM,R8D8E,00,EH?,2025-08-28T07:29:08.690000Z,2025-08-28T07:32:14.700000Z,RASPISHAKE,https://data.raspberryshake.org/fdsnws/dataselect/1/query,35.0,continuation_noise_chunk,AM.R8D8E.noise.20250828T072911,3500,3500,3500,7000,shared_noise_sequence_across_target_snr_siblings
17,case-0017-noise-03,noise,3,AM,RC2BF,00,EH?,2025-06-06T15:29:57.606000Z,2025-06-06T15:33:03.936000Z,RASPISHAKE,https://data.raspberryshake.org/fdsnws/dataselect/1/query,35.0,continuation_noise_chunk_truncated,AM.RC2BF.noise.20250606T153000,3500,2000,7000,9000,shared_noise_sequence_across_target_snr_siblings
18,case-0018-event,event,0,AM,R0BD5,00,EH?,2026-05-09T09:11:24.310000Z,2026-05-09T09:11:59.310000Z,RASPISHAKE,https://data.raspberryshake.org/fdsnws/dataselect/1/query,35.0,evaluator_event_reference,AM.R0BD5.event.20260509T091124,3500,3500,0,3500,shared_event_window_across_target_snr_siblings
18,case-0018-noise-01,noise,1,AM,R87FD,00,EH?,2025-06-01T06:27:39.791000Z,2025-06-01T06:30:44.811000Z,RASPISHAKE,https://data.raspberryshake.org/fdsnws/dataselect/1/query,35.0,primary_noise_chunk,AM.R87FD.noise.20250601T062741,3500,3500,0,3500,shared_noise_sequence_across_target_snr_siblings
18,case-0018-noise-02,noise,2,AM,R8D8E,00,EH?,2025-08-28T07:29:08.690000Z,2025-08-28T07:32:14.700000Z,RASPISHAKE,https://data.raspberryshake.org/fdsnws/dataselect/1/query,35.0,continuation_noise_chunk,AM.R8D8E.noise.20250828T072911,3500,3500,3500,7000,shared_noise_sequence_across_target_snr_siblings
18,case-0018-noise-03,noise,3,AM,RC2BF,00,EH?,2025-06-06T15:29:57.606000Z,2025-06-06T15:33:03.936000Z,RASPISHAKE,https://data.raspberryshake.org/fdsnws/dataselect/1/query,35.0,continuation_noise_chunk_truncated,AM.RC2BF.noise.20250606T153000,3500,2000,7000,9000,shared_noise_sequence_across_target_snr_siblings
19,case-0019-event,event,0,AM,R0BD5,00,EH?,2026-05-22T17:18:11.144000Z,2026-05-22T17:18:46.144000Z,RASPISHAKE,https://data.raspberryshake.org/fdsnws/dataselect/1/query,35.0,evaluator_event_reference,AM.R0BD5.event.20260522T171811,3500,3500,0,3500,shared_event_window_across_target_snr_siblings
19,case-0019-noise-01,noise,1,AM,RAB7F,00,EH?,2025-06-26T05:33:52.569000Z,2025-06-26T05:36:56.959000Z,RASPISHAKE,https://data.raspberryshake.org/fdsnws/dataselect/1/query,35.0,primary_noise_chunk,AM.RAB7F.noise.20250626T053355,3500,3500,0,3500,shared_noise_sequence_across_target_snr_siblings
19,case-0019-noise-02,noise,2,AM,R7813,00,EH?,2025-06-04T17:28:26.845000Z,2025-06-04T17:31:34.875000Z,RASPISHAKE,https://data.raspberryshake.org/fdsnws/dataselect/1/query,35.0,continuation_noise_chunk,AM.R7813.noise.20250604T172830,3500,3500,3500,7000,shared_noise_sequence_across_target_snr_siblings
19,case-0019-noise-03,noise,3,AM,RCBF0,00,EH?,2025-06-03T19:32:20.716000Z,2025-06-03T19:35:26.336000Z,RASPISHAKE,https://data.raspberryshake.org/fdsnws/dataselect/1/query,35.0,continuation_noise_chunk_truncated,AM.RCBF0.noise.20250603T193222,3500,2000,7000,9000,shared_noise_sequence_across_target_snr_siblings
20,case-0020-event,event,0,AM,R0BD5,00,EH?,2026-05-22T17:18:11.144000Z,2026-05-22T17:18:46.144000Z,RASPISHAKE,https://data.raspberryshake.org/fdsnws/dataselect/1/query,35.0,evaluator_event_reference,AM.R0BD5.event.20260522T171811,3500,3500,0,3500,shared_event_window_across_target_snr_siblings
20,case-0020-noise-01,noise,1,AM,RAB7F,00,EH?,2025-06-26T05:33:52.569000Z,2025-06-26T05:36:56.959000Z,RASPISHAKE,https://data.raspberryshake.org/fdsnws/dataselect/1/query,35.0,primary_noise_chunk,AM.RAB7F.noise.20250626T053355,3500,3500,0,3500,shared_noise_sequence_across_target_snr_siblings
20,case-0020-noise-02,noise,2,AM,R7813,00,EH?,2025-06-04T17:28:26.845000Z,2025-06-04T17:31:34.875000Z,RASPISHAKE,https://data.raspberryshake.org/fdsnws/dataselect/1/query,35.0,continuation_noise_chunk,AM.R7813.noise.20250604T172830,3500,3500,3500,7000,shared_noise_sequence_across_target_snr_siblings
20,case-0020-noise-03,noise,3,AM,RCBF0,00,EH?,2025-06-03T19:32:20.716000Z,2025-06-03T19:35:26.336000Z,RASPISHAKE,https://data.raspberryshake.org/fdsnws/dataselect/1/query,35.0,continuation_noise_chunk_truncated,AM.RCBF0.noise.20250603T193222,3500,2000,7000,9000,shared_noise_sequence_across_target_snr_siblings
21,case-0021-event,event,0,AM,R0BD5,00,EH?,2026-05-22T17:18:11.144000Z,2026-05-22T17:18:46.144000Z,RASPISHAKE,https://data.raspberryshake.org/fdsnws/dataselect/1/query,35.0,evaluator_event_reference,AM.R0BD5.event.20260522T171811,3500,3500,0,3500,shared_event_window_across_target_snr_siblings
21,case-0021-noise-01,noise,1,AM,RAB7F,00,EH?,2025-06-26T05:33:52.569000Z,2025-06-26T05:36:56.959000Z,RASPISHAKE,https://data.raspberryshake.org/fdsnws/dataselect/1/query,35.0,primary_noise_chunk,AM.RAB7F.noise.20250626T053355,3500,3500,0,3500,shared_noise_sequence_across_target_snr_siblings
21,case-0021-noise-02,noise,2,AM,R7813,00,EH?,2025-06-04T17:28:26.845000Z,2025-06-04T17:31:34.875000Z,RASPISHAKE,https://data.raspberryshake.org/fdsnws/dataselect/1/query,35.0,continuation_noise_chunk,AM.R7813.noise.20250604T172830,3500,3500,3500,7000,shared_noise_sequence_across_target_snr_siblings
21,case-0021-noise-03,noise,3,AM,RCBF0,00,EH?,2025-06-03T19:32:20.716000Z,2025-06-03T19:35:26.336000Z,RASPISHAKE,https://data.raspberryshake.org/fdsnws/dataselect/1/query,35.0,continuation_noise_chunk_truncated,AM.RCBF0.noise.20250603T193222,3500,2000,7000,9000,shared_noise_sequence_across_target_snr_siblings
22,case-0022-event,event,0,AM,R0BD5,00,EH?,2026-05-26T14:08:04.624000Z,2026-05-26T14:08:39.624000Z,RASPISHAKE,https://data.raspberryshake.org/fdsnws/dataselect/1/query,35.0,evaluator_event_reference,AM.R0BD5.event.20260526T140804,3500,3500,0,3500,shared_event_window_across_target_snr_siblings
22,case-0022-noise-01,noise,1,AM,R2004,00,EH?,2025-06-07T14:44:16.571000Z,2025-06-07T14:47:20.591000Z,RASPISHAKE,https://data.raspberryshake.org/fdsnws/dataselect/1/query,35.0,primary_noise_chunk,AM.R2004.noise.20250607T144418,3500,3500,0,3500,shared_noise_sequence_across_target_snr_siblings
22,case-0022-noise-02,noise,2,AM,RB0FB,00,EH?,2025-06-07T23:52:56.932000Z,2025-06-07T23:56:02.102000Z,RASPISHAKE,https://data.raspberryshake.org/fdsnws/dataselect/1/query,35.0,continuation_noise_chunk,AM.RB0FB.noise.20250607T235259,3500,3500,3500,7000,shared_noise_sequence_across_target_snr_siblings
22,case-0022-noise-03,noise,3,AM,R663D,00,EH?,2025-07-31T19:10:52.850000Z,2025-07-31T19:13:57.310000Z,RASPISHAKE,https://data.raspberryshake.org/fdsnws/dataselect/1/query,35.0,continuation_noise_chunk_truncated,AM.R663D.noise.20250731T191055,3500,2000,7000,9000,shared_noise_sequence_across_target_snr_siblings
23,case-0023-event,event,0,AM,R0BD5,00,EH?,2026-05-26T14:08:04.624000Z,2026-05-26T14:08:39.624000Z,RASPISHAKE,https://data.raspberryshake.org/fdsnws/dataselect/1/query,35.0,evaluator_event_reference,AM.R0BD5.event.20260526T140804,3500,3500,0,3500,shared_event_window_across_target_snr_siblings
23,case-0023-noise-01,noise,1,AM,R2004,00,EH?,2025-06-07T14:44:16.571000Z,2025-06-07T14:47:20.591000Z,RASPISHAKE,https://data.raspberryshake.org/fdsnws/dataselect/1/query,35.0,primary_noise_chunk,AM.R2004.noise.20250607T144418,3500,3500,0,3500,shared_noise_sequence_across_target_snr_siblings
23,case-0023-noise-02,noise,2,AM,RB0FB,00,EH?,2025-06-07T23:52:56.932000Z,2025-06-07T23:56:02.102000Z,RASPISHAKE,https://data.raspberryshake.org/fdsnws/dataselect/1/query,35.0,continuation_noise_chunk,AM.RB0FB.noise.20250607T235259,3500,3500,3500,7000,shared_noise_sequence_across_target_snr_siblings
23,case-0023-noise-03,noise,3,AM,R663D,00,EH?,2025-07-31T19:10:52.850000Z,2025-07-31T19:13:57.310000Z,RASPISHAKE,https://data.raspberryshake.org/fdsnws/dataselect/1/query,35.0,continuation_noise_chunk_truncated,AM.R663D.noise.20250731T191055,3500,2000,7000,9000,shared_noise_sequence_across_target_snr_siblings
24,case-0024-event,event,0,AM,R0BD5,00,EH?,2026-05-26T14:08:04.624000Z,2026-05-26T14:08:39.624000Z,RASPISHAKE,https://data.raspberryshake.org/fdsnws/dataselect/1/query,35.0,evaluator_event_reference,AM.R0BD5.event.20260526T140804,3500,3500,0,3500,shared_event_window_across_target_snr_siblings
24,case-0024-noise-01,noise,1,AM,R2004,00,EH?,2025-06-07T14:44:16.571000Z,2025-06-07T14:47:20.591000Z,RASPISHAKE,https://data.raspberryshake.org/fdsnws/dataselect/1/query,35.0,primary_noise_chunk,AM.R2004.noise.20250607T144418,3500,3500,0,3500,shared_noise_sequence_across_target_snr_siblings
24,case-0024-noise-02,noise,2,AM,RB0FB,00,EH?,2025-06-07T23:52:56.932000Z,2025-06-07T23:56:02.102000Z,RASPISHAKE,https://data.raspberryshake.org/fdsnws/dataselect/1/query,35.0,continuation_noise_chunk,AM.RB0FB.noise.20250607T235259,3500,3500,3500,7000,shared_noise_sequence_across_target_snr_siblings
24,case-0024-noise-03,noise,3,AM,R663D,00,EH?,2025-07-31T19:10:52.850000Z,2025-07-31T19:13:57.310000Z,RASPISHAKE,https://data.raspberryshake.org/fdsnws/dataselect/1/query,35.0,continuation_noise_chunk_truncated,AM.R663D.noise.20250731T191055,3500,2000,7000,9000,shared_noise_sequence_across_target_snr_siblings
25,case-0025-event,event,0,AM,R0ECF,00,EH?,2026-01-20T07:29:50.437000Z,2026-01-20T07:30:25.437000Z,RASPISHAKE,https://data.raspberryshake.org/fdsnws/dataselect/1/query,35.0,evaluator_event_reference,AM.R0ECF.event.20260120T072950,3500,3500,0,3500,shared_event_window_across_target_snr_siblings
25,case-0025-noise-01,noise,1,AM,R0ECF,00,EH?,2025-06-03T22:23:40.107000Z,2025-06-03T22:26:42.427000Z,RASPISHAKE,https://data.raspberryshake.org/fdsnws/dataselect/1/query,35.0,primary_noise_chunk,AM.R0ECF.noise.20250603T222341,3500,3500,0,3500,shared_noise_sequence_across_target_snr_siblings
25,case-0025-noise-02,noise,2,AM,R0ECF,00,EH?,2025-06-07T23:29:25.927000Z,2025-06-07T23:32:29.087000Z,RASPISHAKE,https://data.raspberryshake.org/fdsnws/dataselect/1/query,35.0,continuation_noise_chunk,AM.R0ECF.noise.20250607T232927,3500,3500,3500,7000,shared_noise_sequence_across_target_snr_siblings
25,case-0025-noise-03,noise,3,AM,R0ECF,00,EH?,2025-06-05T12:58:04.167000Z,2025-06-05T13:01:06.637000Z,RASPISHAKE,https://data.raspberryshake.org/fdsnws/dataselect/1/query,35.0,continuation_noise_chunk_truncated,AM.R0ECF.noise.20250605T125804,3500,2000,7000,9000,shared_noise_sequence_across_target_snr_siblings
26,case-0026-event,event,0,AM,R0ECF,00,EH?,2026-01-20T07:29:50.437000Z,2026-01-20T07:30:25.437000Z,RASPISHAKE,https://data.raspberryshake.org/fdsnws/dataselect/1/query,35.0,evaluator_event_reference,AM.R0ECF.event.20260120T072950,3500,3500,0,3500,shared_event_window_across_target_snr_siblings
26,case-0026-noise-01,noise,1,AM,R0ECF,00,EH?,2025-06-03T22:23:40.107000Z,2025-06-03T22:26:42.427000Z,RASPISHAKE,https://data.raspberryshake.org/fdsnws/dataselect/1/query,35.0,primary_noise_chunk,AM.R0ECF.noise.20250603T222341,3500,3500,0,3500,shared_noise_sequence_across_target_snr_siblings
26,case-0026-noise-02,noise,2,AM,R0ECF,00,EH?,2025-06-07T23:29:25.927000Z,2025-06-07T23:32:29.087000Z,RASPISHAKE,https://data.raspberryshake.org/fdsnws/dataselect/1/query,35.0,continuation_noise_chunk,AM.R0ECF.noise.20250607T232927,3500,3500,3500,7000,shared_noise_sequence_across_target_snr_siblings
26,case-0026-noise-03,noise,3,AM,R0ECF,00,EH?,2025-06-05T12:58:04.167000Z,2025-06-05T13:01:06.637000Z,RASPISHAKE,https://data.raspberryshake.org/fdsnws/dataselect/1/query,35.0,continuation_noise_chunk_truncated,AM.R0ECF.noise.20250605T125804,3500,2000,7000,9000,shared_noise_sequence_across_target_snr_siblings
27,case-0027-event,event,0,AM,R0ECF,00,EH?,2026-01-20T07:29:50.437000Z,2026-01-20T07:30:25.437000Z,RASPISHAKE,https://data.raspberryshake.org/fdsnws/dataselect/1/query,35.0,evaluator_event_reference,AM.R0ECF.event.20260120T072950,3500,3500,0,3500,shared_event_window_across_target_snr_siblings
27,case-0027-noise-01,noise,1,AM,R0ECF,00,EH?,2025-06-03T22:23:40.107000Z,2025-06-03T22:26:42.427000Z,RASPISHAKE,https://data.raspberryshake.org/fdsnws/dataselect/1/query,35.0,primary_noise_chunk,AM.R0ECF.noise.20250603T222341,3500,3500,0,3500,shared_noise_sequence_across_target_snr_siblings
27,case-0027-noise-02,noise,2,AM,R0ECF,00,EH?,2025-06-07T23:29:25.927000Z,2025-06-07T23:32:29.087000Z,RASPISHAKE,https://data.raspberryshake.org/fdsnws/dataselect/1/query,35.0,continuation_noise_chunk,AM.R0ECF.noise.20250607T232927,3500,3500,3500,7000,shared_noise_sequence_across_target_snr_siblings
27,case-0027-noise-03,noise,3,AM,R0ECF,00,EH?,2025-06-05T12:58:04.167000Z,2025-06-05T13:01:06.637000Z,RASPISHAKE,https://data.raspberryshake.org/fdsnws/dataselect/1/query,35.0,continuation_noise_chunk_truncated,AM.R0ECF.noise.20250605T125804,3500,2000,7000,9000,shared_noise_sequence_across_target_snr_siblings
28,case-0028-event,event,0,AM,R0ECF,00,EH?,2026-02-08T12:04:25.104000Z,2026-02-08T12:05:00.104000Z,RASPISHAKE,https://data.raspberryshake.org/fdsnws/dataselect/1/query,35.0,evaluator_event_reference,AM.R0ECF.event.20260208T120425,3500,3500,0,3500,shared_event_window_across_target_snr_siblings
28,case-0028-noise-01,noise,1,AM,R0ECF,00,EH?,2025-06-10T22:22:11.657000Z,2025-06-10T22:25:15.217000Z,RASPISHAKE,https://data.raspberryshake.org/fdsnws/dataselect/1/query,35.0,primary_noise_chunk,AM.R0ECF.noise.20250610T222213,3500,3500,0,3500,shared_noise_sequence_across_target_snr_siblings
28,case-0028-noise-02,noise,2,AM,R0ECF,00,EH?,2025-06-04T00:48:15.317000Z,2025-06-04T00:51:17.577000Z,RASPISHAKE,https://data.raspberryshake.org/fdsnws/dataselect/1/query,35.0,continuation_noise_chunk,AM.R0ECF.noise.20250604T004815,3500,3500,3500,7000,shared_noise_sequence_across_target_snr_siblings
28,case-0028-noise-03,noise,3,AM,R0ECF,00,EH?,2025-06-02T14:31:43.057000Z,2025-06-02T14:34:45.857000Z,RASPISHAKE,https://data.raspberryshake.org/fdsnws/dataselect/1/query,35.0,continuation_noise_chunk_truncated,AM.R0ECF.noise.20250602T143144,3500,2000,7000,9000,shared_noise_sequence_across_target_snr_siblings
29,case-0029-event,event,0,AM,R0ECF,00,EH?,2026-02-08T12:04:25.104000Z,2026-02-08T12:05:00.104000Z,RASPISHAKE,https://data.raspberryshake.org/fdsnws/dataselect/1/query,35.0,evaluator_event_reference,AM.R0ECF.event.20260208T120425,3500,3500,0,3500,shared_event_window_across_target_snr_siblings
29,case-0029-noise-01,noise,1,AM,R0ECF,00,EH?,2025-06-10T22:22:11.657000Z,2025-06-10T22:25:15.217000Z,RASPISHAKE,https://data.raspberryshake.org/fdsnws/dataselect/1/query,35.0,primary_noise_chunk,AM.R0ECF.noise.20250610T222213,3500,3500,0,3500,shared_noise_sequence_across_target_snr_siblings
29,case-0029-noise-02,noise,2,AM,R0ECF,00,EH?,2025-06-04T00:48:15.317000Z,2025-06-04T00:51:17.577000Z,RASPISHAKE,https://data.raspberryshake.org/fdsnws/dataselect/1/query,35.0,continuation_noise_chunk,AM.R0ECF.noise.20250604T004815,3500,3500,3500,7000,shared_noise_sequence_across_target_snr_siblings
29,case-0029-noise-03,noise,3,AM,R0ECF,00,EH?,2025-06-02T14:31:43.057000Z,2025-06-02T14:34:45.857000Z,RASPISHAKE,https://data.raspberryshake.org/fdsnws/dataselect/1/query,35.0,continuation_noise_chunk_truncated,AM.R0ECF.noise.20250602T143144,3500,2000,7000,9000,shared_noise_sequence_across_target_snr_siblings
30,case-0030-event,event,0,AM,R0ECF,00,EH?,2026-02-08T12:04:25.104000Z,2026-02-08T12:05:00.104000Z,RASPISHAKE,https://data.raspberryshake.org/fdsnws/dataselect/1/query,35.0,evaluator_event_reference,AM.R0ECF.event.20260208T120425,3500,3500,0,3500,shared_event_window_across_target_snr_siblings
30,case-0030-noise-01,noise,1,AM,R0ECF,00,EH?,2025-06-10T22:22:11.657000Z,2025-06-10T22:25:15.217000Z,RASPISHAKE,https://data.raspberryshake.org/fdsnws/dataselect/1/query,35.0,primary_noise_chunk,AM.R0ECF.noise.20250610T222213,3500,3500,0,3500,shared_noise_sequence_across_target_snr_siblings
30,case-0030-noise-02,noise,2,AM,R0ECF,00,EH?,2025-06-04T00:48:15.317000Z,2025-06-04T00:51:17.577000Z,RASPISHAKE,https://data.raspberryshake.org/fdsnws/dataselect/1/query,35.0,continuation_noise_chunk,AM.R0ECF.noise.20250604T004815,3500,3500,3500,7000,shared_noise_sequence_across_target_snr_siblings
30,case-0030-noise-03,noise,3,AM,R0ECF,00,EH?,2025-06-02T14:31:43.057000Z,2025-06-02T14:34:45.857000Z,RASPISHAKE,https://data.raspberryshake.org/fdsnws/dataselect/1/query,35.0,continuation_noise_chunk_truncated,AM.R0ECF.noise.20250602T143144,3500,2000,7000,9000,shared_noise_sequence_across_target_snr_siblings
31,case-0031-event,event,0,AM,R0ECF,00,EH?,2026-02-23T05:21:56.154000Z,2026-02-23T05:22:31.154000Z,RASPISHAKE,https://data.raspberryshake.org/fdsnws/dataselect/1/query,35.0,evaluator_event_reference,AM.R0ECF.event.20260223T052156,3500,3500,0,3500,shared_event_window_across_target_snr_siblings
31,case-0031-noise-01,noise,1,AM,R0ECF,00,EH?,2025-06-03T13:01:09.457000Z,2025-06-03T13:04:12.117000Z,RASPISHAKE,https://data.raspberryshake.org/fdsnws/dataselect/1/query,35.0,primary_noise_chunk,AM.R0ECF.noise.20250603T130111,3500,3500,0,3500,shared_noise_sequence_across_target_snr_siblings
31,case-0031-noise-02,noise,2,AM,R0ECF,00,EH?,2025-06-06T02:58:34.127000Z,2025-06-06T03:01:36.917000Z,RASPISHAKE,https://data.raspberryshake.org/fdsnws/dataselect/1/query,35.0,continuation_noise_chunk,AM.R0ECF.noise.20250606T025835,3500,3500,3500,7000,shared_noise_sequence_across_target_snr_siblings
31,case-0031-noise-03,noise,3,AM,R0ECF,00,EH?,2025-06-09T17:16:44.467000Z,2025-06-09T17:19:48.937000Z,RASPISHAKE,https://data.raspberryshake.org/fdsnws/dataselect/1/query,35.0,continuation_noise_chunk_truncated,AM.R0ECF.noise.20250609T171646,3500,2000,7000,9000,shared_noise_sequence_across_target_snr_siblings
32,case-0032-event,event,0,AM,R0ECF,00,EH?,2026-02-23T05:21:56.154000Z,2026-02-23T05:22:31.154000Z,RASPISHAKE,https://data.raspberryshake.org/fdsnws/dataselect/1/query,35.0,evaluator_event_reference,AM.R0ECF.event.20260223T052156,3500,3500,0,3500,shared_event_window_across_target_snr_siblings
32,case-0032-noise-01,noise,1,AM,R0ECF,00,EH?,2025-06-03T13:01:09.457000Z,2025-06-03T13:04:12.117000Z,RASPISHAKE,https://data.raspberryshake.org/fdsnws/dataselect/1/query,35.0,primary_noise_chunk,AM.R0ECF.noise.20250603T130111,3500,3500,0,3500,shared_noise_sequence_across_target_snr_siblings
32,case-0032-noise-02,noise,2,AM,R0ECF,00,EH?,2025-06-06T02:58:34.127000Z,2025-06-06T03:01:36.917000Z,RASPISHAKE,https://data.raspberryshake.org/fdsnws/dataselect/1/query,35.0,continuation_noise_chunk,AM.R0ECF.noise.20250606T025835,3500,3500,3500,7000,shared_noise_sequence_across_target_snr_siblings
32,case-0032-noise-03,noise,3,AM,R0ECF,00,EH?,2025-06-09T17:16:44.467000Z,2025-06-09T17:19:48.937000Z,RASPISHAKE,https://data.raspberryshake.org/fdsnws/dataselect/1/query,35.0,continuation_noise_chunk_truncated,AM.R0ECF.noise.20250609T171646,3500,2000,7000,9000,shared_noise_sequence_across_target_snr_siblings
33,case-0033-event,event,0,AM,R0ECF,00,EH?,2026-02-23T05:21:56.154000Z,2026-02-23T05:22:31.154000Z,RASPISHAKE,https://data.raspberryshake.org/fdsnws/dataselect/1/query,35.0,evaluator_event_reference,AM.R0ECF.event.20260223T052156,3500,3500,0,3500,shared_event_window_across_target_snr_siblings
33,case-0033-noise-01,noise,1,AM,R0ECF,00,EH?,2025-06-03T13:01:09.457000Z,2025-06-03T13:04:12.117000Z,RASPISHAKE,https://data.raspberryshake.org/fdsnws/dataselect/1/query,35.0,primary_noise_chunk,AM.R0ECF.noise.20250603T130111,3500,3500,0,3500,shared_noise_sequence_across_target_snr_siblings
33,case-0033-noise-02,noise,2,AM,R0ECF,00,EH?,2025-06-06T02:58:34.127000Z,2025-06-06T03:01:36.917000Z,RASPISHAKE,https://data.raspberryshake.org/fdsnws/dataselect/1/query,35.0,continuation_noise_chunk,AM.R0ECF.noise.20250606T025835,3500,3500,3500,7000,shared_noise_sequence_across_target_snr_siblings
33,case-0033-noise-03,noise,3,AM,R0ECF,00,EH?,2025-06-09T17:16:44.467000Z,2025-06-09T17:19:48.937000Z,RASPISHAKE,https://data.raspberryshake.org/fdsnws/dataselect/1/query,35.0,continuation_noise_chunk_truncated,AM.R0ECF.noise.20250609T171646,3500,2000,7000,9000,shared_noise_sequence_across_target_snr_siblings
34,case-0034-event,event,0,AM,R0ECF,00,EH?,2026-03-17T04:32:41.454000Z,2026-03-17T04:33:16.454000Z,RASPISHAKE,https://data.raspberryshake.org/fdsnws/dataselect/1/query,35.0,evaluator_event_reference,AM.R0ECF.event.20260317T043241,3500,3500,0,3500,shared_event_window_across_target_snr_siblings
34,case-0034-noise-01,noise,1,AM,R0ECF,00,EH?,2025-06-02T14:31:43.057000Z,2025-06-02T14:34:45.857000Z,RASPISHAKE,https://data.raspberryshake.org/fdsnws/dataselect/1/query,35.0,primary_noise_chunk,AM.R0ECF.noise.20250602T143144,3500,3500,0,3500,shared_noise_sequence_across_target_snr_siblings
34,case-0034-noise-02,noise,2,AM,R0ECF,00,EH?,2025-06-05T12:58:04.167000Z,2025-06-05T13:01:06.637000Z,RASPISHAKE,https://data.raspberryshake.org/fdsnws/dataselect/1/query,35.0,continuation_noise_chunk,AM.R0ECF.noise.20250605T125804,3500,3500,3500,7000,shared_noise_sequence_across_target_snr_siblings
34,case-0034-noise-03,noise,3,AM,R0ECF,00,EH?,2025-06-04T20:32:04.577000Z,2025-06-04T20:35:07.087000Z,RASPISHAKE,https://data.raspberryshake.org/fdsnws/dataselect/1/query,35.0,continuation_noise_chunk_truncated,AM.R0ECF.noise.20250604T203205,3500,2000,7000,9000,shared_noise_sequence_across_target_snr_siblings
35,case-0035-event,event,0,AM,R0ECF,00,EH?,2026-03-17T04:32:41.454000Z,2026-03-17T04:33:16.454000Z,RASPISHAKE,https://data.raspberryshake.org/fdsnws/dataselect/1/query,35.0,evaluator_event_reference,AM.R0ECF.event.20260317T043241,3500,3500,0,3500,shared_event_window_across_target_snr_siblings
35,case-0035-noise-01,noise,1,AM,R0ECF,00,EH?,2025-06-02T14:31:43.057000Z,2025-06-02T14:34:45.857000Z,RASPISHAKE,https://data.raspberryshake.org/fdsnws/dataselect/1/query,35.0,primary_noise_chunk,AM.R0ECF.noise.20250602T143144,3500,3500,0,3500,shared_noise_sequence_across_target_snr_siblings
35,case-0035-noise-02,noise,2,AM,R0ECF,00,EH?,2025-06-05T12:58:04.167000Z,2025-06-05T13:01:06.637000Z,RASPISHAKE,https://data.raspberryshake.org/fdsnws/dataselect/1/query,35.0,continuation_noise_chunk,AM.R0ECF.noise.20250605T125804,3500,3500,3500,7000,shared_noise_sequence_across_target_snr_siblings
35,case-0035-noise-03,noise,3,AM,R0ECF,00,EH?,2025-06-04T20:32:04.577000Z,2025-06-04T20:35:07.087000Z,RASPISHAKE,https://data.raspberryshake.org/fdsnws/dataselect/1/query,35.0,continuation_noise_chunk_truncated,AM.R0ECF.noise.20250604T203205,3500,2000,7000,9000,shared_noise_sequence_across_target_snr_siblings
36,case-0036-event,event,0,AM,R0ECF,00,EH?,2026-03-17T04:32:41.454000Z,2026-03-17T04:33:16.454000Z,RASPISHAKE,https://data.raspberryshake.org/fdsnws/dataselect/1/query,35.0,evaluator_event_reference,AM.R0ECF.event.20260317T043241,3500,3500,0,3500,shared_event_window_across_target_snr_siblings
36,case-0036-noise-01,noise,1,AM,R0ECF,00,EH?,2025-06-02T14:31:43.057000Z,2025-06-02T14:34:45.857000Z,RASPISHAKE,https://data.raspberryshake.org/fdsnws/dataselect/1/query,35.0,primary_noise_chunk,AM.R0ECF.noise.20250602T143144,3500,3500,0,3500,shared_noise_sequence_across_target_snr_siblings
36,case-0036-noise-02,noise,2,AM,R0ECF,00,EH?,2025-06-05T12:58:04.167000Z,2025-06-05T13:01:06.637000Z,RASPISHAKE,https://data.raspberryshake.org/fdsnws/dataselect/1/query,35.0,continuation_noise_chunk,AM.R0ECF.noise.20250605T125804,3500,3500,3500,7000,shared_noise_sequence_across_target_snr_siblings
36,case-0036-noise-03,noise,3,AM,R0ECF,00,EH?,2025-06-04T20:32:04.577000Z,2025-06-04T20:35:07.087000Z,RASPISHAKE,https://data.raspberryshake.org/fdsnws/dataselect/1/query,35.0,continuation_noise_chunk_truncated,AM.R0ECF.noise.20250604T203205,3500,2000,7000,9000,shared_noise_sequence_across_target_snr_siblings
37,case-0037-event,event,0,AM,R0ECF,00,EH?,2026-03-26T14:31:55.584000Z,2026-03-26T14:32:30.584000Z,RASPISHAKE,https://data.raspberryshake.org/fdsnws/dataselect/1/query,35.0,evaluator_event_reference,AM.R0ECF.event.20260326T143155,3500,3500,0,3500,shared_event_window_across_target_snr_siblings
37,case-0037-noise-01,noise,1,AM,R0ECF,00,EH?,2025-06-04T04:12:24.357000Z,2025-06-04T04:15:26.927000Z,RASPISHAKE,https://data.raspberryshake.org/fdsnws/dataselect/1/query,35.0,primary_noise_chunk,AM.R0ECF.noise.20250604T041225,3500,3500,0,3500,shared_noise_sequence_across_target_snr_siblings
37,case-0037-noise-02,noise,2,AM,R0ECF,00,EH?,2025-06-01T00:58:50.777000Z,2025-06-01T01:01:54.767000Z,RASPISHAKE,https://data.raspberryshake.org/fdsnws/dataselect/1/query,35.0,continuation_noise_chunk,AM.R0ECF.noise.20250601T005852,3500,3500,3500,7000,shared_noise_sequence_across_target_snr_siblings
37,case-0037-noise-03,noise,3,AM,R0ECF,00,EH?,2025-06-03T22:23:40.107000Z,2025-06-03T22:26:42.427000Z,RASPISHAKE,https://data.raspberryshake.org/fdsnws/dataselect/1/query,35.0,continuation_noise_chunk_truncated,AM.R0ECF.noise.20250603T222341,3500,2000,7000,9000,shared_noise_sequence_across_target_snr_siblings
38,case-0038-event,event,0,AM,R0ECF,00,EH?,2026-03-26T14:31:55.584000Z,2026-03-26T14:32:30.584000Z,RASPISHAKE,https://data.raspberryshake.org/fdsnws/dataselect/1/query,35.0,evaluator_event_reference,AM.R0ECF.event.20260326T143155,3500,3500,0,3500,shared_event_window_across_target_snr_siblings
38,case-0038-noise-01,noise,1,AM,R0ECF,00,EH?,2025-06-04T04:12:24.357000Z,2025-06-04T04:15:26.927000Z,RASPISHAKE,https://data.raspberryshake.org/fdsnws/dataselect/1/query,35.0,primary_noise_chunk,AM.R0ECF.noise.20250604T041225,3500,3500,0,3500,shared_noise_sequence_across_target_snr_siblings
38,case-0038-noise-02,noise,2,AM,R0ECF,00,EH?,2025-06-01T00:58:50.777000Z,2025-06-01T01:01:54.767000Z,RASPISHAKE,https://data.raspberryshake.org/fdsnws/dataselect/1/query,35.0,continuation_noise_chunk,AM.R0ECF.noise.20250601T005852,3500,3500,3500,7000,shared_noise_sequence_across_target_snr_siblings
38,case-0038-noise-03,noise,3,AM,R0ECF,00,EH?,2025-06-03T22:23:40.107000Z,2025-06-03T22:26:42.427000Z,RASPISHAKE,https://data.raspberryshake.org/fdsnws/dataselect/1/query,35.0,continuation_noise_chunk_truncated,AM.R0ECF.noise.20250603T222341,3500,2000,7000,9000,shared_noise_sequence_across_target_snr_siblings
39,case-0039-event,event,0,AM,R0ECF,00,EH?,2026-03-26T14:31:55.584000Z,2026-03-26T14:32:30.584000Z,RASPISHAKE,https://data.raspberryshake.org/fdsnws/dataselect/1/query,35.0,evaluator_event_reference,AM.R0ECF.event.20260326T143155,3500,3500,0,3500,shared_event_window_across_target_snr_siblings
39,case-0039-noise-01,noise,1,AM,R0ECF,00,EH?,2025-06-04T04:12:24.357000Z,2025-06-04T04:15:26.927000Z,RASPISHAKE,https://data.raspberryshake.org/fdsnws/dataselect/1/query,35.0,primary_noise_chunk,AM.R0ECF.noise.20250604T041225,3500,3500,0,3500,shared_noise_sequence_across_target_snr_siblings
39,case-0039-noise-02,noise,2,AM,R0ECF,00,EH?,2025-06-01T00:58:50.777000Z,2025-06-01T01:01:54.767000Z,RASPISHAKE,https://data.raspberryshake.org/fdsnws/dataselect/1/query,35.0,continuation_noise_chunk,AM.R0ECF.noise.20250601T005852,3500,3500,3500,7000,shared_noise_sequence_across_target_snr_siblings
39,case-0039-noise-03,noise,3,AM,R0ECF,00,EH?,2025-06-03T22:23:40.107000Z,2025-06-03T22:26:42.427000Z,RASPISHAKE,https://data.raspberryshake.org/fdsnws/dataselect/1/query,35.0,continuation_noise_chunk_truncated,AM.R0ECF.noise.20250603T222341,3500,2000,7000,9000,shared_noise_sequence_across_target_snr_siblings
40,case-0040-event,event,0,AM,R0ECF,00,EH?,2026-04-01T11:28:29.774000Z,2026-04-01T11:29:04.774000Z,RASPISHAKE,https://data.raspberryshake.org/fdsnws/dataselect/1/query,35.0,evaluator_event_reference,AM.R0ECF.event.20260401T112829,3500,3500,0,3500,shared_event_window_across_target_snr_siblings
40,case-0040-noise-01,noise,1,AM,R0ECF,00,EH?,2025-06-02T21:51:36.067000Z,2025-06-02T21:54:38.927000Z,RASPISHAKE,https://data.raspberryshake.org/fdsnws/dataselect/1/query,35.0,primary_noise_chunk,AM.R0ECF.noise.20250602T215137,3500,3500,0,3500,shared_noise_sequence_across_target_snr_siblings
40,case-0040-noise-02,noise,2,AM,R0ECF,00,EH?,2025-06-02T19:28:38.277000Z,2025-06-02T19:31:41.347000Z,RASPISHAKE,https://data.raspberryshake.org/fdsnws/dataselect/1/query,35.0,continuation_noise_chunk,AM.R0ECF.noise.20250602T192840,3500,3500,3500,7000,shared_noise_sequence_across_target_snr_siblings
40,case-0040-noise-03,noise,3,AM,R0ECF,00,EH?,2025-06-04T17:28:29.207000Z,2025-06-04T17:31:31.537000Z,RASPISHAKE,https://data.raspberryshake.org/fdsnws/dataselect/1/query,35.0,continuation_noise_chunk_truncated,AM.R0ECF.noise.20250604T172830,3500,2000,7000,9000,shared_noise_sequence_across_target_snr_siblings
41,case-0041-event,event,0,AM,R0ECF,00,EH?,2026-04-01T11:28:29.774000Z,2026-04-01T11:29:04.774000Z,RASPISHAKE,https://data.raspberryshake.org/fdsnws/dataselect/1/query,35.0,evaluator_event_reference,AM.R0ECF.event.20260401T112829,3500,3500,0,3500,shared_event_window_across_target_snr_siblings
41,case-0041-noise-01,noise,1,AM,R0ECF,00,EH?,2025-06-02T21:51:36.067000Z,2025-06-02T21:54:38.927000Z,RASPISHAKE,https://data.raspberryshake.org/fdsnws/dataselect/1/query,35.0,primary_noise_chunk,AM.R0ECF.noise.20250602T215137,3500,3500,0,3500,shared_noise_sequence_across_target_snr_siblings
41,case-0041-noise-02,noise,2,AM,R0ECF,00,EH?,2025-06-02T19:28:38.277000Z,2025-06-02T19:31:41.347000Z,RASPISHAKE,https://data.raspberryshake.org/fdsnws/dataselect/1/query,35.0,continuation_noise_chunk,AM.R0ECF.noise.20250602T192840,3500,3500,3500,7000,shared_noise_sequence_across_target_snr_siblings
41,case-0041-noise-03,noise,3,AM,R0ECF,00,EH?,2025-06-04T17:28:29.207000Z,2025-06-04T17:31:31.537000Z,RASPISHAKE,https://data.raspberryshake.org/fdsnws/dataselect/1/query,35.0,continuation_noise_chunk_truncated,AM.R0ECF.noise.20250604T172830,3500,2000,7000,9000,shared_noise_sequence_across_target_snr_siblings
42,case-0042-event,event,0,AM,R0ECF,00,EH?,2026-04-01T11:28:29.774000Z,2026-04-01T11:29:04.774000Z,RASPISHAKE,https://data.raspberryshake.org/fdsnws/dataselect/1/query,35.0,evaluator_event_reference,AM.R0ECF.event.20260401T112829,3500,3500,0,3500,shared_event_window_across_target_snr_siblings
42,case-0042-noise-01,noise,1,AM,R0ECF,00,EH?,2025-06-02T21:51:36.067000Z,2025-06-02T21:54:38.927000Z,RASPISHAKE,https://data.raspberryshake.org/fdsnws/dataselect/1/query,35.0,primary_noise_chunk,AM.R0ECF.noise.20250602T215137,3500,3500,0,3500,shared_noise_sequence_across_target_snr_siblings
42,case-0042-noise-02,noise,2,AM,R0ECF,00,EH?,2025-06-02T19:28:38.277000Z,2025-06-02T19:31:41.347000Z,RASPISHAKE,https://data.raspberryshake.org/fdsnws/dataselect/1/query,35.0,continuation_noise_chunk,AM.R0ECF.noise.20250602T192840,3500,3500,3500,7000,shared_noise_sequence_across_target_snr_siblings
42,case-0042-noise-03,noise,3,AM,R0ECF,00,EH?,2025-06-04T17:28:29.207000Z,2025-06-04T17:31:31.537000Z,RASPISHAKE,https://data.raspberryshake.org/fdsnws/dataselect/1/query,35.0,continuation_noise_chunk_truncated,AM.R0ECF.noise.20250604T172830,3500,2000,7000,9000,shared_noise_sequence_across_target_snr_siblings
43,case-0043-event,event,0,AM,R0ECF,00,EH?,2026-04-20T08:05:59.674000Z,2026-04-20T08:06:34.674000Z,RASPISHAKE,https://data.raspberryshake.org/fdsnws/dataselect/1/query,35.0,evaluator_event_reference,AM.R0ECF.event.20260420T080559,3500,3500,0,3500,shared_event_window_across_target_snr_siblings
43,case-0043-noise-01,noise,1,AM,R0ECF,00,EH?,2025-06-02T14:31:43.057000Z,2025-06-02T14:34:45.857000Z,RASPISHAKE,https://data.raspberryshake.org/fdsnws/dataselect/1/query,35.0,primary_noise_chunk,AM.R0ECF.noise.20250602T143144,3500,3500,0,3500,shared_noise_sequence_across_target_snr_siblings
43,case-0043-noise-02,noise,2,AM,R0ECF,00,EH?,2025-06-08T15:34:41.937000Z,2025-06-08T15:37:43.237000Z,RASPISHAKE,https://data.raspberryshake.org/fdsnws/dataselect/1/query,35.0,continuation_noise_chunk,AM.R0ECF.noise.20250608T153442,3500,3500,3500,7000,shared_noise_sequence_across_target_snr_siblings
43,case-0043-noise-03,noise,3,AM,R0ECF,00,EH?,2025-06-10T08:34:06.857000Z,2025-06-10T08:37:11.797000Z,RASPISHAKE,https://data.raspberryshake.org/fdsnws/dataselect/1/query,35.0,continuation_noise_chunk_truncated,AM.R0ECF.noise.20250610T083409,3500,2000,7000,9000,shared_noise_sequence_across_target_snr_siblings
44,case-0044-event,event,0,AM,R0ECF,00,EH?,2026-04-20T08:05:59.674000Z,2026-04-20T08:06:34.674000Z,RASPISHAKE,https://data.raspberryshake.org/fdsnws/dataselect/1/query,35.0,evaluator_event_reference,AM.R0ECF.event.20260420T080559,3500,3500,0,3500,shared_event_window_across_target_snr_siblings
44,case-0044-noise-01,noise,1,AM,R0ECF,00,EH?,2025-06-02T14:31:43.057000Z,2025-06-02T14:34:45.857000Z,RASPISHAKE,https://data.raspberryshake.org/fdsnws/dataselect/1/query,35.0,primary_noise_chunk,AM.R0ECF.noise.20250602T143144,3500,3500,0,3500,shared_noise_sequence_across_target_snr_siblings
44,case-0044-noise-02,noise,2,AM,R0ECF,00,EH?,2025-06-08T15:34:41.937000Z,2025-06-08T15:37:43.237000Z,RASPISHAKE,https://data.raspberryshake.org/fdsnws/dataselect/1/query,35.0,continuation_noise_chunk,AM.R0ECF.noise.20250608T153442,3500,3500,3500,7000,shared_noise_sequence_across_target_snr_siblings
44,case-0044-noise-03,noise,3,AM,R0ECF,00,EH?,2025-06-10T08:34:06.857000Z,2025-06-10T08:37:11.797000Z,RASPISHAKE,https://data.raspberryshake.org/fdsnws/dataselect/1/query,35.0,continuation_noise_chunk_truncated,AM.R0ECF.noise.20250610T083409,3500,2000,7000,9000,shared_noise_sequence_across_target_snr_siblings
45,case-0045-event,event,0,AM,R0ECF,00,EH?,2026-04-20T08:05:59.674000Z,2026-04-20T08:06:34.674000Z,RASPISHAKE,https://data.raspberryshake.org/fdsnws/dataselect/1/query,35.0,evaluator_event_reference,AM.R0ECF.event.20260420T080559,3500,3500,0,3500,shared_event_window_across_target_snr_siblings
45,case-0045-noise-01,noise,1,AM,R0ECF,00,EH?,2025-06-02T14:31:43.057000Z,2025-06-02T14:34:45.857000Z,RASPISHAKE,https://data.raspberryshake.org/fdsnws/dataselect/1/query,35.0,primary_noise_chunk,AM.R0ECF.noise.20250602T143144,3500,3500,0,3500,shared_noise_sequence_across_target_snr_siblings
45,case-0045-noise-02,noise,2,AM,R0ECF,00,EH?,2025-06-08T15:34:41.937000Z,2025-06-08T15:37:43.237000Z,RASPISHAKE,https://data.raspberryshake.org/fdsnws/dataselect/1/query,35.0,continuation_noise_chunk,AM.R0ECF.noise.20250608T153442,3500,3500,3500,7000,shared_noise_sequence_across_target_snr_siblings
45,case-0045-noise-03,noise,3,AM,R0ECF,00,EH?,2025-06-10T08:34:06.857000Z,2025-06-10T08:37:11.797000Z,RASPISHAKE,https://data.raspberryshake.org/fdsnws/dataselect/1/query,35.0,continuation_noise_chunk_truncated,AM.R0ECF.noise.20250610T083409,3500,2000,7000,9000,shared_noise_sequence_across_target_snr_siblings
46,case-0046-event,event,0,AM,R0ECF,00,EH?,2026-05-25T22:02:18.944000Z,2026-05-25T22:02:53.944000Z,RASPISHAKE,https://data.raspberryshake.org/fdsnws/dataselect/1/query,35.0,evaluator_event_reference,AM.R0ECF.event.20260525T220218,3500,3500,0,3500,shared_event_window_across_target_snr_siblings
46,case-0046-noise-01,noise,1,AM,R0ECF,00,EH?,2025-06-03T13:01:09.457000Z,2025-06-03T13:04:12.117000Z,RASPISHAKE,https://data.raspberryshake.org/fdsnws/dataselect/1/query,35.0,primary_noise_chunk,AM.R0ECF.noise.20250603T130111,3500,3500,0,3500,shared_noise_sequence_across_target_snr_siblings
46,case-0046-noise-02,noise,2,AM,R0ECF,00,EH?,2025-06-04T04:12:24.357000Z,2025-06-04T04:15:26.927000Z,RASPISHAKE,https://data.raspberryshake.org/fdsnws/dataselect/1/query,35.0,continuation_noise_chunk,AM.R0ECF.noise.20250604T041225,3500,3500,3500,7000,shared_noise_sequence_across_target_snr_siblings
46,case-0046-noise-03,noise,3,AM,R0ECF,00,EH?,2025-06-05T12:58:04.167000Z,2025-06-05T13:01:06.637000Z,RASPISHAKE,https://data.raspberryshake.org/fdsnws/dataselect/1/query,35.0,continuation_noise_chunk_truncated,AM.R0ECF.noise.20250605T125804,3500,2000,7000,9000,shared_noise_sequence_across_target_snr_siblings
47,case-0047-event,event,0,AM,R0ECF,00,EH?,2026-05-25T22:02:18.944000Z,2026-05-25T22:02:53.944000Z,RASPISHAKE,https://data.raspberryshake.org/fdsnws/dataselect/1/query,35.0,evaluator_event_reference,AM.R0ECF.event.20260525T220218,3500,3500,0,3500,shared_event_window_across_target_snr_siblings
47,case-0047-noise-01,noise,1,AM,R0ECF,00,EH?,2025-06-03T13:01:09.457000Z,2025-06-03T13:04:12.117000Z,RASPISHAKE,https://data.raspberryshake.org/fdsnws/dataselect/1/query,35.0,primary_noise_chunk,AM.R0ECF.noise.20250603T130111,3500,3500,0,3500,shared_noise_sequence_across_target_snr_siblings
47,case-0047-noise-02,noise,2,AM,R0ECF,00,EH?,2025-06-04T04:12:24.357000Z,2025-06-04T04:15:26.927000Z,RASPISHAKE,https://data.raspberryshake.org/fdsnws/dataselect/1/query,35.0,continuation_noise_chunk,AM.R0ECF.noise.20250604T041225,3500,3500,3500,7000,shared_noise_sequence_across_target_snr_siblings
47,case-0047-noise-03,noise,3,AM,R0ECF,00,EH?,2025-06-05T12:58:04.167000Z,2025-06-05T13:01:06.637000Z,RASPISHAKE,https://data.raspberryshake.org/fdsnws/dataselect/1/query,35.0,continuation_noise_chunk_truncated,AM.R0ECF.noise.20250605T125804,3500,2000,7000,9000,shared_noise_sequence_across_target_snr_siblings
48,case-0048-event,event,0,AM,R0ECF,00,EH?,2026-05-25T22:02:18.944000Z,2026-05-25T22:02:53.944000Z,RASPISHAKE,https://data.raspberryshake.org/fdsnws/dataselect/1/query,35.0,evaluator_event_reference,AM.R0ECF.event.20260525T220218,3500,3500,0,3500,shared_event_window_across_target_snr_siblings
48,case-0048-noise-01,noise,1,AM,R0ECF,00,EH?,2025-06-03T13:01:09.457000Z,2025-06-03T13:04:12.117000Z,RASPISHAKE,https://data.raspberryshake.org/fdsnws/dataselect/1/query,35.0,primary_noise_chunk,AM.R0ECF.noise.20250603T130111,3500,3500,0,3500,shared_noise_sequence_across_target_snr_siblings
48,case-0048-noise-02,noise,2,AM,R0ECF,00,EH?,2025-06-04T04:12:24.357000Z,2025-06-04T04:15:26.927000Z,RASPISHAKE,https://data.raspberryshake.org/fdsnws/dataselect/1/query,35.0,continuation_noise_chunk,AM.R0ECF.noise.20250604T041225,3500,3500,3500,7000,shared_noise_sequence_across_target_snr_siblings
48,case-0048-noise-03,noise,3,AM,R0ECF,00,EH?,2025-06-05T12:58:04.167000Z,2025-06-05T13:01:06.637000Z,RASPISHAKE,https://data.raspberryshake.org/fdsnws/dataselect/1/query,35.0,continuation_noise_chunk_truncated,AM.R0ECF.noise.20250605T125804,3500,2000,7000,9000,shared_noise_sequence_across_target_snr_siblings
49,case-0049-event,event,0,AM,R2004,00,EH?,2025-09-23T17:48:58.781000Z,2025-09-23T17:49:33.781000Z,RASPISHAKE,https://data.raspberryshake.org/fdsnws/dataselect/1/query,35.0,evaluator_event_reference,AM.R2004.event.20250923T174858,3500,3500,0,3500,shared_event_window_across_target_snr_siblings
49,case-0049-noise-01,noise,1,AM,R2004,00,EH?,2025-06-09T17:16:44.851000Z,2025-06-09T17:19:48.371000Z,RASPISHAKE,https://data.raspberryshake.org/fdsnws/dataselect/1/query,35.0,primary_noise_chunk,AM.R2004.noise.20250609T171646,3500,3500,0,3500,shared_noise_sequence_across_target_snr_siblings
49,case-0049-noise-02,noise,2,AM,R2004,00,EH?,2025-06-05T12:58:02.921000Z,2025-06-05T13:01:06.271000Z,RASPISHAKE,https://data.raspberryshake.org/fdsnws/dataselect/1/query,35.0,continuation_noise_chunk,AM.R2004.noise.20250605T125804,3500,3500,3500,7000,shared_noise_sequence_across_target_snr_siblings
49,case-0049-noise-03,noise,3,AM,R2004,00,EH?,2025-06-04T04:12:22.731000Z,2025-06-04T04:15:26.611000Z,RASPISHAKE,https://data.raspberryshake.org/fdsnws/dataselect/1/query,35.0,continuation_noise_chunk_truncated,AM.R2004.noise.20250604T041225,3500,2000,7000,9000,shared_noise_sequence_across_target_snr_siblings
50,case-0050-event,event,0,AM,R2004,00,EH?,2025-09-23T17:48:58.781000Z,2025-09-23T17:49:33.781000Z,RASPISHAKE,https://data.raspberryshake.org/fdsnws/dataselect/1/query,35.0,evaluator_event_reference,AM.R2004.event.20250923T174858,3500,3500,0,3500,shared_event_window_across_target_snr_siblings
50,case-0050-noise-01,noise,1,AM,R2004,00,EH?,2025-06-09T17:16:44.851000Z,2025-06-09T17:19:48.371000Z,RASPISHAKE,https://data.raspberryshake.org/fdsnws/dataselect/1/query,35.0,primary_noise_chunk,AM.R2004.noise.20250609T171646,3500,3500,0,3500,shared_noise_sequence_across_target_snr_siblings
50,case-0050-noise-02,noise,2,AM,R2004,00,EH?,2025-06-05T12:58:02.921000Z,2025-06-05T13:01:06.271000Z,RASPISHAKE,https://data.raspberryshake.org/fdsnws/dataselect/1/query,35.0,continuation_noise_chunk,AM.R2004.noise.20250605T125804,3500,3500,3500,7000,shared_noise_sequence_across_target_snr_siblings
50,case-0050-noise-03,noise,3,AM,R2004,00,EH?,2025-06-04T04:12:22.731000Z,2025-06-04T04:15:26.611000Z,RASPISHAKE,https://data.raspberryshake.org/fdsnws/dataselect/1/query,35.0,continuation_noise_chunk_truncated,AM.R2004.noise.20250604T041225,3500,2000,7000,9000,shared_noise_sequence_across_target_snr_siblings
51,case-0051-event,event,0,AM,R2004,00,EH?,2025-09-23T17:48:58.781000Z,2025-09-23T17:49:33.781000Z,RASPISHAKE,https://data.raspberryshake.org/fdsnws/dataselect/1/query,35.0,evaluator_event_reference,AM.R2004.event.20250923T174858,3500,3500,0,3500,shared_event_window_across_target_snr_siblings
51,case-0051-noise-01,noise,1,AM,R2004,00,EH?,2025-06-09T17:16:44.851000Z,2025-06-09T17:19:48.371000Z,RASPISHAKE,https://data.raspberryshake.org/fdsnws/dataselect/1/query,35.0,primary_noise_chunk,AM.R2004.noise.20250609T171646,3500,3500,0,3500,shared_noise_sequence_across_target_snr_siblings
51,case-0051-noise-02,noise,2,AM,R2004,00,EH?,2025-06-05T12:58:02.921000Z,2025-06-05T13:01:06.271000Z,RASPISHAKE,https://data.raspberryshake.org/fdsnws/dataselect/1/query,35.0,continuation_noise_chunk,AM.R2004.noise.20250605T125804,3500,3500,3500,7000,shared_noise_sequence_across_target_snr_siblings
51,case-0051-noise-03,noise,3,AM,R2004,00,EH?,2025-06-04T04:12:22.731000Z,2025-06-04T04:15:26.611000Z,RASPISHAKE,https://data.raspberryshake.org/fdsnws/dataselect/1/query,35.0,continuation_noise_chunk_truncated,AM.R2004.noise.20250604T041225,3500,2000,7000,9000,shared_noise_sequence_across_target_snr_siblings
52,case-0052-event,event,0,AM,R2004,00,EH?,2025-10-22T00:13:47.981000Z,2025-10-22T00:14:22.981000Z,RASPISHAKE,https://data.raspberryshake.org/fdsnws/dataselect/1/query,35.0,evaluator_event_reference,AM.R2004.event.20251022T001347,3500,3500,0,3500,shared_event_window_across_target_snr_siblings
52,case-0052-noise-01,noise,1,AM,R2004,00,EH?,2025-06-04T17:28:28.941000Z,2025-06-04T17:31:32.951000Z,RASPISHAKE,https://data.raspberryshake.org/fdsnws/dataselect/1/query,35.0,primary_noise_chunk,AM.R2004.noise.20250604T172830,3500,3500,0,3500,shared_noise_sequence_across_target_snr_siblings
52,case-0052-noise-02,noise,2,AM,R2004,00,EH?,2025-06-07T23:52:58.251000Z,2025-06-07T23:56:00.511000Z,RASPISHAKE,https://data.raspberryshake.org/fdsnws/dataselect/1/query,35.0,continuation_noise_chunk,AM.R2004.noise.20250607T235259,3500,3500,3500,7000,shared_noise_sequence_across_target_snr_siblings
52,case-0052-noise-03,noise,3,AM,R2004,00,EH?,2025-06-08T09:18:51.751000Z,2025-06-08T09:21:54.941000Z,RASPISHAKE,https://data.raspberryshake.org/fdsnws/dataselect/1/query,35.0,continuation_noise_chunk_truncated,AM.R2004.noise.20250608T091852,3500,2000,7000,9000,shared_noise_sequence_across_target_snr_siblings
53,case-0053-event,event,0,AM,R2004,00,EH?,2025-10-22T00:13:47.981000Z,2025-10-22T00:14:22.981000Z,RASPISHAKE,https://data.raspberryshake.org/fdsnws/dataselect/1/query,35.0,evaluator_event_reference,AM.R2004.event.20251022T001347,3500,3500,0,3500,shared_event_window_across_target_snr_siblings
53,case-0053-noise-01,noise,1,AM,R2004,00,EH?,2025-06-04T17:28:28.941000Z,2025-06-04T17:31:32.951000Z,RASPISHAKE,https://data.raspberryshake.org/fdsnws/dataselect/1/query,35.0,primary_noise_chunk,AM.R2004.noise.20250604T172830,3500,3500,0,3500,shared_noise_sequence_across_target_snr_siblings
53,case-0053-noise-02,noise,2,AM,R2004,00,EH?,2025-06-07T23:52:58.251000Z,2025-06-07T23:56:00.511000Z,RASPISHAKE,https://data.raspberryshake.org/fdsnws/dataselect/1/query,35.0,continuation_noise_chunk,AM.R2004.noise.20250607T235259,3500,3500,3500,7000,shared_noise_sequence_across_target_snr_siblings
53,case-0053-noise-03,noise,3,AM,R2004,00,EH?,2025-06-08T09:18:51.751000Z,2025-06-08T09:21:54.941000Z,RASPISHAKE,https://data.raspberryshake.org/fdsnws/dataselect/1/query,35.0,continuation_noise_chunk_truncated,AM.R2004.noise.20250608T091852,3500,2000,7000,9000,shared_noise_sequence_across_target_snr_siblings
54,case-0054-event,event,0,AM,R2004,00,EH?,2025-10-22T00:13:47.981000Z,2025-10-22T00:14:22.981000Z,RASPISHAKE,https://data.raspberryshake.org/fdsnws/dataselect/1/query,35.0,evaluator_event_reference,AM.R2004.event.20251022T001347,3500,3500,0,3500,shared_event_window_across_target_snr_siblings
54,case-0054-noise-01,noise,1,AM,R2004,00,EH?,2025-06-04T17:28:28.941000Z,2025-06-04T17:31:32.951000Z,RASPISHAKE,https://data.raspberryshake.org/fdsnws/dataselect/1/query,35.0,primary_noise_chunk,AM.R2004.noise.20250604T172830,3500,3500,0,3500,shared_noise_sequence_across_target_snr_siblings
54,case-0054-noise-02,noise,2,AM,R2004,00,EH?,2025-06-07T23:52:58.251000Z,2025-06-07T23:56:00.511000Z,RASPISHAKE,https://data.raspberryshake.org/fdsnws/dataselect/1/query,35.0,continuation_noise_chunk,AM.R2004.noise.20250607T235259,3500,3500,3500,7000,shared_noise_sequence_across_target_snr_siblings
54,case-0054-noise-03,noise,3,AM,R2004,00,EH?,2025-06-08T09:18:51.751000Z,2025-06-08T09:21:54.941000Z,RASPISHAKE,https://data.raspberryshake.org/fdsnws/dataselect/1/query,35.0,continuation_noise_chunk_truncated,AM.R2004.noise.20250608T091852,3500,2000,7000,9000,shared_noise_sequence_across_target_snr_siblings
55,case-0055-event,event,0,AM,R2004,00,EH?,2025-10-27T19:59:42.741000Z,2025-10-27T20:00:17.741000Z,RASPISHAKE,https://data.raspberryshake.org/fdsnws/dataselect/1/query,35.0,evaluator_event_reference,AM.R2004.event.20251027T195942,3500,3500,0,3500,shared_event_window_across_target_snr_siblings
55,case-0055-noise-01,noise,1,AM,R2004,00,EH?,2025-06-01T00:23:43.171000Z,2025-06-01T00:26:47.031000Z,RASPISHAKE,https://data.raspberryshake.org/fdsnws/dataselect/1/query,35.0,primary_noise_chunk,AM.R2004.noise.20250601T002345,3500,3500,0,3500,shared_noise_sequence_across_target_snr_siblings
55,case-0055-noise-02,noise,2,AM,R2004,00,EH?,2025-06-02T14:31:42.031000Z,2025-06-02T14:34:45.391000Z,RASPISHAKE,https://data.raspberryshake.org/fdsnws/dataselect/1/query,35.0,continuation_noise_chunk,AM.R2004.noise.20250602T143144,3500,3500,3500,7000,shared_noise_sequence_across_target_snr_siblings
55,case-0055-noise-03,noise,3,AM,R2004,00,EH?,2025-06-07T09:11:18.491000Z,2025-06-07T09:14:22.241000Z,RASPISHAKE,https://data.raspberryshake.org/fdsnws/dataselect/1/query,35.0,continuation_noise_chunk_truncated,AM.R2004.noise.20250607T091120,3500,2000,7000,9000,shared_noise_sequence_across_target_snr_siblings
56,case-0056-event,event,0,AM,R2004,00,EH?,2025-10-27T19:59:42.741000Z,2025-10-27T20:00:17.741000Z,RASPISHAKE,https://data.raspberryshake.org/fdsnws/dataselect/1/query,35.0,evaluator_event_reference,AM.R2004.event.20251027T195942,3500,3500,0,3500,shared_event_window_across_target_snr_siblings
56,case-0056-noise-01,noise,1,AM,R2004,00,EH?,2025-06-01T00:23:43.171000Z,2025-06-01T00:26:47.031000Z,RASPISHAKE,https://data.raspberryshake.org/fdsnws/dataselect/1/query,35.0,primary_noise_chunk,AM.R2004.noise.20250601T002345,3500,3500,0,3500,shared_noise_sequence_across_target_snr_siblings
56,case-0056-noise-02,noise,2,AM,R2004,00,EH?,2025-06-02T14:31:42.031000Z,2025-06-02T14:34:45.391000Z,RASPISHAKE,https://data.raspberryshake.org/fdsnws/dataselect/1/query,35.0,continuation_noise_chunk,AM.R2004.noise.20250602T143144,3500,3500,3500,7000,shared_noise_sequence_across_target_snr_siblings
56,case-0056-noise-03,noise,3,AM,R2004,00,EH?,2025-06-07T09:11:18.491000Z,2025-06-07T09:14:22.241000Z,RASPISHAKE,https://data.raspberryshake.org/fdsnws/dataselect/1/query,35.0,continuation_noise_chunk_truncated,AM.R2004.noise.20250607T091120,3500,2000,7000,9000,shared_noise_sequence_across_target_snr_siblings
57,case-0057-event,event,0,AM,R2004,00,EH?,2025-10-27T19:59:42.741000Z,2025-10-27T20:00:17.741000Z,RASPISHAKE,https://data.raspberryshake.org/fdsnws/dataselect/1/query,35.0,evaluator_event_reference,AM.R2004.event.20251027T195942,3500,3500,0,3500,shared_event_window_across_target_snr_siblings
57,case-0057-noise-01,noise,1,AM,R2004,00,EH?,2025-06-01T00:23:43.171000Z,2025-06-01T00:26:47.031000Z,RASPISHAKE,https://data.raspberryshake.org/fdsnws/dataselect/1/query,35.0,primary_noise_chunk,AM.R2004.noise.20250601T002345,3500,3500,0,3500,shared_noise_sequence_across_target_snr_siblings
57,case-0057-noise-02,noise,2,AM,R2004,00,EH?,2025-06-02T14:31:42.031000Z,2025-06-02T14:34:45.391000Z,RASPISHAKE,https://data.raspberryshake.org/fdsnws/dataselect/1/query,35.0,continuation_noise_chunk,AM.R2004.noise.20250602T143144,3500,3500,3500,7000,shared_noise_sequence_across_target_snr_siblings
57,case-0057-noise-03,noise,3,AM,R2004,00,EH?,2025-06-07T09:11:18.491000Z,2025-06-07T09:14:22.241000Z,RASPISHAKE,https://data.raspberryshake.org/fdsnws/dataselect/1/query,35.0,continuation_noise_chunk_truncated,AM.R2004.noise.20250607T091120,3500,2000,7000,9000,shared_noise_sequence_across_target_snr_siblings
58,case-0058-event,event,0,AM,R2004,00,EH?,2025-12-05T19:40:39.886000Z,2025-12-05T19:41:14.886000Z,RASPISHAKE,https://data.raspberryshake.org/fdsnws/dataselect/1/query,35.0,evaluator_event_reference,AM.R2004.event.20251205T194039,3500,3500,0,3500,shared_event_window_across_target_snr_siblings
58,case-0058-noise-01,noise,1,AM,R2004,00,EH?,2025-06-08T16:29:17.141000Z,2025-06-08T16:32:20.121000Z,RASPISHAKE,https://data.raspberryshake.org/fdsnws/dataselect/1/query,35.0,primary_noise_chunk,AM.R2004.noise.20250608T162917,3500,3500,0,3500,shared_noise_sequence_across_target_snr_siblings
58,case-0058-noise-02,noise,2,AM,R2004,00,EH?,2025-06-07T14:44:16.571000Z,2025-06-07T14:47:20.591000Z,RASPISHAKE,https://data.raspberryshake.org/fdsnws/dataselect/1/query,35.0,continuation_noise_chunk,AM.R2004.noise.20250607T144418,3500,3500,3500,7000,shared_noise_sequence_across_target_snr_siblings
58,case-0058-noise-03,noise,3,AM,R2004,00,EH?,2025-06-09T07:25:47.151000Z,2025-06-09T07:28:50.241000Z,RASPISHAKE,https://data.raspberryshake.org/fdsnws/dataselect/1/query,35.0,continuation_noise_chunk_truncated,AM.R2004.noise.20250609T072549,3500,2000,7000,9000,shared_noise_sequence_across_target_snr_siblings
59,case-0059-event,event,0,AM,R2004,00,EH?,2025-12-05T19:40:39.886000Z,2025-12-05T19:41:14.886000Z,RASPISHAKE,https://data.raspberryshake.org/fdsnws/dataselect/1/query,35.0,evaluator_event_reference,AM.R2004.event.20251205T194039,3500,3500,0,3500,shared_event_window_across_target_snr_siblings
59,case-0059-noise-01,noise,1,AM,R2004,00,EH?,2025-06-08T16:29:17.141000Z,2025-06-08T16:32:20.121000Z,RASPISHAKE,https://data.raspberryshake.org/fdsnws/dataselect/1/query,35.0,primary_noise_chunk,AM.R2004.noise.20250608T162917,3500,3500,0,3500,shared_noise_sequence_across_target_snr_siblings
59,case-0059-noise-02,noise,2,AM,R2004,00,EH?,2025-06-07T14:44:16.571000Z,2025-06-07T14:47:20.591000Z,RASPISHAKE,https://data.raspberryshake.org/fdsnws/dataselect/1/query,35.0,continuation_noise_chunk,AM.R2004.noise.20250607T144418,3500,3500,3500,7000,shared_noise_sequence_across_target_snr_siblings
59,case-0059-noise-03,noise,3,AM,R2004,00,EH?,2025-06-09T07:25:47.151000Z,2025-06-09T07:28:50.241000Z,RASPISHAKE,https://data.raspberryshake.org/fdsnws/dataselect/1/query,35.0,continuation_noise_chunk_truncated,AM.R2004.noise.20250609T072549,3500,2000,7000,9000,shared_noise_sequence_across_target_snr_siblings
60,case-0060-event,event,0,AM,R2004,00,EH?,2025-12-05T19:40:39.886000Z,2025-12-05T19:41:14.886000Z,RASPISHAKE,https://data.raspberryshake.org/fdsnws/dataselect/1/query,35.0,evaluator_event_reference,AM.R2004.event.20251205T194039,3500,3500,0,3500,shared_event_window_across_target_snr_siblings
60,case-0060-noise-01,noise,1,AM,R2004,00,EH?,2025-06-08T16:29:17.141000Z,2025-06-08T16:32:20.121000Z,RASPISHAKE,https://data.raspberryshake.org/fdsnws/dataselect/1/query,35.0,primary_noise_chunk,AM.R2004.noise.20250608T162917,3500,3500,0,3500,shared_noise_sequence_across_target_snr_siblings
60,case-0060-noise-02,noise,2,AM,R2004,00,EH?,2025-06-07T14:44:16.571000Z,2025-06-07T14:47:20.591000Z,RASPISHAKE,https://data.raspberryshake.org/fdsnws/dataselect/1/query,35.0,continuation_noise_chunk,AM.R2004.noise.20250607T144418,3500,3500,3500,7000,shared_noise_sequence_across_target_snr_siblings
60,case-0060-noise-03,noise,3,AM,R2004,00,EH?,2025-06-09T07:25:47.151000Z,2025-06-09T07:28:50.241000Z,RASPISHAKE,https://data.raspberryshake.org/fdsnws/dataselect/1/query,35.0,continuation_noise_chunk_truncated,AM.R2004.noise.20250609T072549,3500,2000,7000,9000,shared_noise_sequence_across_target_snr_siblings
61,case-0061-event,event,0,AM,R2004,00,EH?,2025-12-17T23:14:37.437000Z,2025-12-17T23:15:12.437000Z,RASPISHAKE,https://data.raspberryshake.org/fdsnws/dataselect/1/query,35.0,evaluator_event_reference,AM.R2004.event.20251217T231437,3500,3500,0,3500,shared_event_window_across_target_snr_siblings
61,case-0061-noise-01,noise,1,AM,R2004,00,EH?,2025-06-07T23:52:58.251000Z,2025-06-07T23:56:00.511000Z,RASPISHAKE,https://data.raspberryshake.org/fdsnws/dataselect/1/query,35.0,primary_noise_chunk,AM.R2004.noise.20250607T235259,3500,3500,0,3500,shared_noise_sequence_across_target_snr_siblings
61,case-0061-noise-02,noise,2,AM,R2004,00,EH?,2025-06-10T11:38:06.901000Z,2025-06-10T11:41:10.311000Z,RASPISHAKE,https://data.raspberryshake.org/fdsnws/dataselect/1/query,35.0,continuation_noise_chunk,AM.R2004.noise.20250610T113808,3500,3500,3500,7000,shared_noise_sequence_across_target_snr_siblings
61,case-0061-noise-03,noise,3,AM,R2004,00,EH?,2025-06-05T12:58:02.921000Z,2025-06-05T13:01:06.271000Z,RASPISHAKE,https://data.raspberryshake.org/fdsnws/dataselect/1/query,35.0,continuation_noise_chunk_truncated,AM.R2004.noise.20250605T125804,3500,2000,7000,9000,shared_noise_sequence_across_target_snr_siblings
62,case-0062-event,event,0,AM,R2004,00,EH?,2025-12-17T23:14:37.437000Z,2025-12-17T23:15:12.437000Z,RASPISHAKE,https://data.raspberryshake.org/fdsnws/dataselect/1/query,35.0,evaluator_event_reference,AM.R2004.event.20251217T231437,3500,3500,0,3500,shared_event_window_across_target_snr_siblings
62,case-0062-noise-01,noise,1,AM,R2004,00,EH?,2025-06-07T23:52:58.251000Z,2025-06-07T23:56:00.511000Z,RASPISHAKE,https://data.raspberryshake.org/fdsnws/dataselect/1/query,35.0,primary_noise_chunk,AM.R2004.noise.20250607T235259,3500,3500,0,3500,shared_noise_sequence_across_target_snr_siblings
62,case-0062-noise-02,noise,2,AM,R2004,00,EH?,2025-06-10T11:38:06.901000Z,2025-06-10T11:41:10.311000Z,RASPISHAKE,https://data.raspberryshake.org/fdsnws/dataselect/1/query,35.0,continuation_noise_chunk,AM.R2004.noise.20250610T113808,3500,3500,3500,7000,shared_noise_sequence_across_target_snr_siblings
62,case-0062-noise-03,noise,3,AM,R2004,00,EH?,2025-06-05T12:58:02.921000Z,2025-06-05T13:01:06.271000Z,RASPISHAKE,https://data.raspberryshake.org/fdsnws/dataselect/1/query,35.0,continuation_noise_chunk_truncated,AM.R2004.noise.20250605T125804,3500,2000,7000,9000,shared_noise_sequence_across_target_snr_siblings
63,case-0063-event,event,0,AM,R2004,00,EH?,2025-12-17T23:14:37.437000Z,2025-12-17T23:15:12.437000Z,RASPISHAKE,https://data.raspberryshake.org/fdsnws/dataselect/1/query,35.0,evaluator_event_reference,AM.R2004.event.20251217T231437,3500,3500,0,3500,shared_event_window_across_target_snr_siblings
63,case-0063-noise-01,noise,1,AM,R2004,00,EH?,2025-06-07T23:52:58.251000Z,2025-06-07T23:56:00.511000Z,RASPISHAKE,https://data.raspberryshake.org/fdsnws/dataselect/1/query,35.0,primary_noise_chunk,AM.R2004.noise.20250607T235259,3500,3500,0,3500,shared_noise_sequence_across_target_snr_siblings
63,case-0063-noise-02,noise,2,AM,R2004,00,EH?,2025-06-10T11:38:06.901000Z,2025-06-10T11:41:10.311000Z,RASPISHAKE,https://data.raspberryshake.org/fdsnws/dataselect/1/query,35.0,continuation_noise_chunk,AM.R2004.noise.20250610T113808,3500,3500,3500,7000,shared_noise_sequence_across_target_snr_siblings
63,case-0063-noise-03,noise,3,AM,R2004,00,EH?,2025-06-05T12:58:02.921000Z,2025-06-05T13:01:06.271000Z,RASPISHAKE,https://data.raspberryshake.org/fdsnws/dataselect/1/query,35.0,continuation_noise_chunk_truncated,AM.R2004.noise.20250605T125804,3500,2000,7000,9000,shared_noise_sequence_across_target_snr_siblings
64,case-0064-event,event,0,AM,R2004,00,EH?,2025-12-31T14:39:54.298000Z,2025-12-31T14:40:29.298000Z,RASPISHAKE,https://data.raspberryshake.org/fdsnws/dataselect/1/query,35.0,evaluator_event_reference,AM.R2004.event.20251231T143954,3500,3500,0,3500,shared_event_window_across_target_snr_siblings
64,case-0064-noise-01,noise,1,AM,R2004,00,EH?,2025-06-02T17:28:15.361000Z,2025-06-02T17:31:19.071000Z,RASPISHAKE,https://data.raspberryshake.org/fdsnws/dataselect/1/query,35.0,primary_noise_chunk,AM.R2004.noise.20250602T172817,3500,3500,0,3500,shared_noise_sequence_across_target_snr_siblings
64,case-0064-noise-02,noise,2,AM,R2004,00,EH?,2025-06-02T19:28:38.331000Z,2025-06-02T19:31:41.711000Z,RASPISHAKE,https://data.raspberryshake.org/fdsnws/dataselect/1/query,35.0,continuation_noise_chunk,AM.R2004.noise.20250602T192840,3500,3500,3500,7000,shared_noise_sequence_across_target_snr_siblings
64,case-0064-noise-03,noise,3,AM,R2004,00,EH?,2025-06-09T03:14:05.981000Z,2025-06-09T03:17:09.391000Z,RASPISHAKE,https://data.raspberryshake.org/fdsnws/dataselect/1/query,35.0,continuation_noise_chunk_truncated,AM.R2004.noise.20250609T031408,3500,2000,7000,9000,shared_noise_sequence_across_target_snr_siblings
65,case-0065-event,event,0,AM,R2004,00,EH?,2025-12-31T14:39:54.298000Z,2025-12-31T14:40:29.298000Z,RASPISHAKE,https://data.raspberryshake.org/fdsnws/dataselect/1/query,35.0,evaluator_event_reference,AM.R2004.event.20251231T143954,3500,3500,0,3500,shared_event_window_across_target_snr_siblings
65,case-0065-noise-01,noise,1,AM,R2004,00,EH?,2025-06-02T17:28:15.361000Z,2025-06-02T17:31:19.071000Z,RASPISHAKE,https://data.raspberryshake.org/fdsnws/dataselect/1/query,35.0,primary_noise_chunk,AM.R2004.noise.20250602T172817,3500,3500,0,3500,shared_noise_sequence_across_target_snr_siblings
65,case-0065-noise-02,noise,2,AM,R2004,00,EH?,2025-06-02T19:28:38.331000Z,2025-06-02T19:31:41.711000Z,RASPISHAKE,https://data.raspberryshake.org/fdsnws/dataselect/1/query,35.0,continuation_noise_chunk,AM.R2004.noise.20250602T192840,3500,3500,3500,7000,shared_noise_sequence_across_target_snr_siblings
65,case-0065-noise-03,noise,3,AM,R2004,00,EH?,2025-06-09T03:14:05.981000Z,2025-06-09T03:17:09.391000Z,RASPISHAKE,https://data.raspberryshake.org/fdsnws/dataselect/1/query,35.0,continuation_noise_chunk_truncated,AM.R2004.noise.20250609T031408,3500,2000,7000,9000,shared_noise_sequence_across_target_snr_siblings
66,case-0066-event,event,0,AM,R2004,00,EH?,2025-12-31T14:39:54.298000Z,2025-12-31T14:40:29.298000Z,RASPISHAKE,https://data.raspberryshake.org/fdsnws/dataselect/1/query,35.0,evaluator_event_reference,AM.R2004.event.20251231T143954,3500,3500,0,3500,shared_event_window_across_target_snr_siblings
66,case-0066-noise-01,noise,1,AM,R2004,00,EH?,2025-06-02T17:28:15.361000Z,2025-06-02T17:31:19.071000Z,RASPISHAKE,https://data.raspberryshake.org/fdsnws/dataselect/1/query,35.0,primary_noise_chunk,AM.R2004.noise.20250602T172817,3500,3500,0,3500,shared_noise_sequence_across_target_snr_siblings
66,case-0066-noise-02,noise,2,AM,R2004,00,EH?,2025-06-02T19:28:38.331000Z,2025-06-02T19:31:41.711000Z,RASPISHAKE,https://data.raspberryshake.org/fdsnws/dataselect/1/query,35.0,continuation_noise_chunk,AM.R2004.noise.20250602T192840,3500,3500,3500,7000,shared_noise_sequence_across_target_snr_siblings
66,case-0066-noise-03,noise,3,AM,R2004,00,EH?,2025-06-09T03:14:05.981000Z,2025-06-09T03:17:09.391000Z,RASPISHAKE,https://data.raspberryshake.org/fdsnws/dataselect/1/query,35.0,continuation_noise_chunk_truncated,AM.R2004.noise.20250609T031408,3500,2000,7000,9000,shared_noise_sequence_across_target_snr_siblings
67,case-0067-event,event,0,AM,R2004,00,EH?,2026-01-01T06:54:51.928000Z,2026-01-01T06:55:26.928000Z,RASPISHAKE,https://data.raspberryshake.org/fdsnws/dataselect/1/query,35.0,evaluator_event_reference,AM.R2004.event.20260101T065451,3500,3500,0,3500,shared_event_window_across_target_snr_siblings
67,case-0067-noise-01,noise,1,AM,R2004,00,EH?,2025-06-07T23:52:58.251000Z,2025-06-07T23:56:00.511000Z,RASPISHAKE,https://data.raspberryshake.org/fdsnws/dataselect/1/query,35.0,primary_noise_chunk,AM.R2004.noise.20250607T235259,3500,3500,0,3500,shared_noise_sequence_across_target_snr_siblings
67,case-0067-noise-02,noise,2,AM,R2004,00,EH?,2025-06-10T08:34:07.841000Z,2025-06-10T08:37:11.001000Z,RASPISHAKE,https://data.raspberryshake.org/fdsnws/dataselect/1/query,35.0,continuation_noise_chunk,AM.R2004.noise.20250610T083409,3500,3500,3500,7000,shared_noise_sequence_across_target_snr_siblings
67,case-0067-noise-03,noise,3,AM,R2004,00,EH?,2025-06-07T09:11:18.491000Z,2025-06-07T09:14:22.241000Z,RASPISHAKE,https://data.raspberryshake.org/fdsnws/dataselect/1/query,35.0,continuation_noise_chunk_truncated,AM.R2004.noise.20250607T091120,3500,2000,7000,9000,shared_noise_sequence_across_target_snr_siblings
68,case-0068-event,event,0,AM,R2004,00,EH?,2026-01-01T06:54:51.928000Z,2026-01-01T06:55:26.928000Z,RASPISHAKE,https://data.raspberryshake.org/fdsnws/dataselect/1/query,35.0,evaluator_event_reference,AM.R2004.event.20260101T065451,3500,3500,0,3500,shared_event_window_across_target_snr_siblings
68,case-0068-noise-01,noise,1,AM,R2004,00,EH?,2025-06-07T23:52:58.251000Z,2025-06-07T23:56:00.511000Z,RASPISHAKE,https://data.raspberryshake.org/fdsnws/dataselect/1/query,35.0,primary_noise_chunk,AM.R2004.noise.20250607T235259,3500,3500,0,3500,shared_noise_sequence_across_target_snr_siblings
68,case-0068-noise-02,noise,2,AM,R2004,00,EH?,2025-06-10T08:34:07.841000Z,2025-06-10T08:37:11.001000Z,RASPISHAKE,https://data.raspberryshake.org/fdsnws/dataselect/1/query,35.0,continuation_noise_chunk,AM.R2004.noise.20250610T083409,3500,3500,3500,7000,shared_noise_sequence_across_target_snr_siblings
68,case-0068-noise-03,noise,3,AM,R2004,00,EH?,2025-06-07T09:11:18.491000Z,2025-06-07T09:14:22.241000Z,RASPISHAKE,https://data.raspberryshake.org/fdsnws/dataselect/1/query,35.0,continuation_noise_chunk_truncated,AM.R2004.noise.20250607T091120,3500,2000,7000,9000,shared_noise_sequence_across_target_snr_siblings
69,case-0069-event,event,0,AM,R2004,00,EH?,2026-01-01T06:54:51.928000Z,2026-01-01T06:55:26.928000Z,RASPISHAKE,https://data.raspberryshake.org/fdsnws/dataselect/1/query,35.0,evaluator_event_reference,AM.R2004.event.20260101T065451,3500,3500,0,3500,shared_event_window_across_target_snr_siblings
69,case-0069-noise-01,noise,1,AM,R2004,00,EH?,2025-06-07T23:52:58.251000Z,2025-06-07T23:56:00.511000Z,RASPISHAKE,https://data.raspberryshake.org/fdsnws/dataselect/1/query,35.0,primary_noise_chunk,AM.R2004.noise.20250607T235259,3500,3500,0,3500,shared_noise_sequence_across_target_snr_siblings
69,case-0069-noise-02,noise,2,AM,R2004,00,EH?,2025-06-10T08:34:07.841000Z,2025-06-10T08:37:11.001000Z,RASPISHAKE,https://data.raspberryshake.org/fdsnws/dataselect/1/query,35.0,continuation_noise_chunk,AM.R2004.noise.20250610T083409,3500,3500,3500,7000,shared_noise_sequence_across_target_snr_siblings
69,case-0069-noise-03,noise,3,AM,R2004,00,EH?,2025-06-07T09:11:18.491000Z,2025-06-07T09:14:22.241000Z,RASPISHAKE,https://data.raspberryshake.org/fdsnws/dataselect/1/query,35.0,continuation_noise_chunk_truncated,AM.R2004.noise.20250607T091120,3500,2000,7000,9000,shared_noise_sequence_across_target_snr_siblings
70,case-0070-event,event,0,AM,R2004,00,EH?,2026-01-02T14:04:46.298000Z,2026-01-02T14:05:21.298000Z,RASPISHAKE,https://data.raspberryshake.org/fdsnws/dataselect/1/query,35.0,evaluator_event_reference,AM.R2004.event.20260102T140446,3500,3500,0,3500,shared_event_window_across_target_snr_siblings
70,case-0070-noise-01,noise,1,AM,R2004,00,EH?,2025-06-03T00:03:54.391000Z,2025-06-03T00:06:57.941000Z,RASPISHAKE,https://data.raspberryshake.org/fdsnws/dataselect/1/query,35.0,primary_noise_chunk,AM.R2004.noise.20250603T000356,3500,3500,0,3500,shared_noise_sequence_across_target_snr_siblings
70,case-0070-noise-02,noise,2,AM,R2004,00,EH?,2025-06-08T16:25:05.731000Z,2025-06-08T16:28:09.471000Z,RASPISHAKE,https://data.raspberryshake.org/fdsnws/dataselect/1/query,35.0,continuation_noise_chunk,AM.R2004.noise.20250608T162507,3500,3500,3500,7000,shared_noise_sequence_across_target_snr_siblings
70,case-0070-noise-03,noise,3,AM,R2004,00,EH?,2025-06-04T04:12:22.731000Z,2025-06-04T04:15:26.611000Z,RASPISHAKE,https://data.raspberryshake.org/fdsnws/dataselect/1/query,35.0,continuation_noise_chunk_truncated,AM.R2004.noise.20250604T041225,3500,2000,7000,9000,shared_noise_sequence_across_target_snr_siblings
71,case-0071-event,event,0,AM,R2004,00,EH?,2026-01-02T14:04:46.298000Z,2026-01-02T14:05:21.298000Z,RASPISHAKE,https://data.raspberryshake.org/fdsnws/dataselect/1/query,35.0,evaluator_event_reference,AM.R2004.event.20260102T140446,3500,3500,0,3500,shared_event_window_across_target_snr_siblings
71,case-0071-noise-01,noise,1,AM,R2004,00,EH?,2025-06-03T00:03:54.391000Z,2025-06-03T00:06:57.941000Z,RASPISHAKE,https://data.raspberryshake.org/fdsnws/dataselect/1/query,35.0,primary_noise_chunk,AM.R2004.noise.20250603T000356,3500,3500,0,3500,shared_noise_sequence_across_target_snr_siblings
71,case-0071-noise-02,noise,2,AM,R2004,00,EH?,2025-06-08T16:25:05.731000Z,2025-06-08T16:28:09.471000Z,RASPISHAKE,https://data.raspberryshake.org/fdsnws/dataselect/1/query,35.0,continuation_noise_chunk,AM.R2004.noise.20250608T162507,3500,3500,3500,7000,shared_noise_sequence_across_target_snr_siblings
71,case-0071-noise-03,noise,3,AM,R2004,00,EH?,2025-06-04T04:12:22.731000Z,2025-06-04T04:15:26.611000Z,RASPISHAKE,https://data.raspberryshake.org/fdsnws/dataselect/1/query,35.0,continuation_noise_chunk_truncated,AM.R2004.noise.20250604T041225,3500,2000,7000,9000,shared_noise_sequence_across_target_snr_siblings
72,case-0072-event,event,0,AM,R2004,00,EH?,2026-01-02T14:04:46.298000Z,2026-01-02T14:05:21.298000Z,RASPISHAKE,https://data.raspberryshake.org/fdsnws/dataselect/1/query,35.0,evaluator_event_reference,AM.R2004.event.20260102T140446,3500,3500,0,3500,shared_event_window_across_target_snr_siblings
72,case-0072-noise-01,noise,1,AM,R2004,00,EH?,2025-06-03T00:03:54.391000Z,2025-06-03T00:06:57.941000Z,RASPISHAKE,https://data.raspberryshake.org/fdsnws/dataselect/1/query,35.0,primary_noise_chunk,AM.R2004.noise.20250603T000356,3500,3500,0,3500,shared_noise_sequence_across_target_snr_siblings
72,case-0072-noise-02,noise,2,AM,R2004,00,EH?,2025-06-08T16:25:05.731000Z,2025-06-08T16:28:09.471000Z,RASPISHAKE,https://data.raspberryshake.org/fdsnws/dataselect/1/query,35.0,continuation_noise_chunk,AM.R2004.noise.20250608T162507,3500,3500,3500,7000,shared_noise_sequence_across_target_snr_siblings
72,case-0072-noise-03,noise,3,AM,R2004,00,EH?,2025-06-04T04:12:22.731000Z,2025-06-04T04:15:26.611000Z,RASPISHAKE,https://data.raspberryshake.org/fdsnws/dataselect/1/query,35.0,continuation_noise_chunk_truncated,AM.R2004.noise.20250604T041225,3500,2000,7000,9000,shared_noise_sequence_across_target_snr_siblings
73,case-0073-event,event,0,AM,R24AE,00,EH?,2026-05-10T03:14:55.862000Z,2026-05-10T03:15:30.862000Z,RASPISHAKE,https://data.raspberryshake.org/fdsnws/dataselect/1/query,35.0,evaluator_event_reference,AM.R24AE.event.20260510T031455,3500,3500,0,3500,shared_event_window_across_target_snr_siblings
73,case-0073-noise-01,noise,1,AM,R24AE,00,EH?,2025-06-08T09:18:49.184000Z,2025-06-08T09:21:54.864000Z,RASPISHAKE,https://data.raspberryshake.org/fdsnws/dataselect/1/query,35.0,primary_noise_chunk,AM.R24AE.noise.20250608T091852,3500,3500,0,3500,shared_noise_sequence_across_target_snr_siblings
73,case-0073-noise-02,noise,2,AM,R24AE,00,EH?,2025-06-09T03:14:05.214000Z,2025-06-09T03:17:11.414000Z,RASPISHAKE,https://data.raspberryshake.org/fdsnws/dataselect/1/query,35.0,continuation_noise_chunk,AM.R24AE.noise.20250609T031408,3500,3500,3500,7000,shared_noise_sequence_across_target_snr_siblings
73,case-0073-noise-03,noise,3,AM,R24AE,00,EH?,2025-06-04T20:32:02.864000Z,2025-06-04T20:35:08.594000Z,RASPISHAKE,https://data.raspberryshake.org/fdsnws/dataselect/1/query,35.0,continuation_noise_chunk_truncated,AM.R24AE.noise.20250604T203205,3500,2000,7000,9000,shared_noise_sequence_across_target_snr_siblings
74,case-0074-event,event,0,AM,R24AE,00,EH?,2026-05-10T03:14:55.862000Z,2026-05-10T03:15:30.862000Z,RASPISHAKE,https://data.raspberryshake.org/fdsnws/dataselect/1/query,35.0,evaluator_event_reference,AM.R24AE.event.20260510T031455,3500,3500,0,3500,shared_event_window_across_target_snr_siblings
74,case-0074-noise-01,noise,1,AM,R24AE,00,EH?,2025-06-08T09:18:49.184000Z,2025-06-08T09:21:54.864000Z,RASPISHAKE,https://data.raspberryshake.org/fdsnws/dataselect/1/query,35.0,primary_noise_chunk,AM.R24AE.noise.20250608T091852,3500,3500,0,3500,shared_noise_sequence_across_target_snr_siblings
74,case-0074-noise-02,noise,2,AM,R24AE,00,EH?,2025-06-09T03:14:05.214000Z,2025-06-09T03:17:11.414000Z,RASPISHAKE,https://data.raspberryshake.org/fdsnws/dataselect/1/query,35.0,continuation_noise_chunk,AM.R24AE.noise.20250609T031408,3500,3500,3500,7000,shared_noise_sequence_across_target_snr_siblings
74,case-0074-noise-03,noise,3,AM,R24AE,00,EH?,2025-06-04T20:32:02.864000Z,2025-06-04T20:35:08.594000Z,RASPISHAKE,https://data.raspberryshake.org/fdsnws/dataselect/1/query,35.0,continuation_noise_chunk_truncated,AM.R24AE.noise.20250604T203205,3500,2000,7000,9000,shared_noise_sequence_across_target_snr_siblings
75,case-0075-event,event,0,AM,R24AE,00,EH?,2026-05-10T03:14:55.862000Z,2026-05-10T03:15:30.862000Z,RASPISHAKE,https://data.raspberryshake.org/fdsnws/dataselect/1/query,35.0,evaluator_event_reference,AM.R24AE.event.20260510T031455,3500,3500,0,3500,shared_event_window_across_target_snr_siblings
75,case-0075-noise-01,noise,1,AM,R24AE,00,EH?,2025-06-08T09:18:49.184000Z,2025-06-08T09:21:54.864000Z,RASPISHAKE,https://data.raspberryshake.org/fdsnws/dataselect/1/query,35.0,primary_noise_chunk,AM.R24AE.noise.20250608T091852,3500,3500,0,3500,shared_noise_sequence_across_target_snr_siblings
75,case-0075-noise-02,noise,2,AM,R24AE,00,EH?,2025-06-09T03:14:05.214000Z,2025-06-09T03:17:11.414000Z,RASPISHAKE,https://data.raspberryshake.org/fdsnws/dataselect/1/query,35.0,continuation_noise_chunk,AM.R24AE.noise.20250609T031408,3500,3500,3500,7000,shared_noise_sequence_across_target_snr_siblings
75,case-0075-noise-03,noise,3,AM,R24AE,00,EH?,2025-06-04T20:32:02.864000Z,2025-06-04T20:35:08.594000Z,RASPISHAKE,https://data.raspberryshake.org/fdsnws/dataselect/1/query,35.0,continuation_noise_chunk_truncated,AM.R24AE.noise.20250604T203205,3500,2000,7000,9000,shared_noise_sequence_across_target_snr_siblings
76,case-0076-event,event,0,AM,R24AE,00,EH?,2026-05-10T07:11:52.652000Z,2026-05-10T07:12:27.652000Z,RASPISHAKE,https://data.raspberryshake.org/fdsnws/dataselect/1/query,35.0,evaluator_event_reference,AM.R24AE.event.20260510T071152,3500,3500,0,3500,shared_event_window_across_target_snr_siblings
76,case-0076-noise-01,noise,1,AM,R24AE,00,EH?,2025-06-08T09:18:49.184000Z,2025-06-08T09:21:54.864000Z,RASPISHAKE,https://data.raspberryshake.org/fdsnws/dataselect/1/query,35.0,primary_noise_chunk,AM.R24AE.noise.20250608T091852,3500,3500,0,3500,shared_noise_sequence_across_target_snr_siblings
76,case-0076-noise-02,noise,2,AM,R24AE,00,EH?,2025-06-10T22:22:11.014000Z,2025-06-10T22:25:16.204000Z,RASPISHAKE,https://data.raspberryshake.org/fdsnws/dataselect/1/query,35.0,continuation_noise_chunk,AM.R24AE.noise.20250610T222213,3500,3500,3500,7000,shared_noise_sequence_across_target_snr_siblings
76,case-0076-noise-03,noise,3,AM,R24AE,00,EH?,2025-06-08T16:25:04.474000Z,2025-06-08T16:28:08.304000Z,RASPISHAKE,https://data.raspberryshake.org/fdsnws/dataselect/1/query,35.0,continuation_noise_chunk_truncated,AM.R24AE.noise.20250608T162507,3500,2000,7000,9000,shared_noise_sequence_across_target_snr_siblings
77,case-0077-event,event,0,AM,R24AE,00,EH?,2026-05-10T07:11:52.652000Z,2026-05-10T07:12:27.652000Z,RASPISHAKE,https://data.raspberryshake.org/fdsnws/dataselect/1/query,35.0,evaluator_event_reference,AM.R24AE.event.20260510T071152,3500,3500,0,3500,shared_event_window_across_target_snr_siblings
77,case-0077-noise-01,noise,1,AM,R24AE,00,EH?,2025-06-08T09:18:49.184000Z,2025-06-08T09:21:54.864000Z,RASPISHAKE,https://data.raspberryshake.org/fdsnws/dataselect/1/query,35.0,primary_noise_chunk,AM.R24AE.noise.20250608T091852,3500,3500,0,3500,shared_noise_sequence_across_target_snr_siblings
77,case-0077-noise-02,noise,2,AM,R24AE,00,EH?,2025-06-10T22:22:11.014000Z,2025-06-10T22:25:16.204000Z,RASPISHAKE,https://data.raspberryshake.org/fdsnws/dataselect/1/query,35.0,continuation_noise_chunk,AM.R24AE.noise.20250610T222213,3500,3500,3500,7000,shared_noise_sequence_across_target_snr_siblings
77,case-0077-noise-03,noise,3,AM,R24AE,00,EH?,2025-06-08T16:25:04.474000Z,2025-06-08T16:28:08.304000Z,RASPISHAKE,https://data.raspberryshake.org/fdsnws/dataselect/1/query,35.0,continuation_noise_chunk_truncated,AM.R24AE.noise.20250608T162507,3500,2000,7000,9000,shared_noise_sequence_across_target_snr_siblings
78,case-0078-event,event,0,AM,R24AE,00,EH?,2026-05-10T07:11:52.652000Z,2026-05-10T07:12:27.652000Z,RASPISHAKE,https://data.raspberryshake.org/fdsnws/dataselect/1/query,35.0,evaluator_event_reference,AM.R24AE.event.20260510T071152,3500,3500,0,3500,shared_event_window_across_target_snr_siblings
78,case-0078-noise-01,noise,1,AM,R24AE,00,EH?,2025-06-08T09:18:49.184000Z,2025-06-08T09:21:54.864000Z,RASPISHAKE,https://data.raspberryshake.org/fdsnws/dataselect/1/query,35.0,primary_noise_chunk,AM.R24AE.noise.20250608T091852,3500,3500,0,3500,shared_noise_sequence_across_target_snr_siblings
78,case-0078-noise-02,noise,2,AM,R24AE,00,EH?,2025-06-10T22:22:11.014000Z,2025-06-10T22:25:16.204000Z,RASPISHAKE,https://data.raspberryshake.org/fdsnws/dataselect/1/query,35.0,continuation_noise_chunk,AM.R24AE.noise.20250610T222213,3500,3500,3500,7000,shared_noise_sequence_across_target_snr_siblings
78,case-0078-noise-03,noise,3,AM,R24AE,00,EH?,2025-06-08T16:25:04.474000Z,2025-06-08T16:28:08.304000Z,RASPISHAKE,https://data.raspberryshake.org/fdsnws/dataselect/1/query,35.0,continuation_noise_chunk_truncated,AM.R24AE.noise.20250608T162507,3500,2000,7000,9000,shared_noise_sequence_across_target_snr_siblings
79,case-0079-event,event,0,AM,R24AE,00,EH?,2026-05-10T18:22:51.892000Z,2026-05-10T18:23:26.892000Z,RASPISHAKE,https://data.raspberryshake.org/fdsnws/dataselect/1/query,35.0,evaluator_event_reference,AM.R24AE.event.20260510T182251,3500,3500,0,3500,shared_event_window_across_target_snr_siblings
79,case-0079-noise-01,noise,1,AM,R24AE,00,EH?,2025-06-01T06:27:39.594000Z,2025-06-01T06:30:43.074000Z,RASPISHAKE,https://data.raspberryshake.org/fdsnws/dataselect/1/query,35.0,primary_noise_chunk,AM.R24AE.noise.20250601T062741,3500,3500,0,3500,shared_noise_sequence_across_target_snr_siblings
79,case-0079-noise-02,noise,2,AM,R24AE,00,EH?,2025-06-10T08:34:05.654000Z,2025-06-10T08:37:13.034000Z,RASPISHAKE,https://data.raspberryshake.org/fdsnws/dataselect/1/query,35.0,continuation_noise_chunk,AM.R24AE.noise.20250610T083409,3500,3500,3500,7000,shared_noise_sequence_across_target_snr_siblings
79,case-0079-noise-03,noise,3,AM,R24AE,00,EH?,2025-06-01T00:23:41.884000Z,2025-06-01T00:26:46.424000Z,RASPISHAKE,https://data.raspberryshake.org/fdsnws/dataselect/1/query,35.0,continuation_noise_chunk_truncated,AM.R24AE.noise.20250601T002345,3500,2000,7000,9000,shared_noise_sequence_across_target_snr_siblings
80,case-0080-event,event,0,AM,R24AE,00,EH?,2026-05-10T18:22:51.892000Z,2026-05-10T18:23:26.892000Z,RASPISHAKE,https://data.raspberryshake.org/fdsnws/dataselect/1/query,35.0,evaluator_event_reference,AM.R24AE.event.20260510T182251,3500,3500,0,3500,shared_event_window_across_target_snr_siblings
80,case-0080-noise-01,noise,1,AM,R24AE,00,EH?,2025-06-01T06:27:39.594000Z,2025-06-01T06:30:43.074000Z,RASPISHAKE,https://data.raspberryshake.org/fdsnws/dataselect/1/query,35.0,primary_noise_chunk,AM.R24AE.noise.20250601T062741,3500,3500,0,3500,shared_noise_sequence_across_target_snr_siblings
80,case-0080-noise-02,noise,2,AM,R24AE,00,EH?,2025-06-10T08:34:05.654000Z,2025-06-10T08:37:13.034000Z,RASPISHAKE,https://data.raspberryshake.org/fdsnws/dataselect/1/query,35.0,continuation_noise_chunk,AM.R24AE.noise.20250610T083409,3500,3500,3500,7000,shared_noise_sequence_across_target_snr_siblings
80,case-0080-noise-03,noise,3,AM,R24AE,00,EH?,2025-06-01T00:23:41.884000Z,2025-06-01T00:26:46.424000Z,RASPISHAKE,https://data.raspberryshake.org/fdsnws/dataselect/1/query,35.0,continuation_noise_chunk_truncated,AM.R24AE.noise.20250601T002345,3500,2000,7000,9000,shared_noise_sequence_across_target_snr_siblings
81,case-0081-event,event,0,AM,R24AE,00,EH?,2026-05-10T18:22:51.892000Z,2026-05-10T18:23:26.892000Z,RASPISHAKE,https://data.raspberryshake.org/fdsnws/dataselect/1/query,35.0,evaluator_event_reference,AM.R24AE.event.20260510T182251,3500,3500,0,3500,shared_event_window_across_target_snr_siblings
81,case-0081-noise-01,noise,1,AM,R24AE,00,EH?,2025-06-01T06:27:39.594000Z,2025-06-01T06:30:43.074000Z,RASPISHAKE,https://data.raspberryshake.org/fdsnws/dataselect/1/query,35.0,primary_noise_chunk,AM.R24AE.noise.20250601T062741,3500,3500,0,3500,shared_noise_sequence_across_target_snr_siblings
81,case-0081-noise-02,noise,2,AM,R24AE,00,EH?,2025-06-10T08:34:05.654000Z,2025-06-10T08:37:13.034000Z,RASPISHAKE,https://data.raspberryshake.org/fdsnws/dataselect/1/query,35.0,continuation_noise_chunk,AM.R24AE.noise.20250610T083409,3500,3500,3500,7000,shared_noise_sequence_across_target_snr_siblings
81,case-0081-noise-03,noise,3,AM,R24AE,00,EH?,2025-06-01T00:23:41.884000Z,2025-06-01T00:26:46.424000Z,RASPISHAKE,https://data.raspberryshake.org/fdsnws/dataselect/1/query,35.0,continuation_noise_chunk_truncated,AM.R24AE.noise.20250601T002345,3500,2000,7000,9000,shared_noise_sequence_across_target_snr_siblings
82,case-0082-event,event,0,AM,R24AE,00,EH?,2026-05-13T10:45:37.762000Z,2026-05-13T10:46:12.762000Z,RASPISHAKE,https://data.raspberryshake.org/fdsnws/dataselect/1/query,35.0,evaluator_event_reference,AM.R24AE.event.20260513T104537,3500,3500,0,3500,shared_event_window_across_target_snr_siblings
82,case-0082-noise-01,noise,1,AM,R24AE,00,EH?,2025-06-06T00:40:40.564000Z,2025-06-06T00:43:44.124000Z,RASPISHAKE,https://data.raspberryshake.org/fdsnws/dataselect/1/query,35.0,primary_noise_chunk,AM.R24AE.noise.20250606T004041,3500,3500,0,3500,shared_noise_sequence_across_target_snr_siblings
82,case-0082-noise-02,noise,2,AM,R24AE,00,EH?,2025-06-01T15:15:16.224000Z,2025-06-01T15:18:21.724000Z,RASPISHAKE,https://data.raspberryshake.org/fdsnws/dataselect/1/query,35.0,continuation_noise_chunk,AM.R24AE.noise.20250601T151518,3500,3500,3500,7000,shared_noise_sequence_across_target_snr_siblings
82,case-0082-noise-03,noise,3,AM,R24AE,00,EH?,2025-06-06T15:29:59.484000Z,2025-06-06T15:33:02.684000Z,RASPISHAKE,https://data.raspberryshake.org/fdsnws/dataselect/1/query,35.0,continuation_noise_chunk_truncated,AM.R24AE.noise.20250606T153000,3500,2000,7000,9000,shared_noise_sequence_across_target_snr_siblings
83,case-0083-event,event,0,AM,R24AE,00,EH?,2026-05-13T10:45:37.762000Z,2026-05-13T10:46:12.762000Z,RASPISHAKE,https://data.raspberryshake.org/fdsnws/dataselect/1/query,35.0,evaluator_event_reference,AM.R24AE.event.20260513T104537,3500,3500,0,3500,shared_event_window_across_target_snr_siblings
83,case-0083-noise-01,noise,1,AM,R24AE,00,EH?,2025-06-06T00:40:40.564000Z,2025-06-06T00:43:44.124000Z,RASPISHAKE,https://data.raspberryshake.org/fdsnws/dataselect/1/query,35.0,primary_noise_chunk,AM.R24AE.noise.20250606T004041,3500,3500,0,3500,shared_noise_sequence_across_target_snr_siblings
83,case-0083-noise-02,noise,2,AM,R24AE,00,EH?,2025-06-01T15:15:16.224000Z,2025-06-01T15:18:21.724000Z,RASPISHAKE,https://data.raspberryshake.org/fdsnws/dataselect/1/query,35.0,continuation_noise_chunk,AM.R24AE.noise.20250601T151518,3500,3500,3500,7000,shared_noise_sequence_across_target_snr_siblings
83,case-0083-noise-03,noise,3,AM,R24AE,00,EH?,2025-06-06T15:29:59.484000Z,2025-06-06T15:33:02.684000Z,RASPISHAKE,https://data.raspberryshake.org/fdsnws/dataselect/1/query,35.0,continuation_noise_chunk_truncated,AM.R24AE.noise.20250606T153000,3500,2000,7000,9000,shared_noise_sequence_across_target_snr_siblings
84,case-0084-event,event,0,AM,R24AE,00,EH?,2026-05-13T10:45:37.762000Z,2026-05-13T10:46:12.762000Z,RASPISHAKE,https://data.raspberryshake.org/fdsnws/dataselect/1/query,35.0,evaluator_event_reference,AM.R24AE.event.20260513T104537,3500,3500,0,3500,shared_event_window_across_target_snr_siblings
84,case-0084-noise-01,noise,1,AM,R24AE,00,EH?,2025-06-06T00:40:40.564000Z,2025-06-06T00:43:44.124000Z,RASPISHAKE,https://data.raspberryshake.org/fdsnws/dataselect/1/query,35.0,primary_noise_chunk,AM.R24AE.noise.20250606T004041,3500,3500,0,3500,shared_noise_sequence_across_target_snr_siblings
84,case-0084-noise-02,noise,2,AM,R24AE,00,EH?,2025-06-01T15:15:16.224000Z,2025-06-01T15:18:21.724000Z,RASPISHAKE,https://data.raspberryshake.org/fdsnws/dataselect/1/query,35.0,continuation_noise_chunk,AM.R24AE.noise.20250601T151518,3500,3500,3500,7000,shared_noise_sequence_across_target_snr_siblings
84,case-0084-noise-03,noise,3,AM,R24AE,00,EH?,2025-06-06T15:29:59.484000Z,2025-06-06T15:33:02.684000Z,RASPISHAKE,https://data.raspberryshake.org/fdsnws/dataselect/1/query,35.0,continuation_noise_chunk_truncated,AM.R24AE.noise.20250606T153000,3500,2000,7000,9000,shared_noise_sequence_across_target_snr_siblings
85,case-0085-event,event,0,AM,R24AE,00,EH?,2026-05-15T11:07:54.162000Z,2026-05-15T11:08:29.162000Z,RASPISHAKE,https://data.raspberryshake.org/fdsnws/dataselect/1/query,35.0,evaluator_event_reference,AM.R24AE.event.20260515T110754,3500,3500,0,3500,shared_event_window_across_target_snr_siblings
85,case-0085-noise-01,noise,1,AM,R24AE,00,EH?,2025-06-09T12:34:53.994000Z,2025-06-09T12:37:58.814000Z,RASPISHAKE,https://data.raspberryshake.org/fdsnws/dataselect/1/query,35.0,primary_noise_chunk,AM.R24AE.noise.20250609T123456,3500,3500,0,3500,shared_noise_sequence_across_target_snr_siblings
85,case-0085-noise-02,noise,2,AM,R24AE,00,EH?,2025-06-10T22:22:11.014000Z,2025-06-10T22:25:16.204000Z,RASPISHAKE,https://data.raspberryshake.org/fdsnws/dataselect/1/query,35.0,continuation_noise_chunk,AM.R24AE.noise.20250610T222213,3500,3500,3500,7000,shared_noise_sequence_across_target_snr_siblings
85,case-0085-noise-03,noise,3,AM,R24AE,00,EH?,2025-06-01T00:58:50.174000Z,2025-06-01T01:01:55.274000Z,RASPISHAKE,https://data.raspberryshake.org/fdsnws/dataselect/1/query,35.0,continuation_noise_chunk_truncated,AM.R24AE.noise.20250601T005852,3500,2000,7000,9000,shared_noise_sequence_across_target_snr_siblings
86,case-0086-event,event,0,AM,R24AE,00,EH?,2026-05-15T11:07:54.162000Z,2026-05-15T11:08:29.162000Z,RASPISHAKE,https://data.raspberryshake.org/fdsnws/dataselect/1/query,35.0,evaluator_event_reference,AM.R24AE.event.20260515T110754,3500,3500,0,3500,shared_event_window_across_target_snr_siblings
86,case-0086-noise-01,noise,1,AM,R24AE,00,EH?,2025-06-09T12:34:53.994000Z,2025-06-09T12:37:58.814000Z,RASPISHAKE,https://data.raspberryshake.org/fdsnws/dataselect/1/query,35.0,primary_noise_chunk,AM.R24AE.noise.20250609T123456,3500,3500,0,3500,shared_noise_sequence_across_target_snr_siblings
86,case-0086-noise-02,noise,2,AM,R24AE,00,EH?,2025-06-10T22:22:11.014000Z,2025-06-10T22:25:16.204000Z,RASPISHAKE,https://data.raspberryshake.org/fdsnws/dataselect/1/query,35.0,continuation_noise_chunk,AM.R24AE.noise.20250610T222213,3500,3500,3500,7000,shared_noise_sequence_across_target_snr_siblings
86,case-0086-noise-03,noise,3,AM,R24AE,00,EH?,2025-06-01T00:58:50.174000Z,2025-06-01T01:01:55.274000Z,RASPISHAKE,https://data.raspberryshake.org/fdsnws/dataselect/1/query,35.0,continuation_noise_chunk_truncated,AM.R24AE.noise.20250601T005852,3500,2000,7000,9000,shared_noise_sequence_across_target_snr_siblings
87,case-0087-event,event,0,AM,R24AE,00,EH?,2026-05-15T11:07:54.162000Z,2026-05-15T11:08:29.162000Z,RASPISHAKE,https://data.raspberryshake.org/fdsnws/dataselect/1/query,35.0,evaluator_event_reference,AM.R24AE.event.20260515T110754,3500,3500,0,3500,shared_event_window_across_target_snr_siblings
87,case-0087-noise-01,noise,1,AM,R24AE,00,EH?,2025-06-09T12:34:53.994000Z,2025-06-09T12:37:58.814000Z,RASPISHAKE,https://data.raspberryshake.org/fdsnws/dataselect/1/query,35.0,primary_noise_chunk,AM.R24AE.noise.20250609T123456,3500,3500,0,3500,shared_noise_sequence_across_target_snr_siblings
87,case-0087-noise-02,noise,2,AM,R24AE,00,EH?,2025-06-10T22:22:11.014000Z,2025-06-10T22:25:16.204000Z,RASPISHAKE,https://data.raspberryshake.org/fdsnws/dataselect/1/query,35.0,continuation_noise_chunk,AM.R24AE.noise.20250610T222213,3500,3500,3500,7000,shared_noise_sequence_across_target_snr_siblings
87,case-0087-noise-03,noise,3,AM,R24AE,00,EH?,2025-06-01T00:58:50.174000Z,2025-06-01T01:01:55.274000Z,RASPISHAKE,https://data.raspberryshake.org/fdsnws/dataselect/1/query,35.0,continuation_noise_chunk_truncated,AM.R24AE.noise.20250601T005852,3500,2000,7000,9000,shared_noise_sequence_across_target_snr_siblings
88,case-0088-event,event,0,AM,R24AE,00,EH?,2026-05-17T06:28:21.672000Z,2026-05-17T06:28:56.672000Z,RASPISHAKE,https://data.raspberryshake.org/fdsnws/dataselect/1/query,35.0,evaluator_event_reference,AM.R24AE.event.20260517T062821,3500,3500,0,3500,shared_event_window_across_target_snr_siblings
88,case-0088-noise-01,noise,1,AM,R24AE,00,EH?,2025-06-06T00:40:40.564000Z,2025-06-06T00:43:44.124000Z,RASPISHAKE,https://data.raspberryshake.org/fdsnws/dataselect/1/query,35.0,primary_noise_chunk,AM.R24AE.noise.20250606T004041,3500,3500,0,3500,shared_noise_sequence_across_target_snr_siblings
88,case-0088-noise-02,noise,2,AM,R24AE,00,EH?,2025-06-05T20:40:21.064000Z,2025-06-05T20:43:25.704000Z,RASPISHAKE,https://data.raspberryshake.org/fdsnws/dataselect/1/query,35.0,continuation_noise_chunk,AM.R24AE.noise.20250605T204023,3500,3500,3500,7000,shared_noise_sequence_across_target_snr_siblings
88,case-0088-noise-03,noise,3,AM,R24AE,00,EH?,2025-06-04T00:48:14.584000Z,2025-06-04T00:51:19.014000Z,RASPISHAKE,https://data.raspberryshake.org/fdsnws/dataselect/1/query,35.0,continuation_noise_chunk_truncated,AM.R24AE.noise.20250604T004815,3500,2000,7000,9000,shared_noise_sequence_across_target_snr_siblings
89,case-0089-event,event,0,AM,R24AE,00,EH?,2026-05-17T06:28:21.672000Z,2026-05-17T06:28:56.672000Z,RASPISHAKE,https://data.raspberryshake.org/fdsnws/dataselect/1/query,35.0,evaluator_event_reference,AM.R24AE.event.20260517T062821,3500,3500,0,3500,shared_event_window_across_target_snr_siblings
89,case-0089-noise-01,noise,1,AM,R24AE,00,EH?,2025-06-06T00:40:40.564000Z,2025-06-06T00:43:44.124000Z,RASPISHAKE,https://data.raspberryshake.org/fdsnws/dataselect/1/query,35.0,primary_noise_chunk,AM.R24AE.noise.20250606T004041,3500,3500,0,3500,shared_noise_sequence_across_target_snr_siblings
89,case-0089-noise-02,noise,2,AM,R24AE,00,EH?,2025-06-05T20:40:21.064000Z,2025-06-05T20:43:25.704000Z,RASPISHAKE,https://data.raspberryshake.org/fdsnws/dataselect/1/query,35.0,continuation_noise_chunk,AM.R24AE.noise.20250605T204023,3500,3500,3500,7000,shared_noise_sequence_across_target_snr_siblings
89,case-0089-noise-03,noise,3,AM,R24AE,00,EH?,2025-06-04T00:48:14.584000Z,2025-06-04T00:51:19.014000Z,RASPISHAKE,https://data.raspberryshake.org/fdsnws/dataselect/1/query,35.0,continuation_noise_chunk_truncated,AM.R24AE.noise.20250604T004815,3500,2000,7000,9000,shared_noise_sequence_across_target_snr_siblings
90,case-0090-event,event,0,AM,R24AE,00,EH?,2026-05-17T06:28:21.672000Z,2026-05-17T06:28:56.672000Z,RASPISHAKE,https://data.raspberryshake.org/fdsnws/dataselect/1/query,35.0,evaluator_event_reference,AM.R24AE.event.20260517T062821,3500,3500,0,3500,shared_event_window_across_target_snr_siblings
90,case-0090-noise-01,noise,1,AM,R24AE,00,EH?,2025-06-06T00:40:40.564000Z,2025-06-06T00:43:44.124000Z,RASPISHAKE,https://data.raspberryshake.org/fdsnws/dataselect/1/query,35.0,primary_noise_chunk,AM.R24AE.noise.20250606T004041,3500,3500,0,3500,shared_noise_sequence_across_target_snr_siblings
90,case-0090-noise-02,noise,2,AM,R24AE,00,EH?,2025-06-05T20:40:21.064000Z,2025-06-05T20:43:25.704000Z,RASPISHAKE,https://data.raspberryshake.org/fdsnws/dataselect/1/query,35.0,continuation_noise_chunk,AM.R24AE.noise.20250605T204023,3500,3500,3500,7000,shared_noise_sequence_across_target_snr_siblings
90,case-0090-noise-03,noise,3,AM,R24AE,00,EH?,2025-06-04T00:48:14.584000Z,2025-06-04T00:51:19.014000Z,RASPISHAKE,https://data.raspberryshake.org/fdsnws/dataselect/1/query,35.0,continuation_noise_chunk_truncated,AM.R24AE.noise.20250604T004815,3500,2000,7000,9000,shared_noise_sequence_across_target_snr_siblings
91,case-0091-event,event,0,AM,R24AE,00,EH?,2026-05-21T19:00:57.642000Z,2026-05-21T19:01:32.642000Z,RASPISHAKE,https://data.raspberryshake.org/fdsnws/dataselect/1/query,35.0,evaluator_event_reference,AM.R24AE.event.20260521T190057,3500,3500,0,3500,shared_event_window_across_target_snr_siblings
91,case-0091-noise-01,noise,1,AM,R24AE,00,EH?,2025-06-09T12:34:53.994000Z,2025-06-09T12:37:58.814000Z,RASPISHAKE,https://data.raspberryshake.org/fdsnws/dataselect/1/query,35.0,primary_noise_chunk,AM.R24AE.noise.20250609T123456,3500,3500,0,3500,shared_noise_sequence_across_target_snr_siblings
91,case-0091-noise-02,noise,2,AM,R24AE,00,EH?,2025-06-06T15:29:59.484000Z,2025-06-06T15:33:02.684000Z,RASPISHAKE,https://data.raspberryshake.org/fdsnws/dataselect/1/query,35.0,continuation_noise_chunk,AM.R24AE.noise.20250606T153000,3500,3500,3500,7000,shared_noise_sequence_across_target_snr_siblings
91,case-0091-noise-03,noise,3,AM,R24AE,00,EH?,2025-06-07T23:52:58.204000Z,2025-06-07T23:56:02.694000Z,RASPISHAKE,https://data.raspberryshake.org/fdsnws/dataselect/1/query,35.0,continuation_noise_chunk_truncated,AM.R24AE.noise.20250607T235259,3500,2000,7000,9000,shared_noise_sequence_across_target_snr_siblings
92,case-0092-event,event,0,AM,R24AE,00,EH?,2026-05-21T19:00:57.642000Z,2026-05-21T19:01:32.642000Z,RASPISHAKE,https://data.raspberryshake.org/fdsnws/dataselect/1/query,35.0,evaluator_event_reference,AM.R24AE.event.20260521T190057,3500,3500,0,3500,shared_event_window_across_target_snr_siblings
92,case-0092-noise-01,noise,1,AM,R24AE,00,EH?,2025-06-09T12:34:53.994000Z,2025-06-09T12:37:58.814000Z,RASPISHAKE,https://data.raspberryshake.org/fdsnws/dataselect/1/query,35.0,primary_noise_chunk,AM.R24AE.noise.20250609T123456,3500,3500,0,3500,shared_noise_sequence_across_target_snr_siblings
92,case-0092-noise-02,noise,2,AM,R24AE,00,EH?,2025-06-06T15:29:59.484000Z,2025-06-06T15:33:02.684000Z,RASPISHAKE,https://data.raspberryshake.org/fdsnws/dataselect/1/query,35.0,continuation_noise_chunk,AM.R24AE.noise.20250606T153000,3500,3500,3500,7000,shared_noise_sequence_across_target_snr_siblings
92,case-0092-noise-03,noise,3,AM,R24AE,00,EH?,2025-06-07T23:52:58.204000Z,2025-06-07T23:56:02.694000Z,RASPISHAKE,https://data.raspberryshake.org/fdsnws/dataselect/1/query,35.0,continuation_noise_chunk_truncated,AM.R24AE.noise.20250607T235259,3500,2000,7000,9000,shared_noise_sequence_across_target_snr_siblings
93,case-0093-event,event,0,AM,R24AE,00,EH?,2026-05-21T19:00:57.642000Z,2026-05-21T19:01:32.642000Z,RASPISHAKE,https://data.raspberryshake.org/fdsnws/dataselect/1/query,35.0,evaluator_event_reference,AM.R24AE.event.20260521T190057,3500,3500,0,3500,shared_event_window_across_target_snr_siblings
93,case-0093-noise-01,noise,1,AM,R24AE,00,EH?,2025-06-09T12:34:53.994000Z,2025-06-09T12:37:58.814000Z,RASPISHAKE,https://data.raspberryshake.org/fdsnws/dataselect/1/query,35.0,primary_noise_chunk,AM.R24AE.noise.20250609T123456,3500,3500,0,3500,shared_noise_sequence_across_target_snr_siblings
93,case-0093-noise-02,noise,2,AM,R24AE,00,EH?,2025-06-06T15:29:59.484000Z,2025-06-06T15:33:02.684000Z,RASPISHAKE,https://data.raspberryshake.org/fdsnws/dataselect/1/query,35.0,continuation_noise_chunk,AM.R24AE.noise.20250606T153000,3500,3500,3500,7000,shared_noise_sequence_across_target_snr_siblings
93,case-0093-noise-03,noise,3,AM,R24AE,00,EH?,2025-06-07T23:52:58.204000Z,2025-06-07T23:56:02.694000Z,RASPISHAKE,https://data.raspberryshake.org/fdsnws/dataselect/1/query,35.0,continuation_noise_chunk_truncated,AM.R24AE.noise.20250607T235259,3500,2000,7000,9000,shared_noise_sequence_across_target_snr_siblings
94,case-0094-event,event,0,AM,R24AE,00,EH?,2026-05-28T11:49:14.332000Z,2026-05-28T11:49:49.332000Z,RASPISHAKE,https://data.raspberryshake.org/fdsnws/dataselect/1/query,35.0,evaluator_event_reference,AM.R24AE.event.20260528T114914,3500,3500,0,3500,shared_event_window_across_target_snr_siblings
94,case-0094-noise-01,noise,1,AM,R24AE,00,EH?,2025-06-04T00:48:14.584000Z,2025-06-04T00:51:19.014000Z,RASPISHAKE,https://data.raspberryshake.org/fdsnws/dataselect/1/query,35.0,primary_noise_chunk,AM.R24AE.noise.20250604T004815,3500,3500,0,3500,shared_noise_sequence_across_target_snr_siblings
94,case-0094-noise-02,noise,2,AM,R24AE,00,EH?,2025-06-04T17:28:29.494000Z,2025-06-04T17:31:34.204000Z,RASPISHAKE,https://data.raspberryshake.org/fdsnws/dataselect/1/query,35.0,continuation_noise_chunk,AM.R24AE.noise.20250604T172830,3500,3500,3500,7000,shared_noise_sequence_across_target_snr_siblings
94,case-0094-noise-03,noise,3,AM,R24AE,00,EH?,2025-06-04T20:32:02.864000Z,2025-06-04T20:35:08.594000Z,RASPISHAKE,https://data.raspberryshake.org/fdsnws/dataselect/1/query,35.0,continuation_noise_chunk_truncated,AM.R24AE.noise.20250604T203205,3500,2000,7000,9000,shared_noise_sequence_across_target_snr_siblings
95,case-0095-event,event,0,AM,R24AE,00,EH?,2026-05-28T11:49:14.332000Z,2026-05-28T11:49:49.332000Z,RASPISHAKE,https://data.raspberryshake.org/fdsnws/dataselect/1/query,35.0,evaluator_event_reference,AM.R24AE.event.20260528T114914,3500,3500,0,3500,shared_event_window_across_target_snr_siblings
95,case-0095-noise-01,noise,1,AM,R24AE,00,EH?,2025-06-04T00:48:14.584000Z,2025-06-04T00:51:19.014000Z,RASPISHAKE,https://data.raspberryshake.org/fdsnws/dataselect/1/query,35.0,primary_noise_chunk,AM.R24AE.noise.20250604T004815,3500,3500,0,3500,shared_noise_sequence_across_target_snr_siblings
95,case-0095-noise-02,noise,2,AM,R24AE,00,EH?,2025-06-04T17:28:29.494000Z,2025-06-04T17:31:34.204000Z,RASPISHAKE,https://data.raspberryshake.org/fdsnws/dataselect/1/query,35.0,continuation_noise_chunk,AM.R24AE.noise.20250604T172830,3500,3500,3500,7000,shared_noise_sequence_across_target_snr_siblings
95,case-0095-noise-03,noise,3,AM,R24AE,00,EH?,2025-06-04T20:32:02.864000Z,2025-06-04T20:35:08.594000Z,RASPISHAKE,https://data.raspberryshake.org/fdsnws/dataselect/1/query,35.0,continuation_noise_chunk_truncated,AM.R24AE.noise.20250604T203205,3500,2000,7000,9000,shared_noise_sequence_across_target_snr_siblings
96,case-0096-event,event,0,AM,R24AE,00,EH?,2026-05-28T11:49:14.332000Z,2026-05-28T11:49:49.332000Z,RASPISHAKE,https://data.raspberryshake.org/fdsnws/dataselect/1/query,35.0,evaluator_event_reference,AM.R24AE.event.20260528T114914,3500,3500,0,3500,shared_event_window_across_target_snr_siblings
96,case-0096-noise-01,noise,1,AM,R24AE,00,EH?,2025-06-04T00:48:14.584000Z,2025-06-04T00:51:19.014000Z,RASPISHAKE,https://data.raspberryshake.org/fdsnws/dataselect/1/query,35.0,primary_noise_chunk,AM.R24AE.noise.20250604T004815,3500,3500,0,3500,shared_noise_sequence_across_target_snr_siblings
96,case-0096-noise-02,noise,2,AM,R24AE,00,EH?,2025-06-04T17:28:29.494000Z,2025-06-04T17:31:34.204000Z,RASPISHAKE,https://data.raspberryshake.org/fdsnws/dataselect/1/query,35.0,continuation_noise_chunk,AM.R24AE.noise.20250604T172830,3500,3500,3500,7000,shared_noise_sequence_across_target_snr_siblings
96,case-0096-noise-03,noise,3,AM,R24AE,00,EH?,2025-06-04T20:32:02.864000Z,2025-06-04T20:35:08.594000Z,RASPISHAKE,https://data.raspberryshake.org/fdsnws/dataselect/1/query,35.0,continuation_noise_chunk_truncated,AM.R24AE.noise.20250604T203205,3500,2000,7000,9000,shared_noise_sequence_across_target_snr_siblings
97,case-0097-event,event,0,AM,R3B66,00,EH?,2026-01-28T04:00:37.807000Z,2026-01-28T04:01:12.807000Z,RASPISHAKE,https://data.raspberryshake.org/fdsnws/dataselect/1/query,35.0,evaluator_event_reference,AM.R3B66.event.20260128T040037,3500,3500,0,3500,shared_event_window_across_target_snr_siblings
97,case-0097-noise-01,noise,1,AM,R3B66,00,EH?,2025-06-01T00:23:41.208000Z,2025-06-01T00:26:47.388000Z,RASPISHAKE,https://data.raspberryshake.org/fdsnws/dataselect/1/query,35.0,primary_noise_chunk,AM.R3B66.noise.20250601T002345,3500,3500,0,3500,shared_noise_sequence_across_target_snr_siblings
97,case-0097-noise-02,noise,2,AM,R3B66,00,EH?,2025-06-09T07:25:46.988000Z,2025-06-09T07:28:52.108000Z,RASPISHAKE,https://data.raspberryshake.org/fdsnws/dataselect/1/query,35.0,continuation_noise_chunk,AM.R3B66.noise.20250609T072549,3500,3500,3500,7000,shared_noise_sequence_across_target_snr_siblings
97,case-0097-noise-03,noise,3,AM,R3B66,00,EH?,2025-06-04T20:32:02.408000Z,2025-06-04T20:35:07.558000Z,RASPISHAKE,https://data.raspberryshake.org/fdsnws/dataselect/1/query,35.0,continuation_noise_chunk_truncated,AM.R3B66.noise.20250604T203205,3500,2000,7000,9000,shared_noise_sequence_across_target_snr_siblings
98,case-0098-event,event,0,AM,R3B66,00,EH?,2026-01-28T04:00:37.807000Z,2026-01-28T04:01:12.807000Z,RASPISHAKE,https://data.raspberryshake.org/fdsnws/dataselect/1/query,35.0,evaluator_event_reference,AM.R3B66.event.20260128T040037,3500,3500,0,3500,shared_event_window_across_target_snr_siblings
98,case-0098-noise-01,noise,1,AM,R3B66,00,EH?,2025-06-01T00:23:41.208000Z,2025-06-01T00:26:47.388000Z,RASPISHAKE,https://data.raspberryshake.org/fdsnws/dataselect/1/query,35.0,primary_noise_chunk,AM.R3B66.noise.20250601T002345,3500,3500,0,3500,shared_noise_sequence_across_target_snr_siblings
98,case-0098-noise-02,noise,2,AM,R3B66,00,EH?,2025-06-09T07:25:46.988000Z,2025-06-09T07:28:52.108000Z,RASPISHAKE,https://data.raspberryshake.org/fdsnws/dataselect/1/query,35.0,continuation_noise_chunk,AM.R3B66.noise.20250609T072549,3500,3500,3500,7000,shared_noise_sequence_across_target_snr_siblings
98,case-0098-noise-03,noise,3,AM,R3B66,00,EH?,2025-06-04T20:32:02.408000Z,2025-06-04T20:35:07.558000Z,RASPISHAKE,https://data.raspberryshake.org/fdsnws/dataselect/1/query,35.0,continuation_noise_chunk_truncated,AM.R3B66.noise.20250604T203205,3500,2000,7000,9000,shared_noise_sequence_across_target_snr_siblings
99,case-0099-event,event,0,AM,R3B66,00,EH?,2026-01-28T04:00:37.807000Z,2026-01-28T04:01:12.807000Z,RASPISHAKE,https://data.raspberryshake.org/fdsnws/dataselect/1/query,35.0,evaluator_event_reference,AM.R3B66.event.20260128T040037,3500,3500,0,3500,shared_event_window_across_target_snr_siblings
99,case-0099-noise-01,noise,1,AM,R3B66,00,EH?,2025-06-01T00:23:41.208000Z,2025-06-01T00:26:47.388000Z,RASPISHAKE,https://data.raspberryshake.org/fdsnws/dataselect/1/query,35.0,primary_noise_chunk,AM.R3B66.noise.20250601T002345,3500,3500,0,3500,shared_noise_sequence_across_target_snr_siblings
99,case-0099-noise-02,noise,2,AM,R3B66,00,EH?,2025-06-09T07:25:46.988000Z,2025-06-09T07:28:52.108000Z,RASPISHAKE,https://data.raspberryshake.org/fdsnws/dataselect/1/query,35.0,continuation_noise_chunk,AM.R3B66.noise.20250609T072549,3500,3500,3500,7000,shared_noise_sequence_across_target_snr_siblings
99,case-0099-noise-03,noise,3,AM,R3B66,00,EH?,2025-06-04T20:32:02.408000Z,2025-06-04T20:35:07.558000Z,RASPISHAKE,https://data.raspberryshake.org/fdsnws/dataselect/1/query,35.0,continuation_noise_chunk_truncated,AM.R3B66.noise.20250604T203205,3500,2000,7000,9000,shared_noise_sequence_across_target_snr_siblings
100,case-0100-event,event,0,AM,R3B66,00,EH?,2026-05-04T15:25:58.713000Z,2026-05-04T15:26:33.713000Z,RASPISHAKE,https://data.raspberryshake.org/fdsnws/dataselect/1/query,35.0,evaluator_event_reference,AM.R3B66.event.20260504T152558,3500,3500,0,3500,shared_event_window_across_target_snr_siblings
100,case-0100-noise-01,noise,1,AM,R3B66,00,EH?,2025-06-02T21:51:33.638000Z,2025-06-02T21:54:40.968000Z,RASPISHAKE,https://data.raspberryshake.org/fdsnws/dataselect/1/query,35.0,primary_noise_chunk,AM.R3B66.noise.20250602T215137,3500,3500,0,3500,shared_noise_sequence_across_target_snr_siblings
100,case-0100-noise-02,noise,2,AM,R3B66,00,EH?,2025-06-01T00:58:48.848000Z,2025-06-01T01:01:54.688000Z,RASPISHAKE,https://data.raspberryshake.org/fdsnws/dataselect/1/query,35.0,continuation_noise_chunk,AM.R3B66.noise.20250601T005852,3500,3500,3500,7000,shared_noise_sequence_across_target_snr_siblings
100,case-0100-noise-03,noise,3,AM,R3B66,00,EH?,2025-06-01T00:23:41.208000Z,2025-06-01T00:26:47.388000Z,RASPISHAKE,https://data.raspberryshake.org/fdsnws/dataselect/1/query,35.0,continuation_noise_chunk_truncated,AM.R3B66.noise.20250601T002345,3500,2000,7000,9000,shared_noise_sequence_across_target_snr_siblings
101,case-0101-event,event,0,AM,R3B66,00,EH?,2026-05-04T15:25:58.713000Z,2026-05-04T15:26:33.713000Z,RASPISHAKE,https://data.raspberryshake.org/fdsnws/dataselect/1/query,35.0,evaluator_event_reference,AM.R3B66.event.20260504T152558,3500,3500,0,3500,shared_event_window_across_target_snr_siblings
101,case-0101-noise-01,noise,1,AM,R3B66,00,EH?,2025-06-02T21:51:33.638000Z,2025-06-02T21:54:40.968000Z,RASPISHAKE,https://data.raspberryshake.org/fdsnws/dataselect/1/query,35.0,primary_noise_chunk,AM.R3B66.noise.20250602T215137,3500,3500,0,3500,shared_noise_sequence_across_target_snr_siblings
101,case-0101-noise-02,noise,2,AM,R3B66,00,EH?,2025-06-01T00:58:48.848000Z,2025-06-01T01:01:54.688000Z,RASPISHAKE,https://data.raspberryshake.org/fdsnws/dataselect/1/query,35.0,continuation_noise_chunk,AM.R3B66.noise.20250601T005852,3500,3500,3500,7000,shared_noise_sequence_across_target_snr_siblings
101,case-0101-noise-03,noise,3,AM,R3B66,00,EH?,2025-06-01T00:23:41.208000Z,2025-06-01T00:26:47.388000Z,RASPISHAKE,https://data.raspberryshake.org/fdsnws/dataselect/1/query,35.0,continuation_noise_chunk_truncated,AM.R3B66.noise.20250601T002345,3500,2000,7000,9000,shared_noise_sequence_across_target_snr_siblings
102,case-0102-event,event,0,AM,R3B66,00,EH?,2026-05-04T15:25:58.713000Z,2026-05-04T15:26:33.713000Z,RASPISHAKE,https://data.raspberryshake.org/fdsnws/dataselect/1/query,35.0,evaluator_event_reference,AM.R3B66.event.20260504T152558,3500,3500,0,3500,shared_event_window_across_target_snr_siblings
102,case-0102-noise-01,noise,1,AM,R3B66,00,EH?,2025-06-02T21:51:33.638000Z,2025-06-02T21:54:40.968000Z,RASPISHAKE,https://data.raspberryshake.org/fdsnws/dataselect/1/query,35.0,primary_noise_chunk,AM.R3B66.noise.20250602T215137,3500,3500,0,3500,shared_noise_sequence_across_target_snr_siblings
102,case-0102-noise-02,noise,2,AM,R3B66,00,EH?,2025-06-01T00:58:48.848000Z,2025-06-01T01:01:54.688000Z,RASPISHAKE,https://data.raspberryshake.org/fdsnws/dataselect/1/query,35.0,continuation_noise_chunk,AM.R3B66.noise.20250601T005852,3500,3500,3500,7000,shared_noise_sequence_across_target_snr_siblings
102,case-0102-noise-03,noise,3,AM,R3B66,00,EH?,2025-06-01T00:23:41.208000Z,2025-06-01T00:26:47.388000Z,RASPISHAKE,https://data.raspberryshake.org/fdsnws/dataselect/1/query,35.0,continuation_noise_chunk_truncated,AM.R3B66.noise.20250601T002345,3500,2000,7000,9000,shared_noise_sequence_across_target_snr_siblings
103,case-0103-event,event,0,AM,R3B66,00,EH?,2026-05-09T04:53:14.223000Z,2026-05-09T04:53:49.223000Z,RASPISHAKE,https://data.raspberryshake.org/fdsnws/dataselect/1/query,35.0,evaluator_event_reference,AM.R3B66.event.20260509T045314,3500,3500,0,3500,shared_event_window_across_target_snr_siblings
103,case-0103-noise-01,noise,1,AM,R3B66,00,EH?,2025-06-04T00:48:12.918000Z,2025-06-04T00:51:18.048000Z,RASPISHAKE,https://data.raspberryshake.org/fdsnws/dataselect/1/query,35.0,primary_noise_chunk,AM.R3B66.noise.20250604T004815,3500,3500,0,3500,shared_noise_sequence_across_target_snr_siblings
103,case-0103-noise-02,noise,2,AM,R3B66,00,EH?,2025-06-06T15:29:58.788000Z,2025-06-06T15:33:02.738000Z,RASPISHAKE,https://data.raspberryshake.org/fdsnws/dataselect/1/query,35.0,continuation_noise_chunk,AM.R3B66.noise.20250606T153000,3500,3500,3500,7000,shared_noise_sequence_across_target_snr_siblings
103,case-0103-noise-03,noise,3,AM,R3B66,00,EH?,2025-06-04T20:32:02.408000Z,2025-06-04T20:35:07.558000Z,RASPISHAKE,https://data.raspberryshake.org/fdsnws/dataselect/1/query,35.0,continuation_noise_chunk_truncated,AM.R3B66.noise.20250604T203205,3500,2000,7000,9000,shared_noise_sequence_across_target_snr_siblings
104,case-0104-event,event,0,AM,R3B66,00,EH?,2026-05-09T04:53:14.223000Z,2026-05-09T04:53:49.223000Z,RASPISHAKE,https://data.raspberryshake.org/fdsnws/dataselect/1/query,35.0,evaluator_event_reference,AM.R3B66.event.20260509T045314,3500,3500,0,3500,shared_event_window_across_target_snr_siblings
104,case-0104-noise-01,noise,1,AM,R3B66,00,EH?,2025-06-04T00:48:12.918000Z,2025-06-04T00:51:18.048000Z,RASPISHAKE,https://data.raspberryshake.org/fdsnws/dataselect/1/query,35.0,primary_noise_chunk,AM.R3B66.noise.20250604T004815,3500,3500,0,3500,shared_noise_sequence_across_target_snr_siblings
104,case-0104-noise-02,noise,2,AM,R3B66,00,EH?,2025-06-06T15:29:58.788000Z,2025-06-06T15:33:02.738000Z,RASPISHAKE,https://data.raspberryshake.org/fdsnws/dataselect/1/query,35.0,continuation_noise_chunk,AM.R3B66.noise.20250606T153000,3500,3500,3500,7000,shared_noise_sequence_across_target_snr_siblings
104,case-0104-noise-03,noise,3,AM,R3B66,00,EH?,2025-06-04T20:32:02.408000Z,2025-06-04T20:35:07.558000Z,RASPISHAKE,https://data.raspberryshake.org/fdsnws/dataselect/1/query,35.0,continuation_noise_chunk_truncated,AM.R3B66.noise.20250604T203205,3500,2000,7000,9000,shared_noise_sequence_across_target_snr_siblings
105,case-0105-event,event,0,AM,R3B66,00,EH?,2026-05-09T04:53:14.223000Z,2026-05-09T04:53:49.223000Z,RASPISHAKE,https://data.raspberryshake.org/fdsnws/dataselect/1/query,35.0,evaluator_event_reference,AM.R3B66.event.20260509T045314,3500,3500,0,3500,shared_event_window_across_target_snr_siblings
105,case-0105-noise-01,noise,1,AM,R3B66,00,EH?,2025-06-04T00:48:12.918000Z,2025-06-04T00:51:18.048000Z,RASPISHAKE,https://data.raspberryshake.org/fdsnws/dataselect/1/query,35.0,primary_noise_chunk,AM.R3B66.noise.20250604T004815,3500,3500,0,3500,shared_noise_sequence_across_target_snr_siblings
105,case-0105-noise-02,noise,2,AM,R3B66,00,EH?,2025-06-06T15:29:58.788000Z,2025-06-06T15:33:02.738000Z,RASPISHAKE,https://data.raspberryshake.org/fdsnws/dataselect/1/query,35.0,continuation_noise_chunk,AM.R3B66.noise.20250606T153000,3500,3500,3500,7000,shared_noise_sequence_across_target_snr_siblings
105,case-0105-noise-03,noise,3,AM,R3B66,00,EH?,2025-06-04T20:32:02.408000Z,2025-06-04T20:35:07.558000Z,RASPISHAKE,https://data.raspberryshake.org/fdsnws/dataselect/1/query,35.0,continuation_noise_chunk_truncated,AM.R3B66.noise.20250604T203205,3500,2000,7000,9000,shared_noise_sequence_across_target_snr_siblings
106,case-0106-event,event,0,AM,R3B66,00,EH?,2026-05-15T11:35:02.883000Z,2026-05-15T11:35:37.883000Z,RASPISHAKE,https://data.raspberryshake.org/fdsnws/dataselect/1/query,35.0,evaluator_event_reference,AM.R3B66.event.20260515T113502,3500,3500,0,3500,shared_event_window_across_target_snr_siblings
106,case-0106-noise-01,noise,1,AM,R3B66,00,EH?,2025-06-02T14:31:42.038000Z,2025-06-02T14:34:46.398000Z,RASPISHAKE,https://data.raspberryshake.org/fdsnws/dataselect/1/query,35.0,primary_noise_chunk,AM.R3B66.noise.20250602T143144,3500,3500,0,3500,shared_noise_sequence_across_target_snr_siblings
106,case-0106-noise-02,noise,2,AM,R3B66,00,EH?,2025-06-10T11:38:05.218000Z,2025-06-10T11:41:11.978000Z,RASPISHAKE,https://data.raspberryshake.org/fdsnws/dataselect/1/query,35.0,continuation_noise_chunk,AM.R3B66.noise.20250610T113808,3500,3500,3500,7000,shared_noise_sequence_across_target_snr_siblings
106,case-0106-noise-03,noise,3,AM,R3B66,00,EH?,2025-06-07T23:29:25.228000Z,2025-06-07T23:32:29.868000Z,RASPISHAKE,https://data.raspberryshake.org/fdsnws/dataselect/1/query,35.0,continuation_noise_chunk_truncated,AM.R3B66.noise.20250607T232927,3500,2000,7000,9000,shared_noise_sequence_across_target_snr_siblings
107,case-0107-event,event,0,AM,R3B66,00,EH?,2026-05-15T11:35:02.883000Z,2026-05-15T11:35:37.883000Z,RASPISHAKE,https://data.raspberryshake.org/fdsnws/dataselect/1/query,35.0,evaluator_event_reference,AM.R3B66.event.20260515T113502,3500,3500,0,3500,shared_event_window_across_target_snr_siblings
107,case-0107-noise-01,noise,1,AM,R3B66,00,EH?,2025-06-02T14:31:42.038000Z,2025-06-02T14:34:46.398000Z,RASPISHAKE,https://data.raspberryshake.org/fdsnws/dataselect/1/query,35.0,primary_noise_chunk,AM.R3B66.noise.20250602T143144,3500,3500,0,3500,shared_noise_sequence_across_target_snr_siblings
107,case-0107-noise-02,noise,2,AM,R3B66,00,EH?,2025-06-10T11:38:05.218000Z,2025-06-10T11:41:11.978000Z,RASPISHAKE,https://data.raspberryshake.org/fdsnws/dataselect/1/query,35.0,continuation_noise_chunk,AM.R3B66.noise.20250610T113808,3500,3500,3500,7000,shared_noise_sequence_across_target_snr_siblings
107,case-0107-noise-03,noise,3,AM,R3B66,00,EH?,2025-06-07T23:29:25.228000Z,2025-06-07T23:32:29.868000Z,RASPISHAKE,https://data.raspberryshake.org/fdsnws/dataselect/1/query,35.0,continuation_noise_chunk_truncated,AM.R3B66.noise.20250607T232927,3500,2000,7000,9000,shared_noise_sequence_across_target_snr_siblings
108,case-0108-event,event,0,AM,R3B66,00,EH?,2026-05-15T11:35:02.883000Z,2026-05-15T11:35:37.883000Z,RASPISHAKE,https://data.raspberryshake.org/fdsnws/dataselect/1/query,35.0,evaluator_event_reference,AM.R3B66.event.20260515T113502,3500,3500,0,3500,shared_event_window_across_target_snr_siblings
108,case-0108-noise-01,noise,1,AM,R3B66,00,EH?,2025-06-02T14:31:42.038000Z,2025-06-02T14:34:46.398000Z,RASPISHAKE,https://data.raspberryshake.org/fdsnws/dataselect/1/query,35.0,primary_noise_chunk,AM.R3B66.noise.20250602T143144,3500,3500,0,3500,shared_noise_sequence_across_target_snr_siblings
108,case-0108-noise-02,noise,2,AM,R3B66,00,EH?,2025-06-10T11:38:05.218000Z,2025-06-10T11:41:11.978000Z,RASPISHAKE,https://data.raspberryshake.org/fdsnws/dataselect/1/query,35.0,continuation_noise_chunk,AM.R3B66.noise.20250610T113808,3500,3500,3500,7000,shared_noise_sequence_across_target_snr_siblings
108,case-0108-noise-03,noise,3,AM,R3B66,00,EH?,2025-06-07T23:29:25.228000Z,2025-06-07T23:32:29.868000Z,RASPISHAKE,https://data.raspberryshake.org/fdsnws/dataselect/1/query,35.0,continuation_noise_chunk_truncated,AM.R3B66.noise.20250607T232927,3500,2000,7000,9000,shared_noise_sequence_across_target_snr_siblings
109,case-0109-event,event,0,AM,R3B66,00,EH?,2026-05-16T14:55:24.143000Z,2026-05-16T14:55:59.143000Z,RASPISHAKE,https://data.raspberryshake.org/fdsnws/dataselect/1/query,35.0,evaluator_event_reference,AM.R3B66.event.20260516T145524,3500,3500,0,3500,shared_event_window_across_target_snr_siblings
109,case-0109-noise-01,noise,1,AM,R3B66,00,EH?,2025-06-04T20:32:02.408000Z,2025-06-04T20:35:07.558000Z,RASPISHAKE,https://data.raspberryshake.org/fdsnws/dataselect/1/query,35.0,primary_noise_chunk,AM.R3B66.noise.20250604T203205,3500,3500,0,3500,shared_noise_sequence_across_target_snr_siblings
109,case-0109-noise-02,noise,2,AM,R3B66,00,EH?,2025-06-06T00:40:40.678000Z,2025-06-06T00:43:44.098000Z,RASPISHAKE,https://data.raspberryshake.org/fdsnws/dataselect/1/query,35.0,continuation_noise_chunk,AM.R3B66.noise.20250606T004041,3500,3500,3500,7000,shared_noise_sequence_across_target_snr_siblings
109,case-0109-noise-03,noise,3,AM,R3B66,00,EH?,2025-06-08T16:25:03.638000Z,2025-06-08T16:28:09.558000Z,RASPISHAKE,https://data.raspberryshake.org/fdsnws/dataselect/1/query,35.0,continuation_noise_chunk_truncated,AM.R3B66.noise.20250608T162507,3500,2000,7000,9000,shared_noise_sequence_across_target_snr_siblings
110,case-0110-event,event,0,AM,R3B66,00,EH?,2026-05-16T14:55:24.143000Z,2026-05-16T14:55:59.143000Z,RASPISHAKE,https://data.raspberryshake.org/fdsnws/dataselect/1/query,35.0,evaluator_event_reference,AM.R3B66.event.20260516T145524,3500,3500,0,3500,shared_event_window_across_target_snr_siblings
110,case-0110-noise-01,noise,1,AM,R3B66,00,EH?,2025-06-04T20:32:02.408000Z,2025-06-04T20:35:07.558000Z,RASPISHAKE,https://data.raspberryshake.org/fdsnws/dataselect/1/query,35.0,primary_noise_chunk,AM.R3B66.noise.20250604T203205,3500,3500,0,3500,shared_noise_sequence_across_target_snr_siblings
110,case-0110-noise-02,noise,2,AM,R3B66,00,EH?,2025-06-06T00:40:40.678000Z,2025-06-06T00:43:44.098000Z,RASPISHAKE,https://data.raspberryshake.org/fdsnws/dataselect/1/query,35.0,continuation_noise_chunk,AM.R3B66.noise.20250606T004041,3500,3500,3500,7000,shared_noise_sequence_across_target_snr_siblings
110,case-0110-noise-03,noise,3,AM,R3B66,00,EH?,2025-06-08T16:25:03.638000Z,2025-06-08T16:28:09.558000Z,RASPISHAKE,https://data.raspberryshake.org/fdsnws/dataselect/1/query,35.0,continuation_noise_chunk_truncated,AM.R3B66.noise.20250608T162507,3500,2000,7000,9000,shared_noise_sequence_across_target_snr_siblings
111,case-0111-event,event,0,AM,R3B66,00,EH?,2026-05-16T14:55:24.143000Z,2026-05-16T14:55:59.143000Z,RASPISHAKE,https://data.raspberryshake.org/fdsnws/dataselect/1/query,35.0,evaluator_event_reference,AM.R3B66.event.20260516T145524,3500,3500,0,3500,shared_event_window_across_target_snr_siblings
111,case-0111-noise-01,noise,1,AM,R3B66,00,EH?,2025-06-04T20:32:02.408000Z,2025-06-04T20:35:07.558000Z,RASPISHAKE,https://data.raspberryshake.org/fdsnws/dataselect/1/query,35.0,primary_noise_chunk,AM.R3B66.noise.20250604T203205,3500,3500,0,3500,shared_noise_sequence_across_target_snr_siblings
111,case-0111-noise-02,noise,2,AM,R3B66,00,EH?,2025-06-06T00:40:40.678000Z,2025-06-06T00:43:44.098000Z,RASPISHAKE,https://data.raspberryshake.org/fdsnws/dataselect/1/query,35.0,continuation_noise_chunk,AM.R3B66.noise.20250606T004041,3500,3500,3500,7000,shared_noise_sequence_across_target_snr_siblings
111,case-0111-noise-03,noise,3,AM,R3B66,00,EH?,2025-06-08T16:25:03.638000Z,2025-06-08T16:28:09.558000Z,RASPISHAKE,https://data.raspberryshake.org/fdsnws/dataselect/1/query,35.0,continuation_noise_chunk_truncated,AM.R3B66.noise.20250608T162507,3500,2000,7000,9000,shared_noise_sequence_across_target_snr_siblings
112,case-0112-event,event,0,AM,R3B66,00,EH?,2026-05-25T22:02:34.513000Z,2026-05-25T22:03:09.513000Z,RASPISHAKE,https://data.raspberryshake.org/fdsnws/dataselect/1/query,35.0,evaluator_event_reference,AM.R3B66.event.20260525T220234,3500,3500,0,3500,shared_event_window_across_target_snr_siblings
112,case-0112-noise-01,noise,1,AM,R3B66,00,EH?,2025-06-04T20:32:02.408000Z,2025-06-04T20:35:07.558000Z,RASPISHAKE,https://data.raspberryshake.org/fdsnws/dataselect/1/query,35.0,primary_noise_chunk,AM.R3B66.noise.20250604T203205,3500,3500,0,3500,shared_noise_sequence_across_target_snr_siblings
112,case-0112-noise-02,noise,2,AM,R3B66,00,EH?,2025-06-10T22:22:11.208000Z,2025-06-10T22:25:16.908000Z,RASPISHAKE,https://data.raspberryshake.org/fdsnws/dataselect/1/query,35.0,continuation_noise_chunk,AM.R3B66.noise.20250610T222213,3500,3500,3500,7000,shared_noise_sequence_across_target_snr_siblings
112,case-0112-noise-03,noise,3,AM,R3B66,00,EH?,2025-06-03T19:32:19.038000Z,2025-06-03T19:35:25.958000Z,RASPISHAKE,https://data.raspberryshake.org/fdsnws/dataselect/1/query,35.0,continuation_noise_chunk_truncated,AM.R3B66.noise.20250603T193222,3500,2000,7000,9000,shared_noise_sequence_across_target_snr_siblings
113,case-0113-event,event,0,AM,R3B66,00,EH?,2026-05-25T22:02:34.513000Z,2026-05-25T22:03:09.513000Z,RASPISHAKE,https://data.raspberryshake.org/fdsnws/dataselect/1/query,35.0,evaluator_event_reference,AM.R3B66.event.20260525T220234,3500,3500,0,3500,shared_event_window_across_target_snr_siblings
113,case-0113-noise-01,noise,1,AM,R3B66,00,EH?,2025-06-04T20:32:02.408000Z,2025-06-04T20:35:07.558000Z,RASPISHAKE,https://data.raspberryshake.org/fdsnws/dataselect/1/query,35.0,primary_noise_chunk,AM.R3B66.noise.20250604T203205,3500,3500,0,3500,shared_noise_sequence_across_target_snr_siblings
113,case-0113-noise-02,noise,2,AM,R3B66,00,EH?,2025-06-10T22:22:11.208000Z,2025-06-10T22:25:16.908000Z,RASPISHAKE,https://data.raspberryshake.org/fdsnws/dataselect/1/query,35.0,continuation_noise_chunk,AM.R3B66.noise.20250610T222213,3500,3500,3500,7000,shared_noise_sequence_across_target_snr_siblings
113,case-0113-noise-03,noise,3,AM,R3B66,00,EH?,2025-06-03T19:32:19.038000Z,2025-06-03T19:35:25.958000Z,RASPISHAKE,https://data.raspberryshake.org/fdsnws/dataselect/1/query,35.0,continuation_noise_chunk_truncated,AM.R3B66.noise.20250603T193222,3500,2000,7000,9000,shared_noise_sequence_across_target_snr_siblings
114,case-0114-event,event,0,AM,R3B66,00,EH?,2026-05-25T22:02:34.513000Z,2026-05-25T22:03:09.513000Z,RASPISHAKE,https://data.raspberryshake.org/fdsnws/dataselect/1/query,35.0,evaluator_event_reference,AM.R3B66.event.20260525T220234,3500,3500,0,3500,shared_event_window_across_target_snr_siblings
114,case-0114-noise-01,noise,1,AM,R3B66,00,EH?,2025-06-04T20:32:02.408000Z,2025-06-04T20:35:07.558000Z,RASPISHAKE,https://data.raspberryshake.org/fdsnws/dataselect/1/query,35.0,primary_noise_chunk,AM.R3B66.noise.20250604T203205,3500,3500,0,3500,shared_noise_sequence_across_target_snr_siblings
114,case-0114-noise-02,noise,2,AM,R3B66,00,EH?,2025-06-10T22:22:11.208000Z,2025-06-10T22:25:16.908000Z,RASPISHAKE,https://data.raspberryshake.org/fdsnws/dataselect/1/query,35.0,continuation_noise_chunk,AM.R3B66.noise.20250610T222213,3500,3500,3500,7000,shared_noise_sequence_across_target_snr_siblings
114,case-0114-noise-03,noise,3,AM,R3B66,00,EH?,2025-06-03T19:32:19.038000Z,2025-06-03T19:35:25.958000Z,RASPISHAKE,https://data.raspberryshake.org/fdsnws/dataselect/1/query,35.0,continuation_noise_chunk_truncated,AM.R3B66.noise.20250603T193222,3500,2000,7000,9000,shared_noise_sequence_across_target_snr_siblings
115,case-0115-event,event,0,AM,R3B66,00,EH?,2026-05-30T21:33:37.883000Z,2026-05-30T21:34:12.883000Z,RASPISHAKE,https://data.raspberryshake.org/fdsnws/dataselect/1/query,35.0,evaluator_event_reference,AM.R3B66.event.20260530T213337,3500,3500,0,3500,shared_event_window_across_target_snr_siblings
115,case-0115-noise-01,noise,1,AM,R3B66,00,EH?,2025-06-04T20:32:02.408000Z,2025-06-04T20:35:07.558000Z,RASPISHAKE,https://data.raspberryshake.org/fdsnws/dataselect/1/query,35.0,primary_noise_chunk,AM.R3B66.noise.20250604T203205,3500,3500,0,3500,shared_noise_sequence_across_target_snr_siblings
115,case-0115-noise-02,noise,2,AM,R3B66,00,EH?,2025-06-06T00:40:40.678000Z,2025-06-06T00:43:44.098000Z,RASPISHAKE,https://data.raspberryshake.org/fdsnws/dataselect/1/query,35.0,continuation_noise_chunk,AM.R3B66.noise.20250606T004041,3500,3500,3500,7000,shared_noise_sequence_across_target_snr_siblings
115,case-0115-noise-03,noise,3,AM,R3B66,00,EH?,2025-06-03T00:03:52.838000Z,2025-06-03T00:06:59.988000Z,RASPISHAKE,https://data.raspberryshake.org/fdsnws/dataselect/1/query,35.0,continuation_noise_chunk_truncated,AM.R3B66.noise.20250603T000356,3500,2000,7000,9000,shared_noise_sequence_across_target_snr_siblings
116,case-0116-event,event,0,AM,R3B66,00,EH?,2026-05-30T21:33:37.883000Z,2026-05-30T21:34:12.883000Z,RASPISHAKE,https://data.raspberryshake.org/fdsnws/dataselect/1/query,35.0,evaluator_event_reference,AM.R3B66.event.20260530T213337,3500,3500,0,3500,shared_event_window_across_target_snr_siblings
116,case-0116-noise-01,noise,1,AM,R3B66,00,EH?,2025-06-04T20:32:02.408000Z,2025-06-04T20:35:07.558000Z,RASPISHAKE,https://data.raspberryshake.org/fdsnws/dataselect/1/query,35.0,primary_noise_chunk,AM.R3B66.noise.20250604T203205,3500,3500,0,3500,shared_noise_sequence_across_target_snr_siblings
116,case-0116-noise-02,noise,2,AM,R3B66,00,EH?,2025-06-06T00:40:40.678000Z,2025-06-06T00:43:44.098000Z,RASPISHAKE,https://data.raspberryshake.org/fdsnws/dataselect/1/query,35.0,continuation_noise_chunk,AM.R3B66.noise.20250606T004041,3500,3500,3500,7000,shared_noise_sequence_across_target_snr_siblings
116,case-0116-noise-03,noise,3,AM,R3B66,00,EH?,2025-06-03T00:03:52.838000Z,2025-06-03T00:06:59.988000Z,RASPISHAKE,https://data.raspberryshake.org/fdsnws/dataselect/1/query,35.0,continuation_noise_chunk_truncated,AM.R3B66.noise.20250603T000356,3500,2000,7000,9000,shared_noise_sequence_across_target_snr_siblings
117,case-0117-event,event,0,AM,R3B66,00,EH?,2026-05-30T21:33:37.883000Z,2026-05-30T21:34:12.883000Z,RASPISHAKE,https://data.raspberryshake.org/fdsnws/dataselect/1/query,35.0,evaluator_event_reference,AM.R3B66.event.20260530T213337,3500,3500,0,3500,shared_event_window_across_target_snr_siblings
117,case-0117-noise-01,noise,1,AM,R3B66,00,EH?,2025-06-04T20:32:02.408000Z,2025-06-04T20:35:07.558000Z,RASPISHAKE,https://data.raspberryshake.org/fdsnws/dataselect/1/query,35.0,primary_noise_chunk,AM.R3B66.noise.20250604T203205,3500,3500,0,3500,shared_noise_sequence_across_target_snr_siblings
117,case-0117-noise-02,noise,2,AM,R3B66,00,EH?,2025-06-06T00:40:40.678000Z,2025-06-06T00:43:44.098000Z,RASPISHAKE,https://data.raspberryshake.org/fdsnws/dataselect/1/query,35.0,continuation_noise_chunk,AM.R3B66.noise.20250606T004041,3500,3500,3500,7000,shared_noise_sequence_across_target_snr_siblings
117,case-0117-noise-03,noise,3,AM,R3B66,00,EH?,2025-06-03T00:03:52.838000Z,2025-06-03T00:06:59.988000Z,RASPISHAKE,https://data.raspberryshake.org/fdsnws/dataselect/1/query,35.0,continuation_noise_chunk_truncated,AM.R3B66.noise.20250603T000356,3500,2000,7000,9000,shared_noise_sequence_across_target_snr_siblings
118,case-0118-event,event,0,AM,R3B66,00,EH?,2026-05-31T21:45:45.963000Z,2026-05-31T21:46:20.963000Z,RASPISHAKE,https://data.raspberryshake.org/fdsnws/dataselect/1/query,35.0,evaluator_event_reference,AM.R3B66.event.20260531T214545,3500,3500,0,3500,shared_event_window_across_target_snr_siblings
118,case-0118-noise-01,noise,1,AM,R3B66,00,EH?,2025-06-06T15:29:58.788000Z,2025-06-06T15:33:02.738000Z,RASPISHAKE,https://data.raspberryshake.org/fdsnws/dataselect/1/query,35.0,primary_noise_chunk,AM.R3B66.noise.20250606T153000,3500,3500,0,3500,shared_noise_sequence_across_target_snr_siblings
118,case-0118-noise-02,noise,2,AM,R3B66,00,EH?,2025-06-08T15:34:40.868000Z,2025-06-08T15:37:45.438000Z,RASPISHAKE,https://data.raspberryshake.org/fdsnws/dataselect/1/query,35.0,continuation_noise_chunk,AM.R3B66.noise.20250608T153442,3500,3500,3500,7000,shared_noise_sequence_across_target_snr_siblings
118,case-0118-noise-03,noise,3,AM,R3B66,00,EH?,2025-06-08T16:25:03.638000Z,2025-06-08T16:28:09.558000Z,RASPISHAKE,https://data.raspberryshake.org/fdsnws/dataselect/1/query,35.0,continuation_noise_chunk_truncated,AM.R3B66.noise.20250608T162507,3500,2000,7000,9000,shared_noise_sequence_across_target_snr_siblings
119,case-0119-event,event,0,AM,R3B66,00,EH?,2026-05-31T21:45:45.963000Z,2026-05-31T21:46:20.963000Z,RASPISHAKE,https://data.raspberryshake.org/fdsnws/dataselect/1/query,35.0,evaluator_event_reference,AM.R3B66.event.20260531T214545,3500,3500,0,3500,shared_event_window_across_target_snr_siblings
119,case-0119-noise-01,noise,1,AM,R3B66,00,EH?,2025-06-06T15:29:58.788000Z,2025-06-06T15:33:02.738000Z,RASPISHAKE,https://data.raspberryshake.org/fdsnws/dataselect/1/query,35.0,primary_noise_chunk,AM.R3B66.noise.20250606T153000,3500,3500,0,3500,shared_noise_sequence_across_target_snr_siblings
119,case-0119-noise-02,noise,2,AM,R3B66,00,EH?,2025-06-08T15:34:40.868000Z,2025-06-08T15:37:45.438000Z,RASPISHAKE,https://data.raspberryshake.org/fdsnws/dataselect/1/query,35.0,continuation_noise_chunk,AM.R3B66.noise.20250608T153442,3500,3500,3500,7000,shared_noise_sequence_across_target_snr_siblings
119,case-0119-noise-03,noise,3,AM,R3B66,00,EH?,2025-06-08T16:25:03.638000Z,2025-06-08T16:28:09.558000Z,RASPISHAKE,https://data.raspberryshake.org/fdsnws/dataselect/1/query,35.0,continuation_noise_chunk_truncated,AM.R3B66.noise.20250608T162507,3500,2000,7000,9000,shared_noise_sequence_across_target_snr_siblings
120,case-0120-event,event,0,AM,R3B66,00,EH?,2026-05-31T21:45:45.963000Z,2026-05-31T21:46:20.963000Z,RASPISHAKE,https://data.raspberryshake.org/fdsnws/dataselect/1/query,35.0,evaluator_event_reference,AM.R3B66.event.20260531T214545,3500,3500,0,3500,shared_event_window_across_target_snr_siblings
120,case-0120-noise-01,noise,1,AM,R3B66,00,EH?,2025-06-06T15:29:58.788000Z,2025-06-06T15:33:02.738000Z,RASPISHAKE,https://data.raspberryshake.org/fdsnws/dataselect/1/query,35.0,primary_noise_chunk,AM.R3B66.noise.20250606T153000,3500,3500,0,3500,shared_noise_sequence_across_target_snr_siblings
120,case-0120-noise-02,noise,2,AM,R3B66,00,EH?,2025-06-08T15:34:40.868000Z,2025-06-08T15:37:45.438000Z,RASPISHAKE,https://data.raspberryshake.org/fdsnws/dataselect/1/query,35.0,continuation_noise_chunk,AM.R3B66.noise.20250608T153442,3500,3500,3500,7000,shared_noise_sequence_across_target_snr_siblings
120,case-0120-noise-03,noise,3,AM,R3B66,00,EH?,2025-06-08T16:25:03.638000Z,2025-06-08T16:28:09.558000Z,RASPISHAKE,https://data.raspberryshake.org/fdsnws/dataselect/1/query,35.0,continuation_noise_chunk_truncated,AM.R3B66.noise.20250608T162507,3500,2000,7000,9000,shared_noise_sequence_across_target_snr_siblings
121,case-0121-event,event,0,AM,R4DE2,00,EH?,2026-03-20T00:22:20.969000Z,2026-03-20T00:22:55.969000Z,RASPISHAKE,https://data.raspberryshake.org/fdsnws/dataselect/1/query,35.0,evaluator_event_reference,AM.R4DE2.event.20260320T002220,3500,3500,0,3500,shared_event_window_across_target_snr_siblings
121,case-0121-noise-01,noise,1,AM,R4DE2,00,EH?,2025-06-02T17:28:14.846000Z,2025-06-02T17:31:20.656000Z,RASPISHAKE,https://data.raspberryshake.org/fdsnws/dataselect/1/query,35.0,primary_noise_chunk,AM.R4DE2.noise.20250602T172817,3500,3500,0,3500,shared_noise_sequence_across_target_snr_siblings
121,case-0121-noise-02,noise,2,AM,R4DE2,00,EH?,2025-06-03T00:03:54.286000Z,2025-06-03T00:06:59.426000Z,RASPISHAKE,https://data.raspberryshake.org/fdsnws/dataselect/1/query,35.0,continuation_noise_chunk,AM.R4DE2.noise.20250603T000356,3500,3500,3500,7000,shared_noise_sequence_across_target_snr_siblings
121,case-0121-noise-03,noise,3,AM,R4DE2,00,EH?,2025-06-09T12:34:53.586000Z,2025-06-09T12:37:59.496000Z,RASPISHAKE,https://data.raspberryshake.org/fdsnws/dataselect/1/query,35.0,continuation_noise_chunk_truncated,AM.R4DE2.noise.20250609T123456,3500,2000,7000,9000,shared_noise_sequence_across_target_snr_siblings
122,case-0122-event,event,0,AM,R4DE2,00,EH?,2026-03-20T00:22:20.969000Z,2026-03-20T00:22:55.969000Z,RASPISHAKE,https://data.raspberryshake.org/fdsnws/dataselect/1/query,35.0,evaluator_event_reference,AM.R4DE2.event.20260320T002220,3500,3500,0,3500,shared_event_window_across_target_snr_siblings
122,case-0122-noise-01,noise,1,AM,R4DE2,00,EH?,2025-06-02T17:28:14.846000Z,2025-06-02T17:31:20.656000Z,RASPISHAKE,https://data.raspberryshake.org/fdsnws/dataselect/1/query,35.0,primary_noise_chunk,AM.R4DE2.noise.20250602T172817,3500,3500,0,3500,shared_noise_sequence_across_target_snr_siblings
122,case-0122-noise-02,noise,2,AM,R4DE2,00,EH?,2025-06-03T00:03:54.286000Z,2025-06-03T00:06:59.426000Z,RASPISHAKE,https://data.raspberryshake.org/fdsnws/dataselect/1/query,35.0,continuation_noise_chunk,AM.R4DE2.noise.20250603T000356,3500,3500,3500,7000,shared_noise_sequence_across_target_snr_siblings
122,case-0122-noise-03,noise,3,AM,R4DE2,00,EH?,2025-06-09T12:34:53.586000Z,2025-06-09T12:37:59.496000Z,RASPISHAKE,https://data.raspberryshake.org/fdsnws/dataselect/1/query,35.0,continuation_noise_chunk_truncated,AM.R4DE2.noise.20250609T123456,3500,2000,7000,9000,shared_noise_sequence_across_target_snr_siblings
123,case-0123-event,event,0,AM,R4DE2,00,EH?,2026-03-20T00:22:20.969000Z,2026-03-20T00:22:55.969000Z,RASPISHAKE,https://data.raspberryshake.org/fdsnws/dataselect/1/query,35.0,evaluator_event_reference,AM.R4DE2.event.20260320T002220,3500,3500,0,3500,shared_event_window_across_target_snr_siblings
123,case-0123-noise-01,noise,1,AM,R4DE2,00,EH?,2025-06-02T17:28:14.846000Z,2025-06-02T17:31:20.656000Z,RASPISHAKE,https://data.raspberryshake.org/fdsnws/dataselect/1/query,35.0,primary_noise_chunk,AM.R4DE2.noise.20250602T172817,3500,3500,0,3500,shared_noise_sequence_across_target_snr_siblings
123,case-0123-noise-02,noise,2,AM,R4DE2,00,EH?,2025-06-03T00:03:54.286000Z,2025-06-03T00:06:59.426000Z,RASPISHAKE,https://data.raspberryshake.org/fdsnws/dataselect/1/query,35.0,continuation_noise_chunk,AM.R4DE2.noise.20250603T000356,3500,3500,3500,7000,shared_noise_sequence_across_target_snr_siblings
123,case-0123-noise-03,noise,3,AM,R4DE2,00,EH?,2025-06-09T12:34:53.586000Z,2025-06-09T12:37:59.496000Z,RASPISHAKE,https://data.raspberryshake.org/fdsnws/dataselect/1/query,35.0,continuation_noise_chunk_truncated,AM.R4DE2.noise.20250609T123456,3500,2000,7000,9000,shared_noise_sequence_across_target_snr_siblings
124,case-0124-event,event,0,AM,R4DE2,00,EH?,2026-03-20T00:51:05.419000Z,2026-03-20T00:51:40.419000Z,RASPISHAKE,https://data.raspberryshake.org/fdsnws/dataselect/1/query,35.0,evaluator_event_reference,AM.R4DE2.event.20260320T005105,3500,3500,0,3500,shared_event_window_across_target_snr_siblings
124,case-0124-noise-01,noise,1,AM,R4DE2,00,EH?,2025-06-01T15:15:15.136000Z,2025-06-01T15:18:22.796000Z,RASPISHAKE,https://data.raspberryshake.org/fdsnws/dataselect/1/query,35.0,primary_noise_chunk,AM.R4DE2.noise.20250601T151518,3500,3500,0,3500,shared_noise_sequence_across_target_snr_siblings
124,case-0124-noise-02,noise,2,AM,R4DE2,00,EH?,2025-06-07T09:11:18.476000Z,2025-06-07T09:14:24.556000Z,RASPISHAKE,https://data.raspberryshake.org/fdsnws/dataselect/1/query,35.0,continuation_noise_chunk,AM.R4DE2.noise.20250607T091120,3500,3500,3500,7000,shared_noise_sequence_across_target_snr_siblings
124,case-0124-noise-03,noise,3,AM,R4DE2,00,EH?,2025-06-04T20:32:02.626000Z,2025-06-04T20:35:08.296000Z,RASPISHAKE,https://data.raspberryshake.org/fdsnws/dataselect/1/query,35.0,continuation_noise_chunk_truncated,AM.R4DE2.noise.20250604T203205,3500,2000,7000,9000,shared_noise_sequence_across_target_snr_siblings
125,case-0125-event,event,0,AM,R4DE2,00,EH?,2026-03-20T00:51:05.419000Z,2026-03-20T00:51:40.419000Z,RASPISHAKE,https://data.raspberryshake.org/fdsnws/dataselect/1/query,35.0,evaluator_event_reference,AM.R4DE2.event.20260320T005105,3500,3500,0,3500,shared_event_window_across_target_snr_siblings
125,case-0125-noise-01,noise,1,AM,R4DE2,00,EH?,2025-06-01T15:15:15.136000Z,2025-06-01T15:18:22.796000Z,RASPISHAKE,https://data.raspberryshake.org/fdsnws/dataselect/1/query,35.0,primary_noise_chunk,AM.R4DE2.noise.20250601T151518,3500,3500,0,3500,shared_noise_sequence_across_target_snr_siblings
125,case-0125-noise-02,noise,2,AM,R4DE2,00,EH?,2025-06-07T09:11:18.476000Z,2025-06-07T09:14:24.556000Z,RASPISHAKE,https://data.raspberryshake.org/fdsnws/dataselect/1/query,35.0,continuation_noise_chunk,AM.R4DE2.noise.20250607T091120,3500,3500,3500,7000,shared_noise_sequence_across_target_snr_siblings
125,case-0125-noise-03,noise,3,AM,R4DE2,00,EH?,2025-06-04T20:32:02.626000Z,2025-06-04T20:35:08.296000Z,RASPISHAKE,https://data.raspberryshake.org/fdsnws/dataselect/1/query,35.0,continuation_noise_chunk_truncated,AM.R4DE2.noise.20250604T203205,3500,2000,7000,9000,shared_noise_sequence_across_target_snr_siblings
126,case-0126-event,event,0,AM,R4DE2,00,EH?,2026-03-20T00:51:05.419000Z,2026-03-20T00:51:40.419000Z,RASPISHAKE,https://data.raspberryshake.org/fdsnws/dataselect/1/query,35.0,evaluator_event_reference,AM.R4DE2.event.20260320T005105,3500,3500,0,3500,shared_event_window_across_target_snr_siblings
126,case-0126-noise-01,noise,1,AM,R4DE2,00,EH?,2025-06-01T15:15:15.136000Z,2025-06-01T15:18:22.796000Z,RASPISHAKE,https://data.raspberryshake.org/fdsnws/dataselect/1/query,35.0,primary_noise_chunk,AM.R4DE2.noise.20250601T151518,3500,3500,0,3500,shared_noise_sequence_across_target_snr_siblings
126,case-0126-noise-02,noise,2,AM,R4DE2,00,EH?,2025-06-07T09:11:18.476000Z,2025-06-07T09:14:24.556000Z,RASPISHAKE,https://data.raspberryshake.org/fdsnws/dataselect/1/query,35.0,continuation_noise_chunk,AM.R4DE2.noise.20250607T091120,3500,3500,3500,7000,shared_noise_sequence_across_target_snr_siblings
126,case-0126-noise-03,noise,3,AM,R4DE2,00,EH?,2025-06-04T20:32:02.626000Z,2025-06-04T20:35:08.296000Z,RASPISHAKE,https://data.raspberryshake.org/fdsnws/dataselect/1/query,35.0,continuation_noise_chunk_truncated,AM.R4DE2.noise.20250604T203205,3500,2000,7000,9000,shared_noise_sequence_across_target_snr_siblings
127,case-0127-event,event,0,AM,R4DE2,00,EH?,2026-03-20T01:16:12.899000Z,2026-03-20T01:16:47.899000Z,RASPISHAKE,https://data.raspberryshake.org/fdsnws/dataselect/1/query,35.0,evaluator_event_reference,AM.R4DE2.event.20260320T011612,3500,3500,0,3500,shared_event_window_across_target_snr_siblings
127,case-0127-noise-01,noise,1,AM,R4DE2,00,EH?,2025-06-02T17:28:14.846000Z,2025-06-02T17:31:20.656000Z,RASPISHAKE,https://data.raspberryshake.org/fdsnws/dataselect/1/query,35.0,primary_noise_chunk,AM.R4DE2.noise.20250602T172817,3500,3500,0,3500,shared_noise_sequence_across_target_snr_siblings
127,case-0127-noise-02,noise,2,AM,R4DE2,00,EH?,2025-06-09T12:34:53.586000Z,2025-06-09T12:37:59.496000Z,RASPISHAKE,https://data.raspberryshake.org/fdsnws/dataselect/1/query,35.0,continuation_noise_chunk,AM.R4DE2.noise.20250609T123456,3500,3500,3500,7000,shared_noise_sequence_across_target_snr_siblings
127,case-0127-noise-03,noise,3,AM,R4DE2,00,EH?,2025-06-03T19:32:21.676000Z,2025-06-03T19:35:25.016000Z,RASPISHAKE,https://data.raspberryshake.org/fdsnws/dataselect/1/query,35.0,continuation_noise_chunk_truncated,AM.R4DE2.noise.20250603T193222,3500,2000,7000,9000,shared_noise_sequence_across_target_snr_siblings
128,case-0128-event,event,0,AM,R4DE2,00,EH?,2026-03-20T01:16:12.899000Z,2026-03-20T01:16:47.899000Z,RASPISHAKE,https://data.raspberryshake.org/fdsnws/dataselect/1/query,35.0,evaluator_event_reference,AM.R4DE2.event.20260320T011612,3500,3500,0,3500,shared_event_window_across_target_snr_siblings
128,case-0128-noise-01,noise,1,AM,R4DE2,00,EH?,2025-06-02T17:28:14.846000Z,2025-06-02T17:31:20.656000Z,RASPISHAKE,https://data.raspberryshake.org/fdsnws/dataselect/1/query,35.0,primary_noise_chunk,AM.R4DE2.noise.20250602T172817,3500,3500,0,3500,shared_noise_sequence_across_target_snr_siblings
128,case-0128-noise-02,noise,2,AM,R4DE2,00,EH?,2025-06-09T12:34:53.586000Z,2025-06-09T12:37:59.496000Z,RASPISHAKE,https://data.raspberryshake.org/fdsnws/dataselect/1/query,35.0,continuation_noise_chunk,AM.R4DE2.noise.20250609T123456,3500,3500,3500,7000,shared_noise_sequence_across_target_snr_siblings
128,case-0128-noise-03,noise,3,AM,R4DE2,00,EH?,2025-06-03T19:32:21.676000Z,2025-06-03T19:35:25.016000Z,RASPISHAKE,https://data.raspberryshake.org/fdsnws/dataselect/1/query,35.0,continuation_noise_chunk_truncated,AM.R4DE2.noise.20250603T193222,3500,2000,7000,9000,shared_noise_sequence_across_target_snr_siblings
129,case-0129-event,event,0,AM,R4DE2,00,EH?,2026-03-20T01:16:12.899000Z,2026-03-20T01:16:47.899000Z,RASPISHAKE,https://data.raspberryshake.org/fdsnws/dataselect/1/query,35.0,evaluator_event_reference,AM.R4DE2.event.20260320T011612,3500,3500,0,3500,shared_event_window_across_target_snr_siblings
129,case-0129-noise-01,noise,1,AM,R4DE2,00,EH?,2025-06-02T17:28:14.846000Z,2025-06-02T17:31:20.656000Z,RASPISHAKE,https://data.raspberryshake.org/fdsnws/dataselect/1/query,35.0,primary_noise_chunk,AM.R4DE2.noise.20250602T172817,3500,3500,0,3500,shared_noise_sequence_across_target_snr_siblings
129,case-0129-noise-02,noise,2,AM,R4DE2,00,EH?,2025-06-09T12:34:53.586000Z,2025-06-09T12:37:59.496000Z,RASPISHAKE,https://data.raspberryshake.org/fdsnws/dataselect/1/query,35.0,continuation_noise_chunk,AM.R4DE2.noise.20250609T123456,3500,3500,3500,7000,shared_noise_sequence_across_target_snr_siblings
129,case-0129-noise-03,noise,3,AM,R4DE2,00,EH?,2025-06-03T19:32:21.676000Z,2025-06-03T19:35:25.016000Z,RASPISHAKE,https://data.raspberryshake.org/fdsnws/dataselect/1/query,35.0,continuation_noise_chunk_truncated,AM.R4DE2.noise.20250603T193222,3500,2000,7000,9000,shared_noise_sequence_across_target_snr_siblings
130,case-0130-event,event,0,AM,R4DE2,00,EH?,2026-03-20T16:16:52.059000Z,2026-03-20T16:17:27.059000Z,RASPISHAKE,https://data.raspberryshake.org/fdsnws/dataselect/1/query,35.0,evaluator_event_reference,AM.R4DE2.event.20260320T161652,3500,3500,0,3500,shared_event_window_across_target_snr_siblings
130,case-0130-noise-01,noise,1,AM,R4DE2,00,EH?,2025-06-04T00:48:14.906000Z,2025-06-04T00:51:18.066000Z,RASPISHAKE,https://data.raspberryshake.org/fdsnws/dataselect/1/query,35.0,primary_noise_chunk,AM.R4DE2.noise.20250604T004815,3500,3500,0,3500,shared_noise_sequence_across_target_snr_siblings
130,case-0130-noise-02,noise,2,AM,R4DE2,00,EH?,2025-06-02T17:28:14.846000Z,2025-06-02T17:31:20.656000Z,RASPISHAKE,https://data.raspberryshake.org/fdsnws/dataselect/1/query,35.0,continuation_noise_chunk,AM.R4DE2.noise.20250602T172817,3500,3500,3500,7000,shared_noise_sequence_across_target_snr_siblings
130,case-0130-noise-03,noise,3,AM,R4DE2,00,EH?,2025-06-07T09:11:18.476000Z,2025-06-07T09:14:24.556000Z,RASPISHAKE,https://data.raspberryshake.org/fdsnws/dataselect/1/query,35.0,continuation_noise_chunk_truncated,AM.R4DE2.noise.20250607T091120,3500,2000,7000,9000,shared_noise_sequence_across_target_snr_siblings
131,case-0131-event,event,0,AM,R4DE2,00,EH?,2026-03-20T16:16:52.059000Z,2026-03-20T16:17:27.059000Z,RASPISHAKE,https://data.raspberryshake.org/fdsnws/dataselect/1/query,35.0,evaluator_event_reference,AM.R4DE2.event.20260320T161652,3500,3500,0,3500,shared_event_window_across_target_snr_siblings
131,case-0131-noise-01,noise,1,AM,R4DE2,00,EH?,2025-06-04T00:48:14.906000Z,2025-06-04T00:51:18.066000Z,RASPISHAKE,https://data.raspberryshake.org/fdsnws/dataselect/1/query,35.0,primary_noise_chunk,AM.R4DE2.noise.20250604T004815,3500,3500,0,3500,shared_noise_sequence_across_target_snr_siblings
131,case-0131-noise-02,noise,2,AM,R4DE2,00,EH?,2025-06-02T17:28:14.846000Z,2025-06-02T17:31:20.656000Z,RASPISHAKE,https://data.raspberryshake.org/fdsnws/dataselect/1/query,35.0,continuation_noise_chunk,AM.R4DE2.noise.20250602T172817,3500,3500,3500,7000,shared_noise_sequence_across_target_snr_siblings
131,case-0131-noise-03,noise,3,AM,R4DE2,00,EH?,2025-06-07T09:11:18.476000Z,2025-06-07T09:14:24.556000Z,RASPISHAKE,https://data.raspberryshake.org/fdsnws/dataselect/1/query,35.0,continuation_noise_chunk_truncated,AM.R4DE2.noise.20250607T091120,3500,2000,7000,9000,shared_noise_sequence_across_target_snr_siblings
132,case-0132-event,event,0,AM,R4DE2,00,EH?,2026-03-20T16:16:52.059000Z,2026-03-20T16:17:27.059000Z,RASPISHAKE,https://data.raspberryshake.org/fdsnws/dataselect/1/query,35.0,evaluator_event_reference,AM.R4DE2.event.20260320T161652,3500,3500,0,3500,shared_event_window_across_target_snr_siblings
132,case-0132-noise-01,noise,1,AM,R4DE2,00,EH?,2025-06-04T00:48:14.906000Z,2025-06-04T00:51:18.066000Z,RASPISHAKE,https://data.raspberryshake.org/fdsnws/dataselect/1/query,35.0,primary_noise_chunk,AM.R4DE2.noise.20250604T004815,3500,3500,0,3500,shared_noise_sequence_across_target_snr_siblings
132,case-0132-noise-02,noise,2,AM,R4DE2,00,EH?,2025-06-02T17:28:14.846000Z,2025-06-02T17:31:20.656000Z,RASPISHAKE,https://data.raspberryshake.org/fdsnws/dataselect/1/query,35.0,continuation_noise_chunk,AM.R4DE2.noise.20250602T172817,3500,3500,3500,7000,shared_noise_sequence_across_target_snr_siblings
132,case-0132-noise-03,noise,3,AM,R4DE2,00,EH?,2025-06-07T09:11:18.476000Z,2025-06-07T09:14:24.556000Z,RASPISHAKE,https://data.raspberryshake.org/fdsnws/dataselect/1/query,35.0,continuation_noise_chunk_truncated,AM.R4DE2.noise.20250607T091120,3500,2000,7000,9000,shared_noise_sequence_across_target_snr_siblings
133,case-0133-event,event,0,AM,R4DE2,00,EH?,2026-04-09T21:59:41.576000Z,2026-04-09T22:00:16.576000Z,RASPISHAKE,https://data.raspberryshake.org/fdsnws/dataselect/1/query,35.0,evaluator_event_reference,AM.R4DE2.event.20260409T215941,3500,3500,0,3500,shared_event_window_across_target_snr_siblings
133,case-0133-noise-01,noise,1,AM,R4DE2,00,EH?,2025-06-03T00:03:54.286000Z,2025-06-03T00:06:59.426000Z,RASPISHAKE,https://data.raspberryshake.org/fdsnws/dataselect/1/query,35.0,primary_noise_chunk,AM.R4DE2.noise.20250603T000356,3500,3500,0,3500,shared_noise_sequence_across_target_snr_siblings
133,case-0133-noise-02,noise,2,AM,R4DE2,00,EH?,2025-06-03T19:32:21.676000Z,2025-06-03T19:35:25.016000Z,RASPISHAKE,https://data.raspberryshake.org/fdsnws/dataselect/1/query,35.0,continuation_noise_chunk,AM.R4DE2.noise.20250603T193222,3500,3500,3500,7000,shared_noise_sequence_across_target_snr_siblings
133,case-0133-noise-03,noise,3,AM,R4DE2,00,EH?,2025-06-01T00:23:42.706000Z,2025-06-01T00:26:49.076000Z,RASPISHAKE,https://data.raspberryshake.org/fdsnws/dataselect/1/query,35.0,continuation_noise_chunk_truncated,AM.R4DE2.noise.20250601T002345,3500,2000,7000,9000,shared_noise_sequence_across_target_snr_siblings
134,case-0134-event,event,0,AM,R4DE2,00,EH?,2026-04-09T21:59:41.576000Z,2026-04-09T22:00:16.576000Z,RASPISHAKE,https://data.raspberryshake.org/fdsnws/dataselect/1/query,35.0,evaluator_event_reference,AM.R4DE2.event.20260409T215941,3500,3500,0,3500,shared_event_window_across_target_snr_siblings
134,case-0134-noise-01,noise,1,AM,R4DE2,00,EH?,2025-06-03T00:03:54.286000Z,2025-06-03T00:06:59.426000Z,RASPISHAKE,https://data.raspberryshake.org/fdsnws/dataselect/1/query,35.0,primary_noise_chunk,AM.R4DE2.noise.20250603T000356,3500,3500,0,3500,shared_noise_sequence_across_target_snr_siblings
134,case-0134-noise-02,noise,2,AM,R4DE2,00,EH?,2025-06-03T19:32:21.676000Z,2025-06-03T19:35:25.016000Z,RASPISHAKE,https://data.raspberryshake.org/fdsnws/dataselect/1/query,35.0,continuation_noise_chunk,AM.R4DE2.noise.20250603T193222,3500,3500,3500,7000,shared_noise_sequence_across_target_snr_siblings
134,case-0134-noise-03,noise,3,AM,R4DE2,00,EH?,2025-06-01T00:23:42.706000Z,2025-06-01T00:26:49.076000Z,RASPISHAKE,https://data.raspberryshake.org/fdsnws/dataselect/1/query,35.0,continuation_noise_chunk_truncated,AM.R4DE2.noise.20250601T002345,3500,2000,7000,9000,shared_noise_sequence_across_target_snr_siblings
135,case-0135-event,event,0,AM,R4DE2,00,EH?,2026-04-09T21:59:41.576000Z,2026-04-09T22:00:16.576000Z,RASPISHAKE,https://data.raspberryshake.org/fdsnws/dataselect/1/query,35.0,evaluator_event_reference,AM.R4DE2.event.20260409T215941,3500,3500,0,3500,shared_event_window_across_target_snr_siblings
135,case-0135-noise-01,noise,1,AM,R4DE2,00,EH?,2025-06-03T00:03:54.286000Z,2025-06-03T00:06:59.426000Z,RASPISHAKE,https://data.raspberryshake.org/fdsnws/dataselect/1/query,35.0,primary_noise_chunk,AM.R4DE2.noise.20250603T000356,3500,3500,0,3500,shared_noise_sequence_across_target_snr_siblings
135,case-0135-noise-02,noise,2,AM,R4DE2,00,EH?,2025-06-03T19:32:21.676000Z,2025-06-03T19:35:25.016000Z,RASPISHAKE,https://data.raspberryshake.org/fdsnws/dataselect/1/query,35.0,continuation_noise_chunk,AM.R4DE2.noise.20250603T193222,3500,3500,3500,7000,shared_noise_sequence_across_target_snr_siblings
135,case-0135-noise-03,noise,3,AM,R4DE2,00,EH?,2025-06-01T00:23:42.706000Z,2025-06-01T00:26:49.076000Z,RASPISHAKE,https://data.raspberryshake.org/fdsnws/dataselect/1/query,35.0,continuation_noise_chunk_truncated,AM.R4DE2.noise.20250601T002345,3500,2000,7000,9000,shared_noise_sequence_across_target_snr_siblings
136,case-0136-event,event,0,AM,R4DE2,00,EH?,2026-04-09T21:59:58.416000Z,2026-04-09T22:00:33.416000Z,RASPISHAKE,https://data.raspberryshake.org/fdsnws/dataselect/1/query,35.0,evaluator_event_reference,AM.R4DE2.event.20260409T215958,3500,3500,0,3500,shared_event_window_across_target_snr_siblings
136,case-0136-noise-01,noise,1,AM,R4DE2,00,EH?,2025-06-03T22:23:39.746000Z,2025-06-03T22:26:45.066000Z,RASPISHAKE,https://data.raspberryshake.org/fdsnws/dataselect/1/query,35.0,primary_noise_chunk,AM.R4DE2.noise.20250603T222341,3500,3500,0,3500,shared_noise_sequence_across_target_snr_siblings
136,case-0136-noise-02,noise,2,AM,R4DE2,00,EH?,2025-06-02T14:31:41.846000Z,2025-06-02T14:34:47.556000Z,RASPISHAKE,https://data.raspberryshake.org/fdsnws/dataselect/1/query,35.0,continuation_noise_chunk,AM.R4DE2.noise.20250602T143144,3500,3500,3500,7000,shared_noise_sequence_across_target_snr_siblings
136,case-0136-noise-03,noise,3,AM,R4DE2,00,EH?,2025-06-04T17:28:28.166000Z,2025-06-04T17:31:32.576000Z,RASPISHAKE,https://data.raspberryshake.org/fdsnws/dataselect/1/query,35.0,continuation_noise_chunk_truncated,AM.R4DE2.noise.20250604T172830,3500,2000,7000,9000,shared_noise_sequence_across_target_snr_siblings
137,case-0137-event,event,0,AM,R4DE2,00,EH?,2026-04-09T21:59:58.416000Z,2026-04-09T22:00:33.416000Z,RASPISHAKE,https://data.raspberryshake.org/fdsnws/dataselect/1/query,35.0,evaluator_event_reference,AM.R4DE2.event.20260409T215958,3500,3500,0,3500,shared_event_window_across_target_snr_siblings
137,case-0137-noise-01,noise,1,AM,R4DE2,00,EH?,2025-06-03T22:23:39.746000Z,2025-06-03T22:26:45.066000Z,RASPISHAKE,https://data.raspberryshake.org/fdsnws/dataselect/1/query,35.0,primary_noise_chunk,AM.R4DE2.noise.20250603T222341,3500,3500,0,3500,shared_noise_sequence_across_target_snr_siblings
137,case-0137-noise-02,noise,2,AM,R4DE2,00,EH?,2025-06-02T14:31:41.846000Z,2025-06-02T14:34:47.556000Z,RASPISHAKE,https://data.raspberryshake.org/fdsnws/dataselect/1/query,35.0,continuation_noise_chunk,AM.R4DE2.noise.20250602T143144,3500,3500,3500,7000,shared_noise_sequence_across_target_snr_siblings
137,case-0137-noise-03,noise,3,AM,R4DE2,00,EH?,2025-06-04T17:28:28.166000Z,2025-06-04T17:31:32.576000Z,RASPISHAKE,https://data.raspberryshake.org/fdsnws/dataselect/1/query,35.0,continuation_noise_chunk_truncated,AM.R4DE2.noise.20250604T172830,3500,2000,7000,9000,shared_noise_sequence_across_target_snr_siblings
138,case-0138-event,event,0,AM,R4DE2,00,EH?,2026-04-09T21:59:58.416000Z,2026-04-09T22:00:33.416000Z,RASPISHAKE,https://data.raspberryshake.org/fdsnws/dataselect/1/query,35.0,evaluator_event_reference,AM.R4DE2.event.20260409T215958,3500,3500,0,3500,shared_event_window_across_target_snr_siblings
138,case-0138-noise-01,noise,1,AM,R4DE2,00,EH?,2025-06-03T22:23:39.746000Z,2025-06-03T22:26:45.066000Z,RASPISHAKE,https://data.raspberryshake.org/fdsnws/dataselect/1/query,35.0,primary_noise_chunk,AM.R4DE2.noise.20250603T222341,3500,3500,0,3500,shared_noise_sequence_across_target_snr_siblings
138,case-0138-noise-02,noise,2,AM,R4DE2,00,EH?,2025-06-02T14:31:41.846000Z,2025-06-02T14:34:47.556000Z,RASPISHAKE,https://data.raspberryshake.org/fdsnws/dataselect/1/query,35.0,continuation_noise_chunk,AM.R4DE2.noise.20250602T143144,3500,3500,3500,7000,shared_noise_sequence_across_target_snr_siblings
138,case-0138-noise-03,noise,3,AM,R4DE2,00,EH?,2025-06-04T17:28:28.166000Z,2025-06-04T17:31:32.576000Z,RASPISHAKE,https://data.raspberryshake.org/fdsnws/dataselect/1/query,35.0,continuation_noise_chunk_truncated,AM.R4DE2.noise.20250604T172830,3500,2000,7000,9000,shared_noise_sequence_across_target_snr_siblings
139,case-0139-event,event,0,AM,R4DE2,00,EH?,2026-04-10T13:17:22.656000Z,2026-04-10T13:17:57.656000Z,RASPISHAKE,https://data.raspberryshake.org/fdsnws/dataselect/1/query,35.0,evaluator_event_reference,AM.R4DE2.event.20260410T131722,3500,3500,0,3500,shared_event_window_across_target_snr_siblings
139,case-0139-noise-01,noise,1,AM,R4DE2,00,EH?,2025-06-03T19:32:21.676000Z,2025-06-03T19:35:25.016000Z,RASPISHAKE,https://data.raspberryshake.org/fdsnws/dataselect/1/query,35.0,primary_noise_chunk,AM.R4DE2.noise.20250603T193222,3500,3500,0,3500,shared_noise_sequence_across_target_snr_siblings
139,case-0139-noise-02,noise,2,AM,R4DE2,00,EH?,2025-06-01T00:23:42.706000Z,2025-06-01T00:26:49.076000Z,RASPISHAKE,https://data.raspberryshake.org/fdsnws/dataselect/1/query,35.0,continuation_noise_chunk,AM.R4DE2.noise.20250601T002345,3500,3500,3500,7000,shared_noise_sequence_across_target_snr_siblings
139,case-0139-noise-03,noise,3,AM,R4DE2,00,EH?,2025-06-09T03:14:04.736000Z,2025-06-09T03:17:11.746000Z,RASPISHAKE,https://data.raspberryshake.org/fdsnws/dataselect/1/query,35.0,continuation_noise_chunk_truncated,AM.R4DE2.noise.20250609T031408,3500,2000,7000,9000,shared_noise_sequence_across_target_snr_siblings
140,case-0140-event,event,0,AM,R4DE2,00,EH?,2026-04-10T13:17:22.656000Z,2026-04-10T13:17:57.656000Z,RASPISHAKE,https://data.raspberryshake.org/fdsnws/dataselect/1/query,35.0,evaluator_event_reference,AM.R4DE2.event.20260410T131722,3500,3500,0,3500,shared_event_window_across_target_snr_siblings
140,case-0140-noise-01,noise,1,AM,R4DE2,00,EH?,2025-06-03T19:32:21.676000Z,2025-06-03T19:35:25.016000Z,RASPISHAKE,https://data.raspberryshake.org/fdsnws/dataselect/1/query,35.0,primary_noise_chunk,AM.R4DE2.noise.20250603T193222,3500,3500,0,3500,shared_noise_sequence_across_target_snr_siblings
140,case-0140-noise-02,noise,2,AM,R4DE2,00,EH?,2025-06-01T00:23:42.706000Z,2025-06-01T00:26:49.076000Z,RASPISHAKE,https://data.raspberryshake.org/fdsnws/dataselect/1/query,35.0,continuation_noise_chunk,AM.R4DE2.noise.20250601T002345,3500,3500,3500,7000,shared_noise_sequence_across_target_snr_siblings
140,case-0140-noise-03,noise,3,AM,R4DE2,00,EH?,2025-06-09T03:14:04.736000Z,2025-06-09T03:17:11.746000Z,RASPISHAKE,https://data.raspberryshake.org/fdsnws/dataselect/1/query,35.0,continuation_noise_chunk_truncated,AM.R4DE2.noise.20250609T031408,3500,2000,7000,9000,shared_noise_sequence_across_target_snr_siblings
141,case-0141-event,event,0,AM,R4DE2,00,EH?,2026-04-10T13:17:22.656000Z,2026-04-10T13:17:57.656000Z,RASPISHAKE,https://data.raspberryshake.org/fdsnws/dataselect/1/query,35.0,evaluator_event_reference,AM.R4DE2.event.20260410T131722,3500,3500,0,3500,shared_event_window_across_target_snr_siblings
141,case-0141-noise-01,noise,1,AM,R4DE2,00,EH?,2025-06-03T19:32:21.676000Z,2025-06-03T19:35:25.016000Z,RASPISHAKE,https://data.raspberryshake.org/fdsnws/dataselect/1/query,35.0,primary_noise_chunk,AM.R4DE2.noise.20250603T193222,3500,3500,0,3500,shared_noise_sequence_across_target_snr_siblings
141,case-0141-noise-02,noise,2,AM,R4DE2,00,EH?,2025-06-01T00:23:42.706000Z,2025-06-01T00:26:49.076000Z,RASPISHAKE,https://data.raspberryshake.org/fdsnws/dataselect/1/query,35.0,continuation_noise_chunk,AM.R4DE2.noise.20250601T002345,3500,3500,3500,7000,shared_noise_sequence_across_target_snr_siblings
141,case-0141-noise-03,noise,3,AM,R4DE2,00,EH?,2025-06-09T03:14:04.736000Z,2025-06-09T03:17:11.746000Z,RASPISHAKE,https://data.raspberryshake.org/fdsnws/dataselect/1/query,35.0,continuation_noise_chunk_truncated,AM.R4DE2.noise.20250609T031408,3500,2000,7000,9000,shared_noise_sequence_across_target_snr_siblings
142,case-0142-event,event,0,AM,R4DE2,00,EH?,2026-04-16T16:55:58.036000Z,2026-04-16T16:56:33.036000Z,RASPISHAKE,https://data.raspberryshake.org/fdsnws/dataselect/1/query,35.0,evaluator_event_reference,AM.R4DE2.event.20260416T165558,3500,3500,0,3500,shared_event_window_across_target_snr_siblings
142,case-0142-noise-01,noise,1,AM,R4DE2,00,EH?,2025-06-04T00:48:14.906000Z,2025-06-04T00:51:18.066000Z,RASPISHAKE,https://data.raspberryshake.org/fdsnws/dataselect/1/query,35.0,primary_noise_chunk,AM.R4DE2.noise.20250604T004815,3500,3500,0,3500,shared_noise_sequence_across_target_snr_siblings
142,case-0142-noise-02,noise,2,AM,R4DE2,00,EH?,2025-06-04T20:32:02.626000Z,2025-06-04T20:35:08.296000Z,RASPISHAKE,https://data.raspberryshake.org/fdsnws/dataselect/1/query,35.0,continuation_noise_chunk,AM.R4DE2.noise.20250604T203205,3500,3500,3500,7000,shared_noise_sequence_across_target_snr_siblings
142,case-0142-noise-03,noise,3,AM,R4DE2,00,EH?,2025-06-02T21:51:35.966000Z,2025-06-02T21:54:41.016000Z,RASPISHAKE,https://data.raspberryshake.org/fdsnws/dataselect/1/query,35.0,continuation_noise_chunk_truncated,AM.R4DE2.noise.20250602T215137,3500,2000,7000,9000,shared_noise_sequence_across_target_snr_siblings
143,case-0143-event,event,0,AM,R4DE2,00,EH?,2026-04-16T16:55:58.036000Z,2026-04-16T16:56:33.036000Z,RASPISHAKE,https://data.raspberryshake.org/fdsnws/dataselect/1/query,35.0,evaluator_event_reference,AM.R4DE2.event.20260416T165558,3500,3500,0,3500,shared_event_window_across_target_snr_siblings
143,case-0143-noise-01,noise,1,AM,R4DE2,00,EH?,2025-06-04T00:48:14.906000Z,2025-06-04T00:51:18.066000Z,RASPISHAKE,https://data.raspberryshake.org/fdsnws/dataselect/1/query,35.0,primary_noise_chunk,AM.R4DE2.noise.20250604T004815,3500,3500,0,3500,shared_noise_sequence_across_target_snr_siblings
143,case-0143-noise-02,noise,2,AM,R4DE2,00,EH?,2025-06-04T20:32:02.626000Z,2025-06-04T20:35:08.296000Z,RASPISHAKE,https://data.raspberryshake.org/fdsnws/dataselect/1/query,35.0,continuation_noise_chunk,AM.R4DE2.noise.20250604T203205,3500,3500,3500,7000,shared_noise_sequence_across_target_snr_siblings
143,case-0143-noise-03,noise,3,AM,R4DE2,00,EH?,2025-06-02T21:51:35.966000Z,2025-06-02T21:54:41.016000Z,RASPISHAKE,https://data.raspberryshake.org/fdsnws/dataselect/1/query,35.0,continuation_noise_chunk_truncated,AM.R4DE2.noise.20250602T215137,3500,2000,7000,9000,shared_noise_sequence_across_target_snr_siblings
144,case-0144-event,event,0,AM,R4DE2,00,EH?,2026-04-16T16:55:58.036000Z,2026-04-16T16:56:33.036000Z,RASPISHAKE,https://data.raspberryshake.org/fdsnws/dataselect/1/query,35.0,evaluator_event_reference,AM.R4DE2.event.20260416T165558,3500,3500,0,3500,shared_event_window_across_target_snr_siblings
144,case-0144-noise-01,noise,1,AM,R4DE2,00,EH?,2025-06-04T00:48:14.906000Z,2025-06-04T00:51:18.066000Z,RASPISHAKE,https://data.raspberryshake.org/fdsnws/dataselect/1/query,35.0,primary_noise_chunk,AM.R4DE2.noise.20250604T004815,3500,3500,0,3500,shared_noise_sequence_across_target_snr_siblings
144,case-0144-noise-02,noise,2,AM,R4DE2,00,EH?,2025-06-04T20:32:02.626000Z,2025-06-04T20:35:08.296000Z,RASPISHAKE,https://data.raspberryshake.org/fdsnws/dataselect/1/query,35.0,continuation_noise_chunk,AM.R4DE2.noise.20250604T203205,3500,3500,3500,7000,shared_noise_sequence_across_target_snr_siblings
144,case-0144-noise-03,noise,3,AM,R4DE2,00,EH?,2025-06-02T21:51:35.966000Z,2025-06-02T21:54:41.016000Z,RASPISHAKE,https://data.raspberryshake.org/fdsnws/dataselect/1/query,35.0,continuation_noise_chunk_truncated,AM.R4DE2.noise.20250602T215137,3500,2000,7000,9000,shared_noise_sequence_across_target_snr_siblings
145,case-0145-event,event,0,AM,R53B7,00,EH?,2026-05-18T04:46:39.580000Z,2026-05-18T04:47:14.580000Z,RASPISHAKE,https://data.raspberryshake.org/fdsnws/dataselect/1/query,35.0,evaluator_event_reference,AM.R53B7.event.20260518T044639,3500,3500,0,3500,shared_event_window_across_target_snr_siblings
145,case-0145-noise-01,noise,1,AM,R53B7,00,EH?,2025-06-07T09:11:19.639000Z,2025-06-07T09:14:22.459000Z,RASPISHAKE,https://data.raspberryshake.org/fdsnws/dataselect/1/query,35.0,primary_noise_chunk,AM.R53B7.noise.20250607T091120,3500,3500,0,3500,shared_noise_sequence_across_target_snr_siblings
145,case-0145-noise-02,noise,2,AM,R53B7,00,EH?,2025-06-06T00:40:40.779000Z,2025-06-06T00:43:43.479000Z,RASPISHAKE,https://data.raspberryshake.org/fdsnws/dataselect/1/query,35.0,continuation_noise_chunk,AM.R53B7.noise.20250606T004041,3500,3500,3500,7000,shared_noise_sequence_across_target_snr_siblings
145,case-0145-noise-03,noise,3,AM,R53B7,00,EH?,2025-06-02T17:28:15.179000Z,2025-06-02T17:31:19.109000Z,RASPISHAKE,https://data.raspberryshake.org/fdsnws/dataselect/1/query,35.0,continuation_noise_chunk_truncated,AM.R53B7.noise.20250602T172817,3500,2000,7000,9000,shared_noise_sequence_across_target_snr_siblings
146,case-0146-event,event,0,AM,R53B7,00,EH?,2026-05-18T04:46:39.580000Z,2026-05-18T04:47:14.580000Z,RASPISHAKE,https://data.raspberryshake.org/fdsnws/dataselect/1/query,35.0,evaluator_event_reference,AM.R53B7.event.20260518T044639,3500,3500,0,3500,shared_event_window_across_target_snr_siblings
146,case-0146-noise-01,noise,1,AM,R53B7,00,EH?,2025-06-07T09:11:19.639000Z,2025-06-07T09:14:22.459000Z,RASPISHAKE,https://data.raspberryshake.org/fdsnws/dataselect/1/query,35.0,primary_noise_chunk,AM.R53B7.noise.20250607T091120,3500,3500,0,3500,shared_noise_sequence_across_target_snr_siblings
146,case-0146-noise-02,noise,2,AM,R53B7,00,EH?,2025-06-06T00:40:40.779000Z,2025-06-06T00:43:43.479000Z,RASPISHAKE,https://data.raspberryshake.org/fdsnws/dataselect/1/query,35.0,continuation_noise_chunk,AM.R53B7.noise.20250606T004041,3500,3500,3500,7000,shared_noise_sequence_across_target_snr_siblings
146,case-0146-noise-03,noise,3,AM,R53B7,00,EH?,2025-06-02T17:28:15.179000Z,2025-06-02T17:31:19.109000Z,RASPISHAKE,https://data.raspberryshake.org/fdsnws/dataselect/1/query,35.0,continuation_noise_chunk_truncated,AM.R53B7.noise.20250602T172817,3500,2000,7000,9000,shared_noise_sequence_across_target_snr_siblings
147,case-0147-event,event,0,AM,R53B7,00,EH?,2026-05-18T04:46:39.580000Z,2026-05-18T04:47:14.580000Z,RASPISHAKE,https://data.raspberryshake.org/fdsnws/dataselect/1/query,35.0,evaluator_event_reference,AM.R53B7.event.20260518T044639,3500,3500,0,3500,shared_event_window_across_target_snr_siblings
147,case-0147-noise-01,noise,1,AM,R53B7,00,EH?,2025-06-07T09:11:19.639000Z,2025-06-07T09:14:22.459000Z,RASPISHAKE,https://data.raspberryshake.org/fdsnws/dataselect/1/query,35.0,primary_noise_chunk,AM.R53B7.noise.20250607T091120,3500,3500,0,3500,shared_noise_sequence_across_target_snr_siblings
147,case-0147-noise-02,noise,2,AM,R53B7,00,EH?,2025-06-06T00:40:40.779000Z,2025-06-06T00:43:43.479000Z,RASPISHAKE,https://data.raspberryshake.org/fdsnws/dataselect/1/query,35.0,continuation_noise_chunk,AM.R53B7.noise.20250606T004041,3500,3500,3500,7000,shared_noise_sequence_across_target_snr_siblings
147,case-0147-noise-03,noise,3,AM,R53B7,00,EH?,2025-06-02T17:28:15.179000Z,2025-06-02T17:31:19.109000Z,RASPISHAKE,https://data.raspberryshake.org/fdsnws/dataselect/1/query,35.0,continuation_noise_chunk_truncated,AM.R53B7.noise.20250602T172817,3500,2000,7000,9000,shared_noise_sequence_across_target_snr_siblings
148,case-0148-event,event,0,AM,R53B7,00,EH?,2026-05-18T21:16:31.640000Z,2026-05-18T21:17:06.640000Z,RASPISHAKE,https://data.raspberryshake.org/fdsnws/dataselect/1/query,35.0,evaluator_event_reference,AM.R53B7.event.20260518T211631,3500,3500,0,3500,shared_event_window_across_target_snr_siblings
148,case-0148-noise-01,noise,1,AM,R53B7,00,EH?,2025-06-08T09:18:50.879000Z,2025-06-08T09:21:54.549000Z,RASPISHAKE,https://data.raspberryshake.org/fdsnws/dataselect/1/query,35.0,primary_noise_chunk,AM.R53B7.noise.20250608T091852,3500,3500,0,3500,shared_noise_sequence_across_target_snr_siblings
148,case-0148-noise-02,noise,2,AM,R53B7,00,EH?,2025-06-08T15:34:41.029000Z,2025-06-08T15:37:44.469000Z,RASPISHAKE,https://data.raspberryshake.org/fdsnws/dataselect/1/query,35.0,continuation_noise_chunk,AM.R53B7.noise.20250608T153442,3500,3500,3500,7000,shared_noise_sequence_across_target_snr_siblings
148,case-0148-noise-03,noise,3,AM,R53B7,00,EH?,2025-06-07T23:29:25.579000Z,2025-06-07T23:32:29.449000Z,RASPISHAKE,https://data.raspberryshake.org/fdsnws/dataselect/1/query,35.0,continuation_noise_chunk_truncated,AM.R53B7.noise.20250607T232927,3500,2000,7000,9000,shared_noise_sequence_across_target_snr_siblings
149,case-0149-event,event,0,AM,R53B7,00,EH?,2026-05-18T21:16:31.640000Z,2026-05-18T21:17:06.640000Z,RASPISHAKE,https://data.raspberryshake.org/fdsnws/dataselect/1/query,35.0,evaluator_event_reference,AM.R53B7.event.20260518T211631,3500,3500,0,3500,shared_event_window_across_target_snr_siblings
149,case-0149-noise-01,noise,1,AM,R53B7,00,EH?,2025-06-08T09:18:50.879000Z,2025-06-08T09:21:54.549000Z,RASPISHAKE,https://data.raspberryshake.org/fdsnws/dataselect/1/query,35.0,primary_noise_chunk,AM.R53B7.noise.20250608T091852,3500,3500,0,3500,shared_noise_sequence_across_target_snr_siblings
149,case-0149-noise-02,noise,2,AM,R53B7,00,EH?,2025-06-08T15:34:41.029000Z,2025-06-08T15:37:44.469000Z,RASPISHAKE,https://data.raspberryshake.org/fdsnws/dataselect/1/query,35.0,continuation_noise_chunk,AM.R53B7.noise.20250608T153442,3500,3500,3500,7000,shared_noise_sequence_across_target_snr_siblings
149,case-0149-noise-03,noise,3,AM,R53B7,00,EH?,2025-06-07T23:29:25.579000Z,2025-06-07T23:32:29.449000Z,RASPISHAKE,https://data.raspberryshake.org/fdsnws/dataselect/1/query,35.0,continuation_noise_chunk_truncated,AM.R53B7.noise.20250607T232927,3500,2000,7000,9000,shared_noise_sequence_across_target_snr_siblings
150,case-0150-event,event,0,AM,R53B7,00,EH?,2026-05-18T21:16:31.640000Z,2026-05-18T21:17:06.640000Z,RASPISHAKE,https://data.raspberryshake.org/fdsnws/dataselect/1/query,35.0,evaluator_event_reference,AM.R53B7.event.20260518T211631,3500,3500,0,3500,shared_event_window_across_target_snr_siblings
150,case-0150-noise-01,noise,1,AM,R53B7,00,EH?,2025-06-08T09:18:50.879000Z,2025-06-08T09:21:54.549000Z,RASPISHAKE,https://data.raspberryshake.org/fdsnws/dataselect/1/query,35.0,primary_noise_chunk,AM.R53B7.noise.20250608T091852,3500,3500,0,3500,shared_noise_sequence_across_target_snr_siblings
150,case-0150-noise-02,noise,2,AM,R53B7,00,EH?,2025-06-08T15:34:41.029000Z,2025-06-08T15:37:44.469000Z,RASPISHAKE,https://data.raspberryshake.org/fdsnws/dataselect/1/query,35.0,continuation_noise_chunk,AM.R53B7.noise.20250608T153442,3500,3500,3500,7000,shared_noise_sequence_across_target_snr_siblings
150,case-0150-noise-03,noise,3,AM,R53B7,00,EH?,2025-06-07T23:29:25.579000Z,2025-06-07T23:32:29.449000Z,RASPISHAKE,https://data.raspberryshake.org/fdsnws/dataselect/1/query,35.0,continuation_noise_chunk_truncated,AM.R53B7.noise.20250607T232927,3500,2000,7000,9000,shared_noise_sequence_across_target_snr_siblings
151,case-0151-event,event,0,AM,R53B7,00,EH?,2026-05-19T02:30:19.550000Z,2026-05-19T02:30:54.550000Z,RASPISHAKE,https://data.raspberryshake.org/fdsnws/dataselect/1/query,35.0,evaluator_event_reference,AM.R53B7.event.20260519T023019,3500,3500,0,3500,shared_event_window_across_target_snr_siblings
151,case-0151-noise-01,noise,1,AM,R53B7,00,EH?,2025-06-02T14:31:42.989000Z,2025-06-02T14:34:46.079000Z,RASPISHAKE,https://data.raspberryshake.org/fdsnws/dataselect/1/query,35.0,primary_noise_chunk,AM.R53B7.noise.20250602T143144,3500,3500,0,3500,shared_noise_sequence_across_target_snr_siblings
151,case-0151-noise-02,noise,2,AM,R53B7,00,EH?,2025-06-07T23:52:57.499000Z,2025-06-07T23:56:01.139000Z,RASPISHAKE,https://data.raspberryshake.org/fdsnws/dataselect/1/query,35.0,continuation_noise_chunk,AM.R53B7.noise.20250607T235259,3500,3500,3500,7000,shared_noise_sequence_across_target_snr_siblings
151,case-0151-noise-03,noise,3,AM,R53B7,00,EH?,2025-06-05T12:58:03.559000Z,2025-06-05T13:01:06.819000Z,RASPISHAKE,https://data.raspberryshake.org/fdsnws/dataselect/1/query,35.0,continuation_noise_chunk_truncated,AM.R53B7.noise.20250605T125804,3500,2000,7000,9000,shared_noise_sequence_across_target_snr_siblings
152,case-0152-event,event,0,AM,R53B7,00,EH?,2026-05-19T02:30:19.550000Z,2026-05-19T02:30:54.550000Z,RASPISHAKE,https://data.raspberryshake.org/fdsnws/dataselect/1/query,35.0,evaluator_event_reference,AM.R53B7.event.20260519T023019,3500,3500,0,3500,shared_event_window_across_target_snr_siblings
152,case-0152-noise-01,noise,1,AM,R53B7,00,EH?,2025-06-02T14:31:42.989000Z,2025-06-02T14:34:46.079000Z,RASPISHAKE,https://data.raspberryshake.org/fdsnws/dataselect/1/query,35.0,primary_noise_chunk,AM.R53B7.noise.20250602T143144,3500,3500,0,3500,shared_noise_sequence_across_target_snr_siblings
152,case-0152-noise-02,noise,2,AM,R53B7,00,EH?,2025-06-07T23:52:57.499000Z,2025-06-07T23:56:01.139000Z,RASPISHAKE,https://data.raspberryshake.org/fdsnws/dataselect/1/query,35.0,continuation_noise_chunk,AM.R53B7.noise.20250607T235259,3500,3500,3500,7000,shared_noise_sequence_across_target_snr_siblings
152,case-0152-noise-03,noise,3,AM,R53B7,00,EH?,2025-06-05T12:58:03.559000Z,2025-06-05T13:01:06.819000Z,RASPISHAKE,https://data.raspberryshake.org/fdsnws/dataselect/1/query,35.0,continuation_noise_chunk_truncated,AM.R53B7.noise.20250605T125804,3500,2000,7000,9000,shared_noise_sequence_across_target_snr_siblings
153,case-0153-event,event,0,AM,R53B7,00,EH?,2026-05-19T02:30:19.550000Z,2026-05-19T02:30:54.550000Z,RASPISHAKE,https://data.raspberryshake.org/fdsnws/dataselect/1/query,35.0,evaluator_event_reference,AM.R53B7.event.20260519T023019,3500,3500,0,3500,shared_event_window_across_target_snr_siblings
153,case-0153-noise-01,noise,1,AM,R53B7,00,EH?,2025-06-02T14:31:42.989000Z,2025-06-02T14:34:46.079000Z,RASPISHAKE,https://data.raspberryshake.org/fdsnws/dataselect/1/query,35.0,primary_noise_chunk,AM.R53B7.noise.20250602T143144,3500,3500,0,3500,shared_noise_sequence_across_target_snr_siblings
153,case-0153-noise-02,noise,2,AM,R53B7,00,EH?,2025-06-07T23:52:57.499000Z,2025-06-07T23:56:01.139000Z,RASPISHAKE,https://data.raspberryshake.org/fdsnws/dataselect/1/query,35.0,continuation_noise_chunk,AM.R53B7.noise.20250607T235259,3500,3500,3500,7000,shared_noise_sequence_across_target_snr_siblings
153,case-0153-noise-03,noise,3,AM,R53B7,00,EH?,2025-06-05T12:58:03.559000Z,2025-06-05T13:01:06.819000Z,RASPISHAKE,https://data.raspberryshake.org/fdsnws/dataselect/1/query,35.0,continuation_noise_chunk_truncated,AM.R53B7.noise.20250605T125804,3500,2000,7000,9000,shared_noise_sequence_across_target_snr_siblings
154,case-0154-event,event,0,AM,R53B7,00,EH?,2026-05-20T16:54:28.980000Z,2026-05-20T16:55:03.980000Z,RASPISHAKE,https://data.raspberryshake.org/fdsnws/dataselect/1/query,35.0,evaluator_event_reference,AM.R53B7.event.20260520T165428,3500,3500,0,3500,shared_event_window_across_target_snr_siblings
154,case-0154-noise-01,noise,1,AM,R53B7,00,EH?,2025-06-10T22:22:11.449000Z,2025-06-10T22:25:15.269000Z,RASPISHAKE,https://data.raspberryshake.org/fdsnws/dataselect/1/query,35.0,primary_noise_chunk,AM.R53B7.noise.20250610T222213,3500,3500,0,3500,shared_noise_sequence_across_target_snr_siblings
154,case-0154-noise-02,noise,2,AM,R53B7,00,EH?,2025-06-03T22:23:40.259000Z,2025-06-03T22:26:42.759000Z,RASPISHAKE,https://data.raspberryshake.org/fdsnws/dataselect/1/query,35.0,continuation_noise_chunk,AM.R53B7.noise.20250603T222341,3500,3500,3500,7000,shared_noise_sequence_across_target_snr_siblings
154,case-0154-noise-03,noise,3,AM,R53B7,00,EH?,2025-06-04T17:28:29.039000Z,2025-06-04T17:31:32.169000Z,RASPISHAKE,https://data.raspberryshake.org/fdsnws/dataselect/1/query,35.0,continuation_noise_chunk_truncated,AM.R53B7.noise.20250604T172830,3500,2000,7000,9000,shared_noise_sequence_across_target_snr_siblings
155,case-0155-event,event,0,AM,R53B7,00,EH?,2026-05-20T16:54:28.980000Z,2026-05-20T16:55:03.980000Z,RASPISHAKE,https://data.raspberryshake.org/fdsnws/dataselect/1/query,35.0,evaluator_event_reference,AM.R53B7.event.20260520T165428,3500,3500,0,3500,shared_event_window_across_target_snr_siblings
155,case-0155-noise-01,noise,1,AM,R53B7,00,EH?,2025-06-10T22:22:11.449000Z,2025-06-10T22:25:15.269000Z,RASPISHAKE,https://data.raspberryshake.org/fdsnws/dataselect/1/query,35.0,primary_noise_chunk,AM.R53B7.noise.20250610T222213,3500,3500,0,3500,shared_noise_sequence_across_target_snr_siblings
155,case-0155-noise-02,noise,2,AM,R53B7,00,EH?,2025-06-03T22:23:40.259000Z,2025-06-03T22:26:42.759000Z,RASPISHAKE,https://data.raspberryshake.org/fdsnws/dataselect/1/query,35.0,continuation_noise_chunk,AM.R53B7.noise.20250603T222341,3500,3500,3500,7000,shared_noise_sequence_across_target_snr_siblings
155,case-0155-noise-03,noise,3,AM,R53B7,00,EH?,2025-06-04T17:28:29.039000Z,2025-06-04T17:31:32.169000Z,RASPISHAKE,https://data.raspberryshake.org/fdsnws/dataselect/1/query,35.0,continuation_noise_chunk_truncated,AM.R53B7.noise.20250604T172830,3500,2000,7000,9000,shared_noise_sequence_across_target_snr_siblings
156,case-0156-event,event,0,AM,R53B7,00,EH?,2026-05-20T16:54:28.980000Z,2026-05-20T16:55:03.980000Z,RASPISHAKE,https://data.raspberryshake.org/fdsnws/dataselect/1/query,35.0,evaluator_event_reference,AM.R53B7.event.20260520T165428,3500,3500,0,3500,shared_event_window_across_target_snr_siblings
156,case-0156-noise-01,noise,1,AM,R53B7,00,EH?,2025-06-10T22:22:11.449000Z,2025-06-10T22:25:15.269000Z,RASPISHAKE,https://data.raspberryshake.org/fdsnws/dataselect/1/query,35.0,primary_noise_chunk,AM.R53B7.noise.20250610T222213,3500,3500,0,3500,shared_noise_sequence_across_target_snr_siblings
156,case-0156-noise-02,noise,2,AM,R53B7,00,EH?,2025-06-03T22:23:40.259000Z,2025-06-03T22:26:42.759000Z,RASPISHAKE,https://data.raspberryshake.org/fdsnws/dataselect/1/query,35.0,continuation_noise_chunk,AM.R53B7.noise.20250603T222341,3500,3500,3500,7000,shared_noise_sequence_across_target_snr_siblings
156,case-0156-noise-03,noise,3,AM,R53B7,00,EH?,2025-06-04T17:28:29.039000Z,2025-06-04T17:31:32.169000Z,RASPISHAKE,https://data.raspberryshake.org/fdsnws/dataselect/1/query,35.0,continuation_noise_chunk_truncated,AM.R53B7.noise.20250604T172830,3500,2000,7000,9000,shared_noise_sequence_across_target_snr_siblings
157,case-0157-event,event,0,AM,R53B7,00,EH?,2026-05-22T00:08:08.250000Z,2026-05-22T00:08:43.250000Z,RASPISHAKE,https://data.raspberryshake.org/fdsnws/dataselect/1/query,35.0,evaluator_event_reference,AM.R53B7.event.20260522T000808,3500,3500,0,3500,shared_event_window_across_target_snr_siblings
157,case-0157-noise-01,noise,1,AM,R53B7,00,EH?,2025-06-08T16:29:15.879000Z,2025-06-08T16:32:18.599000Z,RASPISHAKE,https://data.raspberryshake.org/fdsnws/dataselect/1/query,35.0,primary_noise_chunk,AM.R53B7.noise.20250608T162917,3500,3500,0,3500,shared_noise_sequence_across_target_snr_siblings
157,case-0157-noise-02,noise,2,AM,R53B7,00,EH?,2025-06-09T12:34:54.519000Z,2025-06-09T12:37:57.999000Z,RASPISHAKE,https://data.raspberryshake.org/fdsnws/dataselect/1/query,35.0,continuation_noise_chunk,AM.R53B7.noise.20250609T123456,3500,3500,3500,7000,shared_noise_sequence_across_target_snr_siblings
157,case-0157-noise-03,noise,3,AM,R53B7,00,EH?,2025-06-01T06:27:39.449000Z,2025-06-01T06:30:42.679000Z,RASPISHAKE,https://data.raspberryshake.org/fdsnws/dataselect/1/query,35.0,continuation_noise_chunk_truncated,AM.R53B7.noise.20250601T062741,3500,2000,7000,9000,shared_noise_sequence_across_target_snr_siblings
158,case-0158-event,event,0,AM,R53B7,00,EH?,2026-05-22T00:08:08.250000Z,2026-05-22T00:08:43.250000Z,RASPISHAKE,https://data.raspberryshake.org/fdsnws/dataselect/1/query,35.0,evaluator_event_reference,AM.R53B7.event.20260522T000808,3500,3500,0,3500,shared_event_window_across_target_snr_siblings
158,case-0158-noise-01,noise,1,AM,R53B7,00,EH?,2025-06-08T16:29:15.879000Z,2025-06-08T16:32:18.599000Z,RASPISHAKE,https://data.raspberryshake.org/fdsnws/dataselect/1/query,35.0,primary_noise_chunk,AM.R53B7.noise.20250608T162917,3500,3500,0,3500,shared_noise_sequence_across_target_snr_siblings
158,case-0158-noise-02,noise,2,AM,R53B7,00,EH?,2025-06-09T12:34:54.519000Z,2025-06-09T12:37:57.999000Z,RASPISHAKE,https://data.raspberryshake.org/fdsnws/dataselect/1/query,35.0,continuation_noise_chunk,AM.R53B7.noise.20250609T123456,3500,3500,3500,7000,shared_noise_sequence_across_target_snr_siblings
158,case-0158-noise-03,noise,3,AM,R53B7,00,EH?,2025-06-01T06:27:39.449000Z,2025-06-01T06:30:42.679000Z,RASPISHAKE,https://data.raspberryshake.org/fdsnws/dataselect/1/query,35.0,continuation_noise_chunk_truncated,AM.R53B7.noise.20250601T062741,3500,2000,7000,9000,shared_noise_sequence_across_target_snr_siblings
159,case-0159-event,event,0,AM,R53B7,00,EH?,2026-05-22T00:08:08.250000Z,2026-05-22T00:08:43.250000Z,RASPISHAKE,https://data.raspberryshake.org/fdsnws/dataselect/1/query,35.0,evaluator_event_reference,AM.R53B7.event.20260522T000808,3500,3500,0,3500,shared_event_window_across_target_snr_siblings
159,case-0159-noise-01,noise,1,AM,R53B7,00,EH?,2025-06-08T16:29:15.879000Z,2025-06-08T16:32:18.599000Z,RASPISHAKE,https://data.raspberryshake.org/fdsnws/dataselect/1/query,35.0,primary_noise_chunk,AM.R53B7.noise.20250608T162917,3500,3500,0,3500,shared_noise_sequence_across_target_snr_siblings
159,case-0159-noise-02,noise,2,AM,R53B7,00,EH?,2025-06-09T12:34:54.519000Z,2025-06-09T12:37:57.999000Z,RASPISHAKE,https://data.raspberryshake.org/fdsnws/dataselect/1/query,35.0,continuation_noise_chunk,AM.R53B7.noise.20250609T123456,3500,3500,3500,7000,shared_noise_sequence_across_target_snr_siblings
159,case-0159-noise-03,noise,3,AM,R53B7,00,EH?,2025-06-01T06:27:39.449000Z,2025-06-01T06:30:42.679000Z,RASPISHAKE,https://data.raspberryshake.org/fdsnws/dataselect/1/query,35.0,continuation_noise_chunk_truncated,AM.R53B7.noise.20250601T062741,3500,2000,7000,9000,shared_noise_sequence_across_target_snr_siblings
160,case-0160-event,event,0,AM,R53B7,00,EH?,2026-05-23T15:08:44.630000Z,2026-05-23T15:09:19.630000Z,RASPISHAKE,https://data.raspberryshake.org/fdsnws/dataselect/1/query,35.0,evaluator_event_reference,AM.R53B7.event.20260523T150844,3500,3500,0,3500,shared_event_window_across_target_snr_siblings
160,case-0160-noise-01,noise,1,AM,R53B7,00,EH?,2025-06-07T14:44:16.879000Z,2025-06-07T14:47:19.269000Z,RASPISHAKE,https://data.raspberryshake.org/fdsnws/dataselect/1/query,35.0,primary_noise_chunk,AM.R53B7.noise.20250607T144418,3500,3500,0,3500,shared_noise_sequence_across_target_snr_siblings
160,case-0160-noise-02,noise,2,AM,R53B7,00,EH?,2025-06-02T21:51:35.809000Z,2025-06-02T21:54:39.709000Z,RASPISHAKE,https://data.raspberryshake.org/fdsnws/dataselect/1/query,35.0,continuation_noise_chunk,AM.R53B7.noise.20250602T215137,3500,3500,3500,7000,shared_noise_sequence_across_target_snr_siblings
160,case-0160-noise-03,noise,3,AM,R53B7,00,EH?,2025-06-07T23:29:25.579000Z,2025-06-07T23:32:29.449000Z,RASPISHAKE,https://data.raspberryshake.org/fdsnws/dataselect/1/query,35.0,continuation_noise_chunk_truncated,AM.R53B7.noise.20250607T232927,3500,2000,7000,9000,shared_noise_sequence_across_target_snr_siblings
161,case-0161-event,event,0,AM,R53B7,00,EH?,2026-05-23T15:08:44.630000Z,2026-05-23T15:09:19.630000Z,RASPISHAKE,https://data.raspberryshake.org/fdsnws/dataselect/1/query,35.0,evaluator_event_reference,AM.R53B7.event.20260523T150844,3500,3500,0,3500,shared_event_window_across_target_snr_siblings
161,case-0161-noise-01,noise,1,AM,R53B7,00,EH?,2025-06-07T14:44:16.879000Z,2025-06-07T14:47:19.269000Z,RASPISHAKE,https://data.raspberryshake.org/fdsnws/dataselect/1/query,35.0,primary_noise_chunk,AM.R53B7.noise.20250607T144418,3500,3500,0,3500,shared_noise_sequence_across_target_snr_siblings
161,case-0161-noise-02,noise,2,AM,R53B7,00,EH?,2025-06-02T21:51:35.809000Z,2025-06-02T21:54:39.709000Z,RASPISHAKE,https://data.raspberryshake.org/fdsnws/dataselect/1/query,35.0,continuation_noise_chunk,AM.R53B7.noise.20250602T215137,3500,3500,3500,7000,shared_noise_sequence_across_target_snr_siblings
161,case-0161-noise-03,noise,3,AM,R53B7,00,EH?,2025-06-07T23:29:25.579000Z,2025-06-07T23:32:29.449000Z,RASPISHAKE,https://data.raspberryshake.org/fdsnws/dataselect/1/query,35.0,continuation_noise_chunk_truncated,AM.R53B7.noise.20250607T232927,3500,2000,7000,9000,shared_noise_sequence_across_target_snr_siblings
162,case-0162-event,event,0,AM,R53B7,00,EH?,2026-05-23T15:08:44.630000Z,2026-05-23T15:09:19.630000Z,RASPISHAKE,https://data.raspberryshake.org/fdsnws/dataselect/1/query,35.0,evaluator_event_reference,AM.R53B7.event.20260523T150844,3500,3500,0,3500,shared_event_window_across_target_snr_siblings
162,case-0162-noise-01,noise,1,AM,R53B7,00,EH?,2025-06-07T14:44:16.879000Z,2025-06-07T14:47:19.269000Z,RASPISHAKE,https://data.raspberryshake.org/fdsnws/dataselect/1/query,35.0,primary_noise_chunk,AM.R53B7.noise.20250607T144418,3500,3500,0,3500,shared_noise_sequence_across_target_snr_siblings
162,case-0162-noise-02,noise,2,AM,R53B7,00,EH?,2025-06-02T21:51:35.809000Z,2025-06-02T21:54:39.709000Z,RASPISHAKE,https://data.raspberryshake.org/fdsnws/dataselect/1/query,35.0,continuation_noise_chunk,AM.R53B7.noise.20250602T215137,3500,3500,3500,7000,shared_noise_sequence_across_target_snr_siblings
162,case-0162-noise-03,noise,3,AM,R53B7,00,EH?,2025-06-07T23:29:25.579000Z,2025-06-07T23:32:29.449000Z,RASPISHAKE,https://data.raspberryshake.org/fdsnws/dataselect/1/query,35.0,continuation_noise_chunk_truncated,AM.R53B7.noise.20250607T232927,3500,2000,7000,9000,shared_noise_sequence_across_target_snr_siblings
163,case-0163-event,event,0,AM,R53B7,00,EH?,2026-05-28T09:41:45.477000Z,2026-05-28T09:42:20.477000Z,RASPISHAKE,https://data.raspberryshake.org/fdsnws/dataselect/1/query,35.0,evaluator_event_reference,AM.R53B7.event.20260528T094145,3500,3500,0,3500,shared_event_window_across_target_snr_siblings
163,case-0163-noise-01,noise,1,AM,R53B7,00,EH?,2025-06-05T10:07:22.289000Z,2025-06-05T10:10:24.829000Z,RASPISHAKE,https://data.raspberryshake.org/fdsnws/dataselect/1/query,35.0,primary_noise_chunk,AM.R53B7.noise.20250605T100724,3500,3500,0,3500,shared_noise_sequence_across_target_snr_siblings
163,case-0163-noise-02,noise,2,AM,R53B7,00,EH?,2025-06-06T15:29:58.919000Z,2025-06-06T15:33:02.679000Z,RASPISHAKE,https://data.raspberryshake.org/fdsnws/dataselect/1/query,35.0,continuation_noise_chunk,AM.R53B7.noise.20250606T153000,3500,3500,3500,7000,shared_noise_sequence_across_target_snr_siblings
163,case-0163-noise-03,noise,3,AM,R53B7,00,EH?,2025-06-02T19:28:38.529000Z,2025-06-02T19:31:41.279000Z,RASPISHAKE,https://data.raspberryshake.org/fdsnws/dataselect/1/query,35.0,continuation_noise_chunk_truncated,AM.R53B7.noise.20250602T192840,3500,2000,7000,9000,shared_noise_sequence_across_target_snr_siblings
164,case-0164-event,event,0,AM,R53B7,00,EH?,2026-05-28T09:41:45.477000Z,2026-05-28T09:42:20.477000Z,RASPISHAKE,https://data.raspberryshake.org/fdsnws/dataselect/1/query,35.0,evaluator_event_reference,AM.R53B7.event.20260528T094145,3500,3500,0,3500,shared_event_window_across_target_snr_siblings
164,case-0164-noise-01,noise,1,AM,R53B7,00,EH?,2025-06-05T10:07:22.289000Z,2025-06-05T10:10:24.829000Z,RASPISHAKE,https://data.raspberryshake.org/fdsnws/dataselect/1/query,35.0,primary_noise_chunk,AM.R53B7.noise.20250605T100724,3500,3500,0,3500,shared_noise_sequence_across_target_snr_siblings
164,case-0164-noise-02,noise,2,AM,R53B7,00,EH?,2025-06-06T15:29:58.919000Z,2025-06-06T15:33:02.679000Z,RASPISHAKE,https://data.raspberryshake.org/fdsnws/dataselect/1/query,35.0,continuation_noise_chunk,AM.R53B7.noise.20250606T153000,3500,3500,3500,7000,shared_noise_sequence_across_target_snr_siblings
164,case-0164-noise-03,noise,3,AM,R53B7,00,EH?,2025-06-02T19:28:38.529000Z,2025-06-02T19:31:41.279000Z,RASPISHAKE,https://data.raspberryshake.org/fdsnws/dataselect/1/query,35.0,continuation_noise_chunk_truncated,AM.R53B7.noise.20250602T192840,3500,2000,7000,9000,shared_noise_sequence_across_target_snr_siblings
165,case-0165-event,event,0,AM,R53B7,00,EH?,2026-05-28T09:41:45.477000Z,2026-05-28T09:42:20.477000Z,RASPISHAKE,https://data.raspberryshake.org/fdsnws/dataselect/1/query,35.0,evaluator_event_reference,AM.R53B7.event.20260528T094145,3500,3500,0,3500,shared_event_window_across_target_snr_siblings
165,case-0165-noise-01,noise,1,AM,R53B7,00,EH?,2025-06-05T10:07:22.289000Z,2025-06-05T10:10:24.829000Z,RASPISHAKE,https://data.raspberryshake.org/fdsnws/dataselect/1/query,35.0,primary_noise_chunk,AM.R53B7.noise.20250605T100724,3500,3500,0,3500,shared_noise_sequence_across_target_snr_siblings
165,case-0165-noise-02,noise,2,AM,R53B7,00,EH?,2025-06-06T15:29:58.919000Z,2025-06-06T15:33:02.679000Z,RASPISHAKE,https://data.raspberryshake.org/fdsnws/dataselect/1/query,35.0,continuation_noise_chunk,AM.R53B7.noise.20250606T153000,3500,3500,3500,7000,shared_noise_sequence_across_target_snr_siblings
165,case-0165-noise-03,noise,3,AM,R53B7,00,EH?,2025-06-02T19:28:38.529000Z,2025-06-02T19:31:41.279000Z,RASPISHAKE,https://data.raspberryshake.org/fdsnws/dataselect/1/query,35.0,continuation_noise_chunk_truncated,AM.R53B7.noise.20250602T192840,3500,2000,7000,9000,shared_noise_sequence_across_target_snr_siblings
166,case-0166-event,event,0,AM,R53B7,00,EH?,2026-05-31T02:49:04.727000Z,2026-05-31T02:49:39.727000Z,RASPISHAKE,https://data.raspberryshake.org/fdsnws/dataselect/1/query,35.0,evaluator_event_reference,AM.R53B7.event.20260531T024904,3500,3500,0,3500,shared_event_window_across_target_snr_siblings
166,case-0166-noise-01,noise,1,AM,R53B7,00,EH?,2025-06-05T20:40:22.099000Z,2025-06-05T20:43:23.709000Z,RASPISHAKE,https://data.raspberryshake.org/fdsnws/dataselect/1/query,35.0,primary_noise_chunk,AM.R53B7.noise.20250605T204023,3500,3500,0,3500,shared_noise_sequence_across_target_snr_siblings
166,case-0166-noise-02,noise,2,AM,R53B7,00,EH?,2025-06-10T22:22:11.449000Z,2025-06-10T22:25:15.269000Z,RASPISHAKE,https://data.raspberryshake.org/fdsnws/dataselect/1/query,35.0,continuation_noise_chunk,AM.R53B7.noise.20250610T222213,3500,3500,3500,7000,shared_noise_sequence_across_target_snr_siblings
166,case-0166-noise-03,noise,3,AM,R53B7,00,EH?,2025-06-07T14:44:16.879000Z,2025-06-07T14:47:19.269000Z,RASPISHAKE,https://data.raspberryshake.org/fdsnws/dataselect/1/query,35.0,continuation_noise_chunk_truncated,AM.R53B7.noise.20250607T144418,3500,2000,7000,9000,shared_noise_sequence_across_target_snr_siblings
167,case-0167-event,event,0,AM,R53B7,00,EH?,2026-05-31T02:49:04.727000Z,2026-05-31T02:49:39.727000Z,RASPISHAKE,https://data.raspberryshake.org/fdsnws/dataselect/1/query,35.0,evaluator_event_reference,AM.R53B7.event.20260531T024904,3500,3500,0,3500,shared_event_window_across_target_snr_siblings
167,case-0167-noise-01,noise,1,AM,R53B7,00,EH?,2025-06-05T20:40:22.099000Z,2025-06-05T20:43:23.709000Z,RASPISHAKE,https://data.raspberryshake.org/fdsnws/dataselect/1/query,35.0,primary_noise_chunk,AM.R53B7.noise.20250605T204023,3500,3500,0,3500,shared_noise_sequence_across_target_snr_siblings
167,case-0167-noise-02,noise,2,AM,R53B7,00,EH?,2025-06-10T22:22:11.449000Z,2025-06-10T22:25:15.269000Z,RASPISHAKE,https://data.raspberryshake.org/fdsnws/dataselect/1/query,35.0,continuation_noise_chunk,AM.R53B7.noise.20250610T222213,3500,3500,3500,7000,shared_noise_sequence_across_target_snr_siblings
167,case-0167-noise-03,noise,3,AM,R53B7,00,EH?,2025-06-07T14:44:16.879000Z,2025-06-07T14:47:19.269000Z,RASPISHAKE,https://data.raspberryshake.org/fdsnws/dataselect/1/query,35.0,continuation_noise_chunk_truncated,AM.R53B7.noise.20250607T144418,3500,2000,7000,9000,shared_noise_sequence_across_target_snr_siblings
168,case-0168-event,event,0,AM,R53B7,00,EH?,2026-05-31T02:49:04.727000Z,2026-05-31T02:49:39.727000Z,RASPISHAKE,https://data.raspberryshake.org/fdsnws/dataselect/1/query,35.0,evaluator_event_reference,AM.R53B7.event.20260531T024904,3500,3500,0,3500,shared_event_window_across_target_snr_siblings
168,case-0168-noise-01,noise,1,AM,R53B7,00,EH?,2025-06-05T20:40:22.099000Z,2025-06-05T20:43:23.709000Z,RASPISHAKE,https://data.raspberryshake.org/fdsnws/dataselect/1/query,35.0,primary_noise_chunk,AM.R53B7.noise.20250605T204023,3500,3500,0,3500,shared_noise_sequence_across_target_snr_siblings
168,case-0168-noise-02,noise,2,AM,R53B7,00,EH?,2025-06-10T22:22:11.449000Z,2025-06-10T22:25:15.269000Z,RASPISHAKE,https://data.raspberryshake.org/fdsnws/dataselect/1/query,35.0,continuation_noise_chunk,AM.R53B7.noise.20250610T222213,3500,3500,3500,7000,shared_noise_sequence_across_target_snr_siblings
168,case-0168-noise-03,noise,3,AM,R53B7,00,EH?,2025-06-07T14:44:16.879000Z,2025-06-07T14:47:19.269000Z,RASPISHAKE,https://data.raspberryshake.org/fdsnws/dataselect/1/query,35.0,continuation_noise_chunk_truncated,AM.R53B7.noise.20250607T144418,3500,2000,7000,9000,shared_noise_sequence_across_target_snr_siblings
169,case-0169-event,event,0,AM,R5C4C,00,EH?,2026-03-30T02:24:57.858000Z,2026-03-30T02:25:32.858000Z,RASPISHAKE,https://data.raspberryshake.org/fdsnws/dataselect/1/query,35.0,evaluator_event_reference,AM.R5C4C.event.20260330T022457,3500,3500,0,3500,shared_event_window_across_target_snr_siblings
169,case-0169-noise-01,noise,1,AM,R5C4C,00,EH?,2025-06-05T10:07:21.487000Z,2025-06-05T10:10:25.607000Z,RASPISHAKE,https://data.raspberryshake.org/fdsnws/dataselect/1/query,35.0,primary_noise_chunk,AM.R5C4C.noise.20250605T100724,3500,3500,0,3500,shared_noise_sequence_across_target_snr_siblings
169,case-0169-noise-02,noise,2,AM,R5C4C,00,EH?,2025-06-04T04:12:23.587000Z,2025-06-04T04:15:26.867000Z,RASPISHAKE,https://data.raspberryshake.org/fdsnws/dataselect/1/query,35.0,continuation_noise_chunk,AM.R5C4C.noise.20250604T041225,3500,3500,3500,7000,shared_noise_sequence_across_target_snr_siblings
169,case-0169-noise-03,noise,3,AM,R5C4C,00,EH?,2025-06-10T08:34:07.967000Z,2025-06-10T08:37:10.867000Z,RASPISHAKE,https://data.raspberryshake.org/fdsnws/dataselect/1/query,35.0,continuation_noise_chunk_truncated,AM.R5C4C.noise.20250610T083409,3500,2000,7000,9000,shared_noise_sequence_across_target_snr_siblings
170,case-0170-event,event,0,AM,R5C4C,00,EH?,2026-03-30T02:24:57.858000Z,2026-03-30T02:25:32.858000Z,RASPISHAKE,https://data.raspberryshake.org/fdsnws/dataselect/1/query,35.0,evaluator_event_reference,AM.R5C4C.event.20260330T022457,3500,3500,0,3500,shared_event_window_across_target_snr_siblings
170,case-0170-noise-01,noise,1,AM,R5C4C,00,EH?,2025-06-05T10:07:21.487000Z,2025-06-05T10:10:25.607000Z,RASPISHAKE,https://data.raspberryshake.org/fdsnws/dataselect/1/query,35.0,primary_noise_chunk,AM.R5C4C.noise.20250605T100724,3500,3500,0,3500,shared_noise_sequence_across_target_snr_siblings
170,case-0170-noise-02,noise,2,AM,R5C4C,00,EH?,2025-06-04T04:12:23.587000Z,2025-06-04T04:15:26.867000Z,RASPISHAKE,https://data.raspberryshake.org/fdsnws/dataselect/1/query,35.0,continuation_noise_chunk,AM.R5C4C.noise.20250604T041225,3500,3500,3500,7000,shared_noise_sequence_across_target_snr_siblings
170,case-0170-noise-03,noise,3,AM,R5C4C,00,EH?,2025-06-10T08:34:07.967000Z,2025-06-10T08:37:10.867000Z,RASPISHAKE,https://data.raspberryshake.org/fdsnws/dataselect/1/query,35.0,continuation_noise_chunk_truncated,AM.R5C4C.noise.20250610T083409,3500,2000,7000,9000,shared_noise_sequence_across_target_snr_siblings
171,case-0171-event,event,0,AM,R5C4C,00,EH?,2026-03-30T02:24:57.858000Z,2026-03-30T02:25:32.858000Z,RASPISHAKE,https://data.raspberryshake.org/fdsnws/dataselect/1/query,35.0,evaluator_event_reference,AM.R5C4C.event.20260330T022457,3500,3500,0,3500,shared_event_window_across_target_snr_siblings
171,case-0171-noise-01,noise,1,AM,R5C4C,00,EH?,2025-06-05T10:07:21.487000Z,2025-06-05T10:10:25.607000Z,RASPISHAKE,https://data.raspberryshake.org/fdsnws/dataselect/1/query,35.0,primary_noise_chunk,AM.R5C4C.noise.20250605T100724,3500,3500,0,3500,shared_noise_sequence_across_target_snr_siblings
171,case-0171-noise-02,noise,2,AM,R5C4C,00,EH?,2025-06-04T04:12:23.587000Z,2025-06-04T04:15:26.867000Z,RASPISHAKE,https://data.raspberryshake.org/fdsnws/dataselect/1/query,35.0,continuation_noise_chunk,AM.R5C4C.noise.20250604T041225,3500,3500,3500,7000,shared_noise_sequence_across_target_snr_siblings
171,case-0171-noise-03,noise,3,AM,R5C4C,00,EH?,2025-06-10T08:34:07.967000Z,2025-06-10T08:37:10.867000Z,RASPISHAKE,https://data.raspberryshake.org/fdsnws/dataselect/1/query,35.0,continuation_noise_chunk_truncated,AM.R5C4C.noise.20250610T083409,3500,2000,7000,9000,shared_noise_sequence_across_target_snr_siblings
172,case-0172-event,event,0,AM,R5C4C,00,EH?,2026-04-23T18:01:01.071000Z,2026-04-23T18:01:36.071000Z,RASPISHAKE,https://data.raspberryshake.org/fdsnws/dataselect/1/query,35.0,evaluator_event_reference,AM.R5C4C.event.20260423T180101,3500,3500,0,3500,shared_event_window_across_target_snr_siblings
172,case-0172-noise-01,noise,1,AM,R5C4C,00,EH?,2025-06-10T22:22:11.337000Z,2025-06-10T22:25:15.597000Z,RASPISHAKE,https://data.raspberryshake.org/fdsnws/dataselect/1/query,35.0,primary_noise_chunk,AM.R5C4C.noise.20250610T222213,3500,3500,0,3500,shared_noise_sequence_across_target_snr_siblings
172,case-0172-noise-02,noise,2,AM,R5C4C,00,EH?,2025-06-02T17:28:14.697000Z,2025-06-02T17:31:19.257000Z,RASPISHAKE,https://data.raspberryshake.org/fdsnws/dataselect/1/query,35.0,continuation_noise_chunk,AM.R5C4C.noise.20250602T172817,3500,3500,3500,7000,shared_noise_sequence_across_target_snr_siblings
172,case-0172-noise-03,noise,3,AM,R5C4C,00,EH?,2025-06-05T20:40:21.357000Z,2025-06-05T20:43:24.827000Z,RASPISHAKE,https://data.raspberryshake.org/fdsnws/dataselect/1/query,35.0,continuation_noise_chunk_truncated,AM.R5C4C.noise.20250605T204023,3500,2000,7000,9000,shared_noise_sequence_across_target_snr_siblings
173,case-0173-event,event,0,AM,R5C4C,00,EH?,2026-04-23T18:01:01.071000Z,2026-04-23T18:01:36.071000Z,RASPISHAKE,https://data.raspberryshake.org/fdsnws/dataselect/1/query,35.0,evaluator_event_reference,AM.R5C4C.event.20260423T180101,3500,3500,0,3500,shared_event_window_across_target_snr_siblings
173,case-0173-noise-01,noise,1,AM,R5C4C,00,EH?,2025-06-10T22:22:11.337000Z,2025-06-10T22:25:15.597000Z,RASPISHAKE,https://data.raspberryshake.org/fdsnws/dataselect/1/query,35.0,primary_noise_chunk,AM.R5C4C.noise.20250610T222213,3500,3500,0,3500,shared_noise_sequence_across_target_snr_siblings
173,case-0173-noise-02,noise,2,AM,R5C4C,00,EH?,2025-06-02T17:28:14.697000Z,2025-06-02T17:31:19.257000Z,RASPISHAKE,https://data.raspberryshake.org/fdsnws/dataselect/1/query,35.0,continuation_noise_chunk,AM.R5C4C.noise.20250602T172817,3500,3500,3500,7000,shared_noise_sequence_across_target_snr_siblings
173,case-0173-noise-03,noise,3,AM,R5C4C,00,EH?,2025-06-05T20:40:21.357000Z,2025-06-05T20:43:24.827000Z,RASPISHAKE,https://data.raspberryshake.org/fdsnws/dataselect/1/query,35.0,continuation_noise_chunk_truncated,AM.R5C4C.noise.20250605T204023,3500,2000,7000,9000,shared_noise_sequence_across_target_snr_siblings
174,case-0174-event,event,0,AM,R5C4C,00,EH?,2026-04-23T18:01:01.071000Z,2026-04-23T18:01:36.071000Z,RASPISHAKE,https://data.raspberryshake.org/fdsnws/dataselect/1/query,35.0,evaluator_event_reference,AM.R5C4C.event.20260423T180101,3500,3500,0,3500,shared_event_window_across_target_snr_siblings
174,case-0174-noise-01,noise,1,AM,R5C4C,00,EH?,2025-06-10T22:22:11.337000Z,2025-06-10T22:25:15.597000Z,RASPISHAKE,https://data.raspberryshake.org/fdsnws/dataselect/1/query,35.0,primary_noise_chunk,AM.R5C4C.noise.20250610T222213,3500,3500,0,3500,shared_noise_sequence_across_target_snr_siblings
174,case-0174-noise-02,noise,2,AM,R5C4C,00,EH?,2025-06-02T17:28:14.697000Z,2025-06-02T17:31:19.257000Z,RASPISHAKE,https://data.raspberryshake.org/fdsnws/dataselect/1/query,35.0,continuation_noise_chunk,AM.R5C4C.noise.20250602T172817,3500,3500,3500,7000,shared_noise_sequence_across_target_snr_siblings
174,case-0174-noise-03,noise,3,AM,R5C4C,00,EH?,2025-06-05T20:40:21.357000Z,2025-06-05T20:43:24.827000Z,RASPISHAKE,https://data.raspberryshake.org/fdsnws/dataselect/1/query,35.0,continuation_noise_chunk_truncated,AM.R5C4C.noise.20250605T204023,3500,2000,7000,9000,shared_noise_sequence_across_target_snr_siblings
175,case-0175-event,event,0,AM,R5C4C,00,EH?,2026-05-09T04:53:30.511000Z,2026-05-09T04:54:05.511000Z,RASPISHAKE,https://data.raspberryshake.org/fdsnws/dataselect/1/query,35.0,evaluator_event_reference,AM.R5C4C.event.20260509T045330,3500,3500,0,3500,shared_event_window_across_target_snr_siblings
175,case-0175-noise-01,noise,1,AM,R5C4C,00,EH?,2025-06-05T07:10:40.317000Z,2025-06-05T07:13:43.257000Z,RASPISHAKE,https://data.raspberryshake.org/fdsnws/dataselect/1/query,35.0,primary_noise_chunk,AM.R5C4C.noise.20250605T071041,3500,3500,0,3500,shared_noise_sequence_across_target_snr_siblings
175,case-0175-noise-02,noise,2,AM,R5C4C,00,EH?,2025-06-05T10:07:21.487000Z,2025-06-05T10:10:25.607000Z,RASPISHAKE,https://data.raspberryshake.org/fdsnws/dataselect/1/query,35.0,continuation_noise_chunk,AM.R5C4C.noise.20250605T100724,3500,3500,3500,7000,shared_noise_sequence_across_target_snr_siblings
175,case-0175-noise-03,noise,3,AM,R5C4C,00,EH?,2025-06-07T23:29:25.587000Z,2025-06-07T23:32:30.197000Z,RASPISHAKE,https://data.raspberryshake.org/fdsnws/dataselect/1/query,35.0,continuation_noise_chunk_truncated,AM.R5C4C.noise.20250607T232927,3500,2000,7000,9000,shared_noise_sequence_across_target_snr_siblings
176,case-0176-event,event,0,AM,R5C4C,00,EH?,2026-05-09T04:53:30.511000Z,2026-05-09T04:54:05.511000Z,RASPISHAKE,https://data.raspberryshake.org/fdsnws/dataselect/1/query,35.0,evaluator_event_reference,AM.R5C4C.event.20260509T045330,3500,3500,0,3500,shared_event_window_across_target_snr_siblings
176,case-0176-noise-01,noise,1,AM,R5C4C,00,EH?,2025-06-05T07:10:40.317000Z,2025-06-05T07:13:43.257000Z,RASPISHAKE,https://data.raspberryshake.org/fdsnws/dataselect/1/query,35.0,primary_noise_chunk,AM.R5C4C.noise.20250605T071041,3500,3500,0,3500,shared_noise_sequence_across_target_snr_siblings
176,case-0176-noise-02,noise,2,AM,R5C4C,00,EH?,2025-06-05T10:07:21.487000Z,2025-06-05T10:10:25.607000Z,RASPISHAKE,https://data.raspberryshake.org/fdsnws/dataselect/1/query,35.0,continuation_noise_chunk,AM.R5C4C.noise.20250605T100724,3500,3500,3500,7000,shared_noise_sequence_across_target_snr_siblings
176,case-0176-noise-03,noise,3,AM,R5C4C,00,EH?,2025-06-07T23:29:25.587000Z,2025-06-07T23:32:30.197000Z,RASPISHAKE,https://data.raspberryshake.org/fdsnws/dataselect/1/query,35.0,continuation_noise_chunk_truncated,AM.R5C4C.noise.20250607T232927,3500,2000,7000,9000,shared_noise_sequence_across_target_snr_siblings
177,case-0177-event,event,0,AM,R5C4C,00,EH?,2026-05-09T04:53:30.511000Z,2026-05-09T04:54:05.511000Z,RASPISHAKE,https://data.raspberryshake.org/fdsnws/dataselect/1/query,35.0,evaluator_event_reference,AM.R5C4C.event.20260509T045330,3500,3500,0,3500,shared_event_window_across_target_snr_siblings
177,case-0177-noise-01,noise,1,AM,R5C4C,00,EH?,2025-06-05T07:10:40.317000Z,2025-06-05T07:13:43.257000Z,RASPISHAKE,https://data.raspberryshake.org/fdsnws/dataselect/1/query,35.0,primary_noise_chunk,AM.R5C4C.noise.20250605T071041,3500,3500,0,3500,shared_noise_sequence_across_target_snr_siblings
177,case-0177-noise-02,noise,2,AM,R5C4C,00,EH?,2025-06-05T10:07:21.487000Z,2025-06-05T10:10:25.607000Z,RASPISHAKE,https://data.raspberryshake.org/fdsnws/dataselect/1/query,35.0,continuation_noise_chunk,AM.R5C4C.noise.20250605T100724,3500,3500,3500,7000,shared_noise_sequence_across_target_snr_siblings
177,case-0177-noise-03,noise,3,AM,R5C4C,00,EH?,2025-06-07T23:29:25.587000Z,2025-06-07T23:32:30.197000Z,RASPISHAKE,https://data.raspberryshake.org/fdsnws/dataselect/1/query,35.0,continuation_noise_chunk_truncated,AM.R5C4C.noise.20250607T232927,3500,2000,7000,9000,shared_noise_sequence_across_target_snr_siblings
178,case-0178-event,event,0,AM,R5C4C,00,EH?,2026-05-16T14:54:53.591000Z,2026-05-16T14:55:28.591000Z,RASPISHAKE,https://data.raspberryshake.org/fdsnws/dataselect/1/query,35.0,evaluator_event_reference,AM.R5C4C.event.20260516T145453,3500,3500,0,3500,shared_event_window_across_target_snr_siblings
178,case-0178-noise-01,noise,1,AM,R5C4C,00,EH?,2025-06-01T06:27:38.937000Z,2025-06-01T06:30:43.837000Z,RASPISHAKE,https://data.raspberryshake.org/fdsnws/dataselect/1/query,35.0,primary_noise_chunk,AM.R5C4C.noise.20250601T062741,3500,3500,0,3500,shared_noise_sequence_across_target_snr_siblings
178,case-0178-noise-02,noise,2,AM,R5C4C,00,EH?,2025-06-04T20:32:03.427000Z,2025-06-04T20:35:07.457000Z,RASPISHAKE,https://data.raspberryshake.org/fdsnws/dataselect/1/query,35.0,continuation_noise_chunk,AM.R5C4C.noise.20250604T203205,3500,3500,3500,7000,shared_noise_sequence_across_target_snr_siblings
178,case-0178-noise-03,noise,3,AM,R5C4C,00,EH?,2025-06-06T02:58:33.267000Z,2025-06-06T03:01:37.617000Z,RASPISHAKE,https://data.raspberryshake.org/fdsnws/dataselect/1/query,35.0,continuation_noise_chunk_truncated,AM.R5C4C.noise.20250606T025835,3500,2000,7000,9000,shared_noise_sequence_across_target_snr_siblings
179,case-0179-event,event,0,AM,R5C4C,00,EH?,2026-05-16T14:54:53.591000Z,2026-05-16T14:55:28.591000Z,RASPISHAKE,https://data.raspberryshake.org/fdsnws/dataselect/1/query,35.0,evaluator_event_reference,AM.R5C4C.event.20260516T145453,3500,3500,0,3500,shared_event_window_across_target_snr_siblings
179,case-0179-noise-01,noise,1,AM,R5C4C,00,EH?,2025-06-01T06:27:38.937000Z,2025-06-01T06:30:43.837000Z,RASPISHAKE,https://data.raspberryshake.org/fdsnws/dataselect/1/query,35.0,primary_noise_chunk,AM.R5C4C.noise.20250601T062741,3500,3500,0,3500,shared_noise_sequence_across_target_snr_siblings
179,case-0179-noise-02,noise,2,AM,R5C4C,00,EH?,2025-06-04T20:32:03.427000Z,2025-06-04T20:35:07.457000Z,RASPISHAKE,https://data.raspberryshake.org/fdsnws/dataselect/1/query,35.0,continuation_noise_chunk,AM.R5C4C.noise.20250604T203205,3500,3500,3500,7000,shared_noise_sequence_across_target_snr_siblings
179,case-0179-noise-03,noise,3,AM,R5C4C,00,EH?,2025-06-06T02:58:33.267000Z,2025-06-06T03:01:37.617000Z,RASPISHAKE,https://data.raspberryshake.org/fdsnws/dataselect/1/query,35.0,continuation_noise_chunk_truncated,AM.R5C4C.noise.20250606T025835,3500,2000,7000,9000,shared_noise_sequence_across_target_snr_siblings
180,case-0180-event,event,0,AM,R5C4C,00,EH?,2026-05-16T14:54:53.591000Z,2026-05-16T14:55:28.591000Z,RASPISHAKE,https://data.raspberryshake.org/fdsnws/dataselect/1/query,35.0,evaluator_event_reference,AM.R5C4C.event.20260516T145453,3500,3500,0,3500,shared_event_window_across_target_snr_siblings
180,case-0180-noise-01,noise,1,AM,R5C4C,00,EH?,2025-06-01T06:27:38.937000Z,2025-06-01T06:30:43.837000Z,RASPISHAKE,https://data.raspberryshake.org/fdsnws/dataselect/1/query,35.0,primary_noise_chunk,AM.R5C4C.noise.20250601T062741,3500,3500,0,3500,shared_noise_sequence_across_target_snr_siblings
180,case-0180-noise-02,noise,2,AM,R5C4C,00,EH?,2025-06-04T20:32:03.427000Z,2025-06-04T20:35:07.457000Z,RASPISHAKE,https://data.raspberryshake.org/fdsnws/dataselect/1/query,35.0,continuation_noise_chunk,AM.R5C4C.noise.20250604T203205,3500,3500,3500,7000,shared_noise_sequence_across_target_snr_siblings
180,case-0180-noise-03,noise,3,AM,R5C4C,00,EH?,2025-06-06T02:58:33.267000Z,2025-06-06T03:01:37.617000Z,RASPISHAKE,https://data.raspberryshake.org/fdsnws/dataselect/1/query,35.0,continuation_noise_chunk_truncated,AM.R5C4C.noise.20250606T025835,3500,2000,7000,9000,shared_noise_sequence_across_target_snr_siblings
181,case-0181-event,event,0,AM,R5C4C,00,EH?,2026-05-19T18:06:10.691000Z,2026-05-19T18:06:45.691000Z,RASPISHAKE,https://data.raspberryshake.org/fdsnws/dataselect/1/query,35.0,evaluator_event_reference,AM.R5C4C.event.20260519T180610,3500,3500,0,3500,shared_event_window_across_target_snr_siblings
181,case-0181-noise-01,noise,1,AM,R5C4C,00,EH?,2025-06-09T03:14:05.917000Z,2025-06-09T03:17:10.907000Z,RASPISHAKE,https://data.raspberryshake.org/fdsnws/dataselect/1/query,35.0,primary_noise_chunk,AM.R5C4C.noise.20250609T031408,3500,3500,0,3500,shared_noise_sequence_across_target_snr_siblings
181,case-0181-noise-02,noise,2,AM,R5C4C,00,EH?,2025-06-01T15:15:16.787000Z,2025-06-01T15:18:20.437000Z,RASPISHAKE,https://data.raspberryshake.org/fdsnws/dataselect/1/query,35.0,continuation_noise_chunk,AM.R5C4C.noise.20250601T151518,3500,3500,3500,7000,shared_noise_sequence_across_target_snr_siblings
181,case-0181-noise-03,noise,3,AM,R5C4C,00,EH?,2025-06-10T08:34:07.967000Z,2025-06-10T08:37:10.867000Z,RASPISHAKE,https://data.raspberryshake.org/fdsnws/dataselect/1/query,35.0,continuation_noise_chunk_truncated,AM.R5C4C.noise.20250610T083409,3500,2000,7000,9000,shared_noise_sequence_across_target_snr_siblings
182,case-0182-event,event,0,AM,R5C4C,00,EH?,2026-05-19T18:06:10.691000Z,2026-05-19T18:06:45.691000Z,RASPISHAKE,https://data.raspberryshake.org/fdsnws/dataselect/1/query,35.0,evaluator_event_reference,AM.R5C4C.event.20260519T180610,3500,3500,0,3500,shared_event_window_across_target_snr_siblings
182,case-0182-noise-01,noise,1,AM,R5C4C,00,EH?,2025-06-09T03:14:05.917000Z,2025-06-09T03:17:10.907000Z,RASPISHAKE,https://data.raspberryshake.org/fdsnws/dataselect/1/query,35.0,primary_noise_chunk,AM.R5C4C.noise.20250609T031408,3500,3500,0,3500,shared_noise_sequence_across_target_snr_siblings
182,case-0182-noise-02,noise,2,AM,R5C4C,00,EH?,2025-06-01T15:15:16.787000Z,2025-06-01T15:18:20.437000Z,RASPISHAKE,https://data.raspberryshake.org/fdsnws/dataselect/1/query,35.0,continuation_noise_chunk,AM.R5C4C.noise.20250601T151518,3500,3500,3500,7000,shared_noise_sequence_across_target_snr_siblings
182,case-0182-noise-03,noise,3,AM,R5C4C,00,EH?,2025-06-10T08:34:07.967000Z,2025-06-10T08:37:10.867000Z,RASPISHAKE,https://data.raspberryshake.org/fdsnws/dataselect/1/query,35.0,continuation_noise_chunk_truncated,AM.R5C4C.noise.20250610T083409,3500,2000,7000,9000,shared_noise_sequence_across_target_snr_siblings
183,case-0183-event,event,0,AM,R5C4C,00,EH?,2026-05-19T18:06:10.691000Z,2026-05-19T18:06:45.691000Z,RASPISHAKE,https://data.raspberryshake.org/fdsnws/dataselect/1/query,35.0,evaluator_event_reference,AM.R5C4C.event.20260519T180610,3500,3500,0,3500,shared_event_window_across_target_snr_siblings
183,case-0183-noise-01,noise,1,AM,R5C4C,00,EH?,2025-06-09T03:14:05.917000Z,2025-06-09T03:17:10.907000Z,RASPISHAKE,https://data.raspberryshake.org/fdsnws/dataselect/1/query,35.0,primary_noise_chunk,AM.R5C4C.noise.20250609T031408,3500,3500,0,3500,shared_noise_sequence_across_target_snr_siblings
183,case-0183-noise-02,noise,2,AM,R5C4C,00,EH?,2025-06-01T15:15:16.787000Z,2025-06-01T15:18:20.437000Z,RASPISHAKE,https://data.raspberryshake.org/fdsnws/dataselect/1/query,35.0,continuation_noise_chunk,AM.R5C4C.noise.20250601T151518,3500,3500,3500,7000,shared_noise_sequence_across_target_snr_siblings
183,case-0183-noise-03,noise,3,AM,R5C4C,00,EH?,2025-06-10T08:34:07.967000Z,2025-06-10T08:37:10.867000Z,RASPISHAKE,https://data.raspberryshake.org/fdsnws/dataselect/1/query,35.0,continuation_noise_chunk_truncated,AM.R5C4C.noise.20250610T083409,3500,2000,7000,9000,shared_noise_sequence_across_target_snr_siblings
184,case-0184-event,event,0,AM,R5C4C,00,EH?,2026-05-25T22:01:38.651000Z,2026-05-25T22:02:13.651000Z,RASPISHAKE,https://data.raspberryshake.org/fdsnws/dataselect/1/query,35.0,evaluator_event_reference,AM.R5C4C.event.20260525T220138,3500,3500,0,3500,shared_event_window_across_target_snr_siblings
184,case-0184-noise-01,noise,1,AM,R5C4C,00,EH?,2025-06-06T16:03:39.627000Z,2025-06-06T16:06:43.567000Z,RASPISHAKE,https://data.raspberryshake.org/fdsnws/dataselect/1/query,35.0,primary_noise_chunk,AM.R5C4C.noise.20250606T160341,3500,3500,0,3500,shared_noise_sequence_across_target_snr_siblings
184,case-0184-noise-02,noise,2,AM,R5C4C,00,EH?,2025-06-01T06:27:38.937000Z,2025-06-01T06:30:43.837000Z,RASPISHAKE,https://data.raspberryshake.org/fdsnws/dataselect/1/query,35.0,continuation_noise_chunk,AM.R5C4C.noise.20250601T062741,3500,3500,3500,7000,shared_noise_sequence_across_target_snr_siblings
184,case-0184-noise-03,noise,3,AM,R5C4C,00,EH?,2025-06-08T16:25:05.027000Z,2025-06-08T16:28:10.057000Z,RASPISHAKE,https://data.raspberryshake.org/fdsnws/dataselect/1/query,35.0,continuation_noise_chunk_truncated,AM.R5C4C.noise.20250608T162507,3500,2000,7000,9000,shared_noise_sequence_across_target_snr_siblings
185,case-0185-event,event,0,AM,R5C4C,00,EH?,2026-05-25T22:01:38.651000Z,2026-05-25T22:02:13.651000Z,RASPISHAKE,https://data.raspberryshake.org/fdsnws/dataselect/1/query,35.0,evaluator_event_reference,AM.R5C4C.event.20260525T220138,3500,3500,0,3500,shared_event_window_across_target_snr_siblings
185,case-0185-noise-01,noise,1,AM,R5C4C,00,EH?,2025-06-06T16:03:39.627000Z,2025-06-06T16:06:43.567000Z,RASPISHAKE,https://data.raspberryshake.org/fdsnws/dataselect/1/query,35.0,primary_noise_chunk,AM.R5C4C.noise.20250606T160341,3500,3500,0,3500,shared_noise_sequence_across_target_snr_siblings
185,case-0185-noise-02,noise,2,AM,R5C4C,00,EH?,2025-06-01T06:27:38.937000Z,2025-06-01T06:30:43.837000Z,RASPISHAKE,https://data.raspberryshake.org/fdsnws/dataselect/1/query,35.0,continuation_noise_chunk,AM.R5C4C.noise.20250601T062741,3500,3500,3500,7000,shared_noise_sequence_across_target_snr_siblings
185,case-0185-noise-03,noise,3,AM,R5C4C,00,EH?,2025-06-08T16:25:05.027000Z,2025-06-08T16:28:10.057000Z,RASPISHAKE,https://data.raspberryshake.org/fdsnws/dataselect/1/query,35.0,continuation_noise_chunk_truncated,AM.R5C4C.noise.20250608T162507,3500,2000,7000,9000,shared_noise_sequence_across_target_snr_siblings
186,case-0186-event,event,0,AM,R5C4C,00,EH?,2026-05-25T22:01:38.651000Z,2026-05-25T22:02:13.651000Z,RASPISHAKE,https://data.raspberryshake.org/fdsnws/dataselect/1/query,35.0,evaluator_event_reference,AM.R5C4C.event.20260525T220138,3500,3500,0,3500,shared_event_window_across_target_snr_siblings
186,case-0186-noise-01,noise,1,AM,R5C4C,00,EH?,2025-06-06T16:03:39.627000Z,2025-06-06T16:06:43.567000Z,RASPISHAKE,https://data.raspberryshake.org/fdsnws/dataselect/1/query,35.0,primary_noise_chunk,AM.R5C4C.noise.20250606T160341,3500,3500,0,3500,shared_noise_sequence_across_target_snr_siblings
186,case-0186-noise-02,noise,2,AM,R5C4C,00,EH?,2025-06-01T06:27:38.937000Z,2025-06-01T06:30:43.837000Z,RASPISHAKE,https://data.raspberryshake.org/fdsnws/dataselect/1/query,35.0,continuation_noise_chunk,AM.R5C4C.noise.20250601T062741,3500,3500,3500,7000,shared_noise_sequence_across_target_snr_siblings
186,case-0186-noise-03,noise,3,AM,R5C4C,00,EH?,2025-06-08T16:25:05.027000Z,2025-06-08T16:28:10.057000Z,RASPISHAKE,https://data.raspberryshake.org/fdsnws/dataselect/1/query,35.0,continuation_noise_chunk_truncated,AM.R5C4C.noise.20250608T162507,3500,2000,7000,9000,shared_noise_sequence_across_target_snr_siblings
187,case-0187-event,event,0,AM,R5C4C,00,EH?,2026-05-30T21:33:05.721000Z,2026-05-30T21:33:40.721000Z,RASPISHAKE,https://data.raspberryshake.org/fdsnws/dataselect/1/query,35.0,evaluator_event_reference,AM.R5C4C.event.20260530T213305,3500,3500,0,3500,shared_event_window_across_target_snr_siblings
187,case-0187-noise-01,noise,1,AM,R5C4C,00,EH?,2025-06-01T15:15:16.787000Z,2025-06-01T15:18:20.437000Z,RASPISHAKE,https://data.raspberryshake.org/fdsnws/dataselect/1/query,35.0,primary_noise_chunk,AM.R5C4C.noise.20250601T151518,3500,3500,0,3500,shared_noise_sequence_across_target_snr_siblings
187,case-0187-noise-02,noise,2,AM,R5C4C,00,EH?,2025-06-09T12:34:53.477000Z,2025-06-09T12:37:58.377000Z,RASPISHAKE,https://data.raspberryshake.org/fdsnws/dataselect/1/query,35.0,continuation_noise_chunk,AM.R5C4C.noise.20250609T123456,3500,3500,3500,7000,shared_noise_sequence_across_target_snr_siblings
187,case-0187-noise-03,noise,3,AM,R5C4C,00,EH?,2025-06-10T08:34:07.967000Z,2025-06-10T08:37:10.867000Z,RASPISHAKE,https://data.raspberryshake.org/fdsnws/dataselect/1/query,35.0,continuation_noise_chunk_truncated,AM.R5C4C.noise.20250610T083409,3500,2000,7000,9000,shared_noise_sequence_across_target_snr_siblings
188,case-0188-event,event,0,AM,R5C4C,00,EH?,2026-05-30T21:33:05.721000Z,2026-05-30T21:33:40.721000Z,RASPISHAKE,https://data.raspberryshake.org/fdsnws/dataselect/1/query,35.0,evaluator_event_reference,AM.R5C4C.event.20260530T213305,3500,3500,0,3500,shared_event_window_across_target_snr_siblings
188,case-0188-noise-01,noise,1,AM,R5C4C,00,EH?,2025-06-01T15:15:16.787000Z,2025-06-01T15:18:20.437000Z,RASPISHAKE,https://data.raspberryshake.org/fdsnws/dataselect/1/query,35.0,primary_noise_chunk,AM.R5C4C.noise.20250601T151518,3500,3500,0,3500,shared_noise_sequence_across_target_snr_siblings
188,case-0188-noise-02,noise,2,AM,R5C4C,00,EH?,2025-06-09T12:34:53.477000Z,2025-06-09T12:37:58.377000Z,RASPISHAKE,https://data.raspberryshake.org/fdsnws/dataselect/1/query,35.0,continuation_noise_chunk,AM.R5C4C.noise.20250609T123456,3500,3500,3500,7000,shared_noise_sequence_across_target_snr_siblings
188,case-0188-noise-03,noise,3,AM,R5C4C,00,EH?,2025-06-10T08:34:07.967000Z,2025-06-10T08:37:10.867000Z,RASPISHAKE,https://data.raspberryshake.org/fdsnws/dataselect/1/query,35.0,continuation_noise_chunk_truncated,AM.R5C4C.noise.20250610T083409,3500,2000,7000,9000,shared_noise_sequence_across_target_snr_siblings
189,case-0189-event,event,0,AM,R5C4C,00,EH?,2026-05-30T21:33:05.721000Z,2026-05-30T21:33:40.721000Z,RASPISHAKE,https://data.raspberryshake.org/fdsnws/dataselect/1/query,35.0,evaluator_event_reference,AM.R5C4C.event.20260530T213305,3500,3500,0,3500,shared_event_window_across_target_snr_siblings
189,case-0189-noise-01,noise,1,AM,R5C4C,00,EH?,2025-06-01T15:15:16.787000Z,2025-06-01T15:18:20.437000Z,RASPISHAKE,https://data.raspberryshake.org/fdsnws/dataselect/1/query,35.0,primary_noise_chunk,AM.R5C4C.noise.20250601T151518,3500,3500,0,3500,shared_noise_sequence_across_target_snr_siblings
189,case-0189-noise-02,noise,2,AM,R5C4C,00,EH?,2025-06-09T12:34:53.477000Z,2025-06-09T12:37:58.377000Z,RASPISHAKE,https://data.raspberryshake.org/fdsnws/dataselect/1/query,35.0,continuation_noise_chunk,AM.R5C4C.noise.20250609T123456,3500,3500,3500,7000,shared_noise_sequence_across_target_snr_siblings
189,case-0189-noise-03,noise,3,AM,R5C4C,00,EH?,2025-06-10T08:34:07.967000Z,2025-06-10T08:37:10.867000Z,RASPISHAKE,https://data.raspberryshake.org/fdsnws/dataselect/1/query,35.0,continuation_noise_chunk_truncated,AM.R5C4C.noise.20250610T083409,3500,2000,7000,9000,shared_noise_sequence_across_target_snr_siblings
190,case-0190-event,event,0,AM,R5C4C,00,EH?,2026-05-31T21:44:52.521000Z,2026-05-31T21:45:27.521000Z,RASPISHAKE,https://data.raspberryshake.org/fdsnws/dataselect/1/query,35.0,evaluator_event_reference,AM.R5C4C.event.20260531T214452,3500,3500,0,3500,shared_event_window_across_target_snr_siblings
190,case-0190-noise-01,noise,1,AM,R5C4C,00,EH?,2025-06-04T20:32:03.427000Z,2025-06-04T20:35:07.457000Z,RASPISHAKE,https://data.raspberryshake.org/fdsnws/dataselect/1/query,35.0,primary_noise_chunk,AM.R5C4C.noise.20250604T203205,3500,3500,0,3500,shared_noise_sequence_across_target_snr_siblings
190,case-0190-noise-02,noise,2,AM,R5C4C,00,EH?,2025-06-06T02:58:33.267000Z,2025-06-06T03:01:37.617000Z,RASPISHAKE,https://data.raspberryshake.org/fdsnws/dataselect/1/query,35.0,continuation_noise_chunk,AM.R5C4C.noise.20250606T025835,3500,3500,3500,7000,shared_noise_sequence_across_target_snr_siblings
190,case-0190-noise-03,noise,3,AM,R5C4C,00,EH?,2025-06-08T09:18:51.517000Z,2025-06-08T09:21:55.837000Z,RASPISHAKE,https://data.raspberryshake.org/fdsnws/dataselect/1/query,35.0,continuation_noise_chunk_truncated,AM.R5C4C.noise.20250608T091852,3500,2000,7000,9000,shared_noise_sequence_across_target_snr_siblings
191,case-0191-event,event,0,AM,R5C4C,00,EH?,2026-05-31T21:44:52.521000Z,2026-05-31T21:45:27.521000Z,RASPISHAKE,https://data.raspberryshake.org/fdsnws/dataselect/1/query,35.0,evaluator_event_reference,AM.R5C4C.event.20260531T214452,3500,3500,0,3500,shared_event_window_across_target_snr_siblings
191,case-0191-noise-01,noise,1,AM,R5C4C,00,EH?,2025-06-04T20:32:03.427000Z,2025-06-04T20:35:07.457000Z,RASPISHAKE,https://data.raspberryshake.org/fdsnws/dataselect/1/query,35.0,primary_noise_chunk,AM.R5C4C.noise.20250604T203205,3500,3500,0,3500,shared_noise_sequence_across_target_snr_siblings
191,case-0191-noise-02,noise,2,AM,R5C4C,00,EH?,2025-06-06T02:58:33.267000Z,2025-06-06T03:01:37.617000Z,RASPISHAKE,https://data.raspberryshake.org/fdsnws/dataselect/1/query,35.0,continuation_noise_chunk,AM.R5C4C.noise.20250606T025835,3500,3500,3500,7000,shared_noise_sequence_across_target_snr_siblings
191,case-0191-noise-03,noise,3,AM,R5C4C,00,EH?,2025-06-08T09:18:51.517000Z,2025-06-08T09:21:55.837000Z,RASPISHAKE,https://data.raspberryshake.org/fdsnws/dataselect/1/query,35.0,continuation_noise_chunk_truncated,AM.R5C4C.noise.20250608T091852,3500,2000,7000,9000,shared_noise_sequence_across_target_snr_siblings
192,case-0192-event,event,0,AM,R5C4C,00,EH?,2026-05-31T21:44:52.521000Z,2026-05-31T21:45:27.521000Z,RASPISHAKE,https://data.raspberryshake.org/fdsnws/dataselect/1/query,35.0,evaluator_event_reference,AM.R5C4C.event.20260531T214452,3500,3500,0,3500,shared_event_window_across_target_snr_siblings
192,case-0192-noise-01,noise,1,AM,R5C4C,00,EH?,2025-06-04T20:32:03.427000Z,2025-06-04T20:35:07.457000Z,RASPISHAKE,https://data.raspberryshake.org/fdsnws/dataselect/1/query,35.0,primary_noise_chunk,AM.R5C4C.noise.20250604T203205,3500,3500,0,3500,shared_noise_sequence_across_target_snr_siblings
192,case-0192-noise-02,noise,2,AM,R5C4C,00,EH?,2025-06-06T02:58:33.267000Z,2025-06-06T03:01:37.617000Z,RASPISHAKE,https://data.raspberryshake.org/fdsnws/dataselect/1/query,35.0,continuation_noise_chunk,AM.R5C4C.noise.20250606T025835,3500,3500,3500,7000,shared_noise_sequence_across_target_snr_siblings
192,case-0192-noise-03,noise,3,AM,R5C4C,00,EH?,2025-06-08T09:18:51.517000Z,2025-06-08T09:21:55.837000Z,RASPISHAKE,https://data.raspberryshake.org/fdsnws/dataselect/1/query,35.0,continuation_noise_chunk_truncated,AM.R5C4C.noise.20250608T091852,3500,2000,7000,9000,shared_noise_sequence_across_target_snr_siblings
193,case-0193-event,event,0,AM,R663D,00,EH?,2025-09-24T22:28:21.140000Z,2025-09-24T22:28:56.140000Z,RASPISHAKE,https://data.raspberryshake.org/fdsnws/dataselect/1/query,35.0,evaluator_event_reference,AM.R663D.event.20250924T222821,3500,3500,0,3500,shared_event_window_across_target_snr_siblings
193,case-0193-noise-01,noise,1,AM,R663D,00,EH?,2025-08-08T03:19:36.810000Z,2025-08-08T03:22:40.690000Z,RASPISHAKE,https://data.raspberryshake.org/fdsnws/dataselect/1/query,35.0,primary_noise_chunk,AM.R663D.noise.20250808T031938,3500,3500,0,3500,shared_noise_sequence_across_target_snr_siblings
193,case-0193-noise-02,noise,2,AM,R663D,00,EH?,2025-08-05T19:08:24.540000Z,2025-08-05T19:11:28.440000Z,RASPISHAKE,https://data.raspberryshake.org/fdsnws/dataselect/1/query,35.0,continuation_noise_chunk,AM.R663D.noise.20250805T190826,3500,3500,3500,7000,shared_noise_sequence_across_target_snr_siblings
193,case-0193-noise-03,noise,3,AM,R663D,00,EH?,2025-07-31T19:10:52.850000Z,2025-07-31T19:13:57.310000Z,RASPISHAKE,https://data.raspberryshake.org/fdsnws/dataselect/1/query,35.0,continuation_noise_chunk_truncated,AM.R663D.noise.20250731T191055,3500,2000,7000,9000,shared_noise_sequence_across_target_snr_siblings
194,case-0194-event,event,0,AM,R663D,00,EH?,2025-09-24T22:28:21.140000Z,2025-09-24T22:28:56.140000Z,RASPISHAKE,https://data.raspberryshake.org/fdsnws/dataselect/1/query,35.0,evaluator_event_reference,AM.R663D.event.20250924T222821,3500,3500,0,3500,shared_event_window_across_target_snr_siblings
194,case-0194-noise-01,noise,1,AM,R663D,00,EH?,2025-08-08T03:19:36.810000Z,2025-08-08T03:22:40.690000Z,RASPISHAKE,https://data.raspberryshake.org/fdsnws/dataselect/1/query,35.0,primary_noise_chunk,AM.R663D.noise.20250808T031938,3500,3500,0,3500,shared_noise_sequence_across_target_snr_siblings
194,case-0194-noise-02,noise,2,AM,R663D,00,EH?,2025-08-05T19:08:24.540000Z,2025-08-05T19:11:28.440000Z,RASPISHAKE,https://data.raspberryshake.org/fdsnws/dataselect/1/query,35.0,continuation_noise_chunk,AM.R663D.noise.20250805T190826,3500,3500,3500,7000,shared_noise_sequence_across_target_snr_siblings
194,case-0194-noise-03,noise,3,AM,R663D,00,EH?,2025-07-31T19:10:52.850000Z,2025-07-31T19:13:57.310000Z,RASPISHAKE,https://data.raspberryshake.org/fdsnws/dataselect/1/query,35.0,continuation_noise_chunk_truncated,AM.R663D.noise.20250731T191055,3500,2000,7000,9000,shared_noise_sequence_across_target_snr_siblings
195,case-0195-event,event,0,AM,R663D,00,EH?,2025-09-24T22:28:21.140000Z,2025-09-24T22:28:56.140000Z,RASPISHAKE,https://data.raspberryshake.org/fdsnws/dataselect/1/query,35.0,evaluator_event_reference,AM.R663D.event.20250924T222821,3500,3500,0,3500,shared_event_window_across_target_snr_siblings
195,case-0195-noise-01,noise,1,AM,R663D,00,EH?,2025-08-08T03:19:36.810000Z,2025-08-08T03:22:40.690000Z,RASPISHAKE,https://data.raspberryshake.org/fdsnws/dataselect/1/query,35.0,primary_noise_chunk,AM.R663D.noise.20250808T031938,3500,3500,0,3500,shared_noise_sequence_across_target_snr_siblings
195,case-0195-noise-02,noise,2,AM,R663D,00,EH?,2025-08-05T19:08:24.540000Z,2025-08-05T19:11:28.440000Z,RASPISHAKE,https://data.raspberryshake.org/fdsnws/dataselect/1/query,35.0,continuation_noise_chunk,AM.R663D.noise.20250805T190826,3500,3500,3500,7000,shared_noise_sequence_across_target_snr_siblings
195,case-0195-noise-03,noise,3,AM,R663D,00,EH?,2025-07-31T19:10:52.850000Z,2025-07-31T19:13:57.310000Z,RASPISHAKE,https://data.raspberryshake.org/fdsnws/dataselect/1/query,35.0,continuation_noise_chunk_truncated,AM.R663D.noise.20250731T191055,3500,2000,7000,9000,shared_noise_sequence_across_target_snr_siblings
196,case-0196-event,event,0,AM,R663D,00,EH?,2025-11-27T17:19:25.693000Z,2025-11-27T17:20:00.693000Z,RASPISHAKE,https://data.raspberryshake.org/fdsnws/dataselect/1/query,35.0,evaluator_event_reference,AM.R663D.event.20251127T171925,3500,3500,0,3500,shared_event_window_across_target_snr_siblings
196,case-0196-noise-01,noise,1,AM,R663D,00,EH?,2025-08-01T15:41:23.290000Z,2025-08-01T15:44:26.140000Z,RASPISHAKE,https://data.raspberryshake.org/fdsnws/dataselect/1/query,35.0,primary_noise_chunk,AM.R663D.noise.20250801T154124,3500,3500,0,3500,shared_noise_sequence_across_target_snr_siblings
196,case-0196-noise-02,noise,2,AM,R663D,00,EH?,2025-08-04T16:57:58.810000Z,2025-08-04T17:01:01.120000Z,RASPISHAKE,https://data.raspberryshake.org/fdsnws/dataselect/1/query,35.0,continuation_noise_chunk,AM.R663D.noise.20250804T165759,3500,3500,3500,7000,shared_noise_sequence_across_target_snr_siblings
196,case-0196-noise-03,noise,3,AM,R663D,00,EH?,2025-08-04T02:04:43.050000Z,2025-08-04T02:07:46.830000Z,RASPISHAKE,https://data.raspberryshake.org/fdsnws/dataselect/1/query,35.0,continuation_noise_chunk_truncated,AM.R663D.noise.20250804T020445,3500,2000,7000,9000,shared_noise_sequence_across_target_snr_siblings
197,case-0197-event,event,0,AM,R663D,00,EH?,2025-11-27T17:19:25.693000Z,2025-11-27T17:20:00.693000Z,RASPISHAKE,https://data.raspberryshake.org/fdsnws/dataselect/1/query,35.0,evaluator_event_reference,AM.R663D.event.20251127T171925,3500,3500,0,3500,shared_event_window_across_target_snr_siblings
197,case-0197-noise-01,noise,1,AM,R663D,00,EH?,2025-08-01T15:41:23.290000Z,2025-08-01T15:44:26.140000Z,RASPISHAKE,https://data.raspberryshake.org/fdsnws/dataselect/1/query,35.0,primary_noise_chunk,AM.R663D.noise.20250801T154124,3500,3500,0,3500,shared_noise_sequence_across_target_snr_siblings
197,case-0197-noise-02,noise,2,AM,R663D,00,EH?,2025-08-04T16:57:58.810000Z,2025-08-04T17:01:01.120000Z,RASPISHAKE,https://data.raspberryshake.org/fdsnws/dataselect/1/query,35.0,continuation_noise_chunk,AM.R663D.noise.20250804T165759,3500,3500,3500,7000,shared_noise_sequence_across_target_snr_siblings
197,case-0197-noise-03,noise,3,AM,R663D,00,EH?,2025-08-04T02:04:43.050000Z,2025-08-04T02:07:46.830000Z,RASPISHAKE,https://data.raspberryshake.org/fdsnws/dataselect/1/query,35.0,continuation_noise_chunk_truncated,AM.R663D.noise.20250804T020445,3500,2000,7000,9000,shared_noise_sequence_across_target_snr_siblings
198,case-0198-event,event,0,AM,R663D,00,EH?,2025-11-27T17:19:25.693000Z,2025-11-27T17:20:00.693000Z,RASPISHAKE,https://data.raspberryshake.org/fdsnws/dataselect/1/query,35.0,evaluator_event_reference,AM.R663D.event.20251127T171925,3500,3500,0,3500,shared_event_window_across_target_snr_siblings
198,case-0198-noise-01,noise,1,AM,R663D,00,EH?,2025-08-01T15:41:23.290000Z,2025-08-01T15:44:26.140000Z,RASPISHAKE,https://data.raspberryshake.org/fdsnws/dataselect/1/query,35.0,primary_noise_chunk,AM.R663D.noise.20250801T154124,3500,3500,0,3500,shared_noise_sequence_across_target_snr_siblings
198,case-0198-noise-02,noise,2,AM,R663D,00,EH?,2025-08-04T16:57:58.810000Z,2025-08-04T17:01:01.120000Z,RASPISHAKE,https://data.raspberryshake.org/fdsnws/dataselect/1/query,35.0,continuation_noise_chunk,AM.R663D.noise.20250804T165759,3500,3500,3500,7000,shared_noise_sequence_across_target_snr_siblings
198,case-0198-noise-03,noise,3,AM,R663D,00,EH?,2025-08-04T02:04:43.050000Z,2025-08-04T02:07:46.830000Z,RASPISHAKE,https://data.raspberryshake.org/fdsnws/dataselect/1/query,35.0,continuation_noise_chunk_truncated,AM.R663D.noise.20250804T020445,3500,2000,7000,9000,shared_noise_sequence_across_target_snr_siblings
199,case-0199-event,event,0,AM,R663D,00,EH?,2025-12-08T14:27:47.843000Z,2025-12-08T14:28:22.843000Z,RASPISHAKE,https://data.raspberryshake.org/fdsnws/dataselect/1/query,35.0,evaluator_event_reference,AM.R663D.event.20251208T142747,3500,3500,0,3500,shared_event_window_across_target_snr_siblings
199,case-0199-noise-01,noise,1,AM,R663D,00,EH?,2025-07-31T11:31:32.220000Z,2025-07-31T11:34:36.250000Z,RASPISHAKE,https://data.raspberryshake.org/fdsnws/dataselect/1/query,35.0,primary_noise_chunk,AM.R663D.noise.20250731T113134,3500,3500,0,3500,shared_noise_sequence_across_target_snr_siblings
199,case-0199-noise-02,noise,2,AM,R663D,00,EH?,2025-08-01T14:26:16.040000Z,2025-08-01T14:29:19.640000Z,RASPISHAKE,https://data.raspberryshake.org/fdsnws/dataselect/1/query,35.0,continuation_noise_chunk,AM.R663D.noise.20250801T142617,3500,3500,3500,7000,shared_noise_sequence_across_target_snr_siblings
199,case-0199-noise-03,noise,3,AM,R663D,00,EH?,2025-08-02T09:08:39.810000Z,2025-08-02T09:11:42.180000Z,RASPISHAKE,https://data.raspberryshake.org/fdsnws/dataselect/1/query,35.0,continuation_noise_chunk_truncated,AM.R663D.noise.20250802T090840,3500,2000,7000,9000,shared_noise_sequence_across_target_snr_siblings
200,case-0200-event,event,0,AM,R663D,00,EH?,2025-12-08T14:27:47.843000Z,2025-12-08T14:28:22.843000Z,RASPISHAKE,https://data.raspberryshake.org/fdsnws/dataselect/1/query,35.0,evaluator_event_reference,AM.R663D.event.20251208T142747,3500,3500,0,3500,shared_event_window_across_target_snr_siblings
200,case-0200-noise-01,noise,1,AM,R663D,00,EH?,2025-07-31T11:31:32.220000Z,2025-07-31T11:34:36.250000Z,RASPISHAKE,https://data.raspberryshake.org/fdsnws/dataselect/1/query,35.0,primary_noise_chunk,AM.R663D.noise.20250731T113134,3500,3500,0,3500,shared_noise_sequence_across_target_snr_siblings
200,case-0200-noise-02,noise,2,AM,R663D,00,EH?,2025-08-01T14:26:16.040000Z,2025-08-01T14:29:19.640000Z,RASPISHAKE,https://data.raspberryshake.org/fdsnws/dataselect/1/query,35.0,continuation_noise_chunk,AM.R663D.noise.20250801T142617,3500,3500,3500,7000,shared_noise_sequence_across_target_snr_siblings
200,case-0200-noise-03,noise,3,AM,R663D,00,EH?,2025-08-02T09:08:39.810000Z,2025-08-02T09:11:42.180000Z,RASPISHAKE,https://data.raspberryshake.org/fdsnws/dataselect/1/query,35.0,continuation_noise_chunk_truncated,AM.R663D.noise.20250802T090840,3500,2000,7000,9000,shared_noise_sequence_across_target_snr_siblings
201,case-0201-event,event,0,AM,R663D,00,EH?,2025-12-08T14:27:47.843000Z,2025-12-08T14:28:22.843000Z,RASPISHAKE,https://data.raspberryshake.org/fdsnws/dataselect/1/query,35.0,evaluator_event_reference,AM.R663D.event.20251208T142747,3500,3500,0,3500,shared_event_window_across_target_snr_siblings
201,case-0201-noise-01,noise,1,AM,R663D,00,EH?,2025-07-31T11:31:32.220000Z,2025-07-31T11:34:36.250000Z,RASPISHAKE,https://data.raspberryshake.org/fdsnws/dataselect/1/query,35.0,primary_noise_chunk,AM.R663D.noise.20250731T113134,3500,3500,0,3500,shared_noise_sequence_across_target_snr_siblings
201,case-0201-noise-02,noise,2,AM,R663D,00,EH?,2025-08-01T14:26:16.040000Z,2025-08-01T14:29:19.640000Z,RASPISHAKE,https://data.raspberryshake.org/fdsnws/dataselect/1/query,35.0,continuation_noise_chunk,AM.R663D.noise.20250801T142617,3500,3500,3500,7000,shared_noise_sequence_across_target_snr_siblings
201,case-0201-noise-03,noise,3,AM,R663D,00,EH?,2025-08-02T09:08:39.810000Z,2025-08-02T09:11:42.180000Z,RASPISHAKE,https://data.raspberryshake.org/fdsnws/dataselect/1/query,35.0,continuation_noise_chunk_truncated,AM.R663D.noise.20250802T090840,3500,2000,7000,9000,shared_noise_sequence_across_target_snr_siblings
202,case-0202-event,event,0,AM,R663D,00,EH?,2026-01-01T06:54:17.503000Z,2026-01-01T06:54:52.503000Z,RASPISHAKE,https://data.raspberryshake.org/fdsnws/dataselect/1/query,35.0,evaluator_event_reference,AM.R663D.event.20260101T065417,3500,3500,0,3500,shared_event_window_across_target_snr_siblings
202,case-0202-noise-01,noise,1,AM,R663D,00,EH?,2025-08-01T19:29:00.880000Z,2025-08-01T19:32:04.270000Z,RASPISHAKE,https://data.raspberryshake.org/fdsnws/dataselect/1/query,35.0,primary_noise_chunk,AM.R663D.noise.20250801T192902,3500,3500,0,3500,shared_noise_sequence_across_target_snr_siblings
202,case-0202-noise-02,noise,2,AM,R663D,00,EH?,2025-08-08T23:30:50.930000Z,2025-08-08T23:33:54.930000Z,RASPISHAKE,https://data.raspberryshake.org/fdsnws/dataselect/1/query,35.0,continuation_noise_chunk,AM.R663D.noise.20250808T233053,3500,3500,3500,7000,shared_noise_sequence_across_target_snr_siblings
202,case-0202-noise-03,noise,3,AM,R663D,00,EH?,2025-08-07T00:00:23.930000Z,2025-08-07T00:03:28.130000Z,RASPISHAKE,https://data.raspberryshake.org/fdsnws/dataselect/1/query,35.0,continuation_noise_chunk_truncated,AM.R663D.noise.20250807T000025,3500,2000,7000,9000,shared_noise_sequence_across_target_snr_siblings
203,case-0203-event,event,0,AM,R663D,00,EH?,2026-01-01T06:54:17.503000Z,2026-01-01T06:54:52.503000Z,RASPISHAKE,https://data.raspberryshake.org/fdsnws/dataselect/1/query,35.0,evaluator_event_reference,AM.R663D.event.20260101T065417,3500,3500,0,3500,shared_event_window_across_target_snr_siblings
203,case-0203-noise-01,noise,1,AM,R663D,00,EH?,2025-08-01T19:29:00.880000Z,2025-08-01T19:32:04.270000Z,RASPISHAKE,https://data.raspberryshake.org/fdsnws/dataselect/1/query,35.0,primary_noise_chunk,AM.R663D.noise.20250801T192902,3500,3500,0,3500,shared_noise_sequence_across_target_snr_siblings
203,case-0203-noise-02,noise,2,AM,R663D,00,EH?,2025-08-08T23:30:50.930000Z,2025-08-08T23:33:54.930000Z,RASPISHAKE,https://data.raspberryshake.org/fdsnws/dataselect/1/query,35.0,continuation_noise_chunk,AM.R663D.noise.20250808T233053,3500,3500,3500,7000,shared_noise_sequence_across_target_snr_siblings
203,case-0203-noise-03,noise,3,AM,R663D,00,EH?,2025-08-07T00:00:23.930000Z,2025-08-07T00:03:28.130000Z,RASPISHAKE,https://data.raspberryshake.org/fdsnws/dataselect/1/query,35.0,continuation_noise_chunk_truncated,AM.R663D.noise.20250807T000025,3500,2000,7000,9000,shared_noise_sequence_across_target_snr_siblings
204,case-0204-event,event,0,AM,R663D,00,EH?,2026-01-01T06:54:17.503000Z,2026-01-01T06:54:52.503000Z,RASPISHAKE,https://data.raspberryshake.org/fdsnws/dataselect/1/query,35.0,evaluator_event_reference,AM.R663D.event.20260101T065417,3500,3500,0,3500,shared_event_window_across_target_snr_siblings
204,case-0204-noise-01,noise,1,AM,R663D,00,EH?,2025-08-01T19:29:00.880000Z,2025-08-01T19:32:04.270000Z,RASPISHAKE,https://data.raspberryshake.org/fdsnws/dataselect/1/query,35.0,primary_noise_chunk,AM.R663D.noise.20250801T192902,3500,3500,0,3500,shared_noise_sequence_across_target_snr_siblings
204,case-0204-noise-02,noise,2,AM,R663D,00,EH?,2025-08-08T23:30:50.930000Z,2025-08-08T23:33:54.930000Z,RASPISHAKE,https://data.raspberryshake.org/fdsnws/dataselect/1/query,35.0,continuation_noise_chunk,AM.R663D.noise.20250808T233053,3500,3500,3500,7000,shared_noise_sequence_across_target_snr_siblings
204,case-0204-noise-03,noise,3,AM,R663D,00,EH?,2025-08-07T00:00:23.930000Z,2025-08-07T00:03:28.130000Z,RASPISHAKE,https://data.raspberryshake.org/fdsnws/dataselect/1/query,35.0,continuation_noise_chunk_truncated,AM.R663D.noise.20250807T000025,3500,2000,7000,9000,shared_noise_sequence_across_target_snr_siblings
205,case-0205-event,event,0,AM,R663D,00,EH?,2026-01-13T07:46:18.183000Z,2026-01-13T07:46:53.183000Z,RASPISHAKE,https://data.raspberryshake.org/fdsnws/dataselect/1/query,35.0,evaluator_event_reference,AM.R663D.event.20260113T074618,3500,3500,0,3500,shared_event_window_across_target_snr_siblings
205,case-0205-noise-01,noise,1,AM,R663D,00,EH?,2025-08-08T23:30:50.930000Z,2025-08-08T23:33:54.930000Z,RASPISHAKE,https://data.raspberryshake.org/fdsnws/dataselect/1/query,35.0,primary_noise_chunk,AM.R663D.noise.20250808T233053,3500,3500,0,3500,shared_noise_sequence_across_target_snr_siblings
205,case-0205-noise-02,noise,2,AM,R663D,00,EH?,2025-08-01T19:29:00.880000Z,2025-08-01T19:32:04.270000Z,RASPISHAKE,https://data.raspberryshake.org/fdsnws/dataselect/1/query,35.0,continuation_noise_chunk,AM.R663D.noise.20250801T192902,3500,3500,3500,7000,shared_noise_sequence_across_target_snr_siblings
205,case-0205-noise-03,noise,3,AM,R663D,00,EH?,2025-08-08T16:51:18.280000Z,2025-08-08T16:54:22.210000Z,RASPISHAKE,https://data.raspberryshake.org/fdsnws/dataselect/1/query,35.0,continuation_noise_chunk_truncated,AM.R663D.noise.20250808T165120,3500,2000,7000,9000,shared_noise_sequence_across_target_snr_siblings
206,case-0206-event,event,0,AM,R663D,00,EH?,2026-01-13T07:46:18.183000Z,2026-01-13T07:46:53.183000Z,RASPISHAKE,https://data.raspberryshake.org/fdsnws/dataselect/1/query,35.0,evaluator_event_reference,AM.R663D.event.20260113T074618,3500,3500,0,3500,shared_event_window_across_target_snr_siblings
206,case-0206-noise-01,noise,1,AM,R663D,00,EH?,2025-08-08T23:30:50.930000Z,2025-08-08T23:33:54.930000Z,RASPISHAKE,https://data.raspberryshake.org/fdsnws/dataselect/1/query,35.0,primary_noise_chunk,AM.R663D.noise.20250808T233053,3500,3500,0,3500,shared_noise_sequence_across_target_snr_siblings
206,case-0206-noise-02,noise,2,AM,R663D,00,EH?,2025-08-01T19:29:00.880000Z,2025-08-01T19:32:04.270000Z,RASPISHAKE,https://data.raspberryshake.org/fdsnws/dataselect/1/query,35.0,continuation_noise_chunk,AM.R663D.noise.20250801T192902,3500,3500,3500,7000,shared_noise_sequence_across_target_snr_siblings
206,case-0206-noise-03,noise,3,AM,R663D,00,EH?,2025-08-08T16:51:18.280000Z,2025-08-08T16:54:22.210000Z,RASPISHAKE,https://data.raspberryshake.org/fdsnws/dataselect/1/query,35.0,continuation_noise_chunk_truncated,AM.R663D.noise.20250808T165120,3500,2000,7000,9000,shared_noise_sequence_across_target_snr_siblings
207,case-0207-event,event,0,AM,R663D,00,EH?,2026-01-13T07:46:18.183000Z,2026-01-13T07:46:53.183000Z,RASPISHAKE,https://data.raspberryshake.org/fdsnws/dataselect/1/query,35.0,evaluator_event_reference,AM.R663D.event.20260113T074618,3500,3500,0,3500,shared_event_window_across_target_snr_siblings
207,case-0207-noise-01,noise,1,AM,R663D,00,EH?,2025-08-08T23:30:50.930000Z,2025-08-08T23:33:54.930000Z,RASPISHAKE,https://data.raspberryshake.org/fdsnws/dataselect/1/query,35.0,primary_noise_chunk,AM.R663D.noise.20250808T233053,3500,3500,0,3500,shared_noise_sequence_across_target_snr_siblings
207,case-0207-noise-02,noise,2,AM,R663D,00,EH?,2025-08-01T19:29:00.880000Z,2025-08-01T19:32:04.270000Z,RASPISHAKE,https://data.raspberryshake.org/fdsnws/dataselect/1/query,35.0,continuation_noise_chunk,AM.R663D.noise.20250801T192902,3500,3500,3500,7000,shared_noise_sequence_across_target_snr_siblings
207,case-0207-noise-03,noise,3,AM,R663D,00,EH?,2025-08-08T16:51:18.280000Z,2025-08-08T16:54:22.210000Z,RASPISHAKE,https://data.raspberryshake.org/fdsnws/dataselect/1/query,35.0,continuation_noise_chunk_truncated,AM.R663D.noise.20250808T165120,3500,2000,7000,9000,shared_noise_sequence_across_target_snr_siblings
208,case-0208-event,event,0,AM,R663D,00,EH?,2026-01-22T12:53:49.773000Z,2026-01-22T12:54:24.773000Z,RASPISHAKE,https://data.raspberryshake.org/fdsnws/dataselect/1/query,35.0,evaluator_event_reference,AM.R663D.event.20260122T125349,3500,3500,0,3500,shared_event_window_across_target_snr_siblings
208,case-0208-noise-01,noise,1,AM,R663D,00,EH?,2025-08-07T20:24:08.510000Z,2025-08-07T20:27:10.930000Z,RASPISHAKE,https://data.raspberryshake.org/fdsnws/dataselect/1/query,35.0,primary_noise_chunk,AM.R663D.noise.20250807T202408,3500,3500,0,3500,shared_noise_sequence_across_target_snr_siblings
208,case-0208-noise-02,noise,2,AM,R663D,00,EH?,2025-08-09T10:09:24.660000Z,2025-08-09T10:12:28.130000Z,RASPISHAKE,https://data.raspberryshake.org/fdsnws/dataselect/1/query,35.0,continuation_noise_chunk,AM.R663D.noise.20250809T100926,3500,3500,3500,7000,shared_noise_sequence_across_target_snr_siblings
208,case-0208-noise-03,noise,3,AM,R663D,00,EH?,2025-08-07T09:44:45.920000Z,2025-08-07T09:47:49.200000Z,RASPISHAKE,https://data.raspberryshake.org/fdsnws/dataselect/1/query,35.0,continuation_noise_chunk_truncated,AM.R663D.noise.20250807T094447,3500,2000,7000,9000,shared_noise_sequence_across_target_snr_siblings
209,case-0209-event,event,0,AM,R663D,00,EH?,2026-01-22T12:53:49.773000Z,2026-01-22T12:54:24.773000Z,RASPISHAKE,https://data.raspberryshake.org/fdsnws/dataselect/1/query,35.0,evaluator_event_reference,AM.R663D.event.20260122T125349,3500,3500,0,3500,shared_event_window_across_target_snr_siblings
209,case-0209-noise-01,noise,1,AM,R663D,00,EH?,2025-08-07T20:24:08.510000Z,2025-08-07T20:27:10.930000Z,RASPISHAKE,https://data.raspberryshake.org/fdsnws/dataselect/1/query,35.0,primary_noise_chunk,AM.R663D.noise.20250807T202408,3500,3500,0,3500,shared_noise_sequence_across_target_snr_siblings
209,case-0209-noise-02,noise,2,AM,R663D,00,EH?,2025-08-09T10:09:24.660000Z,2025-08-09T10:12:28.130000Z,RASPISHAKE,https://data.raspberryshake.org/fdsnws/dataselect/1/query,35.0,continuation_noise_chunk,AM.R663D.noise.20250809T100926,3500,3500,3500,7000,shared_noise_sequence_across_target_snr_siblings
209,case-0209-noise-03,noise,3,AM,R663D,00,EH?,2025-08-07T09:44:45.920000Z,2025-08-07T09:47:49.200000Z,RASPISHAKE,https://data.raspberryshake.org/fdsnws/dataselect/1/query,35.0,continuation_noise_chunk_truncated,AM.R663D.noise.20250807T094447,3500,2000,7000,9000,shared_noise_sequence_across_target_snr_siblings
210,case-0210-event,event,0,AM,R663D,00,EH?,2026-01-22T12:53:49.773000Z,2026-01-22T12:54:24.773000Z,RASPISHAKE,https://data.raspberryshake.org/fdsnws/dataselect/1/query,35.0,evaluator_event_reference,AM.R663D.event.20260122T125349,3500,3500,0,3500,shared_event_window_across_target_snr_siblings
210,case-0210-noise-01,noise,1,AM,R663D,00,EH?,2025-08-07T20:24:08.510000Z,2025-08-07T20:27:10.930000Z,RASPISHAKE,https://data.raspberryshake.org/fdsnws/dataselect/1/query,35.0,primary_noise_chunk,AM.R663D.noise.20250807T202408,3500,3500,0,3500,shared_noise_sequence_across_target_snr_siblings
210,case-0210-noise-02,noise,2,AM,R663D,00,EH?,2025-08-09T10:09:24.660000Z,2025-08-09T10:12:28.130000Z,RASPISHAKE,https://data.raspberryshake.org/fdsnws/dataselect/1/query,35.0,continuation_noise_chunk,AM.R663D.noise.20250809T100926,3500,3500,3500,7000,shared_noise_sequence_across_target_snr_siblings
210,case-0210-noise-03,noise,3,AM,R663D,00,EH?,2025-08-07T09:44:45.920000Z,2025-08-07T09:47:49.200000Z,RASPISHAKE,https://data.raspberryshake.org/fdsnws/dataselect/1/query,35.0,continuation_noise_chunk_truncated,AM.R663D.noise.20250807T094447,3500,2000,7000,9000,shared_noise_sequence_across_target_snr_siblings
211,case-0211-event,event,0,AM,R663D,00,EH?,2026-02-12T13:45:45.327000Z,2026-02-12T13:46:20.327000Z,RASPISHAKE,https://data.raspberryshake.org/fdsnws/dataselect/1/query,35.0,evaluator_event_reference,AM.R663D.event.20260212T134545,3500,3500,0,3500,shared_event_window_across_target_snr_siblings
211,case-0211-noise-01,noise,1,AM,R663D,00,EH?,2025-08-02T01:33:45.410000Z,2025-08-02T01:36:49.890000Z,RASPISHAKE,https://data.raspberryshake.org/fdsnws/dataselect/1/query,35.0,primary_noise_chunk,AM.R663D.noise.20250802T013347,3500,3500,0,3500,shared_noise_sequence_across_target_snr_siblings
211,case-0211-noise-02,noise,2,AM,R663D,00,EH?,2025-08-02T09:08:39.810000Z,2025-08-02T09:11:42.180000Z,RASPISHAKE,https://data.raspberryshake.org/fdsnws/dataselect/1/query,35.0,continuation_noise_chunk,AM.R663D.noise.20250802T090840,3500,3500,3500,7000,shared_noise_sequence_across_target_snr_siblings
211,case-0211-noise-03,noise,3,AM,R663D,00,EH?,2025-08-05T19:04:44.280000Z,2025-08-05T19:07:48.350000Z,RASPISHAKE,https://data.raspberryshake.org/fdsnws/dataselect/1/query,35.0,continuation_noise_chunk_truncated,AM.R663D.noise.20250805T190446,3500,2000,7000,9000,shared_noise_sequence_across_target_snr_siblings
212,case-0212-event,event,0,AM,R663D,00,EH?,2026-02-12T13:45:45.327000Z,2026-02-12T13:46:20.327000Z,RASPISHAKE,https://data.raspberryshake.org/fdsnws/dataselect/1/query,35.0,evaluator_event_reference,AM.R663D.event.20260212T134545,3500,3500,0,3500,shared_event_window_across_target_snr_siblings
212,case-0212-noise-01,noise,1,AM,R663D,00,EH?,2025-08-02T01:33:45.410000Z,2025-08-02T01:36:49.890000Z,RASPISHAKE,https://data.raspberryshake.org/fdsnws/dataselect/1/query,35.0,primary_noise_chunk,AM.R663D.noise.20250802T013347,3500,3500,0,3500,shared_noise_sequence_across_target_snr_siblings
212,case-0212-noise-02,noise,2,AM,R663D,00,EH?,2025-08-02T09:08:39.810000Z,2025-08-02T09:11:42.180000Z,RASPISHAKE,https://data.raspberryshake.org/fdsnws/dataselect/1/query,35.0,continuation_noise_chunk,AM.R663D.noise.20250802T090840,3500,3500,3500,7000,shared_noise_sequence_across_target_snr_siblings
212,case-0212-noise-03,noise,3,AM,R663D,00,EH?,2025-08-05T19:04:44.280000Z,2025-08-05T19:07:48.350000Z,RASPISHAKE,https://data.raspberryshake.org/fdsnws/dataselect/1/query,35.0,continuation_noise_chunk_truncated,AM.R663D.noise.20250805T190446,3500,2000,7000,9000,shared_noise_sequence_across_target_snr_siblings
213,case-0213-event,event,0,AM,R663D,00,EH?,2026-02-12T13:45:45.327000Z,2026-02-12T13:46:20.327000Z,RASPISHAKE,https://data.raspberryshake.org/fdsnws/dataselect/1/query,35.0,evaluator_event_reference,AM.R663D.event.20260212T134545,3500,3500,0,3500,shared_event_window_across_target_snr_siblings
213,case-0213-noise-01,noise,1,AM,R663D,00,EH?,2025-08-02T01:33:45.410000Z,2025-08-02T01:36:49.890000Z,RASPISHAKE,https://data.raspberryshake.org/fdsnws/dataselect/1/query,35.0,primary_noise_chunk,AM.R663D.noise.20250802T013347,3500,3500,0,3500,shared_noise_sequence_across_target_snr_siblings
213,case-0213-noise-02,noise,2,AM,R663D,00,EH?,2025-08-02T09:08:39.810000Z,2025-08-02T09:11:42.180000Z,RASPISHAKE,https://data.raspberryshake.org/fdsnws/dataselect/1/query,35.0,continuation_noise_chunk,AM.R663D.noise.20250802T090840,3500,3500,3500,7000,shared_noise_sequence_across_target_snr_siblings
213,case-0213-noise-03,noise,3,AM,R663D,00,EH?,2025-08-05T19:04:44.280000Z,2025-08-05T19:07:48.350000Z,RASPISHAKE,https://data.raspberryshake.org/fdsnws/dataselect/1/query,35.0,continuation_noise_chunk_truncated,AM.R663D.noise.20250805T190446,3500,2000,7000,9000,shared_noise_sequence_across_target_snr_siblings
214,case-0214-event,event,0,AM,R663D,00,EH?,2026-05-25T22:02:38.438000Z,2026-05-25T22:03:13.438000Z,RASPISHAKE,https://data.raspberryshake.org/fdsnws/dataselect/1/query,35.0,evaluator_event_reference,AM.R663D.event.20260525T220238,3500,3500,0,3500,shared_event_window_across_target_snr_siblings
214,case-0214-noise-01,noise,1,AM,R663D,00,EH?,2025-07-31T04:22:51.590000Z,2025-07-31T04:25:55.510000Z,RASPISHAKE,https://data.raspberryshake.org/fdsnws/dataselect/1/query,35.0,primary_noise_chunk,AM.R663D.noise.20250731T042253,3500,3500,0,3500,shared_noise_sequence_across_target_snr_siblings
214,case-0214-noise-02,noise,2,AM,R663D,00,EH?,2025-08-05T07:43:05.340000Z,2025-08-05T07:46:08.880000Z,RASPISHAKE,https://data.raspberryshake.org/fdsnws/dataselect/1/query,35.0,continuation_noise_chunk,AM.R663D.noise.20250805T074307,3500,3500,3500,7000,shared_noise_sequence_across_target_snr_siblings
214,case-0214-noise-03,noise,3,AM,R663D,00,EH?,2025-07-31T23:03:49.890000Z,2025-07-31T23:06:53.730000Z,RASPISHAKE,https://data.raspberryshake.org/fdsnws/dataselect/1/query,35.0,continuation_noise_chunk_truncated,AM.R663D.noise.20250731T230351,3500,2000,7000,9000,shared_noise_sequence_across_target_snr_siblings
215,case-0215-event,event,0,AM,R663D,00,EH?,2026-05-25T22:02:38.438000Z,2026-05-25T22:03:13.438000Z,RASPISHAKE,https://data.raspberryshake.org/fdsnws/dataselect/1/query,35.0,evaluator_event_reference,AM.R663D.event.20260525T220238,3500,3500,0,3500,shared_event_window_across_target_snr_siblings
215,case-0215-noise-01,noise,1,AM,R663D,00,EH?,2025-07-31T04:22:51.590000Z,2025-07-31T04:25:55.510000Z,RASPISHAKE,https://data.raspberryshake.org/fdsnws/dataselect/1/query,35.0,primary_noise_chunk,AM.R663D.noise.20250731T042253,3500,3500,0,3500,shared_noise_sequence_across_target_snr_siblings
215,case-0215-noise-02,noise,2,AM,R663D,00,EH?,2025-08-05T07:43:05.340000Z,2025-08-05T07:46:08.880000Z,RASPISHAKE,https://data.raspberryshake.org/fdsnws/dataselect/1/query,35.0,continuation_noise_chunk,AM.R663D.noise.20250805T074307,3500,3500,3500,7000,shared_noise_sequence_across_target_snr_siblings
215,case-0215-noise-03,noise,3,AM,R663D,00,EH?,2025-07-31T23:03:49.890000Z,2025-07-31T23:06:53.730000Z,RASPISHAKE,https://data.raspberryshake.org/fdsnws/dataselect/1/query,35.0,continuation_noise_chunk_truncated,AM.R663D.noise.20250731T230351,3500,2000,7000,9000,shared_noise_sequence_across_target_snr_siblings
216,case-0216-event,event,0,AM,R663D,00,EH?,2026-05-25T22:02:38.438000Z,2026-05-25T22:03:13.438000Z,RASPISHAKE,https://data.raspberryshake.org/fdsnws/dataselect/1/query,35.0,evaluator_event_reference,AM.R663D.event.20260525T220238,3500,3500,0,3500,shared_event_window_across_target_snr_siblings
216,case-0216-noise-01,noise,1,AM,R663D,00,EH?,2025-07-31T04:22:51.590000Z,2025-07-31T04:25:55.510000Z,RASPISHAKE,https://data.raspberryshake.org/fdsnws/dataselect/1/query,35.0,primary_noise_chunk,AM.R663D.noise.20250731T042253,3500,3500,0,3500,shared_noise_sequence_across_target_snr_siblings
216,case-0216-noise-02,noise,2,AM,R663D,00,EH?,2025-08-05T07:43:05.340000Z,2025-08-05T07:46:08.880000Z,RASPISHAKE,https://data.raspberryshake.org/fdsnws/dataselect/1/query,35.0,continuation_noise_chunk,AM.R663D.noise.20250805T074307,3500,3500,3500,7000,shared_noise_sequence_across_target_snr_siblings
216,case-0216-noise-03,noise,3,AM,R663D,00,EH?,2025-07-31T23:03:49.890000Z,2025-07-31T23:06:53.730000Z,RASPISHAKE,https://data.raspberryshake.org/fdsnws/dataselect/1/query,35.0,continuation_noise_chunk_truncated,AM.R663D.noise.20250731T230351,3500,2000,7000,9000,shared_noise_sequence_across_target_snr_siblings
217,case-0217-event,event,0,AM,R686A,00,EH?,2026-05-03T12:12:44.440000Z,2026-05-03T12:13:19.440000Z,RASPISHAKE,https://data.raspberryshake.org/fdsnws/dataselect/1/query,35.0,evaluator_event_reference,AM.R686A.event.20260503T121244,3500,3500,0,3500,shared_event_window_across_target_snr_siblings
217,case-0217-noise-01,noise,1,AM,R686A,00,EH?,2025-06-10T11:38:05.045000Z,2025-06-10T11:41:09.965000Z,RASPISHAKE,https://data.raspberryshake.org/fdsnws/dataselect/1/query,35.0,primary_noise_chunk,AM.R686A.noise.20250610T113808,3500,3500,0,3500,shared_noise_sequence_across_target_snr_siblings
217,case-0217-noise-02,noise,2,AM,R686A,00,EH?,2025-06-09T12:34:50.935000Z,2025-06-09T12:37:59.795000Z,RASPISHAKE,https://data.raspberryshake.org/fdsnws/dataselect/1/query,35.0,continuation_noise_chunk,AM.R686A.noise.20250609T123456,3500,3500,3500,7000,shared_noise_sequence_across_target_snr_siblings
217,case-0217-noise-03,noise,3,AM,R686A,00,EH?,2025-06-03T19:32:19.745000Z,2025-06-03T19:35:26.025000Z,RASPISHAKE,https://data.raspberryshake.org/fdsnws/dataselect/1/query,35.0,continuation_noise_chunk_truncated,AM.R686A.noise.20250603T193222,3500,2000,7000,9000,shared_noise_sequence_across_target_snr_siblings
218,case-0218-event,event,0,AM,R686A,00,EH?,2026-05-03T12:12:44.440000Z,2026-05-03T12:13:19.440000Z,RASPISHAKE,https://data.raspberryshake.org/fdsnws/dataselect/1/query,35.0,evaluator_event_reference,AM.R686A.event.20260503T121244,3500,3500,0,3500,shared_event_window_across_target_snr_siblings
218,case-0218-noise-01,noise,1,AM,R686A,00,EH?,2025-06-10T11:38:05.045000Z,2025-06-10T11:41:09.965000Z,RASPISHAKE,https://data.raspberryshake.org/fdsnws/dataselect/1/query,35.0,primary_noise_chunk,AM.R686A.noise.20250610T113808,3500,3500,0,3500,shared_noise_sequence_across_target_snr_siblings
218,case-0218-noise-02,noise,2,AM,R686A,00,EH?,2025-06-09T12:34:50.935000Z,2025-06-09T12:37:59.795000Z,RASPISHAKE,https://data.raspberryshake.org/fdsnws/dataselect/1/query,35.0,continuation_noise_chunk,AM.R686A.noise.20250609T123456,3500,3500,3500,7000,shared_noise_sequence_across_target_snr_siblings
218,case-0218-noise-03,noise,3,AM,R686A,00,EH?,2025-06-03T19:32:19.745000Z,2025-06-03T19:35:26.025000Z,RASPISHAKE,https://data.raspberryshake.org/fdsnws/dataselect/1/query,35.0,continuation_noise_chunk_truncated,AM.R686A.noise.20250603T193222,3500,2000,7000,9000,shared_noise_sequence_across_target_snr_siblings
219,case-0219-event,event,0,AM,R686A,00,EH?,2026-05-03T12:12:44.440000Z,2026-05-03T12:13:19.440000Z,RASPISHAKE,https://data.raspberryshake.org/fdsnws/dataselect/1/query,35.0,evaluator_event_reference,AM.R686A.event.20260503T121244,3500,3500,0,3500,shared_event_window_across_target_snr_siblings
219,case-0219-noise-01,noise,1,AM,R686A,00,EH?,2025-06-10T11:38:05.045000Z,2025-06-10T11:41:09.965000Z,RASPISHAKE,https://data.raspberryshake.org/fdsnws/dataselect/1/query,35.0,primary_noise_chunk,AM.R686A.noise.20250610T113808,3500,3500,0,3500,shared_noise_sequence_across_target_snr_siblings
219,case-0219-noise-02,noise,2,AM,R686A,00,EH?,2025-06-09T12:34:50.935000Z,2025-06-09T12:37:59.795000Z,RASPISHAKE,https://data.raspberryshake.org/fdsnws/dataselect/1/query,35.0,continuation_noise_chunk,AM.R686A.noise.20250609T123456,3500,3500,3500,7000,shared_noise_sequence_across_target_snr_siblings
219,case-0219-noise-03,noise,3,AM,R686A,00,EH?,2025-06-03T19:32:19.745000Z,2025-06-03T19:35:26.025000Z,RASPISHAKE,https://data.raspberryshake.org/fdsnws/dataselect/1/query,35.0,continuation_noise_chunk_truncated,AM.R686A.noise.20250603T193222,3500,2000,7000,9000,shared_noise_sequence_across_target_snr_siblings
220,case-0220-event,event,0,AM,R686A,00,EH?,2026-05-04T03:13:22.140000Z,2026-05-04T03:13:57.140000Z,RASPISHAKE,https://data.raspberryshake.org/fdsnws/dataselect/1/query,35.0,evaluator_event_reference,AM.R686A.event.20260504T031322,3500,3500,0,3500,shared_event_window_across_target_snr_siblings
220,case-0220-noise-01,noise,1,AM,R686A,00,EH?,2025-06-04T04:12:22.485000Z,2025-06-04T04:15:28.305000Z,RASPISHAKE,https://data.raspberryshake.org/fdsnws/dataselect/1/query,35.0,primary_noise_chunk,AM.R686A.noise.20250604T041225,3500,3500,0,3500,shared_noise_sequence_across_target_snr_siblings
220,case-0220-noise-02,noise,2,AM,R686A,00,EH?,2025-06-07T14:44:15.125000Z,2025-06-07T14:47:22.145000Z,RASPISHAKE,https://data.raspberryshake.org/fdsnws/dataselect/1/query,35.0,continuation_noise_chunk,AM.R686A.noise.20250607T144418,3500,3500,3500,7000,shared_noise_sequence_across_target_snr_siblings
220,case-0220-noise-03,noise,3,AM,R686A,00,EH?,2025-06-09T03:14:05.145000Z,2025-06-09T03:17:10.695000Z,RASPISHAKE,https://data.raspberryshake.org/fdsnws/dataselect/1/query,35.0,continuation_noise_chunk_truncated,AM.R686A.noise.20250609T031408,3500,2000,7000,9000,shared_noise_sequence_across_target_snr_siblings
221,case-0221-event,event,0,AM,R686A,00,EH?,2026-05-04T03:13:22.140000Z,2026-05-04T03:13:57.140000Z,RASPISHAKE,https://data.raspberryshake.org/fdsnws/dataselect/1/query,35.0,evaluator_event_reference,AM.R686A.event.20260504T031322,3500,3500,0,3500,shared_event_window_across_target_snr_siblings
221,case-0221-noise-01,noise,1,AM,R686A,00,EH?,2025-06-04T04:12:22.485000Z,2025-06-04T04:15:28.305000Z,RASPISHAKE,https://data.raspberryshake.org/fdsnws/dataselect/1/query,35.0,primary_noise_chunk,AM.R686A.noise.20250604T041225,3500,3500,0,3500,shared_noise_sequence_across_target_snr_siblings
221,case-0221-noise-02,noise,2,AM,R686A,00,EH?,2025-06-07T14:44:15.125000Z,2025-06-07T14:47:22.145000Z,RASPISHAKE,https://data.raspberryshake.org/fdsnws/dataselect/1/query,35.0,continuation_noise_chunk,AM.R686A.noise.20250607T144418,3500,3500,3500,7000,shared_noise_sequence_across_target_snr_siblings
221,case-0221-noise-03,noise,3,AM,R686A,00,EH?,2025-06-09T03:14:05.145000Z,2025-06-09T03:17:10.695000Z,RASPISHAKE,https://data.raspberryshake.org/fdsnws/dataselect/1/query,35.0,continuation_noise_chunk_truncated,AM.R686A.noise.20250609T031408,3500,2000,7000,9000,shared_noise_sequence_across_target_snr_siblings
222,case-0222-event,event,0,AM,R686A,00,EH?,2026-05-04T03:13:22.140000Z,2026-05-04T03:13:57.140000Z,RASPISHAKE,https://data.raspberryshake.org/fdsnws/dataselect/1/query,35.0,evaluator_event_reference,AM.R686A.event.20260504T031322,3500,3500,0,3500,shared_event_window_across_target_snr_siblings
222,case-0222-noise-01,noise,1,AM,R686A,00,EH?,2025-06-04T04:12:22.485000Z,2025-06-04T04:15:28.305000Z,RASPISHAKE,https://data.raspberryshake.org/fdsnws/dataselect/1/query,35.0,primary_noise_chunk,AM.R686A.noise.20250604T041225,3500,3500,0,3500,shared_noise_sequence_across_target_snr_siblings
222,case-0222-noise-02,noise,2,AM,R686A,00,EH?,2025-06-07T14:44:15.125000Z,2025-06-07T14:47:22.145000Z,RASPISHAKE,https://data.raspberryshake.org/fdsnws/dataselect/1/query,35.0,continuation_noise_chunk,AM.R686A.noise.20250607T144418,3500,3500,3500,7000,shared_noise_sequence_across_target_snr_siblings
222,case-0222-noise-03,noise,3,AM,R686A,00,EH?,2025-06-09T03:14:05.145000Z,2025-06-09T03:17:10.695000Z,RASPISHAKE,https://data.raspberryshake.org/fdsnws/dataselect/1/query,35.0,continuation_noise_chunk_truncated,AM.R686A.noise.20250609T031408,3500,2000,7000,9000,shared_noise_sequence_across_target_snr_siblings
223,case-0223-event,event,0,AM,R686A,00,EH?,2026-05-05T02:40:44.180000Z,2026-05-05T02:41:19.180000Z,RASPISHAKE,https://data.raspberryshake.org/fdsnws/dataselect/1/query,35.0,evaluator_event_reference,AM.R686A.event.20260505T024044,3500,3500,0,3500,shared_event_window_across_target_snr_siblings
223,case-0223-noise-01,noise,1,AM,R686A,00,EH?,2025-06-01T06:27:38.835000Z,2025-06-01T06:30:44.495000Z,RASPISHAKE,https://data.raspberryshake.org/fdsnws/dataselect/1/query,35.0,primary_noise_chunk,AM.R686A.noise.20250601T062741,3500,3500,0,3500,shared_noise_sequence_across_target_snr_siblings
223,case-0223-noise-02,noise,2,AM,R686A,00,EH?,2025-06-06T16:03:38.575000Z,2025-06-06T16:06:43.355000Z,RASPISHAKE,https://data.raspberryshake.org/fdsnws/dataselect/1/query,35.0,continuation_noise_chunk,AM.R686A.noise.20250606T160341,3500,3500,3500,7000,shared_noise_sequence_across_target_snr_siblings
223,case-0223-noise-03,noise,3,AM,R686A,00,EH?,2025-06-04T04:12:22.485000Z,2025-06-04T04:15:28.305000Z,RASPISHAKE,https://data.raspberryshake.org/fdsnws/dataselect/1/query,35.0,continuation_noise_chunk_truncated,AM.R686A.noise.20250604T041225,3500,2000,7000,9000,shared_noise_sequence_across_target_snr_siblings
224,case-0224-event,event,0,AM,R686A,00,EH?,2026-05-05T02:40:44.180000Z,2026-05-05T02:41:19.180000Z,RASPISHAKE,https://data.raspberryshake.org/fdsnws/dataselect/1/query,35.0,evaluator_event_reference,AM.R686A.event.20260505T024044,3500,3500,0,3500,shared_event_window_across_target_snr_siblings
224,case-0224-noise-01,noise,1,AM,R686A,00,EH?,2025-06-01T06:27:38.835000Z,2025-06-01T06:30:44.495000Z,RASPISHAKE,https://data.raspberryshake.org/fdsnws/dataselect/1/query,35.0,primary_noise_chunk,AM.R686A.noise.20250601T062741,3500,3500,0,3500,shared_noise_sequence_across_target_snr_siblings
224,case-0224-noise-02,noise,2,AM,R686A,00,EH?,2025-06-06T16:03:38.575000Z,2025-06-06T16:06:43.355000Z,RASPISHAKE,https://data.raspberryshake.org/fdsnws/dataselect/1/query,35.0,continuation_noise_chunk,AM.R686A.noise.20250606T160341,3500,3500,3500,7000,shared_noise_sequence_across_target_snr_siblings
224,case-0224-noise-03,noise,3,AM,R686A,00,EH?,2025-06-04T04:12:22.485000Z,2025-06-04T04:15:28.305000Z,RASPISHAKE,https://data.raspberryshake.org/fdsnws/dataselect/1/query,35.0,continuation_noise_chunk_truncated,AM.R686A.noise.20250604T041225,3500,2000,7000,9000,shared_noise_sequence_across_target_snr_siblings
225,case-0225-event,event,0,AM,R686A,00,EH?,2026-05-05T02:40:44.180000Z,2026-05-05T02:41:19.180000Z,RASPISHAKE,https://data.raspberryshake.org/fdsnws/dataselect/1/query,35.0,evaluator_event_reference,AM.R686A.event.20260505T024044,3500,3500,0,3500,shared_event_window_across_target_snr_siblings
225,case-0225-noise-01,noise,1,AM,R686A,00,EH?,2025-06-01T06:27:38.835000Z,2025-06-01T06:30:44.495000Z,RASPISHAKE,https://data.raspberryshake.org/fdsnws/dataselect/1/query,35.0,primary_noise_chunk,AM.R686A.noise.20250601T062741,3500,3500,0,3500,shared_noise_sequence_across_target_snr_siblings
225,case-0225-noise-02,noise,2,AM,R686A,00,EH?,2025-06-06T16:03:38.575000Z,2025-06-06T16:06:43.355000Z,RASPISHAKE,https://data.raspberryshake.org/fdsnws/dataselect/1/query,35.0,continuation_noise_chunk,AM.R686A.noise.20250606T160341,3500,3500,3500,7000,shared_noise_sequence_across_target_snr_siblings
225,case-0225-noise-03,noise,3,AM,R686A,00,EH?,2025-06-04T04:12:22.485000Z,2025-06-04T04:15:28.305000Z,RASPISHAKE,https://data.raspberryshake.org/fdsnws/dataselect/1/query,35.0,continuation_noise_chunk_truncated,AM.R686A.noise.20250604T041225,3500,2000,7000,9000,shared_noise_sequence_across_target_snr_siblings
226,case-0226-event,event,0,AM,R686A,00,EH?,2026-05-07T17:45:38.469000Z,2026-05-07T17:46:13.469000Z,RASPISHAKE,https://data.raspberryshake.org/fdsnws/dataselect/1/query,35.0,evaluator_event_reference,AM.R686A.event.20260507T174538,3500,3500,0,3500,shared_event_window_across_target_snr_siblings
226,case-0226-noise-01,noise,1,AM,R686A,00,EH?,2025-06-02T17:28:14.805000Z,2025-06-02T17:31:17.685000Z,RASPISHAKE,https://data.raspberryshake.org/fdsnws/dataselect/1/query,35.0,primary_noise_chunk,AM.R686A.noise.20250602T172817,3500,3500,0,3500,shared_noise_sequence_across_target_snr_siblings
226,case-0226-noise-02,noise,2,AM,R686A,00,EH?,2025-06-08T09:18:50.175000Z,2025-06-08T09:21:56.845000Z,RASPISHAKE,https://data.raspberryshake.org/fdsnws/dataselect/1/query,35.0,continuation_noise_chunk,AM.R686A.noise.20250608T091852,3500,3500,3500,7000,shared_noise_sequence_across_target_snr_siblings
226,case-0226-noise-03,noise,3,AM,R686A,00,EH?,2025-06-10T08:34:04.215000Z,2025-06-10T08:37:13.905000Z,RASPISHAKE,https://data.raspberryshake.org/fdsnws/dataselect/1/query,35.0,continuation_noise_chunk_truncated,AM.R686A.noise.20250610T083409,3500,2000,7000,9000,shared_noise_sequence_across_target_snr_siblings
227,case-0227-event,event,0,AM,R686A,00,EH?,2026-05-07T17:45:38.469000Z,2026-05-07T17:46:13.469000Z,RASPISHAKE,https://data.raspberryshake.org/fdsnws/dataselect/1/query,35.0,evaluator_event_reference,AM.R686A.event.20260507T174538,3500,3500,0,3500,shared_event_window_across_target_snr_siblings
227,case-0227-noise-01,noise,1,AM,R686A,00,EH?,2025-06-02T17:28:14.805000Z,2025-06-02T17:31:17.685000Z,RASPISHAKE,https://data.raspberryshake.org/fdsnws/dataselect/1/query,35.0,primary_noise_chunk,AM.R686A.noise.20250602T172817,3500,3500,0,3500,shared_noise_sequence_across_target_snr_siblings
227,case-0227-noise-02,noise,2,AM,R686A,00,EH?,2025-06-08T09:18:50.175000Z,2025-06-08T09:21:56.845000Z,RASPISHAKE,https://data.raspberryshake.org/fdsnws/dataselect/1/query,35.0,continuation_noise_chunk,AM.R686A.noise.20250608T091852,3500,3500,3500,7000,shared_noise_sequence_across_target_snr_siblings
227,case-0227-noise-03,noise,3,AM,R686A,00,EH?,2025-06-10T08:34:04.215000Z,2025-06-10T08:37:13.905000Z,RASPISHAKE,https://data.raspberryshake.org/fdsnws/dataselect/1/query,35.0,continuation_noise_chunk_truncated,AM.R686A.noise.20250610T083409,3500,2000,7000,9000,shared_noise_sequence_across_target_snr_siblings
228,case-0228-event,event,0,AM,R686A,00,EH?,2026-05-07T17:45:38.469000Z,2026-05-07T17:46:13.469000Z,RASPISHAKE,https://data.raspberryshake.org/fdsnws/dataselect/1/query,35.0,evaluator_event_reference,AM.R686A.event.20260507T174538,3500,3500,0,3500,shared_event_window_across_target_snr_siblings
228,case-0228-noise-01,noise,1,AM,R686A,00,EH?,2025-06-02T17:28:14.805000Z,2025-06-02T17:31:17.685000Z,RASPISHAKE,https://data.raspberryshake.org/fdsnws/dataselect/1/query,35.0,primary_noise_chunk,AM.R686A.noise.20250602T172817,3500,3500,0,3500,shared_noise_sequence_across_target_snr_siblings
228,case-0228-noise-02,noise,2,AM,R686A,00,EH?,2025-06-08T09:18:50.175000Z,2025-06-08T09:21:56.845000Z,RASPISHAKE,https://data.raspberryshake.org/fdsnws/dataselect/1/query,35.0,continuation_noise_chunk,AM.R686A.noise.20250608T091852,3500,3500,3500,7000,shared_noise_sequence_across_target_snr_siblings
228,case-0228-noise-03,noise,3,AM,R686A,00,EH?,2025-06-10T08:34:04.215000Z,2025-06-10T08:37:13.905000Z,RASPISHAKE,https://data.raspberryshake.org/fdsnws/dataselect/1/query,35.0,continuation_noise_chunk_truncated,AM.R686A.noise.20250610T083409,3500,2000,7000,9000,shared_noise_sequence_across_target_snr_siblings
229,case-0229-event,event,0,AM,R686A,00,EH?,2026-05-10T03:15:00.329000Z,2026-05-10T03:15:35.329000Z,RASPISHAKE,https://data.raspberryshake.org/fdsnws/dataselect/1/query,35.0,evaluator_event_reference,AM.R686A.event.20260510T031500,3500,3500,0,3500,shared_event_window_across_target_snr_siblings
229,case-0229-noise-01,noise,1,AM,R686A,00,EH?,2025-06-07T23:29:25.815000Z,2025-06-07T23:32:30.095000Z,RASPISHAKE,https://data.raspberryshake.org/fdsnws/dataselect/1/query,35.0,primary_noise_chunk,AM.R686A.noise.20250607T232927,3500,3500,0,3500,shared_noise_sequence_across_target_snr_siblings
229,case-0229-noise-02,noise,2,AM,R686A,00,EH?,2025-06-01T00:58:48.545000Z,2025-06-01T01:01:55.055000Z,RASPISHAKE,https://data.raspberryshake.org/fdsnws/dataselect/1/query,35.0,continuation_noise_chunk,AM.R686A.noise.20250601T005852,3500,3500,3500,7000,shared_noise_sequence_across_target_snr_siblings
229,case-0229-noise-03,noise,3,AM,R686A,00,EH?,2025-06-08T09:18:50.175000Z,2025-06-08T09:21:56.845000Z,RASPISHAKE,https://data.raspberryshake.org/fdsnws/dataselect/1/query,35.0,continuation_noise_chunk_truncated,AM.R686A.noise.20250608T091852,3500,2000,7000,9000,shared_noise_sequence_across_target_snr_siblings
230,case-0230-event,event,0,AM,R686A,00,EH?,2026-05-10T03:15:00.329000Z,2026-05-10T03:15:35.329000Z,RASPISHAKE,https://data.raspberryshake.org/fdsnws/dataselect/1/query,35.0,evaluator_event_reference,AM.R686A.event.20260510T031500,3500,3500,0,3500,shared_event_window_across_target_snr_siblings
230,case-0230-noise-01,noise,1,AM,R686A,00,EH?,2025-06-07T23:29:25.815000Z,2025-06-07T23:32:30.095000Z,RASPISHAKE,https://data.raspberryshake.org/fdsnws/dataselect/1/query,35.0,primary_noise_chunk,AM.R686A.noise.20250607T232927,3500,3500,0,3500,shared_noise_sequence_across_target_snr_siblings
230,case-0230-noise-02,noise,2,AM,R686A,00,EH?,2025-06-01T00:58:48.545000Z,2025-06-01T01:01:55.055000Z,RASPISHAKE,https://data.raspberryshake.org/fdsnws/dataselect/1/query,35.0,continuation_noise_chunk,AM.R686A.noise.20250601T005852,3500,3500,3500,7000,shared_noise_sequence_across_target_snr_siblings
230,case-0230-noise-03,noise,3,AM,R686A,00,EH?,2025-06-08T09:18:50.175000Z,2025-06-08T09:21:56.845000Z,RASPISHAKE,https://data.raspberryshake.org/fdsnws/dataselect/1/query,35.0,continuation_noise_chunk_truncated,AM.R686A.noise.20250608T091852,3500,2000,7000,9000,shared_noise_sequence_across_target_snr_siblings
231,case-0231-event,event,0,AM,R686A,00,EH?,2026-05-10T03:15:00.329000Z,2026-05-10T03:15:35.329000Z,RASPISHAKE,https://data.raspberryshake.org/fdsnws/dataselect/1/query,35.0,evaluator_event_reference,AM.R686A.event.20260510T031500,3500,3500,0,3500,shared_event_window_across_target_snr_siblings
231,case-0231-noise-01,noise,1,AM,R686A,00,EH?,2025-06-07T23:29:25.815000Z,2025-06-07T23:32:30.095000Z,RASPISHAKE,https://data.raspberryshake.org/fdsnws/dataselect/1/query,35.0,primary_noise_chunk,AM.R686A.noise.20250607T232927,3500,3500,0,3500,shared_noise_sequence_across_target_snr_siblings
231,case-0231-noise-02,noise,2,AM,R686A,00,EH?,2025-06-01T00:58:48.545000Z,2025-06-01T01:01:55.055000Z,RASPISHAKE,https://data.raspberryshake.org/fdsnws/dataselect/1/query,35.0,continuation_noise_chunk,AM.R686A.noise.20250601T005852,3500,3500,3500,7000,shared_noise_sequence_across_target_snr_siblings
231,case-0231-noise-03,noise,3,AM,R686A,00,EH?,2025-06-08T09:18:50.175000Z,2025-06-08T09:21:56.845000Z,RASPISHAKE,https://data.raspberryshake.org/fdsnws/dataselect/1/query,35.0,continuation_noise_chunk_truncated,AM.R686A.noise.20250608T091852,3500,2000,7000,9000,shared_noise_sequence_across_target_snr_siblings
232,case-0232-event,event,0,AM,R686A,00,EH?,2026-05-10T18:23:31.489000Z,2026-05-10T18:24:06.489000Z,RASPISHAKE,https://data.raspberryshake.org/fdsnws/dataselect/1/query,35.0,evaluator_event_reference,AM.R686A.event.20260510T182331,3500,3500,0,3500,shared_event_window_across_target_snr_siblings
232,case-0232-noise-01,noise,1,AM,R686A,00,EH?,2025-06-06T15:29:57.205000Z,2025-06-06T15:33:01.875000Z,RASPISHAKE,https://data.raspberryshake.org/fdsnws/dataselect/1/query,35.0,primary_noise_chunk,AM.R686A.noise.20250606T153000,3500,3500,0,3500,shared_noise_sequence_across_target_snr_siblings
232,case-0232-noise-02,noise,2,AM,R686A,00,EH?,2025-06-03T22:23:39.455000Z,2025-06-03T22:26:43.895000Z,RASPISHAKE,https://data.raspberryshake.org/fdsnws/dataselect/1/query,35.0,continuation_noise_chunk,AM.R686A.noise.20250603T222341,3500,3500,3500,7000,shared_noise_sequence_across_target_snr_siblings
232,case-0232-noise-03,noise,3,AM,R686A,00,EH?,2025-06-01T00:58:48.545000Z,2025-06-01T01:01:55.055000Z,RASPISHAKE,https://data.raspberryshake.org/fdsnws/dataselect/1/query,35.0,continuation_noise_chunk_truncated,AM.R686A.noise.20250601T005852,3500,2000,7000,9000,shared_noise_sequence_across_target_snr_siblings
233,case-0233-event,event,0,AM,R686A,00,EH?,2026-05-10T18:23:31.489000Z,2026-05-10T18:24:06.489000Z,RASPISHAKE,https://data.raspberryshake.org/fdsnws/dataselect/1/query,35.0,evaluator_event_reference,AM.R686A.event.20260510T182331,3500,3500,0,3500,shared_event_window_across_target_snr_siblings
233,case-0233-noise-01,noise,1,AM,R686A,00,EH?,2025-06-06T15:29:57.205000Z,2025-06-06T15:33:01.875000Z,RASPISHAKE,https://data.raspberryshake.org/fdsnws/dataselect/1/query,35.0,primary_noise_chunk,AM.R686A.noise.20250606T153000,3500,3500,0,3500,shared_noise_sequence_across_target_snr_siblings
233,case-0233-noise-02,noise,2,AM,R686A,00,EH?,2025-06-03T22:23:39.455000Z,2025-06-03T22:26:43.895000Z,RASPISHAKE,https://data.raspberryshake.org/fdsnws/dataselect/1/query,35.0,continuation_noise_chunk,AM.R686A.noise.20250603T222341,3500,3500,3500,7000,shared_noise_sequence_across_target_snr_siblings
233,case-0233-noise-03,noise,3,AM,R686A,00,EH?,2025-06-01T00:58:48.545000Z,2025-06-01T01:01:55.055000Z,RASPISHAKE,https://data.raspberryshake.org/fdsnws/dataselect/1/query,35.0,continuation_noise_chunk_truncated,AM.R686A.noise.20250601T005852,3500,2000,7000,9000,shared_noise_sequence_across_target_snr_siblings
234,case-0234-event,event,0,AM,R686A,00,EH?,2026-05-10T18:23:31.489000Z,2026-05-10T18:24:06.489000Z,RASPISHAKE,https://data.raspberryshake.org/fdsnws/dataselect/1/query,35.0,evaluator_event_reference,AM.R686A.event.20260510T182331,3500,3500,0,3500,shared_event_window_across_target_snr_siblings
234,case-0234-noise-01,noise,1,AM,R686A,00,EH?,2025-06-06T15:29:57.205000Z,2025-06-06T15:33:01.875000Z,RASPISHAKE,https://data.raspberryshake.org/fdsnws/dataselect/1/query,35.0,primary_noise_chunk,AM.R686A.noise.20250606T153000,3500,3500,0,3500,shared_noise_sequence_across_target_snr_siblings
234,case-0234-noise-02,noise,2,AM,R686A,00,EH?,2025-06-03T22:23:39.455000Z,2025-06-03T22:26:43.895000Z,RASPISHAKE,https://data.raspberryshake.org/fdsnws/dataselect/1/query,35.0,continuation_noise_chunk,AM.R686A.noise.20250603T222341,3500,3500,3500,7000,shared_noise_sequence_across_target_snr_siblings
234,case-0234-noise-03,noise,3,AM,R686A,00,EH?,2025-06-01T00:58:48.545000Z,2025-06-01T01:01:55.055000Z,RASPISHAKE,https://data.raspberryshake.org/fdsnws/dataselect/1/query,35.0,continuation_noise_chunk_truncated,AM.R686A.noise.20250601T005852,3500,2000,7000,9000,shared_noise_sequence_across_target_snr_siblings
235,case-0235-event,event,0,AM,R686A,00,EH?,2026-05-15T11:06:22.729000Z,2026-05-15T11:06:57.729000Z,RASPISHAKE,https://data.raspberryshake.org/fdsnws/dataselect/1/query,35.0,evaluator_event_reference,AM.R686A.event.20260515T110622,3500,3500,0,3500,shared_event_window_across_target_snr_siblings
235,case-0235-noise-01,noise,1,AM,R686A,00,EH?,2025-06-01T00:23:43.045000Z,2025-06-01T00:26:47.845000Z,RASPISHAKE,https://data.raspberryshake.org/fdsnws/dataselect/1/query,35.0,primary_noise_chunk,AM.R686A.noise.20250601T002345,3500,3500,0,3500,shared_noise_sequence_across_target_snr_siblings
235,case-0235-noise-02,noise,2,AM,R686A,00,EH?,2025-06-07T14:44:15.125000Z,2025-06-07T14:47:22.145000Z,RASPISHAKE,https://data.raspberryshake.org/fdsnws/dataselect/1/query,35.0,continuation_noise_chunk,AM.R686A.noise.20250607T144418,3500,3500,3500,7000,shared_noise_sequence_across_target_snr_siblings
235,case-0235-noise-03,noise,3,AM,R686A,00,EH?,2025-06-06T15:29:57.205000Z,2025-06-06T15:33:01.875000Z,RASPISHAKE,https://data.raspberryshake.org/fdsnws/dataselect/1/query,35.0,continuation_noise_chunk_truncated,AM.R686A.noise.20250606T153000,3500,2000,7000,9000,shared_noise_sequence_across_target_snr_siblings
236,case-0236-event,event,0,AM,R686A,00,EH?,2026-05-15T11:06:22.729000Z,2026-05-15T11:06:57.729000Z,RASPISHAKE,https://data.raspberryshake.org/fdsnws/dataselect/1/query,35.0,evaluator_event_reference,AM.R686A.event.20260515T110622,3500,3500,0,3500,shared_event_window_across_target_snr_siblings
236,case-0236-noise-01,noise,1,AM,R686A,00,EH?,2025-06-01T00:23:43.045000Z,2025-06-01T00:26:47.845000Z,RASPISHAKE,https://data.raspberryshake.org/fdsnws/dataselect/1/query,35.0,primary_noise_chunk,AM.R686A.noise.20250601T002345,3500,3500,0,3500,shared_noise_sequence_across_target_snr_siblings
236,case-0236-noise-02,noise,2,AM,R686A,00,EH?,2025-06-07T14:44:15.125000Z,2025-06-07T14:47:22.145000Z,RASPISHAKE,https://data.raspberryshake.org/fdsnws/dataselect/1/query,35.0,continuation_noise_chunk,AM.R686A.noise.20250607T144418,3500,3500,3500,7000,shared_noise_sequence_across_target_snr_siblings
236,case-0236-noise-03,noise,3,AM,R686A,00,EH?,2025-06-06T15:29:57.205000Z,2025-06-06T15:33:01.875000Z,RASPISHAKE,https://data.raspberryshake.org/fdsnws/dataselect/1/query,35.0,continuation_noise_chunk_truncated,AM.R686A.noise.20250606T153000,3500,2000,7000,9000,shared_noise_sequence_across_target_snr_siblings
237,case-0237-event,event,0,AM,R686A,00,EH?,2026-05-15T11:06:22.729000Z,2026-05-15T11:06:57.729000Z,RASPISHAKE,https://data.raspberryshake.org/fdsnws/dataselect/1/query,35.0,evaluator_event_reference,AM.R686A.event.20260515T110622,3500,3500,0,3500,shared_event_window_across_target_snr_siblings
237,case-0237-noise-01,noise,1,AM,R686A,00,EH?,2025-06-01T00:23:43.045000Z,2025-06-01T00:26:47.845000Z,RASPISHAKE,https://data.raspberryshake.org/fdsnws/dataselect/1/query,35.0,primary_noise_chunk,AM.R686A.noise.20250601T002345,3500,3500,0,3500,shared_noise_sequence_across_target_snr_siblings
237,case-0237-noise-02,noise,2,AM,R686A,00,EH?,2025-06-07T14:44:15.125000Z,2025-06-07T14:47:22.145000Z,RASPISHAKE,https://data.raspberryshake.org/fdsnws/dataselect/1/query,35.0,continuation_noise_chunk,AM.R686A.noise.20250607T144418,3500,3500,3500,7000,shared_noise_sequence_across_target_snr_siblings
237,case-0237-noise-03,noise,3,AM,R686A,00,EH?,2025-06-06T15:29:57.205000Z,2025-06-06T15:33:01.875000Z,RASPISHAKE,https://data.raspberryshake.org/fdsnws/dataselect/1/query,35.0,continuation_noise_chunk_truncated,AM.R686A.noise.20250606T153000,3500,2000,7000,9000,shared_noise_sequence_across_target_snr_siblings
238,case-0238-event,event,0,AM,R686A,00,EH?,2026-05-28T11:49:52.649000Z,2026-05-28T11:50:27.649000Z,RASPISHAKE,https://data.raspberryshake.org/fdsnws/dataselect/1/query,35.0,evaluator_event_reference,AM.R686A.event.20260528T114952,3500,3500,0,3500,shared_event_window_across_target_snr_siblings
238,case-0238-noise-01,noise,1,AM,R686A,00,EH?,2025-06-08T15:34:39.015000Z,2025-06-08T15:37:44.985000Z,RASPISHAKE,https://data.raspberryshake.org/fdsnws/dataselect/1/query,35.0,primary_noise_chunk,AM.R686A.noise.20250608T153442,3500,3500,0,3500,shared_noise_sequence_across_target_snr_siblings
238,case-0238-noise-02,noise,2,AM,R686A,00,EH?,2025-06-10T22:22:10.403000Z,2025-06-10T22:25:16.133000Z,RASPISHAKE,https://data.raspberryshake.org/fdsnws/dataselect/1/query,35.0,continuation_noise_chunk,AM.R686A.noise.20250610T222213,3500,3500,3500,7000,shared_noise_sequence_across_target_snr_siblings
238,case-0238-noise-03,noise,3,AM,R686A,00,EH?,2025-06-05T07:10:37.355000Z,2025-06-05T07:13:42.205000Z,RASPISHAKE,https://data.raspberryshake.org/fdsnws/dataselect/1/query,35.0,continuation_noise_chunk_truncated,AM.R686A.noise.20250605T071041,3500,2000,7000,9000,shared_noise_sequence_across_target_snr_siblings
239,case-0239-event,event,0,AM,R686A,00,EH?,2026-05-28T11:49:52.649000Z,2026-05-28T11:50:27.649000Z,RASPISHAKE,https://data.raspberryshake.org/fdsnws/dataselect/1/query,35.0,evaluator_event_reference,AM.R686A.event.20260528T114952,3500,3500,0,3500,shared_event_window_across_target_snr_siblings
239,case-0239-noise-01,noise,1,AM,R686A,00,EH?,2025-06-08T15:34:39.015000Z,2025-06-08T15:37:44.985000Z,RASPISHAKE,https://data.raspberryshake.org/fdsnws/dataselect/1/query,35.0,primary_noise_chunk,AM.R686A.noise.20250608T153442,3500,3500,0,3500,shared_noise_sequence_across_target_snr_siblings
239,case-0239-noise-02,noise,2,AM,R686A,00,EH?,2025-06-10T22:22:10.403000Z,2025-06-10T22:25:16.133000Z,RASPISHAKE,https://data.raspberryshake.org/fdsnws/dataselect/1/query,35.0,continuation_noise_chunk,AM.R686A.noise.20250610T222213,3500,3500,3500,7000,shared_noise_sequence_across_target_snr_siblings
239,case-0239-noise-03,noise,3,AM,R686A,00,EH?,2025-06-05T07:10:37.355000Z,2025-06-05T07:13:42.205000Z,RASPISHAKE,https://data.raspberryshake.org/fdsnws/dataselect/1/query,35.0,continuation_noise_chunk_truncated,AM.R686A.noise.20250605T071041,3500,2000,7000,9000,shared_noise_sequence_across_target_snr_siblings
240,case-0240-event,event,0,AM,R686A,00,EH?,2026-05-28T11:49:52.649000Z,2026-05-28T11:50:27.649000Z,RASPISHAKE,https://data.raspberryshake.org/fdsnws/dataselect/1/query,35.0,evaluator_event_reference,AM.R686A.event.20260528T114952,3500,3500,0,3500,shared_event_window_across_target_snr_siblings
240,case-0240-noise-01,noise,1,AM,R686A,00,EH?,2025-06-08T15:34:39.015000Z,2025-06-08T15:37:44.985000Z,RASPISHAKE,https://data.raspberryshake.org/fdsnws/dataselect/1/query,35.0,primary_noise_chunk,AM.R686A.noise.20250608T153442,3500,3500,0,3500,shared_noise_sequence_across_target_snr_siblings
240,case-0240-noise-02,noise,2,AM,R686A,00,EH?,2025-06-10T22:22:10.403000Z,2025-06-10T22:25:16.133000Z,RASPISHAKE,https://data.raspberryshake.org/fdsnws/dataselect/1/query,35.0,continuation_noise_chunk,AM.R686A.noise.20250610T222213,3500,3500,3500,7000,shared_noise_sequence_across_target_snr_siblings
240,case-0240-noise-03,noise,3,AM,R686A,00,EH?,2025-06-05T07:10:37.355000Z,2025-06-05T07:13:42.205000Z,RASPISHAKE,https://data.raspberryshake.org/fdsnws/dataselect/1/query,35.0,continuation_noise_chunk_truncated,AM.R686A.noise.20250605T071041,3500,2000,7000,9000,shared_noise_sequence_across_target_snr_siblings
241,case-0241-event,event,0,AM,R6928,00,EH?,2026-01-20T07:29:24.200000Z,2026-01-20T07:29:59.200000Z,RASPISHAKE,https://data.raspberryshake.org/fdsnws/dataselect/1/query,35.0,evaluator_event_reference,AM.R6928.event.20260120T072924,3500,3500,0,3500,shared_event_window_across_target_snr_siblings
241,case-0241-noise-01,noise,1,AM,R6928,00,EH?,2025-06-10T21:18:09.026000Z,2025-06-10T21:21:15.366000Z,RASPISHAKE,https://data.raspberryshake.org/fdsnws/dataselect/1/query,35.0,primary_noise_chunk,AM.R6928.noise.20250610T211811,3500,3500,0,3500,shared_noise_sequence_across_target_snr_siblings
241,case-0241-noise-02,noise,2,AM,R6928,00,EH?,2025-06-05T10:07:23.206000Z,2025-06-05T10:10:27.316000Z,RASPISHAKE,https://data.raspberryshake.org/fdsnws/dataselect/1/query,35.0,continuation_noise_chunk,AM.R6928.noise.20250605T100724,3500,3500,3500,7000,shared_noise_sequence_across_target_snr_siblings
241,case-0241-noise-03,noise,3,AM,R6928,00,EH?,2025-06-01T15:15:15.026000Z,2025-06-01T15:18:22.536000Z,RASPISHAKE,https://data.raspberryshake.org/fdsnws/dataselect/1/query,35.0,continuation_noise_chunk_truncated,AM.R6928.noise.20250601T151518,3500,2000,7000,9000,shared_noise_sequence_across_target_snr_siblings
242,case-0242-event,event,0,AM,R6928,00,EH?,2026-01-20T07:29:24.200000Z,2026-01-20T07:29:59.200000Z,RASPISHAKE,https://data.raspberryshake.org/fdsnws/dataselect/1/query,35.0,evaluator_event_reference,AM.R6928.event.20260120T072924,3500,3500,0,3500,shared_event_window_across_target_snr_siblings
242,case-0242-noise-01,noise,1,AM,R6928,00,EH?,2025-06-10T21:18:09.026000Z,2025-06-10T21:21:15.366000Z,RASPISHAKE,https://data.raspberryshake.org/fdsnws/dataselect/1/query,35.0,primary_noise_chunk,AM.R6928.noise.20250610T211811,3500,3500,0,3500,shared_noise_sequence_across_target_snr_siblings
242,case-0242-noise-02,noise,2,AM,R6928,00,EH?,2025-06-05T10:07:23.206000Z,2025-06-05T10:10:27.316000Z,RASPISHAKE,https://data.raspberryshake.org/fdsnws/dataselect/1/query,35.0,continuation_noise_chunk,AM.R6928.noise.20250605T100724,3500,3500,3500,7000,shared_noise_sequence_across_target_snr_siblings
242,case-0242-noise-03,noise,3,AM,R6928,00,EH?,2025-06-01T15:15:15.026000Z,2025-06-01T15:18:22.536000Z,RASPISHAKE,https://data.raspberryshake.org/fdsnws/dataselect/1/query,35.0,continuation_noise_chunk_truncated,AM.R6928.noise.20250601T151518,3500,2000,7000,9000,shared_noise_sequence_across_target_snr_siblings
243,case-0243-event,event,0,AM,R6928,00,EH?,2026-01-20T07:29:24.200000Z,2026-01-20T07:29:59.200000Z,RASPISHAKE,https://data.raspberryshake.org/fdsnws/dataselect/1/query,35.0,evaluator_event_reference,AM.R6928.event.20260120T072924,3500,3500,0,3500,shared_event_window_across_target_snr_siblings
243,case-0243-noise-01,noise,1,AM,R6928,00,EH?,2025-06-10T21:18:09.026000Z,2025-06-10T21:21:15.366000Z,RASPISHAKE,https://data.raspberryshake.org/fdsnws/dataselect/1/query,35.0,primary_noise_chunk,AM.R6928.noise.20250610T211811,3500,3500,0,3500,shared_noise_sequence_across_target_snr_siblings
243,case-0243-noise-02,noise,2,AM,R6928,00,EH?,2025-06-05T10:07:23.206000Z,2025-06-05T10:10:27.316000Z,RASPISHAKE,https://data.raspberryshake.org/fdsnws/dataselect/1/query,35.0,continuation_noise_chunk,AM.R6928.noise.20250605T100724,3500,3500,3500,7000,shared_noise_sequence_across_target_snr_siblings
243,case-0243-noise-03,noise,3,AM,R6928,00,EH?,2025-06-01T15:15:15.026000Z,2025-06-01T15:18:22.536000Z,RASPISHAKE,https://data.raspberryshake.org/fdsnws/dataselect/1/query,35.0,continuation_noise_chunk_truncated,AM.R6928.noise.20250601T151518,3500,2000,7000,9000,shared_noise_sequence_across_target_snr_siblings
244,case-0244-event,event,0,AM,R6928,00,EH?,2026-04-14T16:37:55.307000Z,2026-04-14T16:38:30.307000Z,RASPISHAKE,https://data.raspberryshake.org/fdsnws/dataselect/1/query,35.0,evaluator_event_reference,AM.R6928.event.20260414T163755,3500,3500,0,3500,shared_event_window_across_target_snr_siblings
244,case-0244-noise-01,noise,1,AM,R6928,00,EH?,2025-06-09T07:25:44.956000Z,2025-06-09T07:28:52.406000Z,RASPISHAKE,https://data.raspberryshake.org/fdsnws/dataselect/1/query,35.0,primary_noise_chunk,AM.R6928.noise.20250609T072549,3500,3500,0,3500,shared_noise_sequence_across_target_snr_siblings
244,case-0244-noise-02,noise,2,AM,R6928,00,EH?,2025-06-06T16:03:37.556000Z,2025-06-06T16:06:45.046000Z,RASPISHAKE,https://data.raspberryshake.org/fdsnws/dataselect/1/query,35.0,continuation_noise_chunk,AM.R6928.noise.20250606T160341,3500,3500,3500,7000,shared_noise_sequence_across_target_snr_siblings
244,case-0244-noise-03,noise,3,AM,R6928,00,EH?,2025-06-04T20:32:01.556000Z,2025-06-04T20:35:08.496000Z,RASPISHAKE,https://data.raspberryshake.org/fdsnws/dataselect/1/query,35.0,continuation_noise_chunk_truncated,AM.R6928.noise.20250604T203205,3500,2000,7000,9000,shared_noise_sequence_across_target_snr_siblings
245,case-0245-event,event,0,AM,R6928,00,EH?,2026-04-14T16:37:55.307000Z,2026-04-14T16:38:30.307000Z,RASPISHAKE,https://data.raspberryshake.org/fdsnws/dataselect/1/query,35.0,evaluator_event_reference,AM.R6928.event.20260414T163755,3500,3500,0,3500,shared_event_window_across_target_snr_siblings
245,case-0245-noise-01,noise,1,AM,R6928,00,EH?,2025-06-09T07:25:44.956000Z,2025-06-09T07:28:52.406000Z,RASPISHAKE,https://data.raspberryshake.org/fdsnws/dataselect/1/query,35.0,primary_noise_chunk,AM.R6928.noise.20250609T072549,3500,3500,0,3500,shared_noise_sequence_across_target_snr_siblings
245,case-0245-noise-02,noise,2,AM,R6928,00,EH?,2025-06-06T16:03:37.556000Z,2025-06-06T16:06:45.046000Z,RASPISHAKE,https://data.raspberryshake.org/fdsnws/dataselect/1/query,35.0,continuation_noise_chunk,AM.R6928.noise.20250606T160341,3500,3500,3500,7000,shared_noise_sequence_across_target_snr_siblings
245,case-0245-noise-03,noise,3,AM,R6928,00,EH?,2025-06-04T20:32:01.556000Z,2025-06-04T20:35:08.496000Z,RASPISHAKE,https://data.raspberryshake.org/fdsnws/dataselect/1/query,35.0,continuation_noise_chunk_truncated,AM.R6928.noise.20250604T203205,3500,2000,7000,9000,shared_noise_sequence_across_target_snr_siblings
246,case-0246-event,event,0,AM,R6928,00,EH?,2026-04-14T16:37:55.307000Z,2026-04-14T16:38:30.307000Z,RASPISHAKE,https://data.raspberryshake.org/fdsnws/dataselect/1/query,35.0,evaluator_event_reference,AM.R6928.event.20260414T163755,3500,3500,0,3500,shared_event_window_across_target_snr_siblings
246,case-0246-noise-01,noise,1,AM,R6928,00,EH?,2025-06-09T07:25:44.956000Z,2025-06-09T07:28:52.406000Z,RASPISHAKE,https://data.raspberryshake.org/fdsnws/dataselect/1/query,35.0,primary_noise_chunk,AM.R6928.noise.20250609T072549,3500,3500,0,3500,shared_noise_sequence_across_target_snr_siblings
246,case-0246-noise-02,noise,2,AM,R6928,00,EH?,2025-06-06T16:03:37.556000Z,2025-06-06T16:06:45.046000Z,RASPISHAKE,https://data.raspberryshake.org/fdsnws/dataselect/1/query,35.0,continuation_noise_chunk,AM.R6928.noise.20250606T160341,3500,3500,3500,7000,shared_noise_sequence_across_target_snr_siblings
246,case-0246-noise-03,noise,3,AM,R6928,00,EH?,2025-06-04T20:32:01.556000Z,2025-06-04T20:35:08.496000Z,RASPISHAKE,https://data.raspberryshake.org/fdsnws/dataselect/1/query,35.0,continuation_noise_chunk_truncated,AM.R6928.noise.20250604T203205,3500,2000,7000,9000,shared_noise_sequence_across_target_snr_siblings
247,case-0247-event,event,0,AM,R6928,00,EH?,2026-05-15T11:34:55.677000Z,2026-05-15T11:35:30.677000Z,RASPISHAKE,https://data.raspberryshake.org/fdsnws/dataselect/1/query,35.0,evaluator_event_reference,AM.R6928.event.20260515T113455,3500,3500,0,3500,shared_event_window_across_target_snr_siblings
247,case-0247-noise-01,noise,1,AM,R6928,00,EH?,2025-06-01T00:23:42.676000Z,2025-06-01T00:26:47.676000Z,RASPISHAKE,https://data.raspberryshake.org/fdsnws/dataselect/1/query,35.0,primary_noise_chunk,AM.R6928.noise.20250601T002345,3500,3500,0,3500,shared_noise_sequence_across_target_snr_siblings
247,case-0247-noise-02,noise,2,AM,R6928,00,EH?,2025-06-07T14:44:16.156000Z,2025-06-07T14:47:19.246000Z,RASPISHAKE,https://data.raspberryshake.org/fdsnws/dataselect/1/query,35.0,continuation_noise_chunk,AM.R6928.noise.20250607T144418,3500,3500,3500,7000,shared_noise_sequence_across_target_snr_siblings
247,case-0247-noise-03,noise,3,AM,R6928,00,EH?,2025-06-05T10:07:23.206000Z,2025-06-05T10:10:27.316000Z,RASPISHAKE,https://data.raspberryshake.org/fdsnws/dataselect/1/query,35.0,continuation_noise_chunk_truncated,AM.R6928.noise.20250605T100724,3500,2000,7000,9000,shared_noise_sequence_across_target_snr_siblings
248,case-0248-event,event,0,AM,R6928,00,EH?,2026-05-15T11:34:55.677000Z,2026-05-15T11:35:30.677000Z,RASPISHAKE,https://data.raspberryshake.org/fdsnws/dataselect/1/query,35.0,evaluator_event_reference,AM.R6928.event.20260515T113455,3500,3500,0,3500,shared_event_window_across_target_snr_siblings
248,case-0248-noise-01,noise,1,AM,R6928,00,EH?,2025-06-01T00:23:42.676000Z,2025-06-01T00:26:47.676000Z,RASPISHAKE,https://data.raspberryshake.org/fdsnws/dataselect/1/query,35.0,primary_noise_chunk,AM.R6928.noise.20250601T002345,3500,3500,0,3500,shared_noise_sequence_across_target_snr_siblings
248,case-0248-noise-02,noise,2,AM,R6928,00,EH?,2025-06-07T14:44:16.156000Z,2025-06-07T14:47:19.246000Z,RASPISHAKE,https://data.raspberryshake.org/fdsnws/dataselect/1/query,35.0,continuation_noise_chunk,AM.R6928.noise.20250607T144418,3500,3500,3500,7000,shared_noise_sequence_across_target_snr_siblings
248,case-0248-noise-03,noise,3,AM,R6928,00,EH?,2025-06-05T10:07:23.206000Z,2025-06-05T10:10:27.316000Z,RASPISHAKE,https://data.raspberryshake.org/fdsnws/dataselect/1/query,35.0,continuation_noise_chunk_truncated,AM.R6928.noise.20250605T100724,3500,2000,7000,9000,shared_noise_sequence_across_target_snr_siblings
249,case-0249-event,event,0,AM,R6928,00,EH?,2026-05-15T11:34:55.677000Z,2026-05-15T11:35:30.677000Z,RASPISHAKE,https://data.raspberryshake.org/fdsnws/dataselect/1/query,35.0,evaluator_event_reference,AM.R6928.event.20260515T113455,3500,3500,0,3500,shared_event_window_across_target_snr_siblings
249,case-0249-noise-01,noise,1,AM,R6928,00,EH?,2025-06-01T00:23:42.676000Z,2025-06-01T00:26:47.676000Z,RASPISHAKE,https://data.raspberryshake.org/fdsnws/dataselect/1/query,35.0,primary_noise_chunk,AM.R6928.noise.20250601T002345,3500,3500,0,3500,shared_noise_sequence_across_target_snr_siblings
249,case-0249-noise-02,noise,2,AM,R6928,00,EH?,2025-06-07T14:44:16.156000Z,2025-06-07T14:47:19.246000Z,RASPISHAKE,https://data.raspberryshake.org/fdsnws/dataselect/1/query,35.0,continuation_noise_chunk,AM.R6928.noise.20250607T144418,3500,3500,3500,7000,shared_noise_sequence_across_target_snr_siblings
249,case-0249-noise-03,noise,3,AM,R6928,00,EH?,2025-06-05T10:07:23.206000Z,2025-06-05T10:10:27.316000Z,RASPISHAKE,https://data.raspberryshake.org/fdsnws/dataselect/1/query,35.0,continuation_noise_chunk_truncated,AM.R6928.noise.20250605T100724,3500,2000,7000,9000,shared_noise_sequence_across_target_snr_siblings
250,case-0250-event,event,0,AM,R6928,00,EH?,2026-05-16T14:55:40.437000Z,2026-05-16T14:56:15.437000Z,RASPISHAKE,https://data.raspberryshake.org/fdsnws/dataselect/1/query,35.0,evaluator_event_reference,AM.R6928.event.20260516T145540,3500,3500,0,3500,shared_event_window_across_target_snr_siblings
250,case-0250-noise-01,noise,1,AM,R6928,00,EH?,2025-06-01T00:23:42.676000Z,2025-06-01T00:26:47.676000Z,RASPISHAKE,https://data.raspberryshake.org/fdsnws/dataselect/1/query,35.0,primary_noise_chunk,AM.R6928.noise.20250601T002345,3500,3500,0,3500,shared_noise_sequence_across_target_snr_siblings
250,case-0250-noise-02,noise,2,AM,R6928,00,EH?,2025-06-02T19:28:36.206000Z,2025-06-02T19:31:43.246000Z,RASPISHAKE,https://data.raspberryshake.org/fdsnws/dataselect/1/query,35.0,continuation_noise_chunk,AM.R6928.noise.20250602T192840,3500,3500,3500,7000,shared_noise_sequence_across_target_snr_siblings
250,case-0250-noise-03,noise,3,AM,R6928,00,EH?,2025-06-03T19:32:18.926000Z,2025-06-03T19:35:25.926000Z,RASPISHAKE,https://data.raspberryshake.org/fdsnws/dataselect/1/query,35.0,continuation_noise_chunk_truncated,AM.R6928.noise.20250603T193222,3500,2000,7000,9000,shared_noise_sequence_across_target_snr_siblings
251,case-0251-event,event,0,AM,R6928,00,EH?,2026-05-16T14:55:40.437000Z,2026-05-16T14:56:15.437000Z,RASPISHAKE,https://data.raspberryshake.org/fdsnws/dataselect/1/query,35.0,evaluator_event_reference,AM.R6928.event.20260516T145540,3500,3500,0,3500,shared_event_window_across_target_snr_siblings
251,case-0251-noise-01,noise,1,AM,R6928,00,EH?,2025-06-01T00:23:42.676000Z,2025-06-01T00:26:47.676000Z,RASPISHAKE,https://data.raspberryshake.org/fdsnws/dataselect/1/query,35.0,primary_noise_chunk,AM.R6928.noise.20250601T002345,3500,3500,0,3500,shared_noise_sequence_across_target_snr_siblings
251,case-0251-noise-02,noise,2,AM,R6928,00,EH?,2025-06-02T19:28:36.206000Z,2025-06-02T19:31:43.246000Z,RASPISHAKE,https://data.raspberryshake.org/fdsnws/dataselect/1/query,35.0,continuation_noise_chunk,AM.R6928.noise.20250602T192840,3500,3500,3500,7000,shared_noise_sequence_across_target_snr_siblings
251,case-0251-noise-03,noise,3,AM,R6928,00,EH?,2025-06-03T19:32:18.926000Z,2025-06-03T19:35:25.926000Z,RASPISHAKE,https://data.raspberryshake.org/fdsnws/dataselect/1/query,35.0,continuation_noise_chunk_truncated,AM.R6928.noise.20250603T193222,3500,2000,7000,9000,shared_noise_sequence_across_target_snr_siblings
252,case-0252-event,event,0,AM,R6928,00,EH?,2026-05-16T14:55:40.437000Z,2026-05-16T14:56:15.437000Z,RASPISHAKE,https://data.raspberryshake.org/fdsnws/dataselect/1/query,35.0,evaluator_event_reference,AM.R6928.event.20260516T145540,3500,3500,0,3500,shared_event_window_across_target_snr_siblings
252,case-0252-noise-01,noise,1,AM,R6928,00,EH?,2025-06-01T00:23:42.676000Z,2025-06-01T00:26:47.676000Z,RASPISHAKE,https://data.raspberryshake.org/fdsnws/dataselect/1/query,35.0,primary_noise_chunk,AM.R6928.noise.20250601T002345,3500,3500,0,3500,shared_noise_sequence_across_target_snr_siblings
252,case-0252-noise-02,noise,2,AM,R6928,00,EH?,2025-06-02T19:28:36.206000Z,2025-06-02T19:31:43.246000Z,RASPISHAKE,https://data.raspberryshake.org/fdsnws/dataselect/1/query,35.0,continuation_noise_chunk,AM.R6928.noise.20250602T192840,3500,3500,3500,7000,shared_noise_sequence_across_target_snr_siblings
252,case-0252-noise-03,noise,3,AM,R6928,00,EH?,2025-06-03T19:32:18.926000Z,2025-06-03T19:35:25.926000Z,RASPISHAKE,https://data.raspberryshake.org/fdsnws/dataselect/1/query,35.0,continuation_noise_chunk_truncated,AM.R6928.noise.20250603T193222,3500,2000,7000,9000,shared_noise_sequence_across_target_snr_siblings
253,case-0253-event,event,0,AM,R6928,00,EH?,2026-05-19T18:07:08.897000Z,2026-05-19T18:07:43.897000Z,RASPISHAKE,https://data.raspberryshake.org/fdsnws/dataselect/1/query,35.0,evaluator_event_reference,AM.R6928.event.20260519T180708,3500,3500,0,3500,shared_event_window_across_target_snr_siblings
253,case-0253-noise-01,noise,1,AM,R6928,00,EH?,2025-06-03T00:03:51.856000Z,2025-06-03T00:06:57.446000Z,RASPISHAKE,https://data.raspberryshake.org/fdsnws/dataselect/1/query,35.0,primary_noise_chunk,AM.R6928.noise.20250603T000356,3500,3500,0,3500,shared_noise_sequence_across_target_snr_siblings
253,case-0253-noise-02,noise,2,AM,R6928,00,EH?,2025-06-03T13:01:07.376000Z,2025-06-03T13:04:15.076000Z,RASPISHAKE,https://data.raspberryshake.org/fdsnws/dataselect/1/query,35.0,continuation_noise_chunk,AM.R6928.noise.20250603T130111,3500,3500,3500,7000,shared_noise_sequence_across_target_snr_siblings
253,case-0253-noise-03,noise,3,AM,R6928,00,EH?,2025-06-05T20:40:21.116000Z,2025-06-05T20:43:25.976000Z,RASPISHAKE,https://data.raspberryshake.org/fdsnws/dataselect/1/query,35.0,continuation_noise_chunk_truncated,AM.R6928.noise.20250605T204023,3500,2000,7000,9000,shared_noise_sequence_across_target_snr_siblings
254,case-0254-event,event,0,AM,R6928,00,EH?,2026-05-19T18:07:08.897000Z,2026-05-19T18:07:43.897000Z,RASPISHAKE,https://data.raspberryshake.org/fdsnws/dataselect/1/query,35.0,evaluator_event_reference,AM.R6928.event.20260519T180708,3500,3500,0,3500,shared_event_window_across_target_snr_siblings
254,case-0254-noise-01,noise,1,AM,R6928,00,EH?,2025-06-03T00:03:51.856000Z,2025-06-03T00:06:57.446000Z,RASPISHAKE,https://data.raspberryshake.org/fdsnws/dataselect/1/query,35.0,primary_noise_chunk,AM.R6928.noise.20250603T000356,3500,3500,0,3500,shared_noise_sequence_across_target_snr_siblings
254,case-0254-noise-02,noise,2,AM,R6928,00,EH?,2025-06-03T13:01:07.376000Z,2025-06-03T13:04:15.076000Z,RASPISHAKE,https://data.raspberryshake.org/fdsnws/dataselect/1/query,35.0,continuation_noise_chunk,AM.R6928.noise.20250603T130111,3500,3500,3500,7000,shared_noise_sequence_across_target_snr_siblings
254,case-0254-noise-03,noise,3,AM,R6928,00,EH?,2025-06-05T20:40:21.116000Z,2025-06-05T20:43:25.976000Z,RASPISHAKE,https://data.raspberryshake.org/fdsnws/dataselect/1/query,35.0,continuation_noise_chunk_truncated,AM.R6928.noise.20250605T204023,3500,2000,7000,9000,shared_noise_sequence_across_target_snr_siblings
255,case-0255-event,event,0,AM,R6928,00,EH?,2026-05-19T18:07:08.897000Z,2026-05-19T18:07:43.897000Z,RASPISHAKE,https://data.raspberryshake.org/fdsnws/dataselect/1/query,35.0,evaluator_event_reference,AM.R6928.event.20260519T180708,3500,3500,0,3500,shared_event_window_across_target_snr_siblings
255,case-0255-noise-01,noise,1,AM,R6928,00,EH?,2025-06-03T00:03:51.856000Z,2025-06-03T00:06:57.446000Z,RASPISHAKE,https://data.raspberryshake.org/fdsnws/dataselect/1/query,35.0,primary_noise_chunk,AM.R6928.noise.20250603T000356,3500,3500,0,3500,shared_noise_sequence_across_target_snr_siblings
255,case-0255-noise-02,noise,2,AM,R6928,00,EH?,2025-06-03T13:01:07.376000Z,2025-06-03T13:04:15.076000Z,RASPISHAKE,https://data.raspberryshake.org/fdsnws/dataselect/1/query,35.0,continuation_noise_chunk,AM.R6928.noise.20250603T130111,3500,3500,3500,7000,shared_noise_sequence_across_target_snr_siblings
255,case-0255-noise-03,noise,3,AM,R6928,00,EH?,2025-06-05T20:40:21.116000Z,2025-06-05T20:43:25.976000Z,RASPISHAKE,https://data.raspberryshake.org/fdsnws/dataselect/1/query,35.0,continuation_noise_chunk_truncated,AM.R6928.noise.20250605T204023,3500,2000,7000,9000,shared_noise_sequence_across_target_snr_siblings
256,case-0256-event,event,0,AM,R6928,00,EH?,2026-05-25T22:02:30.297000Z,2026-05-25T22:03:05.297000Z,RASPISHAKE,https://data.raspberryshake.org/fdsnws/dataselect/1/query,35.0,evaluator_event_reference,AM.R6928.event.20260525T220230,3500,3500,0,3500,shared_event_window_across_target_snr_siblings
256,case-0256-noise-01,noise,1,AM,R6928,00,EH?,2025-06-04T04:12:20.846000Z,2025-06-04T04:15:28.506000Z,RASPISHAKE,https://data.raspberryshake.org/fdsnws/dataselect/1/query,35.0,primary_noise_chunk,AM.R6928.noise.20250604T041225,3500,3500,0,3500,shared_noise_sequence_across_target_snr_siblings
256,case-0256-noise-02,noise,2,AM,R6928,00,EH?,2025-06-05T10:07:23.206000Z,2025-06-05T10:10:27.316000Z,RASPISHAKE,https://data.raspberryshake.org/fdsnws/dataselect/1/query,35.0,continuation_noise_chunk,AM.R6928.noise.20250605T100724,3500,3500,3500,7000,shared_noise_sequence_across_target_snr_siblings
256,case-0256-noise-03,noise,3,AM,R6928,00,EH?,2025-06-08T09:18:48.046000Z,2025-06-08T09:21:56.416000Z,RASPISHAKE,https://data.raspberryshake.org/fdsnws/dataselect/1/query,35.0,continuation_noise_chunk_truncated,AM.R6928.noise.20250608T091852,3500,2000,7000,9000,shared_noise_sequence_across_target_snr_siblings
257,case-0257-event,event,0,AM,R6928,00,EH?,2026-05-25T22:02:30.297000Z,2026-05-25T22:03:05.297000Z,RASPISHAKE,https://data.raspberryshake.org/fdsnws/dataselect/1/query,35.0,evaluator_event_reference,AM.R6928.event.20260525T220230,3500,3500,0,3500,shared_event_window_across_target_snr_siblings
257,case-0257-noise-01,noise,1,AM,R6928,00,EH?,2025-06-04T04:12:20.846000Z,2025-06-04T04:15:28.506000Z,RASPISHAKE,https://data.raspberryshake.org/fdsnws/dataselect/1/query,35.0,primary_noise_chunk,AM.R6928.noise.20250604T041225,3500,3500,0,3500,shared_noise_sequence_across_target_snr_siblings
257,case-0257-noise-02,noise,2,AM,R6928,00,EH?,2025-06-05T10:07:23.206000Z,2025-06-05T10:10:27.316000Z,RASPISHAKE,https://data.raspberryshake.org/fdsnws/dataselect/1/query,35.0,continuation_noise_chunk,AM.R6928.noise.20250605T100724,3500,3500,3500,7000,shared_noise_sequence_across_target_snr_siblings
257,case-0257-noise-03,noise,3,AM,R6928,00,EH?,2025-06-08T09:18:48.046000Z,2025-06-08T09:21:56.416000Z,RASPISHAKE,https://data.raspberryshake.org/fdsnws/dataselect/1/query,35.0,continuation_noise_chunk_truncated,AM.R6928.noise.20250608T091852,3500,2000,7000,9000,shared_noise_sequence_across_target_snr_siblings
258,case-0258-event,event,0,AM,R6928,00,EH?,2026-05-25T22:02:30.297000Z,2026-05-25T22:03:05.297000Z,RASPISHAKE,https://data.raspberryshake.org/fdsnws/dataselect/1/query,35.0,evaluator_event_reference,AM.R6928.event.20260525T220230,3500,3500,0,3500,shared_event_window_across_target_snr_siblings
258,case-0258-noise-01,noise,1,AM,R6928,00,EH?,2025-06-04T04:12:20.846000Z,2025-06-04T04:15:28.506000Z,RASPISHAKE,https://data.raspberryshake.org/fdsnws/dataselect/1/query,35.0,primary_noise_chunk,AM.R6928.noise.20250604T041225,3500,3500,0,3500,shared_noise_sequence_across_target_snr_siblings
258,case-0258-noise-02,noise,2,AM,R6928,00,EH?,2025-06-05T10:07:23.206000Z,2025-06-05T10:10:27.316000Z,RASPISHAKE,https://data.raspberryshake.org/fdsnws/dataselect/1/query,35.0,continuation_noise_chunk,AM.R6928.noise.20250605T100724,3500,3500,3500,7000,shared_noise_sequence_across_target_snr_siblings
258,case-0258-noise-03,noise,3,AM,R6928,00,EH?,2025-06-08T09:18:48.046000Z,2025-06-08T09:21:56.416000Z,RASPISHAKE,https://data.raspberryshake.org/fdsnws/dataselect/1/query,35.0,continuation_noise_chunk_truncated,AM.R6928.noise.20250608T091852,3500,2000,7000,9000,shared_noise_sequence_across_target_snr_siblings
259,case-0259-event,event,0,AM,R6928,00,EH?,2026-05-30T21:33:53.317000Z,2026-05-30T21:34:28.317000Z,RASPISHAKE,https://data.raspberryshake.org/fdsnws/dataselect/1/query,35.0,evaluator_event_reference,AM.R6928.event.20260530T213353,3500,3500,0,3500,shared_event_window_across_target_snr_siblings
259,case-0259-noise-01,noise,1,AM,R6928,00,EH?,2025-06-04T00:48:11.446000Z,2025-06-04T00:51:18.606000Z,RASPISHAKE,https://data.raspberryshake.org/fdsnws/dataselect/1/query,35.0,primary_noise_chunk,AM.R6928.noise.20250604T004815,3500,3500,0,3500,shared_noise_sequence_across_target_snr_siblings
259,case-0259-noise-02,noise,2,AM,R6928,00,EH?,2025-06-10T22:22:10.056000Z,2025-06-10T22:25:15.246000Z,RASPISHAKE,https://data.raspberryshake.org/fdsnws/dataselect/1/query,35.0,continuation_noise_chunk,AM.R6928.noise.20250610T222213,3500,3500,3500,7000,shared_noise_sequence_across_target_snr_siblings
259,case-0259-noise-03,noise,3,AM,R6928,00,EH?,2025-06-04T17:28:29.576000Z,2025-06-04T17:31:32.196000Z,RASPISHAKE,https://data.raspberryshake.org/fdsnws/dataselect/1/query,35.0,continuation_noise_chunk_truncated,AM.R6928.noise.20250604T172830,3500,2000,7000,9000,shared_noise_sequence_across_target_snr_siblings
260,case-0260-event,event,0,AM,R6928,00,EH?,2026-05-30T21:33:53.317000Z,2026-05-30T21:34:28.317000Z,RASPISHAKE,https://data.raspberryshake.org/fdsnws/dataselect/1/query,35.0,evaluator_event_reference,AM.R6928.event.20260530T213353,3500,3500,0,3500,shared_event_window_across_target_snr_siblings
260,case-0260-noise-01,noise,1,AM,R6928,00,EH?,2025-06-04T00:48:11.446000Z,2025-06-04T00:51:18.606000Z,RASPISHAKE,https://data.raspberryshake.org/fdsnws/dataselect/1/query,35.0,primary_noise_chunk,AM.R6928.noise.20250604T004815,3500,3500,0,3500,shared_noise_sequence_across_target_snr_siblings
260,case-0260-noise-02,noise,2,AM,R6928,00,EH?,2025-06-10T22:22:10.056000Z,2025-06-10T22:25:15.246000Z,RASPISHAKE,https://data.raspberryshake.org/fdsnws/dataselect/1/query,35.0,continuation_noise_chunk,AM.R6928.noise.20250610T222213,3500,3500,3500,7000,shared_noise_sequence_across_target_snr_siblings
260,case-0260-noise-03,noise,3,AM,R6928,00,EH?,2025-06-04T17:28:29.576000Z,2025-06-04T17:31:32.196000Z,RASPISHAKE,https://data.raspberryshake.org/fdsnws/dataselect/1/query,35.0,continuation_noise_chunk_truncated,AM.R6928.noise.20250604T172830,3500,2000,7000,9000,shared_noise_sequence_across_target_snr_siblings
261,case-0261-event,event,0,AM,R6928,00,EH?,2026-05-30T21:33:53.317000Z,2026-05-30T21:34:28.317000Z,RASPISHAKE,https://data.raspberryshake.org/fdsnws/dataselect/1/query,35.0,evaluator_event_reference,AM.R6928.event.20260530T213353,3500,3500,0,3500,shared_event_window_across_target_snr_siblings
261,case-0261-noise-01,noise,1,AM,R6928,00,EH?,2025-06-04T00:48:11.446000Z,2025-06-04T00:51:18.606000Z,RASPISHAKE,https://data.raspberryshake.org/fdsnws/dataselect/1/query,35.0,primary_noise_chunk,AM.R6928.noise.20250604T004815,3500,3500,0,3500,shared_noise_sequence_across_target_snr_siblings
261,case-0261-noise-02,noise,2,AM,R6928,00,EH?,2025-06-10T22:22:10.056000Z,2025-06-10T22:25:15.246000Z,RASPISHAKE,https://data.raspberryshake.org/fdsnws/dataselect/1/query,35.0,continuation_noise_chunk,AM.R6928.noise.20250610T222213,3500,3500,3500,7000,shared_noise_sequence_across_target_snr_siblings
261,case-0261-noise-03,noise,3,AM,R6928,00,EH?,2025-06-04T17:28:29.576000Z,2025-06-04T17:31:32.196000Z,RASPISHAKE,https://data.raspberryshake.org/fdsnws/dataselect/1/query,35.0,continuation_noise_chunk_truncated,AM.R6928.noise.20250604T172830,3500,2000,7000,9000,shared_noise_sequence_across_target_snr_siblings
262,case-0262-event,event,0,AM,R6928,00,EH?,2026-05-31T21:45:39.927000Z,2026-05-31T21:46:14.927000Z,RASPISHAKE,https://data.raspberryshake.org/fdsnws/dataselect/1/query,35.0,evaluator_event_reference,AM.R6928.event.20260531T214539,3500,3500,0,3500,shared_event_window_across_target_snr_siblings
262,case-0262-noise-01,noise,1,AM,R6928,00,EH?,2025-06-08T16:29:14.656000Z,2025-06-08T16:32:21.636000Z,RASPISHAKE,https://data.raspberryshake.org/fdsnws/dataselect/1/query,35.0,primary_noise_chunk,AM.R6928.noise.20250608T162917,3500,3500,0,3500,shared_noise_sequence_across_target_snr_siblings
262,case-0262-noise-02,noise,2,AM,R6928,00,EH?,2025-06-05T07:10:36.996000Z,2025-06-05T07:13:44.356000Z,RASPISHAKE,https://data.raspberryshake.org/fdsnws/dataselect/1/query,35.0,continuation_noise_chunk,AM.R6928.noise.20250605T071041,3500,3500,3500,7000,shared_noise_sequence_across_target_snr_siblings
262,case-0262-noise-03,noise,3,AM,R6928,00,EH?,2025-06-05T10:07:23.206000Z,2025-06-05T10:10:27.316000Z,RASPISHAKE,https://data.raspberryshake.org/fdsnws/dataselect/1/query,35.0,continuation_noise_chunk_truncated,AM.R6928.noise.20250605T100724,3500,2000,7000,9000,shared_noise_sequence_across_target_snr_siblings
263,case-0263-event,event,0,AM,R6928,00,EH?,2026-05-31T21:45:39.927000Z,2026-05-31T21:46:14.927000Z,RASPISHAKE,https://data.raspberryshake.org/fdsnws/dataselect/1/query,35.0,evaluator_event_reference,AM.R6928.event.20260531T214539,3500,3500,0,3500,shared_event_window_across_target_snr_siblings
263,case-0263-noise-01,noise,1,AM,R6928,00,EH?,2025-06-08T16:29:14.656000Z,2025-06-08T16:32:21.636000Z,RASPISHAKE,https://data.raspberryshake.org/fdsnws/dataselect/1/query,35.0,primary_noise_chunk,AM.R6928.noise.20250608T162917,3500,3500,0,3500,shared_noise_sequence_across_target_snr_siblings
263,case-0263-noise-02,noise,2,AM,R6928,00,EH?,2025-06-05T07:10:36.996000Z,2025-06-05T07:13:44.356000Z,RASPISHAKE,https://data.raspberryshake.org/fdsnws/dataselect/1/query,35.0,continuation_noise_chunk,AM.R6928.noise.20250605T071041,3500,3500,3500,7000,shared_noise_sequence_across_target_snr_siblings
263,case-0263-noise-03,noise,3,AM,R6928,00,EH?,2025-06-05T10:07:23.206000Z,2025-06-05T10:10:27.316000Z,RASPISHAKE,https://data.raspberryshake.org/fdsnws/dataselect/1/query,35.0,continuation_noise_chunk_truncated,AM.R6928.noise.20250605T100724,3500,2000,7000,9000,shared_noise_sequence_across_target_snr_siblings
264,case-0264-event,event,0,AM,R6928,00,EH?,2026-05-31T21:45:39.927000Z,2026-05-31T21:46:14.927000Z,RASPISHAKE,https://data.raspberryshake.org/fdsnws/dataselect/1/query,35.0,evaluator_event_reference,AM.R6928.event.20260531T214539,3500,3500,0,3500,shared_event_window_across_target_snr_siblings
264,case-0264-noise-01,noise,1,AM,R6928,00,EH?,2025-06-08T16:29:14.656000Z,2025-06-08T16:32:21.636000Z,RASPISHAKE,https://data.raspberryshake.org/fdsnws/dataselect/1/query,35.0,primary_noise_chunk,AM.R6928.noise.20250608T162917,3500,3500,0,3500,shared_noise_sequence_across_target_snr_siblings
264,case-0264-noise-02,noise,2,AM,R6928,00,EH?,2025-06-05T07:10:36.996000Z,2025-06-05T07:13:44.356000Z,RASPISHAKE,https://data.raspberryshake.org/fdsnws/dataselect/1/query,35.0,continuation_noise_chunk,AM.R6928.noise.20250605T071041,3500,3500,3500,7000,shared_noise_sequence_across_target_snr_siblings
264,case-0264-noise-03,noise,3,AM,R6928,00,EH?,2025-06-05T10:07:23.206000Z,2025-06-05T10:10:27.316000Z,RASPISHAKE,https://data.raspberryshake.org/fdsnws/dataselect/1/query,35.0,continuation_noise_chunk_truncated,AM.R6928.noise.20250605T100724,3500,2000,7000,9000,shared_noise_sequence_across_target_snr_siblings
265,case-0265-event,event,0,AM,R77C3,00,EH?,2026-04-12T19:04:42.358000Z,2026-04-12T19:05:17.358000Z,RASPISHAKE,https://data.raspberryshake.org/fdsnws/dataselect/1/query,35.0,evaluator_event_reference,AM.R77C3.event.20260412T190442,3500,3500,0,3500,shared_event_window_across_target_snr_siblings
265,case-0265-noise-01,noise,1,AM,R77C3,00,EH?,2025-06-08T09:18:49.103000Z,2025-06-08T09:21:56.613000Z,RASPISHAKE,https://data.raspberryshake.org/fdsnws/dataselect/1/query,35.0,primary_noise_chunk,AM.R77C3.noise.20250608T091852,3500,3500,0,3500,shared_noise_sequence_across_target_snr_siblings
265,case-0265-noise-02,noise,2,AM,R77C3,00,EH?,2025-06-02T17:28:13.983000Z,2025-06-02T17:31:20.453000Z,RASPISHAKE,https://data.raspberryshake.org/fdsnws/dataselect/1/query,35.0,continuation_noise_chunk,AM.R77C3.noise.20250602T172817,3500,3500,3500,7000,shared_noise_sequence_across_target_snr_siblings
265,case-0265-noise-03,noise,3,AM,R77C3,00,EH?,2025-06-09T07:25:46.153000Z,2025-06-09T07:28:53.953000Z,RASPISHAKE,https://data.raspberryshake.org/fdsnws/dataselect/1/query,35.0,continuation_noise_chunk_truncated,AM.R77C3.noise.20250609T072549,3500,2000,7000,9000,shared_noise_sequence_across_target_snr_siblings
266,case-0266-event,event,0,AM,R77C3,00,EH?,2026-04-12T19:04:42.358000Z,2026-04-12T19:05:17.358000Z,RASPISHAKE,https://data.raspberryshake.org/fdsnws/dataselect/1/query,35.0,evaluator_event_reference,AM.R77C3.event.20260412T190442,3500,3500,0,3500,shared_event_window_across_target_snr_siblings
266,case-0266-noise-01,noise,1,AM,R77C3,00,EH?,2025-06-08T09:18:49.103000Z,2025-06-08T09:21:56.613000Z,RASPISHAKE,https://data.raspberryshake.org/fdsnws/dataselect/1/query,35.0,primary_noise_chunk,AM.R77C3.noise.20250608T091852,3500,3500,0,3500,shared_noise_sequence_across_target_snr_siblings
266,case-0266-noise-02,noise,2,AM,R77C3,00,EH?,2025-06-02T17:28:13.983000Z,2025-06-02T17:31:20.453000Z,RASPISHAKE,https://data.raspberryshake.org/fdsnws/dataselect/1/query,35.0,continuation_noise_chunk,AM.R77C3.noise.20250602T172817,3500,3500,3500,7000,shared_noise_sequence_across_target_snr_siblings
266,case-0266-noise-03,noise,3,AM,R77C3,00,EH?,2025-06-09T07:25:46.153000Z,2025-06-09T07:28:53.953000Z,RASPISHAKE,https://data.raspberryshake.org/fdsnws/dataselect/1/query,35.0,continuation_noise_chunk_truncated,AM.R77C3.noise.20250609T072549,3500,2000,7000,9000,shared_noise_sequence_across_target_snr_siblings
267,case-0267-event,event,0,AM,R77C3,00,EH?,2026-04-12T19:04:42.358000Z,2026-04-12T19:05:17.358000Z,RASPISHAKE,https://data.raspberryshake.org/fdsnws/dataselect/1/query,35.0,evaluator_event_reference,AM.R77C3.event.20260412T190442,3500,3500,0,3500,shared_event_window_across_target_snr_siblings
267,case-0267-noise-01,noise,1,AM,R77C3,00,EH?,2025-06-08T09:18:49.103000Z,2025-06-08T09:21:56.613000Z,RASPISHAKE,https://data.raspberryshake.org/fdsnws/dataselect/1/query,35.0,primary_noise_chunk,AM.R77C3.noise.20250608T091852,3500,3500,0,3500,shared_noise_sequence_across_target_snr_siblings
267,case-0267-noise-02,noise,2,AM,R77C3,00,EH?,2025-06-02T17:28:13.983000Z,2025-06-02T17:31:20.453000Z,RASPISHAKE,https://data.raspberryshake.org/fdsnws/dataselect/1/query,35.0,continuation_noise_chunk,AM.R77C3.noise.20250602T172817,3500,3500,3500,7000,shared_noise_sequence_across_target_snr_siblings
267,case-0267-noise-03,noise,3,AM,R77C3,00,EH?,2025-06-09T07:25:46.153000Z,2025-06-09T07:28:53.953000Z,RASPISHAKE,https://data.raspberryshake.org/fdsnws/dataselect/1/query,35.0,continuation_noise_chunk_truncated,AM.R77C3.noise.20250609T072549,3500,2000,7000,9000,shared_noise_sequence_across_target_snr_siblings
268,case-0268-event,event,0,AM,R77C3,00,EH?,2026-04-26T02:24:51.373000Z,2026-04-26T02:25:26.373000Z,RASPISHAKE,https://data.raspberryshake.org/fdsnws/dataselect/1/query,35.0,evaluator_event_reference,AM.R77C3.event.20260426T022451,3500,3500,0,3500,shared_event_window_across_target_snr_siblings
268,case-0268-noise-01,noise,1,AM,R77C3,00,EH?,2025-06-07T23:29:23.583000Z,2025-06-07T23:32:30.543000Z,RASPISHAKE,https://data.raspberryshake.org/fdsnws/dataselect/1/query,35.0,primary_noise_chunk,AM.R77C3.noise.20250607T232927,3500,3500,0,3500,shared_noise_sequence_across_target_snr_siblings
268,case-0268-noise-02,noise,2,AM,R77C3,00,EH?,2025-06-04T00:48:11.913000Z,2025-06-04T00:51:18.953000Z,RASPISHAKE,https://data.raspberryshake.org/fdsnws/dataselect/1/query,35.0,continuation_noise_chunk,AM.R77C3.noise.20250604T004815,3500,3500,3500,7000,shared_noise_sequence_across_target_snr_siblings
268,case-0268-noise-03,noise,3,AM,R77C3,00,EH?,2025-06-02T17:28:13.983000Z,2025-06-02T17:31:20.453000Z,RASPISHAKE,https://data.raspberryshake.org/fdsnws/dataselect/1/query,35.0,continuation_noise_chunk_truncated,AM.R77C3.noise.20250602T172817,3500,2000,7000,9000,shared_noise_sequence_across_target_snr_siblings
269,case-0269-event,event,0,AM,R77C3,00,EH?,2026-04-26T02:24:51.373000Z,2026-04-26T02:25:26.373000Z,RASPISHAKE,https://data.raspberryshake.org/fdsnws/dataselect/1/query,35.0,evaluator_event_reference,AM.R77C3.event.20260426T022451,3500,3500,0,3500,shared_event_window_across_target_snr_siblings
269,case-0269-noise-01,noise,1,AM,R77C3,00,EH?,2025-06-07T23:29:23.583000Z,2025-06-07T23:32:30.543000Z,RASPISHAKE,https://data.raspberryshake.org/fdsnws/dataselect/1/query,35.0,primary_noise_chunk,AM.R77C3.noise.20250607T232927,3500,3500,0,3500,shared_noise_sequence_across_target_snr_siblings
269,case-0269-noise-02,noise,2,AM,R77C3,00,EH?,2025-06-04T00:48:11.913000Z,2025-06-04T00:51:18.953000Z,RASPISHAKE,https://data.raspberryshake.org/fdsnws/dataselect/1/query,35.0,continuation_noise_chunk,AM.R77C3.noise.20250604T004815,3500,3500,3500,7000,shared_noise_sequence_across_target_snr_siblings
269,case-0269-noise-03,noise,3,AM,R77C3,00,EH?,2025-06-02T17:28:13.983000Z,2025-06-02T17:31:20.453000Z,RASPISHAKE,https://data.raspberryshake.org/fdsnws/dataselect/1/query,35.0,continuation_noise_chunk_truncated,AM.R77C3.noise.20250602T172817,3500,2000,7000,9000,shared_noise_sequence_across_target_snr_siblings
270,case-0270-event,event,0,AM,R77C3,00,EH?,2026-04-26T02:24:51.373000Z,2026-04-26T02:25:26.373000Z,RASPISHAKE,https://data.raspberryshake.org/fdsnws/dataselect/1/query,35.0,evaluator_event_reference,AM.R77C3.event.20260426T022451,3500,3500,0,3500,shared_event_window_across_target_snr_siblings
270,case-0270-noise-01,noise,1,AM,R77C3,00,EH?,2025-06-07T23:29:23.583000Z,2025-06-07T23:32:30.543000Z,RASPISHAKE,https://data.raspberryshake.org/fdsnws/dataselect/1/query,35.0,primary_noise_chunk,AM.R77C3.noise.20250607T232927,3500,3500,0,3500,shared_noise_sequence_across_target_snr_siblings
270,case-0270-noise-02,noise,2,AM,R77C3,00,EH?,2025-06-04T00:48:11.913000Z,2025-06-04T00:51:18.953000Z,RASPISHAKE,https://data.raspberryshake.org/fdsnws/dataselect/1/query,35.0,continuation_noise_chunk,AM.R77C3.noise.20250604T004815,3500,3500,3500,7000,shared_noise_sequence_across_target_snr_siblings
270,case-0270-noise-03,noise,3,AM,R77C3,00,EH?,2025-06-02T17:28:13.983000Z,2025-06-02T17:31:20.453000Z,RASPISHAKE,https://data.raspberryshake.org/fdsnws/dataselect/1/query,35.0,continuation_noise_chunk_truncated,AM.R77C3.noise.20250602T172817,3500,2000,7000,9000,shared_noise_sequence_across_target_snr_siblings
271,case-0271-event,event,0,AM,R77C3,00,EH?,2026-05-03T18:39:28.926000Z,2026-05-03T18:40:03.926000Z,RASPISHAKE,https://data.raspberryshake.org/fdsnws/dataselect/1/query,35.0,evaluator_event_reference,AM.R77C3.event.20260503T183928,3500,3500,0,3500,shared_event_window_across_target_snr_siblings
271,case-0271-noise-01,noise,1,AM,R77C3,00,EH?,2025-06-04T17:28:28.913000Z,2025-06-04T17:31:33.853000Z,RASPISHAKE,https://data.raspberryshake.org/fdsnws/dataselect/1/query,35.0,primary_noise_chunk,AM.R77C3.noise.20250604T172830,3500,3500,0,3500,shared_noise_sequence_across_target_snr_siblings
271,case-0271-noise-02,noise,2,AM,R77C3,00,EH?,2025-06-03T00:03:51.393000Z,2025-06-03T00:07:00.823000Z,RASPISHAKE,https://data.raspberryshake.org/fdsnws/dataselect/1/query,35.0,continuation_noise_chunk,AM.R77C3.noise.20250603T000356,3500,3500,3500,7000,shared_noise_sequence_across_target_snr_siblings
271,case-0271-noise-03,noise,3,AM,R77C3,00,EH?,2025-06-06T00:40:39.143000Z,2025-06-06T00:43:45.863000Z,RASPISHAKE,https://data.raspberryshake.org/fdsnws/dataselect/1/query,35.0,continuation_noise_chunk_truncated,AM.R77C3.noise.20250606T004041,3500,2000,7000,9000,shared_noise_sequence_across_target_snr_siblings
272,case-0272-event,event,0,AM,R77C3,00,EH?,2026-05-03T18:39:28.926000Z,2026-05-03T18:40:03.926000Z,RASPISHAKE,https://data.raspberryshake.org/fdsnws/dataselect/1/query,35.0,evaluator_event_reference,AM.R77C3.event.20260503T183928,3500,3500,0,3500,shared_event_window_across_target_snr_siblings
272,case-0272-noise-01,noise,1,AM,R77C3,00,EH?,2025-06-04T17:28:28.913000Z,2025-06-04T17:31:33.853000Z,RASPISHAKE,https://data.raspberryshake.org/fdsnws/dataselect/1/query,35.0,primary_noise_chunk,AM.R77C3.noise.20250604T172830,3500,3500,0,3500,shared_noise_sequence_across_target_snr_siblings
272,case-0272-noise-02,noise,2,AM,R77C3,00,EH?,2025-06-03T00:03:51.393000Z,2025-06-03T00:07:00.823000Z,RASPISHAKE,https://data.raspberryshake.org/fdsnws/dataselect/1/query,35.0,continuation_noise_chunk,AM.R77C3.noise.20250603T000356,3500,3500,3500,7000,shared_noise_sequence_across_target_snr_siblings
272,case-0272-noise-03,noise,3,AM,R77C3,00,EH?,2025-06-06T00:40:39.143000Z,2025-06-06T00:43:45.863000Z,RASPISHAKE,https://data.raspberryshake.org/fdsnws/dataselect/1/query,35.0,continuation_noise_chunk_truncated,AM.R77C3.noise.20250606T004041,3500,2000,7000,9000,shared_noise_sequence_across_target_snr_siblings
273,case-0273-event,event,0,AM,R77C3,00,EH?,2026-05-03T18:39:28.926000Z,2026-05-03T18:40:03.926000Z,RASPISHAKE,https://data.raspberryshake.org/fdsnws/dataselect/1/query,35.0,evaluator_event_reference,AM.R77C3.event.20260503T183928,3500,3500,0,3500,shared_event_window_across_target_snr_siblings
273,case-0273-noise-01,noise,1,AM,R77C3,00,EH?,2025-06-04T17:28:28.913000Z,2025-06-04T17:31:33.853000Z,RASPISHAKE,https://data.raspberryshake.org/fdsnws/dataselect/1/query,35.0,primary_noise_chunk,AM.R77C3.noise.20250604T172830,3500,3500,0,3500,shared_noise_sequence_across_target_snr_siblings
273,case-0273-noise-02,noise,2,AM,R77C3,00,EH?,2025-06-03T00:03:51.393000Z,2025-06-03T00:07:00.823000Z,RASPISHAKE,https://data.raspberryshake.org/fdsnws/dataselect/1/query,35.0,continuation_noise_chunk,AM.R77C3.noise.20250603T000356,3500,3500,3500,7000,shared_noise_sequence_across_target_snr_siblings
273,case-0273-noise-03,noise,3,AM,R77C3,00,EH?,2025-06-06T00:40:39.143000Z,2025-06-06T00:43:45.863000Z,RASPISHAKE,https://data.raspberryshake.org/fdsnws/dataselect/1/query,35.0,continuation_noise_chunk_truncated,AM.R77C3.noise.20250606T004041,3500,2000,7000,9000,shared_noise_sequence_across_target_snr_siblings
274,case-0274-event,event,0,AM,R77C3,00,EH?,2026-05-20T14:16:06.196000Z,2026-05-20T14:16:41.196000Z,RASPISHAKE,https://data.raspberryshake.org/fdsnws/dataselect/1/query,35.0,evaluator_event_reference,AM.R77C3.event.20260520T141606,3500,3500,0,3500,shared_event_window_across_target_snr_siblings
274,case-0274-noise-01,noise,1,AM,R77C3,00,EH?,2025-06-04T00:48:11.913000Z,2025-06-04T00:51:18.953000Z,RASPISHAKE,https://data.raspberryshake.org/fdsnws/dataselect/1/query,35.0,primary_noise_chunk,AM.R77C3.noise.20250604T004815,3500,3500,0,3500,shared_noise_sequence_across_target_snr_siblings
274,case-0274-noise-02,noise,2,AM,R77C3,00,EH?,2025-06-10T11:38:05.133000Z,2025-06-10T11:41:10.623000Z,RASPISHAKE,https://data.raspberryshake.org/fdsnws/dataselect/1/query,35.0,continuation_noise_chunk,AM.R77C3.noise.20250610T113808,3500,3500,3500,7000,shared_noise_sequence_across_target_snr_siblings
274,case-0274-noise-03,noise,3,AM,R77C3,00,EH?,2025-06-09T03:14:03.843000Z,2025-06-09T03:17:10.933000Z,RASPISHAKE,https://data.raspberryshake.org/fdsnws/dataselect/1/query,35.0,continuation_noise_chunk_truncated,AM.R77C3.noise.20250609T031408,3500,2000,7000,9000,shared_noise_sequence_across_target_snr_siblings
275,case-0275-event,event,0,AM,R77C3,00,EH?,2026-05-20T14:16:06.196000Z,2026-05-20T14:16:41.196000Z,RASPISHAKE,https://data.raspberryshake.org/fdsnws/dataselect/1/query,35.0,evaluator_event_reference,AM.R77C3.event.20260520T141606,3500,3500,0,3500,shared_event_window_across_target_snr_siblings
275,case-0275-noise-01,noise,1,AM,R77C3,00,EH?,2025-06-04T00:48:11.913000Z,2025-06-04T00:51:18.953000Z,RASPISHAKE,https://data.raspberryshake.org/fdsnws/dataselect/1/query,35.0,primary_noise_chunk,AM.R77C3.noise.20250604T004815,3500,3500,0,3500,shared_noise_sequence_across_target_snr_siblings
275,case-0275-noise-02,noise,2,AM,R77C3,00,EH?,2025-06-10T11:38:05.133000Z,2025-06-10T11:41:10.623000Z,RASPISHAKE,https://data.raspberryshake.org/fdsnws/dataselect/1/query,35.0,continuation_noise_chunk,AM.R77C3.noise.20250610T113808,3500,3500,3500,7000,shared_noise_sequence_across_target_snr_siblings
275,case-0275-noise-03,noise,3,AM,R77C3,00,EH?,2025-06-09T03:14:03.843000Z,2025-06-09T03:17:10.933000Z,RASPISHAKE,https://data.raspberryshake.org/fdsnws/dataselect/1/query,35.0,continuation_noise_chunk_truncated,AM.R77C3.noise.20250609T031408,3500,2000,7000,9000,shared_noise_sequence_across_target_snr_siblings
276,case-0276-event,event,0,AM,R77C3,00,EH?,2026-05-20T14:16:06.196000Z,2026-05-20T14:16:41.196000Z,RASPISHAKE,https://data.raspberryshake.org/fdsnws/dataselect/1/query,35.0,evaluator_event_reference,AM.R77C3.event.20260520T141606,3500,3500,0,3500,shared_event_window_across_target_snr_siblings
276,case-0276-noise-01,noise,1,AM,R77C3,00,EH?,2025-06-04T00:48:11.913000Z,2025-06-04T00:51:18.953000Z,RASPISHAKE,https://data.raspberryshake.org/fdsnws/dataselect/1/query,35.0,primary_noise_chunk,AM.R77C3.noise.20250604T004815,3500,3500,0,3500,shared_noise_sequence_across_target_snr_siblings
276,case-0276-noise-02,noise,2,AM,R77C3,00,EH?,2025-06-10T11:38:05.133000Z,2025-06-10T11:41:10.623000Z,RASPISHAKE,https://data.raspberryshake.org/fdsnws/dataselect/1/query,35.0,continuation_noise_chunk,AM.R77C3.noise.20250610T113808,3500,3500,3500,7000,shared_noise_sequence_across_target_snr_siblings
276,case-0276-noise-03,noise,3,AM,R77C3,00,EH?,2025-06-09T03:14:03.843000Z,2025-06-09T03:17:10.933000Z,RASPISHAKE,https://data.raspberryshake.org/fdsnws/dataselect/1/query,35.0,continuation_noise_chunk_truncated,AM.R77C3.noise.20250609T031408,3500,2000,7000,9000,shared_noise_sequence_across_target_snr_siblings
277,case-0277-event,event,0,AM,R77C3,00,EH?,2026-05-21T03:52:34.447000Z,2026-05-21T03:53:09.447000Z,RASPISHAKE,https://data.raspberryshake.org/fdsnws/dataselect/1/query,35.0,evaluator_event_reference,AM.R77C3.event.20260521T035234,3500,3500,0,3500,shared_event_window_across_target_snr_siblings
277,case-0277-noise-01,noise,1,AM,R77C3,00,EH?,2025-06-01T00:23:41.233000Z,2025-06-01T00:26:47.453000Z,RASPISHAKE,https://data.raspberryshake.org/fdsnws/dataselect/1/query,35.0,primary_noise_chunk,AM.R77C3.noise.20250601T002345,3500,3500,0,3500,shared_noise_sequence_across_target_snr_siblings
277,case-0277-noise-02,noise,2,AM,R77C3,00,EH?,2025-06-06T00:40:39.143000Z,2025-06-06T00:43:45.863000Z,RASPISHAKE,https://data.raspberryshake.org/fdsnws/dataselect/1/query,35.0,continuation_noise_chunk,AM.R77C3.noise.20250606T004041,3500,3500,3500,7000,shared_noise_sequence_across_target_snr_siblings
277,case-0277-noise-03,noise,3,AM,R77C3,00,EH?,2025-06-07T14:44:15.743000Z,2025-06-07T14:47:21.393000Z,RASPISHAKE,https://data.raspberryshake.org/fdsnws/dataselect/1/query,35.0,continuation_noise_chunk_truncated,AM.R77C3.noise.20250607T144418,3500,2000,7000,9000,shared_noise_sequence_across_target_snr_siblings
278,case-0278-event,event,0,AM,R77C3,00,EH?,2026-05-21T03:52:34.447000Z,2026-05-21T03:53:09.447000Z,RASPISHAKE,https://data.raspberryshake.org/fdsnws/dataselect/1/query,35.0,evaluator_event_reference,AM.R77C3.event.20260521T035234,3500,3500,0,3500,shared_event_window_across_target_snr_siblings
278,case-0278-noise-01,noise,1,AM,R77C3,00,EH?,2025-06-01T00:23:41.233000Z,2025-06-01T00:26:47.453000Z,RASPISHAKE,https://data.raspberryshake.org/fdsnws/dataselect/1/query,35.0,primary_noise_chunk,AM.R77C3.noise.20250601T002345,3500,3500,0,3500,shared_noise_sequence_across_target_snr_siblings
278,case-0278-noise-02,noise,2,AM,R77C3,00,EH?,2025-06-06T00:40:39.143000Z,2025-06-06T00:43:45.863000Z,RASPISHAKE,https://data.raspberryshake.org/fdsnws/dataselect/1/query,35.0,continuation_noise_chunk,AM.R77C3.noise.20250606T004041,3500,3500,3500,7000,shared_noise_sequence_across_target_snr_siblings
278,case-0278-noise-03,noise,3,AM,R77C3,00,EH?,2025-06-07T14:44:15.743000Z,2025-06-07T14:47:21.393000Z,RASPISHAKE,https://data.raspberryshake.org/fdsnws/dataselect/1/query,35.0,continuation_noise_chunk_truncated,AM.R77C3.noise.20250607T144418,3500,2000,7000,9000,shared_noise_sequence_across_target_snr_siblings
279,case-0279-event,event,0,AM,R77C3,00,EH?,2026-05-21T03:52:34.447000Z,2026-05-21T03:53:09.447000Z,RASPISHAKE,https://data.raspberryshake.org/fdsnws/dataselect/1/query,35.0,evaluator_event_reference,AM.R77C3.event.20260521T035234,3500,3500,0,3500,shared_event_window_across_target_snr_siblings
279,case-0279-noise-01,noise,1,AM,R77C3,00,EH?,2025-06-01T00:23:41.233000Z,2025-06-01T00:26:47.453000Z,RASPISHAKE,https://data.raspberryshake.org/fdsnws/dataselect/1/query,35.0,primary_noise_chunk,AM.R77C3.noise.20250601T002345,3500,3500,0,3500,shared_noise_sequence_across_target_snr_siblings
279,case-0279-noise-02,noise,2,AM,R77C3,00,EH?,2025-06-06T00:40:39.143000Z,2025-06-06T00:43:45.863000Z,RASPISHAKE,https://data.raspberryshake.org/fdsnws/dataselect/1/query,35.0,continuation_noise_chunk,AM.R77C3.noise.20250606T004041,3500,3500,3500,7000,shared_noise_sequence_across_target_snr_siblings
279,case-0279-noise-03,noise,3,AM,R77C3,00,EH?,2025-06-07T14:44:15.743000Z,2025-06-07T14:47:21.393000Z,RASPISHAKE,https://data.raspberryshake.org/fdsnws/dataselect/1/query,35.0,continuation_noise_chunk_truncated,AM.R77C3.noise.20250607T144418,3500,2000,7000,9000,shared_noise_sequence_across_target_snr_siblings
280,case-0280-event,event,0,AM,R77C3,00,EH?,2026-05-23T00:14:47.111000Z,2026-05-23T00:15:22.111000Z,RASPISHAKE,https://data.raspberryshake.org/fdsnws/dataselect/1/query,35.0,evaluator_event_reference,AM.R77C3.event.20260523T001447,3500,3500,0,3500,shared_event_window_across_target_snr_siblings
280,case-0280-noise-01,noise,1,AM,R77C3,00,EH?,2025-06-03T00:03:51.393000Z,2025-06-03T00:07:00.823000Z,RASPISHAKE,https://data.raspberryshake.org/fdsnws/dataselect/1/query,35.0,primary_noise_chunk,AM.R77C3.noise.20250603T000356,3500,3500,0,3500,shared_noise_sequence_across_target_snr_siblings
280,case-0280-noise-02,noise,2,AM,R77C3,00,EH?,2025-06-10T22:22:10.743000Z,2025-06-10T22:25:16.853000Z,RASPISHAKE,https://data.raspberryshake.org/fdsnws/dataselect/1/query,35.0,continuation_noise_chunk,AM.R77C3.noise.20250610T222213,3500,3500,3500,7000,shared_noise_sequence_across_target_snr_siblings
280,case-0280-noise-03,noise,3,AM,R77C3,00,EH?,2025-06-01T15:15:14.703000Z,2025-06-01T15:18:20.043000Z,RASPISHAKE,https://data.raspberryshake.org/fdsnws/dataselect/1/query,35.0,continuation_noise_chunk_truncated,AM.R77C3.noise.20250601T151518,3500,2000,7000,9000,shared_noise_sequence_across_target_snr_siblings
281,case-0281-event,event,0,AM,R77C3,00,EH?,2026-05-23T00:14:47.111000Z,2026-05-23T00:15:22.111000Z,RASPISHAKE,https://data.raspberryshake.org/fdsnws/dataselect/1/query,35.0,evaluator_event_reference,AM.R77C3.event.20260523T001447,3500,3500,0,3500,shared_event_window_across_target_snr_siblings
281,case-0281-noise-01,noise,1,AM,R77C3,00,EH?,2025-06-03T00:03:51.393000Z,2025-06-03T00:07:00.823000Z,RASPISHAKE,https://data.raspberryshake.org/fdsnws/dataselect/1/query,35.0,primary_noise_chunk,AM.R77C3.noise.20250603T000356,3500,3500,0,3500,shared_noise_sequence_across_target_snr_siblings
281,case-0281-noise-02,noise,2,AM,R77C3,00,EH?,2025-06-10T22:22:10.743000Z,2025-06-10T22:25:16.853000Z,RASPISHAKE,https://data.raspberryshake.org/fdsnws/dataselect/1/query,35.0,continuation_noise_chunk,AM.R77C3.noise.20250610T222213,3500,3500,3500,7000,shared_noise_sequence_across_target_snr_siblings
281,case-0281-noise-03,noise,3,AM,R77C3,00,EH?,2025-06-01T15:15:14.703000Z,2025-06-01T15:18:20.043000Z,RASPISHAKE,https://data.raspberryshake.org/fdsnws/dataselect/1/query,35.0,continuation_noise_chunk_truncated,AM.R77C3.noise.20250601T151518,3500,2000,7000,9000,shared_noise_sequence_across_target_snr_siblings
282,case-0282-event,event,0,AM,R77C3,00,EH?,2026-05-23T00:14:47.111000Z,2026-05-23T00:15:22.111000Z,RASPISHAKE,https://data.raspberryshake.org/fdsnws/dataselect/1/query,35.0,evaluator_event_reference,AM.R77C3.event.20260523T001447,3500,3500,0,3500,shared_event_window_across_target_snr_siblings
282,case-0282-noise-01,noise,1,AM,R77C3,00,EH?,2025-06-03T00:03:51.393000Z,2025-06-03T00:07:00.823000Z,RASPISHAKE,https://data.raspberryshake.org/fdsnws/dataselect/1/query,35.0,primary_noise_chunk,AM.R77C3.noise.20250603T000356,3500,3500,0,3500,shared_noise_sequence_across_target_snr_siblings
282,case-0282-noise-02,noise,2,AM,R77C3,00,EH?,2025-06-10T22:22:10.743000Z,2025-06-10T22:25:16.853000Z,RASPISHAKE,https://data.raspberryshake.org/fdsnws/dataselect/1/query,35.0,continuation_noise_chunk,AM.R77C3.noise.20250610T222213,3500,3500,3500,7000,shared_noise_sequence_across_target_snr_siblings
282,case-0282-noise-03,noise,3,AM,R77C3,00,EH?,2025-06-01T15:15:14.703000Z,2025-06-01T15:18:20.043000Z,RASPISHAKE,https://data.raspberryshake.org/fdsnws/dataselect/1/query,35.0,continuation_noise_chunk_truncated,AM.R77C3.noise.20250601T151518,3500,2000,7000,9000,shared_noise_sequence_across_target_snr_siblings
283,case-0283-event,event,0,AM,R77C3,00,EH?,2026-05-25T15:26:34.449000Z,2026-05-25T15:27:09.449000Z,RASPISHAKE,https://data.raspberryshake.org/fdsnws/dataselect/1/query,35.0,evaluator_event_reference,AM.R77C3.event.20260525T152634,3500,3500,0,3500,shared_event_window_across_target_snr_siblings
283,case-0283-noise-01,noise,1,AM,R77C3,00,EH?,2025-06-01T00:58:48.093000Z,2025-06-01T01:01:56.413000Z,RASPISHAKE,https://data.raspberryshake.org/fdsnws/dataselect/1/query,35.0,primary_noise_chunk,AM.R77C3.noise.20250601T005852,3500,3500,0,3500,shared_noise_sequence_across_target_snr_siblings
283,case-0283-noise-02,noise,2,AM,R77C3,00,EH?,2025-06-01T06:27:38.893000Z,2025-06-01T06:30:45.593000Z,RASPISHAKE,https://data.raspberryshake.org/fdsnws/dataselect/1/query,35.0,continuation_noise_chunk,AM.R77C3.noise.20250601T062741,3500,3500,3500,7000,shared_noise_sequence_across_target_snr_siblings
283,case-0283-noise-03,noise,3,AM,R77C3,00,EH?,2025-06-08T16:29:15.433000Z,2025-06-08T16:32:21.953000Z,RASPISHAKE,https://data.raspberryshake.org/fdsnws/dataselect/1/query,35.0,continuation_noise_chunk_truncated,AM.R77C3.noise.20250608T162917,3500,2000,7000,9000,shared_noise_sequence_across_target_snr_siblings
284,case-0284-event,event,0,AM,R77C3,00,EH?,2026-05-25T15:26:34.449000Z,2026-05-25T15:27:09.449000Z,RASPISHAKE,https://data.raspberryshake.org/fdsnws/dataselect/1/query,35.0,evaluator_event_reference,AM.R77C3.event.20260525T152634,3500,3500,0,3500,shared_event_window_across_target_snr_siblings
284,case-0284-noise-01,noise,1,AM,R77C3,00,EH?,2025-06-01T00:58:48.093000Z,2025-06-01T01:01:56.413000Z,RASPISHAKE,https://data.raspberryshake.org/fdsnws/dataselect/1/query,35.0,primary_noise_chunk,AM.R77C3.noise.20250601T005852,3500,3500,0,3500,shared_noise_sequence_across_target_snr_siblings
284,case-0284-noise-02,noise,2,AM,R77C3,00,EH?,2025-06-01T06:27:38.893000Z,2025-06-01T06:30:45.593000Z,RASPISHAKE,https://data.raspberryshake.org/fdsnws/dataselect/1/query,35.0,continuation_noise_chunk,AM.R77C3.noise.20250601T062741,3500,3500,3500,7000,shared_noise_sequence_across_target_snr_siblings
284,case-0284-noise-03,noise,3,AM,R77C3,00,EH?,2025-06-08T16:29:15.433000Z,2025-06-08T16:32:21.953000Z,RASPISHAKE,https://data.raspberryshake.org/fdsnws/dataselect/1/query,35.0,continuation_noise_chunk_truncated,AM.R77C3.noise.20250608T162917,3500,2000,7000,9000,shared_noise_sequence_across_target_snr_siblings
285,case-0285-event,event,0,AM,R77C3,00,EH?,2026-05-25T15:26:34.449000Z,2026-05-25T15:27:09.449000Z,RASPISHAKE,https://data.raspberryshake.org/fdsnws/dataselect/1/query,35.0,evaluator_event_reference,AM.R77C3.event.20260525T152634,3500,3500,0,3500,shared_event_window_across_target_snr_siblings
285,case-0285-noise-01,noise,1,AM,R77C3,00,EH?,2025-06-01T00:58:48.093000Z,2025-06-01T01:01:56.413000Z,RASPISHAKE,https://data.raspberryshake.org/fdsnws/dataselect/1/query,35.0,primary_noise_chunk,AM.R77C3.noise.20250601T005852,3500,3500,0,3500,shared_noise_sequence_across_target_snr_siblings
285,case-0285-noise-02,noise,2,AM,R77C3,00,EH?,2025-06-01T06:27:38.893000Z,2025-06-01T06:30:45.593000Z,RASPISHAKE,https://data.raspberryshake.org/fdsnws/dataselect/1/query,35.0,continuation_noise_chunk,AM.R77C3.noise.20250601T062741,3500,3500,3500,7000,shared_noise_sequence_across_target_snr_siblings
285,case-0285-noise-03,noise,3,AM,R77C3,00,EH?,2025-06-08T16:29:15.433000Z,2025-06-08T16:32:21.953000Z,RASPISHAKE,https://data.raspberryshake.org/fdsnws/dataselect/1/query,35.0,continuation_noise_chunk_truncated,AM.R77C3.noise.20250608T162917,3500,2000,7000,9000,shared_noise_sequence_across_target_snr_siblings
286,case-0286-event,event,0,AM,R77C3,00,EH?,2026-05-28T22:01:37.432000Z,2026-05-28T22:02:12.432000Z,RASPISHAKE,https://data.raspberryshake.org/fdsnws/dataselect/1/query,35.0,evaluator_event_reference,AM.R77C3.event.20260528T220137,3500,3500,0,3500,shared_event_window_across_target_snr_siblings
286,case-0286-noise-01,noise,1,AM,R77C3,00,EH?,2025-06-06T16:03:37.233000Z,2025-06-06T16:06:44.633000Z,RASPISHAKE,https://data.raspberryshake.org/fdsnws/dataselect/1/query,35.0,primary_noise_chunk,AM.R77C3.noise.20250606T160341,3500,3500,0,3500,shared_noise_sequence_across_target_snr_siblings
286,case-0286-noise-02,noise,2,AM,R77C3,00,EH?,2025-06-07T14:44:15.743000Z,2025-06-07T14:47:21.393000Z,RASPISHAKE,https://data.raspberryshake.org/fdsnws/dataselect/1/query,35.0,continuation_noise_chunk,AM.R77C3.noise.20250607T144418,3500,3500,3500,7000,shared_noise_sequence_across_target_snr_siblings
286,case-0286-noise-03,noise,3,AM,R77C3,00,EH?,2025-06-02T19:28:37.753000Z,2025-06-02T19:31:43.183000Z,RASPISHAKE,https://data.raspberryshake.org/fdsnws/dataselect/1/query,35.0,continuation_noise_chunk_truncated,AM.R77C3.noise.20250602T192840,3500,2000,7000,9000,shared_noise_sequence_across_target_snr_siblings
287,case-0287-event,event,0,AM,R77C3,00,EH?,2026-05-28T22:01:37.432000Z,2026-05-28T22:02:12.432000Z,RASPISHAKE,https://data.raspberryshake.org/fdsnws/dataselect/1/query,35.0,evaluator_event_reference,AM.R77C3.event.20260528T220137,3500,3500,0,3500,shared_event_window_across_target_snr_siblings
287,case-0287-noise-01,noise,1,AM,R77C3,00,EH?,2025-06-06T16:03:37.233000Z,2025-06-06T16:06:44.633000Z,RASPISHAKE,https://data.raspberryshake.org/fdsnws/dataselect/1/query,35.0,primary_noise_chunk,AM.R77C3.noise.20250606T160341,3500,3500,0,3500,shared_noise_sequence_across_target_snr_siblings
287,case-0287-noise-02,noise,2,AM,R77C3,00,EH?,2025-06-07T14:44:15.743000Z,2025-06-07T14:47:21.393000Z,RASPISHAKE,https://data.raspberryshake.org/fdsnws/dataselect/1/query,35.0,continuation_noise_chunk,AM.R77C3.noise.20250607T144418,3500,3500,3500,7000,shared_noise_sequence_across_target_snr_siblings
287,case-0287-noise-03,noise,3,AM,R77C3,00,EH?,2025-06-02T19:28:37.753000Z,2025-06-02T19:31:43.183000Z,RASPISHAKE,https://data.raspberryshake.org/fdsnws/dataselect/1/query,35.0,continuation_noise_chunk_truncated,AM.R77C3.noise.20250602T192840,3500,2000,7000,9000,shared_noise_sequence_across_target_snr_siblings
288,case-0288-event,event,0,AM,R77C3,00,EH?,2026-05-28T22:01:37.432000Z,2026-05-28T22:02:12.432000Z,RASPISHAKE,https://data.raspberryshake.org/fdsnws/dataselect/1/query,35.0,evaluator_event_reference,AM.R77C3.event.20260528T220137,3500,3500,0,3500,shared_event_window_across_target_snr_siblings
288,case-0288-noise-01,noise,1,AM,R77C3,00,EH?,2025-06-06T16:03:37.233000Z,2025-06-06T16:06:44.633000Z,RASPISHAKE,https://data.raspberryshake.org/fdsnws/dataselect/1/query,35.0,primary_noise_chunk,AM.R77C3.noise.20250606T160341,3500,3500,0,3500,shared_noise_sequence_across_target_snr_siblings
288,case-0288-noise-02,noise,2,AM,R77C3,00,EH?,2025-06-07T14:44:15.743000Z,2025-06-07T14:47:21.393000Z,RASPISHAKE,https://data.raspberryshake.org/fdsnws/dataselect/1/query,35.0,continuation_noise_chunk,AM.R77C3.noise.20250607T144418,3500,3500,3500,7000,shared_noise_sequence_across_target_snr_siblings
288,case-0288-noise-03,noise,3,AM,R77C3,00,EH?,2025-06-02T19:28:37.753000Z,2025-06-02T19:31:43.183000Z,RASPISHAKE,https://data.raspberryshake.org/fdsnws/dataselect/1/query,35.0,continuation_noise_chunk_truncated,AM.R77C3.noise.20250602T192840,3500,2000,7000,9000,shared_noise_sequence_across_target_snr_siblings
289,case-0289-event,event,0,AM,R7813,00,EH?,2025-07-15T09:00:42.505000Z,2025-07-15T09:01:17.505000Z,RASPISHAKE,https://data.raspberryshake.org/fdsnws/dataselect/1/query,35.0,evaluator_event_reference,AM.R7813.event.20250715T090042,3500,3500,0,3500,shared_event_window_across_target_snr_siblings
289,case-0289-noise-01,noise,1,AM,R7813,00,EH?,2025-06-03T22:23:39.495000Z,2025-06-03T22:26:47.065000Z,RASPISHAKE,https://data.raspberryshake.org/fdsnws/dataselect/1/query,35.0,primary_noise_chunk,AM.R7813.noise.20250603T222341,3500,3500,0,3500,shared_noise_sequence_across_target_snr_siblings
289,case-0289-noise-02,noise,2,AM,R7813,00,EH?,2025-06-06T16:03:37.125000Z,2025-06-06T16:06:43.355000Z,RASPISHAKE,https://data.raspberryshake.org/fdsnws/dataselect/1/query,35.0,continuation_noise_chunk,AM.R7813.noise.20250606T160341,3500,3500,3500,7000,shared_noise_sequence_across_target_snr_siblings
289,case-0289-noise-03,noise,3,AM,R7813,00,EH?,2025-06-10T22:22:08.845000Z,2025-06-10T22:25:15.885000Z,RASPISHAKE,https://data.raspberryshake.org/fdsnws/dataselect/1/query,35.0,continuation_noise_chunk_truncated,AM.R7813.noise.20250610T222213,3500,2000,7000,9000,shared_noise_sequence_across_target_snr_siblings
290,case-0290-event,event,0,AM,R7813,00,EH?,2025-07-15T09:00:42.505000Z,2025-07-15T09:01:17.505000Z,RASPISHAKE,https://data.raspberryshake.org/fdsnws/dataselect/1/query,35.0,evaluator_event_reference,AM.R7813.event.20250715T090042,3500,3500,0,3500,shared_event_window_across_target_snr_siblings
290,case-0290-noise-01,noise,1,AM,R7813,00,EH?,2025-06-03T22:23:39.495000Z,2025-06-03T22:26:47.065000Z,RASPISHAKE,https://data.raspberryshake.org/fdsnws/dataselect/1/query,35.0,primary_noise_chunk,AM.R7813.noise.20250603T222341,3500,3500,0,3500,shared_noise_sequence_across_target_snr_siblings
290,case-0290-noise-02,noise,2,AM,R7813,00,EH?,2025-06-06T16:03:37.125000Z,2025-06-06T16:06:43.355000Z,RASPISHAKE,https://data.raspberryshake.org/fdsnws/dataselect/1/query,35.0,continuation_noise_chunk,AM.R7813.noise.20250606T160341,3500,3500,3500,7000,shared_noise_sequence_across_target_snr_siblings
290,case-0290-noise-03,noise,3,AM,R7813,00,EH?,2025-06-10T22:22:08.845000Z,2025-06-10T22:25:15.885000Z,RASPISHAKE,https://data.raspberryshake.org/fdsnws/dataselect/1/query,35.0,continuation_noise_chunk_truncated,AM.R7813.noise.20250610T222213,3500,2000,7000,9000,shared_noise_sequence_across_target_snr_siblings
291,case-0291-event,event,0,AM,R7813,00,EH?,2025-07-15T09:00:42.505000Z,2025-07-15T09:01:17.505000Z,RASPISHAKE,https://data.raspberryshake.org/fdsnws/dataselect/1/query,35.0,evaluator_event_reference,AM.R7813.event.20250715T090042,3500,3500,0,3500,shared_event_window_across_target_snr_siblings
291,case-0291-noise-01,noise,1,AM,R7813,00,EH?,2025-06-03T22:23:39.495000Z,2025-06-03T22:26:47.065000Z,RASPISHAKE,https://data.raspberryshake.org/fdsnws/dataselect/1/query,35.0,primary_noise_chunk,AM.R7813.noise.20250603T222341,3500,3500,0,3500,shared_noise_sequence_across_target_snr_siblings
291,case-0291-noise-02,noise,2,AM,R7813,00,EH?,2025-06-06T16:03:37.125000Z,2025-06-06T16:06:43.355000Z,RASPISHAKE,https://data.raspberryshake.org/fdsnws/dataselect/1/query,35.0,continuation_noise_chunk,AM.R7813.noise.20250606T160341,3500,3500,3500,7000,shared_noise_sequence_across_target_snr_siblings
291,case-0291-noise-03,noise,3,AM,R7813,00,EH?,2025-06-10T22:22:08.845000Z,2025-06-10T22:25:15.885000Z,RASPISHAKE,https://data.raspberryshake.org/fdsnws/dataselect/1/query,35.0,continuation_noise_chunk_truncated,AM.R7813.noise.20250610T222213,3500,2000,7000,9000,shared_noise_sequence_across_target_snr_siblings
292,case-0292-event,event,0,AM,R7813,00,EH?,2025-08-21T04:01:36.645000Z,2025-08-21T04:02:11.645000Z,RASPISHAKE,https://data.raspberryshake.org/fdsnws/dataselect/1/query,35.0,evaluator_event_reference,AM.R7813.event.20250821T040136,3500,3500,0,3500,shared_event_window_across_target_snr_siblings
292,case-0292-noise-01,noise,1,AM,R7813,00,EH?,2025-06-03T22:23:39.495000Z,2025-06-03T22:26:47.065000Z,RASPISHAKE,https://data.raspberryshake.org/fdsnws/dataselect/1/query,35.0,primary_noise_chunk,AM.R7813.noise.20250603T222341,3500,3500,0,3500,shared_noise_sequence_across_target_snr_siblings
292,case-0292-noise-02,noise,2,AM,R7813,00,EH?,2025-06-10T22:22:08.845000Z,2025-06-10T22:25:15.885000Z,RASPISHAKE,https://data.raspberryshake.org/fdsnws/dataselect/1/query,35.0,continuation_noise_chunk,AM.R7813.noise.20250610T222213,3500,3500,3500,7000,shared_noise_sequence_across_target_snr_siblings
292,case-0292-noise-03,noise,3,AM,R7813,00,EH?,2025-06-10T11:38:06.195000Z,2025-06-10T11:41:13.335000Z,RASPISHAKE,https://data.raspberryshake.org/fdsnws/dataselect/1/query,35.0,continuation_noise_chunk_truncated,AM.R7813.noise.20250610T113808,3500,2000,7000,9000,shared_noise_sequence_across_target_snr_siblings
293,case-0293-event,event,0,AM,R7813,00,EH?,2025-08-21T04:01:36.645000Z,2025-08-21T04:02:11.645000Z,RASPISHAKE,https://data.raspberryshake.org/fdsnws/dataselect/1/query,35.0,evaluator_event_reference,AM.R7813.event.20250821T040136,3500,3500,0,3500,shared_event_window_across_target_snr_siblings
293,case-0293-noise-01,noise,1,AM,R7813,00,EH?,2025-06-03T22:23:39.495000Z,2025-06-03T22:26:47.065000Z,RASPISHAKE,https://data.raspberryshake.org/fdsnws/dataselect/1/query,35.0,primary_noise_chunk,AM.R7813.noise.20250603T222341,3500,3500,0,3500,shared_noise_sequence_across_target_snr_siblings
293,case-0293-noise-02,noise,2,AM,R7813,00,EH?,2025-06-10T22:22:08.845000Z,2025-06-10T22:25:15.885000Z,RASPISHAKE,https://data.raspberryshake.org/fdsnws/dataselect/1/query,35.0,continuation_noise_chunk,AM.R7813.noise.20250610T222213,3500,3500,3500,7000,shared_noise_sequence_across_target_snr_siblings
293,case-0293-noise-03,noise,3,AM,R7813,00,EH?,2025-06-10T11:38:06.195000Z,2025-06-10T11:41:13.335000Z,RASPISHAKE,https://data.raspberryshake.org/fdsnws/dataselect/1/query,35.0,continuation_noise_chunk_truncated,AM.R7813.noise.20250610T113808,3500,2000,7000,9000,shared_noise_sequence_across_target_snr_siblings
294,case-0294-event,event,0,AM,R7813,00,EH?,2025-08-21T04:01:36.645000Z,2025-08-21T04:02:11.645000Z,RASPISHAKE,https://data.raspberryshake.org/fdsnws/dataselect/1/query,35.0,evaluator_event_reference,AM.R7813.event.20250821T040136,3500,3500,0,3500,shared_event_window_across_target_snr_siblings
294,case-0294-noise-01,noise,1,AM,R7813,00,EH?,2025-06-03T22:23:39.495000Z,2025-06-03T22:26:47.065000Z,RASPISHAKE,https://data.raspberryshake.org/fdsnws/dataselect/1/query,35.0,primary_noise_chunk,AM.R7813.noise.20250603T222341,3500,3500,0,3500,shared_noise_sequence_across_target_snr_siblings
294,case-0294-noise-02,noise,2,AM,R7813,00,EH?,2025-06-10T22:22:08.845000Z,2025-06-10T22:25:15.885000Z,RASPISHAKE,https://data.raspberryshake.org/fdsnws/dataselect/1/query,35.0,continuation_noise_chunk,AM.R7813.noise.20250610T222213,3500,3500,3500,7000,shared_noise_sequence_across_target_snr_siblings
294,case-0294-noise-03,noise,3,AM,R7813,00,EH?,2025-06-10T11:38:06.195000Z,2025-06-10T11:41:13.335000Z,RASPISHAKE,https://data.raspberryshake.org/fdsnws/dataselect/1/query,35.0,continuation_noise_chunk_truncated,AM.R7813.noise.20250610T113808,3500,2000,7000,9000,shared_noise_sequence_across_target_snr_siblings
295,case-0295-event,event,0,AM,R7813,00,EH?,2025-09-17T21:58:19.904000Z,2025-09-17T21:58:54.904000Z,RASPISHAKE,https://data.raspberryshake.org/fdsnws/dataselect/1/query,35.0,evaluator_event_reference,AM.R7813.event.20250917T215819,3500,3500,0,3500,shared_event_window_across_target_snr_siblings
295,case-0295-noise-01,noise,1,AM,R7813,00,EH?,2025-06-05T10:07:21.975000Z,2025-06-05T10:10:28.885000Z,RASPISHAKE,https://data.raspberryshake.org/fdsnws/dataselect/1/query,35.0,primary_noise_chunk,AM.R7813.noise.20250605T100724,3500,3500,0,3500,shared_noise_sequence_across_target_snr_siblings
295,case-0295-noise-02,noise,2,AM,R7813,00,EH?,2025-06-04T20:32:01.465000Z,2025-06-04T20:35:09.855000Z,RASPISHAKE,https://data.raspberryshake.org/fdsnws/dataselect/1/query,35.0,continuation_noise_chunk,AM.R7813.noise.20250604T203205,3500,3500,3500,7000,shared_noise_sequence_across_target_snr_siblings
295,case-0295-noise-03,noise,3,AM,R7813,00,EH?,2025-06-06T02:58:32.315000Z,2025-06-06T03:01:41.135000Z,RASPISHAKE,https://data.raspberryshake.org/fdsnws/dataselect/1/query,35.0,continuation_noise_chunk_truncated,AM.R7813.noise.20250606T025835,3500,2000,7000,9000,shared_noise_sequence_across_target_snr_siblings
296,case-0296-event,event,0,AM,R7813,00,EH?,2025-09-17T21:58:19.904000Z,2025-09-17T21:58:54.904000Z,RASPISHAKE,https://data.raspberryshake.org/fdsnws/dataselect/1/query,35.0,evaluator_event_reference,AM.R7813.event.20250917T215819,3500,3500,0,3500,shared_event_window_across_target_snr_siblings
296,case-0296-noise-01,noise,1,AM,R7813,00,EH?,2025-06-05T10:07:21.975000Z,2025-06-05T10:10:28.885000Z,RASPISHAKE,https://data.raspberryshake.org/fdsnws/dataselect/1/query,35.0,primary_noise_chunk,AM.R7813.noise.20250605T100724,3500,3500,0,3500,shared_noise_sequence_across_target_snr_siblings
296,case-0296-noise-02,noise,2,AM,R7813,00,EH?,2025-06-04T20:32:01.465000Z,2025-06-04T20:35:09.855000Z,RASPISHAKE,https://data.raspberryshake.org/fdsnws/dataselect/1/query,35.0,continuation_noise_chunk,AM.R7813.noise.20250604T203205,3500,3500,3500,7000,shared_noise_sequence_across_target_snr_siblings
296,case-0296-noise-03,noise,3,AM,R7813,00,EH?,2025-06-06T02:58:32.315000Z,2025-06-06T03:01:41.135000Z,RASPISHAKE,https://data.raspberryshake.org/fdsnws/dataselect/1/query,35.0,continuation_noise_chunk_truncated,AM.R7813.noise.20250606T025835,3500,2000,7000,9000,shared_noise_sequence_across_target_snr_siblings
297,case-0297-event,event,0,AM,R7813,00,EH?,2025-09-17T21:58:19.904000Z,2025-09-17T21:58:54.904000Z,RASPISHAKE,https://data.raspberryshake.org/fdsnws/dataselect/1/query,35.0,evaluator_event_reference,AM.R7813.event.20250917T215819,3500,3500,0,3500,shared_event_window_across_target_snr_siblings
297,case-0297-noise-01,noise,1,AM,R7813,00,EH?,2025-06-05T10:07:21.975000Z,2025-06-05T10:10:28.885000Z,RASPISHAKE,https://data.raspberryshake.org/fdsnws/dataselect/1/query,35.0,primary_noise_chunk,AM.R7813.noise.20250605T100724,3500,3500,0,3500,shared_noise_sequence_across_target_snr_siblings
297,case-0297-noise-02,noise,2,AM,R7813,00,EH?,2025-06-04T20:32:01.465000Z,2025-06-04T20:35:09.855000Z,RASPISHAKE,https://data.raspberryshake.org/fdsnws/dataselect/1/query,35.0,continuation_noise_chunk,AM.R7813.noise.20250604T203205,3500,3500,3500,7000,shared_noise_sequence_across_target_snr_siblings
297,case-0297-noise-03,noise,3,AM,R7813,00,EH?,2025-06-06T02:58:32.315000Z,2025-06-06T03:01:41.135000Z,RASPISHAKE,https://data.raspberryshake.org/fdsnws/dataselect/1/query,35.0,continuation_noise_chunk_truncated,AM.R7813.noise.20250606T025835,3500,2000,7000,9000,shared_noise_sequence_across_target_snr_siblings
298,case-0298-event,event,0,AM,R7813,00,EH?,2026-02-16T04:14:11.344000Z,2026-02-16T04:14:46.344000Z,RASPISHAKE,https://data.raspberryshake.org/fdsnws/dataselect/1/query,35.0,evaluator_event_reference,AM.R7813.event.20260216T041411,3500,3500,0,3500,shared_event_window_across_target_snr_siblings
298,case-0298-noise-01,noise,1,AM,R7813,00,EH?,2025-06-06T15:29:57.035000Z,2025-06-06T15:33:04.335000Z,RASPISHAKE,https://data.raspberryshake.org/fdsnws/dataselect/1/query,35.0,primary_noise_chunk,AM.R7813.noise.20250606T153000,3500,3500,0,3500,shared_noise_sequence_across_target_snr_siblings
298,case-0298-noise-02,noise,2,AM,R7813,00,EH?,2025-06-09T07:25:46.275000Z,2025-06-09T07:28:53.075000Z,RASPISHAKE,https://data.raspberryshake.org/fdsnws/dataselect/1/query,35.0,continuation_noise_chunk,AM.R7813.noise.20250609T072549,3500,3500,3500,7000,shared_noise_sequence_across_target_snr_siblings
298,case-0298-noise-03,noise,3,AM,R7813,00,EH?,2025-06-04T20:32:01.465000Z,2025-06-04T20:35:09.855000Z,RASPISHAKE,https://data.raspberryshake.org/fdsnws/dataselect/1/query,35.0,continuation_noise_chunk_truncated,AM.R7813.noise.20250604T203205,3500,2000,7000,9000,shared_noise_sequence_across_target_snr_siblings
299,case-0299-event,event,0,AM,R7813,00,EH?,2026-02-16T04:14:11.344000Z,2026-02-16T04:14:46.344000Z,RASPISHAKE,https://data.raspberryshake.org/fdsnws/dataselect/1/query,35.0,evaluator_event_reference,AM.R7813.event.20260216T041411,3500,3500,0,3500,shared_event_window_across_target_snr_siblings
299,case-0299-noise-01,noise,1,AM,R7813,00,EH?,2025-06-06T15:29:57.035000Z,2025-06-06T15:33:04.335000Z,RASPISHAKE,https://data.raspberryshake.org/fdsnws/dataselect/1/query,35.0,primary_noise_chunk,AM.R7813.noise.20250606T153000,3500,3500,0,3500,shared_noise_sequence_across_target_snr_siblings
299,case-0299-noise-02,noise,2,AM,R7813,00,EH?,2025-06-09T07:25:46.275000Z,2025-06-09T07:28:53.075000Z,RASPISHAKE,https://data.raspberryshake.org/fdsnws/dataselect/1/query,35.0,continuation_noise_chunk,AM.R7813.noise.20250609T072549,3500,3500,3500,7000,shared_noise_sequence_across_target_snr_siblings
299,case-0299-noise-03,noise,3,AM,R7813,00,EH?,2025-06-04T20:32:01.465000Z,2025-06-04T20:35:09.855000Z,RASPISHAKE,https://data.raspberryshake.org/fdsnws/dataselect/1/query,35.0,continuation_noise_chunk_truncated,AM.R7813.noise.20250604T203205,3500,2000,7000,9000,shared_noise_sequence_across_target_snr_siblings
300,case-0300-event,event,0,AM,R7813,00,EH?,2026-02-16T04:14:11.344000Z,2026-02-16T04:14:46.344000Z,RASPISHAKE,https://data.raspberryshake.org/fdsnws/dataselect/1/query,35.0,evaluator_event_reference,AM.R7813.event.20260216T041411,3500,3500,0,3500,shared_event_window_across_target_snr_siblings
300,case-0300-noise-01,noise,1,AM,R7813,00,EH?,2025-06-06T15:29:57.035000Z,2025-06-06T15:33:04.335000Z,RASPISHAKE,https://data.raspberryshake.org/fdsnws/dataselect/1/query,35.0,primary_noise_chunk,AM.R7813.noise.20250606T153000,3500,3500,0,3500,shared_noise_sequence_across_target_snr_siblings
300,case-0300-noise-02,noise,2,AM,R7813,00,EH?,2025-06-09T07:25:46.275000Z,2025-06-09T07:28:53.075000Z,RASPISHAKE,https://data.raspberryshake.org/fdsnws/dataselect/1/query,35.0,continuation_noise_chunk,AM.R7813.noise.20250609T072549,3500,3500,3500,7000,shared_noise_sequence_across_target_snr_siblings
300,case-0300-noise-03,noise,3,AM,R7813,00,EH?,2025-06-04T20:32:01.465000Z,2025-06-04T20:35:09.855000Z,RASPISHAKE,https://data.raspberryshake.org/fdsnws/dataselect/1/query,35.0,continuation_noise_chunk_truncated,AM.R7813.noise.20250604T203205,3500,2000,7000,9000,shared_noise_sequence_across_target_snr_siblings
301,case-0301-event,event,0,AM,R7813,00,EH?,2026-03-15T20:21:41.894000Z,2026-03-15T20:22:16.894000Z,RASPISHAKE,https://data.raspberryshake.org/fdsnws/dataselect/1/query,35.0,evaluator_event_reference,AM.R7813.event.20260315T202141,3500,3500,0,3500,shared_event_window_across_target_snr_siblings
301,case-0301-noise-01,noise,1,AM,R7813,00,EH?,2025-06-09T07:25:46.275000Z,2025-06-09T07:28:53.075000Z,RASPISHAKE,https://data.raspberryshake.org/fdsnws/dataselect/1/query,35.0,primary_noise_chunk,AM.R7813.noise.20250609T072549,3500,3500,0,3500,shared_noise_sequence_across_target_snr_siblings
301,case-0301-noise-02,noise,2,AM,R7813,00,EH?,2025-06-05T12:58:00.185000Z,2025-06-05T13:01:07.705000Z,RASPISHAKE,https://data.raspberryshake.org/fdsnws/dataselect/1/query,35.0,continuation_noise_chunk,AM.R7813.noise.20250605T125804,3500,3500,3500,7000,shared_noise_sequence_across_target_snr_siblings
301,case-0301-noise-03,noise,3,AM,R7813,00,EH?,2025-06-04T17:28:26.845000Z,2025-06-04T17:31:34.875000Z,RASPISHAKE,https://data.raspberryshake.org/fdsnws/dataselect/1/query,35.0,continuation_noise_chunk_truncated,AM.R7813.noise.20250604T172830,3500,2000,7000,9000,shared_noise_sequence_across_target_snr_siblings
302,case-0302-event,event,0,AM,R7813,00,EH?,2026-03-15T20:21:41.894000Z,2026-03-15T20:22:16.894000Z,RASPISHAKE,https://data.raspberryshake.org/fdsnws/dataselect/1/query,35.0,evaluator_event_reference,AM.R7813.event.20260315T202141,3500,3500,0,3500,shared_event_window_across_target_snr_siblings
302,case-0302-noise-01,noise,1,AM,R7813,00,EH?,2025-06-09T07:25:46.275000Z,2025-06-09T07:28:53.075000Z,RASPISHAKE,https://data.raspberryshake.org/fdsnws/dataselect/1/query,35.0,primary_noise_chunk,AM.R7813.noise.20250609T072549,3500,3500,0,3500,shared_noise_sequence_across_target_snr_siblings
302,case-0302-noise-02,noise,2,AM,R7813,00,EH?,2025-06-05T12:58:00.185000Z,2025-06-05T13:01:07.705000Z,RASPISHAKE,https://data.raspberryshake.org/fdsnws/dataselect/1/query,35.0,continuation_noise_chunk,AM.R7813.noise.20250605T125804,3500,3500,3500,7000,shared_noise_sequence_across_target_snr_siblings
302,case-0302-noise-03,noise,3,AM,R7813,00,EH?,2025-06-04T17:28:26.845000Z,2025-06-04T17:31:34.875000Z,RASPISHAKE,https://data.raspberryshake.org/fdsnws/dataselect/1/query,35.0,continuation_noise_chunk_truncated,AM.R7813.noise.20250604T172830,3500,2000,7000,9000,shared_noise_sequence_across_target_snr_siblings
303,case-0303-event,event,0,AM,R7813,00,EH?,2026-03-15T20:21:41.894000Z,2026-03-15T20:22:16.894000Z,RASPISHAKE,https://data.raspberryshake.org/fdsnws/dataselect/1/query,35.0,evaluator_event_reference,AM.R7813.event.20260315T202141,3500,3500,0,3500,shared_event_window_across_target_snr_siblings
303,case-0303-noise-01,noise,1,AM,R7813,00,EH?,2025-06-09T07:25:46.275000Z,2025-06-09T07:28:53.075000Z,RASPISHAKE,https://data.raspberryshake.org/fdsnws/dataselect/1/query,35.0,primary_noise_chunk,AM.R7813.noise.20250609T072549,3500,3500,0,3500,shared_noise_sequence_across_target_snr_siblings
303,case-0303-noise-02,noise,2,AM,R7813,00,EH?,2025-06-05T12:58:00.185000Z,2025-06-05T13:01:07.705000Z,RASPISHAKE,https://data.raspberryshake.org/fdsnws/dataselect/1/query,35.0,continuation_noise_chunk,AM.R7813.noise.20250605T125804,3500,3500,3500,7000,shared_noise_sequence_across_target_snr_siblings
303,case-0303-noise-03,noise,3,AM,R7813,00,EH?,2025-06-04T17:28:26.845000Z,2025-06-04T17:31:34.875000Z,RASPISHAKE,https://data.raspberryshake.org/fdsnws/dataselect/1/query,35.0,continuation_noise_chunk_truncated,AM.R7813.noise.20250604T172830,3500,2000,7000,9000,shared_noise_sequence_across_target_snr_siblings
304,case-0304-event,event,0,AM,R7813,00,EH?,2026-03-30T01:28:45.329000Z,2026-03-30T01:29:20.329000Z,RASPISHAKE,https://data.raspberryshake.org/fdsnws/dataselect/1/query,35.0,evaluator_event_reference,AM.R7813.event.20260330T012845,3500,3500,0,3500,shared_event_window_across_target_snr_siblings
304,case-0304-noise-01,noise,1,AM,R7813,00,EH?,2025-06-01T00:58:50.355000Z,2025-06-01T01:01:57.905000Z,RASPISHAKE,https://data.raspberryshake.org/fdsnws/dataselect/1/query,35.0,primary_noise_chunk,AM.R7813.noise.20250601T005852,3500,3500,0,3500,shared_noise_sequence_across_target_snr_siblings
304,case-0304-noise-02,noise,2,AM,R7813,00,EH?,2025-06-09T17:16:43.075000Z,2025-06-09T17:19:50.855000Z,RASPISHAKE,https://data.raspberryshake.org/fdsnws/dataselect/1/query,35.0,continuation_noise_chunk,AM.R7813.noise.20250609T171646,3500,3500,3500,7000,shared_noise_sequence_across_target_snr_siblings
304,case-0304-noise-03,noise,3,AM,R7813,00,EH?,2025-06-06T15:29:57.035000Z,2025-06-06T15:33:04.335000Z,RASPISHAKE,https://data.raspberryshake.org/fdsnws/dataselect/1/query,35.0,continuation_noise_chunk_truncated,AM.R7813.noise.20250606T153000,3500,2000,7000,9000,shared_noise_sequence_across_target_snr_siblings
305,case-0305-event,event,0,AM,R7813,00,EH?,2026-03-30T01:28:45.329000Z,2026-03-30T01:29:20.329000Z,RASPISHAKE,https://data.raspberryshake.org/fdsnws/dataselect/1/query,35.0,evaluator_event_reference,AM.R7813.event.20260330T012845,3500,3500,0,3500,shared_event_window_across_target_snr_siblings
305,case-0305-noise-01,noise,1,AM,R7813,00,EH?,2025-06-01T00:58:50.355000Z,2025-06-01T01:01:57.905000Z,RASPISHAKE,https://data.raspberryshake.org/fdsnws/dataselect/1/query,35.0,primary_noise_chunk,AM.R7813.noise.20250601T005852,3500,3500,0,3500,shared_noise_sequence_across_target_snr_siblings
305,case-0305-noise-02,noise,2,AM,R7813,00,EH?,2025-06-09T17:16:43.075000Z,2025-06-09T17:19:50.855000Z,RASPISHAKE,https://data.raspberryshake.org/fdsnws/dataselect/1/query,35.0,continuation_noise_chunk,AM.R7813.noise.20250609T171646,3500,3500,3500,7000,shared_noise_sequence_across_target_snr_siblings
305,case-0305-noise-03,noise,3,AM,R7813,00,EH?,2025-06-06T15:29:57.035000Z,2025-06-06T15:33:04.335000Z,RASPISHAKE,https://data.raspberryshake.org/fdsnws/dataselect/1/query,35.0,continuation_noise_chunk_truncated,AM.R7813.noise.20250606T153000,3500,2000,7000,9000,shared_noise_sequence_across_target_snr_siblings
306,case-0306-event,event,0,AM,R7813,00,EH?,2026-03-30T01:28:45.329000Z,2026-03-30T01:29:20.329000Z,RASPISHAKE,https://data.raspberryshake.org/fdsnws/dataselect/1/query,35.0,evaluator_event_reference,AM.R7813.event.20260330T012845,3500,3500,0,3500,shared_event_window_across_target_snr_siblings
306,case-0306-noise-01,noise,1,AM,R7813,00,EH?,2025-06-01T00:58:50.355000Z,2025-06-01T01:01:57.905000Z,RASPISHAKE,https://data.raspberryshake.org/fdsnws/dataselect/1/query,35.0,primary_noise_chunk,AM.R7813.noise.20250601T005852,3500,3500,0,3500,shared_noise_sequence_across_target_snr_siblings
306,case-0306-noise-02,noise,2,AM,R7813,00,EH?,2025-06-09T17:16:43.075000Z,2025-06-09T17:19:50.855000Z,RASPISHAKE,https://data.raspberryshake.org/fdsnws/dataselect/1/query,35.0,continuation_noise_chunk,AM.R7813.noise.20250609T171646,3500,3500,3500,7000,shared_noise_sequence_across_target_snr_siblings
306,case-0306-noise-03,noise,3,AM,R7813,00,EH?,2025-06-06T15:29:57.035000Z,2025-06-06T15:33:04.335000Z,RASPISHAKE,https://data.raspberryshake.org/fdsnws/dataselect/1/query,35.0,continuation_noise_chunk_truncated,AM.R7813.noise.20250606T153000,3500,2000,7000,9000,shared_noise_sequence_across_target_snr_siblings
307,case-0307-event,event,0,AM,R7813,00,EH?,2026-04-23T18:00:27.329000Z,2026-04-23T18:01:02.329000Z,RASPISHAKE,https://data.raspberryshake.org/fdsnws/dataselect/1/query,35.0,evaluator_event_reference,AM.R7813.event.20260423T180027,3500,3500,0,3500,shared_event_window_across_target_snr_siblings
307,case-0307-noise-01,noise,1,AM,R7813,00,EH?,2025-06-07T23:52:55.965000Z,2025-06-07T23:56:02.015000Z,RASPISHAKE,https://data.raspberryshake.org/fdsnws/dataselect/1/query,35.0,primary_noise_chunk,AM.R7813.noise.20250607T235259,3500,3500,0,3500,shared_noise_sequence_across_target_snr_siblings
307,case-0307-noise-02,noise,2,AM,R7813,00,EH?,2025-06-07T09:11:16.945000Z,2025-06-07T09:14:25.545000Z,RASPISHAKE,https://data.raspberryshake.org/fdsnws/dataselect/1/query,35.0,continuation_noise_chunk,AM.R7813.noise.20250607T091120,3500,3500,3500,7000,shared_noise_sequence_across_target_snr_siblings
307,case-0307-noise-03,noise,3,AM,R7813,00,EH?,2025-06-05T07:10:38.155000Z,2025-06-05T07:13:45.675000Z,RASPISHAKE,https://data.raspberryshake.org/fdsnws/dataselect/1/query,35.0,continuation_noise_chunk_truncated,AM.R7813.noise.20250605T071041,3500,2000,7000,9000,shared_noise_sequence_across_target_snr_siblings
308,case-0308-event,event,0,AM,R7813,00,EH?,2026-04-23T18:00:27.329000Z,2026-04-23T18:01:02.329000Z,RASPISHAKE,https://data.raspberryshake.org/fdsnws/dataselect/1/query,35.0,evaluator_event_reference,AM.R7813.event.20260423T180027,3500,3500,0,3500,shared_event_window_across_target_snr_siblings
308,case-0308-noise-01,noise,1,AM,R7813,00,EH?,2025-06-07T23:52:55.965000Z,2025-06-07T23:56:02.015000Z,RASPISHAKE,https://data.raspberryshake.org/fdsnws/dataselect/1/query,35.0,primary_noise_chunk,AM.R7813.noise.20250607T235259,3500,3500,0,3500,shared_noise_sequence_across_target_snr_siblings
308,case-0308-noise-02,noise,2,AM,R7813,00,EH?,2025-06-07T09:11:16.945000Z,2025-06-07T09:14:25.545000Z,RASPISHAKE,https://data.raspberryshake.org/fdsnws/dataselect/1/query,35.0,continuation_noise_chunk,AM.R7813.noise.20250607T091120,3500,3500,3500,7000,shared_noise_sequence_across_target_snr_siblings
308,case-0308-noise-03,noise,3,AM,R7813,00,EH?,2025-06-05T07:10:38.155000Z,2025-06-05T07:13:45.675000Z,RASPISHAKE,https://data.raspberryshake.org/fdsnws/dataselect/1/query,35.0,continuation_noise_chunk_truncated,AM.R7813.noise.20250605T071041,3500,2000,7000,9000,shared_noise_sequence_across_target_snr_siblings
309,case-0309-event,event,0,AM,R7813,00,EH?,2026-04-23T18:00:27.329000Z,2026-04-23T18:01:02.329000Z,RASPISHAKE,https://data.raspberryshake.org/fdsnws/dataselect/1/query,35.0,evaluator_event_reference,AM.R7813.event.20260423T180027,3500,3500,0,3500,shared_event_window_across_target_snr_siblings
309,case-0309-noise-01,noise,1,AM,R7813,00,EH?,2025-06-07T23:52:55.965000Z,2025-06-07T23:56:02.015000Z,RASPISHAKE,https://data.raspberryshake.org/fdsnws/dataselect/1/query,35.0,primary_noise_chunk,AM.R7813.noise.20250607T235259,3500,3500,0,3500,shared_noise_sequence_across_target_snr_siblings
309,case-0309-noise-02,noise,2,AM,R7813,00,EH?,2025-06-07T09:11:16.945000Z,2025-06-07T09:14:25.545000Z,RASPISHAKE,https://data.raspberryshake.org/fdsnws/dataselect/1/query,35.0,continuation_noise_chunk,AM.R7813.noise.20250607T091120,3500,3500,3500,7000,shared_noise_sequence_across_target_snr_siblings
309,case-0309-noise-03,noise,3,AM,R7813,00,EH?,2025-06-05T07:10:38.155000Z,2025-06-05T07:13:45.675000Z,RASPISHAKE,https://data.raspberryshake.org/fdsnws/dataselect/1/query,35.0,continuation_noise_chunk_truncated,AM.R7813.noise.20250605T071041,3500,2000,7000,9000,shared_noise_sequence_across_target_snr_siblings
310,case-0310-event,event,0,AM,R7813,00,EH?,2026-05-19T06:48:20.859000Z,2026-05-19T06:48:55.859000Z,RASPISHAKE,https://data.raspberryshake.org/fdsnws/dataselect/1/query,35.0,evaluator_event_reference,AM.R7813.event.20260519T064820,3500,3500,0,3500,shared_event_window_across_target_snr_siblings
310,case-0310-noise-01,noise,1,AM,R7813,00,EH?,2025-06-07T23:52:55.965000Z,2025-06-07T23:56:02.015000Z,RASPISHAKE,https://data.raspberryshake.org/fdsnws/dataselect/1/query,35.0,primary_noise_chunk,AM.R7813.noise.20250607T235259,3500,3500,0,3500,shared_noise_sequence_across_target_snr_siblings
310,case-0310-noise-02,noise,2,AM,R7813,00,EH?,2025-06-02T14:31:39.265000Z,2025-06-02T14:34:46.845000Z,RASPISHAKE,https://data.raspberryshake.org/fdsnws/dataselect/1/query,35.0,continuation_noise_chunk,AM.R7813.noise.20250602T143144,3500,3500,3500,7000,shared_noise_sequence_across_target_snr_siblings
310,case-0310-noise-03,noise,3,AM,R7813,00,EH?,2025-06-01T00:23:41.335000Z,2025-06-01T00:26:49.155000Z,RASPISHAKE,https://data.raspberryshake.org/fdsnws/dataselect/1/query,35.0,continuation_noise_chunk_truncated,AM.R7813.noise.20250601T002345,3500,2000,7000,9000,shared_noise_sequence_across_target_snr_siblings
311,case-0311-event,event,0,AM,R7813,00,EH?,2026-05-19T06:48:20.859000Z,2026-05-19T06:48:55.859000Z,RASPISHAKE,https://data.raspberryshake.org/fdsnws/dataselect/1/query,35.0,evaluator_event_reference,AM.R7813.event.20260519T064820,3500,3500,0,3500,shared_event_window_across_target_snr_siblings
311,case-0311-noise-01,noise,1,AM,R7813,00,EH?,2025-06-07T23:52:55.965000Z,2025-06-07T23:56:02.015000Z,RASPISHAKE,https://data.raspberryshake.org/fdsnws/dataselect/1/query,35.0,primary_noise_chunk,AM.R7813.noise.20250607T235259,3500,3500,0,3500,shared_noise_sequence_across_target_snr_siblings
311,case-0311-noise-02,noise,2,AM,R7813,00,EH?,2025-06-02T14:31:39.265000Z,2025-06-02T14:34:46.845000Z,RASPISHAKE,https://data.raspberryshake.org/fdsnws/dataselect/1/query,35.0,continuation_noise_chunk,AM.R7813.noise.20250602T143144,3500,3500,3500,7000,shared_noise_sequence_across_target_snr_siblings
311,case-0311-noise-03,noise,3,AM,R7813,00,EH?,2025-06-01T00:23:41.335000Z,2025-06-01T00:26:49.155000Z,RASPISHAKE,https://data.raspberryshake.org/fdsnws/dataselect/1/query,35.0,continuation_noise_chunk_truncated,AM.R7813.noise.20250601T002345,3500,2000,7000,9000,shared_noise_sequence_across_target_snr_siblings
312,case-0312-event,event,0,AM,R7813,00,EH?,2026-05-19T06:48:20.859000Z,2026-05-19T06:48:55.859000Z,RASPISHAKE,https://data.raspberryshake.org/fdsnws/dataselect/1/query,35.0,evaluator_event_reference,AM.R7813.event.20260519T064820,3500,3500,0,3500,shared_event_window_across_target_snr_siblings
312,case-0312-noise-01,noise,1,AM,R7813,00,EH?,2025-06-07T23:52:55.965000Z,2025-06-07T23:56:02.015000Z,RASPISHAKE,https://data.raspberryshake.org/fdsnws/dataselect/1/query,35.0,primary_noise_chunk,AM.R7813.noise.20250607T235259,3500,3500,0,3500,shared_noise_sequence_across_target_snr_siblings
312,case-0312-noise-02,noise,2,AM,R7813,00,EH?,2025-06-02T14:31:39.265000Z,2025-06-02T14:34:46.845000Z,RASPISHAKE,https://data.raspberryshake.org/fdsnws/dataselect/1/query,35.0,continuation_noise_chunk,AM.R7813.noise.20250602T143144,3500,3500,3500,7000,shared_noise_sequence_across_target_snr_siblings
312,case-0312-noise-03,noise,3,AM,R7813,00,EH?,2025-06-01T00:23:41.335000Z,2025-06-01T00:26:49.155000Z,RASPISHAKE,https://data.raspberryshake.org/fdsnws/dataselect/1/query,35.0,continuation_noise_chunk_truncated,AM.R7813.noise.20250601T002345,3500,2000,7000,9000,shared_noise_sequence_across_target_snr_siblings
313,case-0313-event,event,0,AM,R7BF6,00,EH?,2025-10-25T19:51:18.476000Z,2025-10-25T19:51:53.476000Z,RASPISHAKE,https://data.raspberryshake.org/fdsnws/dataselect/1/query,35.0,evaluator_event_reference,AM.R7BF6.event.20251025T195118,3500,3500,0,3500,shared_event_window_across_target_snr_siblings
313,case-0313-noise-01,noise,1,AM,R7BF6,00,EH?,2025-06-02T14:31:43.026000Z,2025-06-02T14:34:46.486000Z,RASPISHAKE,https://data.raspberryshake.org/fdsnws/dataselect/1/query,35.0,primary_noise_chunk,AM.R7BF6.noise.20250602T143144,3500,3500,0,3500,shared_noise_sequence_across_target_snr_siblings
313,case-0313-noise-02,noise,2,AM,R7BF6,00,EH?,2025-06-09T07:25:47.096000Z,2025-06-09T07:28:51.076000Z,RASPISHAKE,https://data.raspberryshake.org/fdsnws/dataselect/1/query,35.0,continuation_noise_chunk,AM.R7BF6.noise.20250609T072549,3500,3500,3500,7000,shared_noise_sequence_across_target_snr_siblings
313,case-0313-noise-03,noise,3,AM,R7BF6,00,EH?,2025-06-02T17:28:15.106000Z,2025-06-02T17:31:17.756000Z,RASPISHAKE,https://data.raspberryshake.org/fdsnws/dataselect/1/query,35.0,continuation_noise_chunk_truncated,AM.R7BF6.noise.20250602T172817,3500,2000,7000,9000,shared_noise_sequence_across_target_snr_siblings
314,case-0314-event,event,0,AM,R7BF6,00,EH?,2025-10-25T19:51:18.476000Z,2025-10-25T19:51:53.476000Z,RASPISHAKE,https://data.raspberryshake.org/fdsnws/dataselect/1/query,35.0,evaluator_event_reference,AM.R7BF6.event.20251025T195118,3500,3500,0,3500,shared_event_window_across_target_snr_siblings
314,case-0314-noise-01,noise,1,AM,R7BF6,00,EH?,2025-06-02T14:31:43.026000Z,2025-06-02T14:34:46.486000Z,RASPISHAKE,https://data.raspberryshake.org/fdsnws/dataselect/1/query,35.0,primary_noise_chunk,AM.R7BF6.noise.20250602T143144,3500,3500,0,3500,shared_noise_sequence_across_target_snr_siblings
314,case-0314-noise-02,noise,2,AM,R7BF6,00,EH?,2025-06-09T07:25:47.096000Z,2025-06-09T07:28:51.076000Z,RASPISHAKE,https://data.raspberryshake.org/fdsnws/dataselect/1/query,35.0,continuation_noise_chunk,AM.R7BF6.noise.20250609T072549,3500,3500,3500,7000,shared_noise_sequence_across_target_snr_siblings
314,case-0314-noise-03,noise,3,AM,R7BF6,00,EH?,2025-06-02T17:28:15.106000Z,2025-06-02T17:31:17.756000Z,RASPISHAKE,https://data.raspberryshake.org/fdsnws/dataselect/1/query,35.0,continuation_noise_chunk_truncated,AM.R7BF6.noise.20250602T172817,3500,2000,7000,9000,shared_noise_sequence_across_target_snr_siblings
315,case-0315-event,event,0,AM,R7BF6,00,EH?,2025-10-25T19:51:18.476000Z,2025-10-25T19:51:53.476000Z,RASPISHAKE,https://data.raspberryshake.org/fdsnws/dataselect/1/query,35.0,evaluator_event_reference,AM.R7BF6.event.20251025T195118,3500,3500,0,3500,shared_event_window_across_target_snr_siblings
315,case-0315-noise-01,noise,1,AM,R7BF6,00,EH?,2025-06-02T14:31:43.026000Z,2025-06-02T14:34:46.486000Z,RASPISHAKE,https://data.raspberryshake.org/fdsnws/dataselect/1/query,35.0,primary_noise_chunk,AM.R7BF6.noise.20250602T143144,3500,3500,0,3500,shared_noise_sequence_across_target_snr_siblings
315,case-0315-noise-02,noise,2,AM,R7BF6,00,EH?,2025-06-09T07:25:47.096000Z,2025-06-09T07:28:51.076000Z,RASPISHAKE,https://data.raspberryshake.org/fdsnws/dataselect/1/query,35.0,continuation_noise_chunk,AM.R7BF6.noise.20250609T072549,3500,3500,3500,7000,shared_noise_sequence_across_target_snr_siblings
315,case-0315-noise-03,noise,3,AM,R7BF6,00,EH?,2025-06-02T17:28:15.106000Z,2025-06-02T17:31:17.756000Z,RASPISHAKE,https://data.raspberryshake.org/fdsnws/dataselect/1/query,35.0,continuation_noise_chunk_truncated,AM.R7BF6.noise.20250602T172817,3500,2000,7000,9000,shared_noise_sequence_across_target_snr_siblings
316,case-0316-event,event,0,AM,R7BF6,00,EH?,2025-11-18T12:37:52.326000Z,2025-11-18T12:38:27.326000Z,RASPISHAKE,https://data.raspberryshake.org/fdsnws/dataselect/1/query,35.0,evaluator_event_reference,AM.R7BF6.event.20251118T123752,3500,3500,0,3500,shared_event_window_across_target_snr_siblings
316,case-0316-noise-01,noise,1,AM,R7BF6,00,EH?,2025-06-08T09:18:50.786000Z,2025-06-08T09:21:54.556000Z,RASPISHAKE,https://data.raspberryshake.org/fdsnws/dataselect/1/query,35.0,primary_noise_chunk,AM.R7BF6.noise.20250608T091852,3500,3500,0,3500,shared_noise_sequence_across_target_snr_siblings
316,case-0316-noise-02,noise,2,AM,R7BF6,00,EH?,2025-06-07T23:29:24.926000Z,2025-06-07T23:32:29.116000Z,RASPISHAKE,https://data.raspberryshake.org/fdsnws/dataselect/1/query,35.0,continuation_noise_chunk,AM.R7BF6.noise.20250607T232927,3500,3500,3500,7000,shared_noise_sequence_across_target_snr_siblings
316,case-0316-noise-03,noise,3,AM,R7BF6,00,EH?,2025-06-08T15:34:40.806000Z,2025-06-08T15:37:44.706000Z,RASPISHAKE,https://data.raspberryshake.org/fdsnws/dataselect/1/query,35.0,continuation_noise_chunk_truncated,AM.R7BF6.noise.20250608T153442,3500,2000,7000,9000,shared_noise_sequence_across_target_snr_siblings
317,case-0317-event,event,0,AM,R7BF6,00,EH?,2025-11-18T12:37:52.326000Z,2025-11-18T12:38:27.326000Z,RASPISHAKE,https://data.raspberryshake.org/fdsnws/dataselect/1/query,35.0,evaluator_event_reference,AM.R7BF6.event.20251118T123752,3500,3500,0,3500,shared_event_window_across_target_snr_siblings
317,case-0317-noise-01,noise,1,AM,R7BF6,00,EH?,2025-06-08T09:18:50.786000Z,2025-06-08T09:21:54.556000Z,RASPISHAKE,https://data.raspberryshake.org/fdsnws/dataselect/1/query,35.0,primary_noise_chunk,AM.R7BF6.noise.20250608T091852,3500,3500,0,3500,shared_noise_sequence_across_target_snr_siblings
317,case-0317-noise-02,noise,2,AM,R7BF6,00,EH?,2025-06-07T23:29:24.926000Z,2025-06-07T23:32:29.116000Z,RASPISHAKE,https://data.raspberryshake.org/fdsnws/dataselect/1/query,35.0,continuation_noise_chunk,AM.R7BF6.noise.20250607T232927,3500,3500,3500,7000,shared_noise_sequence_across_target_snr_siblings
317,case-0317-noise-03,noise,3,AM,R7BF6,00,EH?,2025-06-08T15:34:40.806000Z,2025-06-08T15:37:44.706000Z,RASPISHAKE,https://data.raspberryshake.org/fdsnws/dataselect/1/query,35.0,continuation_noise_chunk_truncated,AM.R7BF6.noise.20250608T153442,3500,2000,7000,9000,shared_noise_sequence_across_target_snr_siblings
318,case-0318-event,event,0,AM,R7BF6,00,EH?,2025-11-18T12:37:52.326000Z,2025-11-18T12:38:27.326000Z,RASPISHAKE,https://data.raspberryshake.org/fdsnws/dataselect/1/query,35.0,evaluator_event_reference,AM.R7BF6.event.20251118T123752,3500,3500,0,3500,shared_event_window_across_target_snr_siblings
318,case-0318-noise-01,noise,1,AM,R7BF6,00,EH?,2025-06-08T09:18:50.786000Z,2025-06-08T09:21:54.556000Z,RASPISHAKE,https://data.raspberryshake.org/fdsnws/dataselect/1/query,35.0,primary_noise_chunk,AM.R7BF6.noise.20250608T091852,3500,3500,0,3500,shared_noise_sequence_across_target_snr_siblings
318,case-0318-noise-02,noise,2,AM,R7BF6,00,EH?,2025-06-07T23:29:24.926000Z,2025-06-07T23:32:29.116000Z,RASPISHAKE,https://data.raspberryshake.org/fdsnws/dataselect/1/query,35.0,continuation_noise_chunk,AM.R7BF6.noise.20250607T232927,3500,3500,3500,7000,shared_noise_sequence_across_target_snr_siblings
318,case-0318-noise-03,noise,3,AM,R7BF6,00,EH?,2025-06-08T15:34:40.806000Z,2025-06-08T15:37:44.706000Z,RASPISHAKE,https://data.raspberryshake.org/fdsnws/dataselect/1/query,35.0,continuation_noise_chunk_truncated,AM.R7BF6.noise.20250608T153442,3500,2000,7000,9000,shared_noise_sequence_across_target_snr_siblings
319,case-0319-event,event,0,AM,R7BF6,00,EH?,2025-12-07T23:11:18.379000Z,2025-12-07T23:11:53.379000Z,RASPISHAKE,https://data.raspberryshake.org/fdsnws/dataselect/1/query,35.0,evaluator_event_reference,AM.R7BF6.event.20251207T231118,3500,3500,0,3500,shared_event_window_across_target_snr_siblings
319,case-0319-noise-01,noise,1,AM,R7BF6,00,EH?,2025-06-01T00:23:44.676000Z,2025-06-01T00:26:46.626000Z,RASPISHAKE,https://data.raspberryshake.org/fdsnws/dataselect/1/query,35.0,primary_noise_chunk,AM.R7BF6.noise.20250601T002345,3500,3500,0,3500,shared_noise_sequence_across_target_snr_siblings
319,case-0319-noise-02,noise,2,AM,R7BF6,00,EH?,2025-06-09T07:25:47.096000Z,2025-06-09T07:28:51.076000Z,RASPISHAKE,https://data.raspberryshake.org/fdsnws/dataselect/1/query,35.0,continuation_noise_chunk,AM.R7BF6.noise.20250609T072549,3500,3500,3500,7000,shared_noise_sequence_across_target_snr_siblings
319,case-0319-noise-03,noise,3,AM,R7BF6,00,EH?,2025-06-04T04:12:23.216000Z,2025-06-04T04:15:27.406000Z,RASPISHAKE,https://data.raspberryshake.org/fdsnws/dataselect/1/query,35.0,continuation_noise_chunk_truncated,AM.R7BF6.noise.20250604T041225,3500,2000,7000,9000,shared_noise_sequence_across_target_snr_siblings
320,case-0320-event,event,0,AM,R7BF6,00,EH?,2025-12-07T23:11:18.379000Z,2025-12-07T23:11:53.379000Z,RASPISHAKE,https://data.raspberryshake.org/fdsnws/dataselect/1/query,35.0,evaluator_event_reference,AM.R7BF6.event.20251207T231118,3500,3500,0,3500,shared_event_window_across_target_snr_siblings
320,case-0320-noise-01,noise,1,AM,R7BF6,00,EH?,2025-06-01T00:23:44.676000Z,2025-06-01T00:26:46.626000Z,RASPISHAKE,https://data.raspberryshake.org/fdsnws/dataselect/1/query,35.0,primary_noise_chunk,AM.R7BF6.noise.20250601T002345,3500,3500,0,3500,shared_noise_sequence_across_target_snr_siblings
320,case-0320-noise-02,noise,2,AM,R7BF6,00,EH?,2025-06-09T07:25:47.096000Z,2025-06-09T07:28:51.076000Z,RASPISHAKE,https://data.raspberryshake.org/fdsnws/dataselect/1/query,35.0,continuation_noise_chunk,AM.R7BF6.noise.20250609T072549,3500,3500,3500,7000,shared_noise_sequence_across_target_snr_siblings
320,case-0320-noise-03,noise,3,AM,R7BF6,00,EH?,2025-06-04T04:12:23.216000Z,2025-06-04T04:15:27.406000Z,RASPISHAKE,https://data.raspberryshake.org/fdsnws/dataselect/1/query,35.0,continuation_noise_chunk_truncated,AM.R7BF6.noise.20250604T041225,3500,2000,7000,9000,shared_noise_sequence_across_target_snr_siblings
321,case-0321-event,event,0,AM,R7BF6,00,EH?,2025-12-07T23:11:18.379000Z,2025-12-07T23:11:53.379000Z,RASPISHAKE,https://data.raspberryshake.org/fdsnws/dataselect/1/query,35.0,evaluator_event_reference,AM.R7BF6.event.20251207T231118,3500,3500,0,3500,shared_event_window_across_target_snr_siblings
321,case-0321-noise-01,noise,1,AM,R7BF6,00,EH?,2025-06-01T00:23:44.676000Z,2025-06-01T00:26:46.626000Z,RASPISHAKE,https://data.raspberryshake.org/fdsnws/dataselect/1/query,35.0,primary_noise_chunk,AM.R7BF6.noise.20250601T002345,3500,3500,0,3500,shared_noise_sequence_across_target_snr_siblings
321,case-0321-noise-02,noise,2,AM,R7BF6,00,EH?,2025-06-09T07:25:47.096000Z,2025-06-09T07:28:51.076000Z,RASPISHAKE,https://data.raspberryshake.org/fdsnws/dataselect/1/query,35.0,continuation_noise_chunk,AM.R7BF6.noise.20250609T072549,3500,3500,3500,7000,shared_noise_sequence_across_target_snr_siblings
321,case-0321-noise-03,noise,3,AM,R7BF6,00,EH?,2025-06-04T04:12:23.216000Z,2025-06-04T04:15:27.406000Z,RASPISHAKE,https://data.raspberryshake.org/fdsnws/dataselect/1/query,35.0,continuation_noise_chunk_truncated,AM.R7BF6.noise.20250604T041225,3500,2000,7000,9000,shared_noise_sequence_across_target_snr_siblings
322,case-0322-event,event,0,AM,R7BF6,00,EH?,2026-01-12T06:29:54.879000Z,2026-01-12T06:30:29.879000Z,RASPISHAKE,https://data.raspberryshake.org/fdsnws/dataselect/1/query,35.0,evaluator_event_reference,AM.R7BF6.event.20260112T062954,3500,3500,0,3500,shared_event_window_across_target_snr_siblings
322,case-0322-noise-01,noise,1,AM,R7BF6,00,EH?,2025-06-06T02:58:35.206000Z,2025-06-06T03:01:37.306000Z,RASPISHAKE,https://data.raspberryshake.org/fdsnws/dataselect/1/query,35.0,primary_noise_chunk,AM.R7BF6.noise.20250606T025835,3500,3500,0,3500,shared_noise_sequence_across_target_snr_siblings
322,case-0322-noise-02,noise,2,AM,R7BF6,00,EH?,2025-06-08T16:29:17.036000Z,2025-06-08T16:32:19.146000Z,RASPISHAKE,https://data.raspberryshake.org/fdsnws/dataselect/1/query,35.0,continuation_noise_chunk,AM.R7BF6.noise.20250608T162917,3500,3500,3500,7000,shared_noise_sequence_across_target_snr_siblings
322,case-0322-noise-03,noise,3,AM,R7BF6,00,EH?,2025-06-10T11:38:06.496000Z,2025-06-10T11:41:09.906000Z,RASPISHAKE,https://data.raspberryshake.org/fdsnws/dataselect/1/query,35.0,continuation_noise_chunk_truncated,AM.R7BF6.noise.20250610T113808,3500,2000,7000,9000,shared_noise_sequence_across_target_snr_siblings
323,case-0323-event,event,0,AM,R7BF6,00,EH?,2026-01-12T06:29:54.879000Z,2026-01-12T06:30:29.879000Z,RASPISHAKE,https://data.raspberryshake.org/fdsnws/dataselect/1/query,35.0,evaluator_event_reference,AM.R7BF6.event.20260112T062954,3500,3500,0,3500,shared_event_window_across_target_snr_siblings
323,case-0323-noise-01,noise,1,AM,R7BF6,00,EH?,2025-06-06T02:58:35.206000Z,2025-06-06T03:01:37.306000Z,RASPISHAKE,https://data.raspberryshake.org/fdsnws/dataselect/1/query,35.0,primary_noise_chunk,AM.R7BF6.noise.20250606T025835,3500,3500,0,3500,shared_noise_sequence_across_target_snr_siblings
323,case-0323-noise-02,noise,2,AM,R7BF6,00,EH?,2025-06-08T16:29:17.036000Z,2025-06-08T16:32:19.146000Z,RASPISHAKE,https://data.raspberryshake.org/fdsnws/dataselect/1/query,35.0,continuation_noise_chunk,AM.R7BF6.noise.20250608T162917,3500,3500,3500,7000,shared_noise_sequence_across_target_snr_siblings
323,case-0323-noise-03,noise,3,AM,R7BF6,00,EH?,2025-06-10T11:38:06.496000Z,2025-06-10T11:41:09.906000Z,RASPISHAKE,https://data.raspberryshake.org/fdsnws/dataselect/1/query,35.0,continuation_noise_chunk_truncated,AM.R7BF6.noise.20250610T113808,3500,2000,7000,9000,shared_noise_sequence_across_target_snr_siblings
324,case-0324-event,event,0,AM,R7BF6,00,EH?,2026-01-12T06:29:54.879000Z,2026-01-12T06:30:29.879000Z,RASPISHAKE,https://data.raspberryshake.org/fdsnws/dataselect/1/query,35.0,evaluator_event_reference,AM.R7BF6.event.20260112T062954,3500,3500,0,3500,shared_event_window_across_target_snr_siblings
324,case-0324-noise-01,noise,1,AM,R7BF6,00,EH?,2025-06-06T02:58:35.206000Z,2025-06-06T03:01:37.306000Z,RASPISHAKE,https://data.raspberryshake.org/fdsnws/dataselect/1/query,35.0,primary_noise_chunk,AM.R7BF6.noise.20250606T025835,3500,3500,0,3500,shared_noise_sequence_across_target_snr_siblings
324,case-0324-noise-02,noise,2,AM,R7BF6,00,EH?,2025-06-08T16:29:17.036000Z,2025-06-08T16:32:19.146000Z,RASPISHAKE,https://data.raspberryshake.org/fdsnws/dataselect/1/query,35.0,continuation_noise_chunk,AM.R7BF6.noise.20250608T162917,3500,3500,3500,7000,shared_noise_sequence_across_target_snr_siblings
324,case-0324-noise-03,noise,3,AM,R7BF6,00,EH?,2025-06-10T11:38:06.496000Z,2025-06-10T11:41:09.906000Z,RASPISHAKE,https://data.raspberryshake.org/fdsnws/dataselect/1/query,35.0,continuation_noise_chunk_truncated,AM.R7BF6.noise.20250610T113808,3500,2000,7000,9000,shared_noise_sequence_across_target_snr_siblings
325,case-0325-event,event,0,AM,R7BF6,00,EH?,2026-02-13T20:51:00.016000Z,2026-02-13T20:51:35.016000Z,RASPISHAKE,https://data.raspberryshake.org/fdsnws/dataselect/1/query,35.0,evaluator_event_reference,AM.R7BF6.event.20260213T205100,3500,3500,0,3500,shared_event_window_across_target_snr_siblings
325,case-0325-noise-01,noise,1,AM,R7BF6,00,EH?,2025-06-05T07:10:39.696000Z,2025-06-05T07:13:42.866000Z,RASPISHAKE,https://data.raspberryshake.org/fdsnws/dataselect/1/query,35.0,primary_noise_chunk,AM.R7BF6.noise.20250605T071041,3500,3500,0,3500,shared_noise_sequence_across_target_snr_siblings
325,case-0325-noise-02,noise,2,AM,R7BF6,00,EH?,2025-06-06T00:40:39.486000Z,2025-06-06T00:43:44.216000Z,RASPISHAKE,https://data.raspberryshake.org/fdsnws/dataselect/1/query,35.0,continuation_noise_chunk,AM.R7BF6.noise.20250606T004041,3500,3500,3500,7000,shared_noise_sequence_across_target_snr_siblings
325,case-0325-noise-03,noise,3,AM,R7BF6,00,EH?,2025-06-09T12:34:53.936000Z,2025-06-09T12:37:57.686000Z,RASPISHAKE,https://data.raspberryshake.org/fdsnws/dataselect/1/query,35.0,continuation_noise_chunk_truncated,AM.R7BF6.noise.20250609T123456,3500,2000,7000,9000,shared_noise_sequence_across_target_snr_siblings
326,case-0326-event,event,0,AM,R7BF6,00,EH?,2026-02-13T20:51:00.016000Z,2026-02-13T20:51:35.016000Z,RASPISHAKE,https://data.raspberryshake.org/fdsnws/dataselect/1/query,35.0,evaluator_event_reference,AM.R7BF6.event.20260213T205100,3500,3500,0,3500,shared_event_window_across_target_snr_siblings
326,case-0326-noise-01,noise,1,AM,R7BF6,00,EH?,2025-06-05T07:10:39.696000Z,2025-06-05T07:13:42.866000Z,RASPISHAKE,https://data.raspberryshake.org/fdsnws/dataselect/1/query,35.0,primary_noise_chunk,AM.R7BF6.noise.20250605T071041,3500,3500,0,3500,shared_noise_sequence_across_target_snr_siblings
326,case-0326-noise-02,noise,2,AM,R7BF6,00,EH?,2025-06-06T00:40:39.486000Z,2025-06-06T00:43:44.216000Z,RASPISHAKE,https://data.raspberryshake.org/fdsnws/dataselect/1/query,35.0,continuation_noise_chunk,AM.R7BF6.noise.20250606T004041,3500,3500,3500,7000,shared_noise_sequence_across_target_snr_siblings
326,case-0326-noise-03,noise,3,AM,R7BF6,00,EH?,2025-06-09T12:34:53.936000Z,2025-06-09T12:37:57.686000Z,RASPISHAKE,https://data.raspberryshake.org/fdsnws/dataselect/1/query,35.0,continuation_noise_chunk_truncated,AM.R7BF6.noise.20250609T123456,3500,2000,7000,9000,shared_noise_sequence_across_target_snr_siblings
327,case-0327-event,event,0,AM,R7BF6,00,EH?,2026-02-13T20:51:00.016000Z,2026-02-13T20:51:35.016000Z,RASPISHAKE,https://data.raspberryshake.org/fdsnws/dataselect/1/query,35.0,evaluator_event_reference,AM.R7BF6.event.20260213T205100,3500,3500,0,3500,shared_event_window_across_target_snr_siblings
327,case-0327-noise-01,noise,1,AM,R7BF6,00,EH?,2025-06-05T07:10:39.696000Z,2025-06-05T07:13:42.866000Z,RASPISHAKE,https://data.raspberryshake.org/fdsnws/dataselect/1/query,35.0,primary_noise_chunk,AM.R7BF6.noise.20250605T071041,3500,3500,0,3500,shared_noise_sequence_across_target_snr_siblings
327,case-0327-noise-02,noise,2,AM,R7BF6,00,EH?,2025-06-06T00:40:39.486000Z,2025-06-06T00:43:44.216000Z,RASPISHAKE,https://data.raspberryshake.org/fdsnws/dataselect/1/query,35.0,continuation_noise_chunk,AM.R7BF6.noise.20250606T004041,3500,3500,3500,7000,shared_noise_sequence_across_target_snr_siblings
327,case-0327-noise-03,noise,3,AM,R7BF6,00,EH?,2025-06-09T12:34:53.936000Z,2025-06-09T12:37:57.686000Z,RASPISHAKE,https://data.raspberryshake.org/fdsnws/dataselect/1/query,35.0,continuation_noise_chunk_truncated,AM.R7BF6.noise.20250609T123456,3500,2000,7000,9000,shared_noise_sequence_across_target_snr_siblings
328,case-0328-event,event,0,AM,R7BF6,00,EH?,2026-02-19T12:16:05.496000Z,2026-02-19T12:16:40.496000Z,RASPISHAKE,https://data.raspberryshake.org/fdsnws/dataselect/1/query,35.0,evaluator_event_reference,AM.R7BF6.event.20260219T121605,3500,3500,0,3500,shared_event_window_across_target_snr_siblings
328,case-0328-noise-01,noise,1,AM,R7BF6,00,EH?,2025-06-06T02:58:35.206000Z,2025-06-06T03:01:37.306000Z,RASPISHAKE,https://data.raspberryshake.org/fdsnws/dataselect/1/query,35.0,primary_noise_chunk,AM.R7BF6.noise.20250606T025835,3500,3500,0,3500,shared_noise_sequence_across_target_snr_siblings
328,case-0328-noise-02,noise,2,AM,R7BF6,00,EH?,2025-06-05T07:10:39.696000Z,2025-06-05T07:13:42.866000Z,RASPISHAKE,https://data.raspberryshake.org/fdsnws/dataselect/1/query,35.0,continuation_noise_chunk,AM.R7BF6.noise.20250605T071041,3500,3500,3500,7000,shared_noise_sequence_across_target_snr_siblings
328,case-0328-noise-03,noise,3,AM,R7BF6,00,EH?,2025-06-08T09:18:50.786000Z,2025-06-08T09:21:54.556000Z,RASPISHAKE,https://data.raspberryshake.org/fdsnws/dataselect/1/query,35.0,continuation_noise_chunk_truncated,AM.R7BF6.noise.20250608T091852,3500,2000,7000,9000,shared_noise_sequence_across_target_snr_siblings
329,case-0329-event,event,0,AM,R7BF6,00,EH?,2026-02-19T12:16:05.496000Z,2026-02-19T12:16:40.496000Z,RASPISHAKE,https://data.raspberryshake.org/fdsnws/dataselect/1/query,35.0,evaluator_event_reference,AM.R7BF6.event.20260219T121605,3500,3500,0,3500,shared_event_window_across_target_snr_siblings
329,case-0329-noise-01,noise,1,AM,R7BF6,00,EH?,2025-06-06T02:58:35.206000Z,2025-06-06T03:01:37.306000Z,RASPISHAKE,https://data.raspberryshake.org/fdsnws/dataselect/1/query,35.0,primary_noise_chunk,AM.R7BF6.noise.20250606T025835,3500,3500,0,3500,shared_noise_sequence_across_target_snr_siblings
329,case-0329-noise-02,noise,2,AM,R7BF6,00,EH?,2025-06-05T07:10:39.696000Z,2025-06-05T07:13:42.866000Z,RASPISHAKE,https://data.raspberryshake.org/fdsnws/dataselect/1/query,35.0,continuation_noise_chunk,AM.R7BF6.noise.20250605T071041,3500,3500,3500,7000,shared_noise_sequence_across_target_snr_siblings
329,case-0329-noise-03,noise,3,AM,R7BF6,00,EH?,2025-06-08T09:18:50.786000Z,2025-06-08T09:21:54.556000Z,RASPISHAKE,https://data.raspberryshake.org/fdsnws/dataselect/1/query,35.0,continuation_noise_chunk_truncated,AM.R7BF6.noise.20250608T091852,3500,2000,7000,9000,shared_noise_sequence_across_target_snr_siblings
330,case-0330-event,event,0,AM,R7BF6,00,EH?,2026-02-19T12:16:05.496000Z,2026-02-19T12:16:40.496000Z,RASPISHAKE,https://data.raspberryshake.org/fdsnws/dataselect/1/query,35.0,evaluator_event_reference,AM.R7BF6.event.20260219T121605,3500,3500,0,3500,shared_event_window_across_target_snr_siblings
330,case-0330-noise-01,noise,1,AM,R7BF6,00,EH?,2025-06-06T02:58:35.206000Z,2025-06-06T03:01:37.306000Z,RASPISHAKE,https://data.raspberryshake.org/fdsnws/dataselect/1/query,35.0,primary_noise_chunk,AM.R7BF6.noise.20250606T025835,3500,3500,0,3500,shared_noise_sequence_across_target_snr_siblings
330,case-0330-noise-02,noise,2,AM,R7BF6,00,EH?,2025-06-05T07:10:39.696000Z,2025-06-05T07:13:42.866000Z,RASPISHAKE,https://data.raspberryshake.org/fdsnws/dataselect/1/query,35.0,continuation_noise_chunk,AM.R7BF6.noise.20250605T071041,3500,3500,3500,7000,shared_noise_sequence_across_target_snr_siblings
330,case-0330-noise-03,noise,3,AM,R7BF6,00,EH?,2025-06-08T09:18:50.786000Z,2025-06-08T09:21:54.556000Z,RASPISHAKE,https://data.raspberryshake.org/fdsnws/dataselect/1/query,35.0,continuation_noise_chunk_truncated,AM.R7BF6.noise.20250608T091852,3500,2000,7000,9000,shared_noise_sequence_across_target_snr_siblings
331,case-0331-event,event,0,AM,R7BF6,00,EH?,2026-03-09T23:05:44.316000Z,2026-03-09T23:06:19.316000Z,RASPISHAKE,https://data.raspberryshake.org/fdsnws/dataselect/1/query,35.0,evaluator_event_reference,AM.R7BF6.event.20260309T230544,3500,3500,0,3500,shared_event_window_across_target_snr_siblings
331,case-0331-noise-01,noise,1,AM,R7BF6,00,EH?,2025-06-08T16:25:05.646000Z,2025-06-08T16:28:09.276000Z,RASPISHAKE,https://data.raspberryshake.org/fdsnws/dataselect/1/query,35.0,primary_noise_chunk,AM.R7BF6.noise.20250608T162507,3500,3500,0,3500,shared_noise_sequence_across_target_snr_siblings
331,case-0331-noise-02,noise,2,AM,R7BF6,00,EH?,2025-06-05T10:07:22.126000Z,2025-06-05T10:10:25.396000Z,RASPISHAKE,https://data.raspberryshake.org/fdsnws/dataselect/1/query,35.0,continuation_noise_chunk,AM.R7BF6.noise.20250605T100724,3500,3500,3500,7000,shared_noise_sequence_across_target_snr_siblings
331,case-0331-noise-03,noise,3,AM,R7BF6,00,EH?,2025-06-07T23:52:57.626000Z,2025-06-07T23:56:01.856000Z,RASPISHAKE,https://data.raspberryshake.org/fdsnws/dataselect/1/query,35.0,continuation_noise_chunk_truncated,AM.R7BF6.noise.20250607T235259,3500,2000,7000,9000,shared_noise_sequence_across_target_snr_siblings
332,case-0332-event,event,0,AM,R7BF6,00,EH?,2026-03-09T23:05:44.316000Z,2026-03-09T23:06:19.316000Z,RASPISHAKE,https://data.raspberryshake.org/fdsnws/dataselect/1/query,35.0,evaluator_event_reference,AM.R7BF6.event.20260309T230544,3500,3500,0,3500,shared_event_window_across_target_snr_siblings
332,case-0332-noise-01,noise,1,AM,R7BF6,00,EH?,2025-06-08T16:25:05.646000Z,2025-06-08T16:28:09.276000Z,RASPISHAKE,https://data.raspberryshake.org/fdsnws/dataselect/1/query,35.0,primary_noise_chunk,AM.R7BF6.noise.20250608T162507,3500,3500,0,3500,shared_noise_sequence_across_target_snr_siblings
332,case-0332-noise-02,noise,2,AM,R7BF6,00,EH?,2025-06-05T10:07:22.126000Z,2025-06-05T10:10:25.396000Z,RASPISHAKE,https://data.raspberryshake.org/fdsnws/dataselect/1/query,35.0,continuation_noise_chunk,AM.R7BF6.noise.20250605T100724,3500,3500,3500,7000,shared_noise_sequence_across_target_snr_siblings
332,case-0332-noise-03,noise,3,AM,R7BF6,00,EH?,2025-06-07T23:52:57.626000Z,2025-06-07T23:56:01.856000Z,RASPISHAKE,https://data.raspberryshake.org/fdsnws/dataselect/1/query,35.0,continuation_noise_chunk_truncated,AM.R7BF6.noise.20250607T235259,3500,2000,7000,9000,shared_noise_sequence_across_target_snr_siblings
333,case-0333-event,event,0,AM,R7BF6,00,EH?,2026-03-09T23:05:44.316000Z,2026-03-09T23:06:19.316000Z,RASPISHAKE,https://data.raspberryshake.org/fdsnws/dataselect/1/query,35.0,evaluator_event_reference,AM.R7BF6.event.20260309T230544,3500,3500,0,3500,shared_event_window_across_target_snr_siblings
333,case-0333-noise-01,noise,1,AM,R7BF6,00,EH?,2025-06-08T16:25:05.646000Z,2025-06-08T16:28:09.276000Z,RASPISHAKE,https://data.raspberryshake.org/fdsnws/dataselect/1/query,35.0,primary_noise_chunk,AM.R7BF6.noise.20250608T162507,3500,3500,0,3500,shared_noise_sequence_across_target_snr_siblings
333,case-0333-noise-02,noise,2,AM,R7BF6,00,EH?,2025-06-05T10:07:22.126000Z,2025-06-05T10:10:25.396000Z,RASPISHAKE,https://data.raspberryshake.org/fdsnws/dataselect/1/query,35.0,continuation_noise_chunk,AM.R7BF6.noise.20250605T100724,3500,3500,3500,7000,shared_noise_sequence_across_target_snr_siblings
333,case-0333-noise-03,noise,3,AM,R7BF6,00,EH?,2025-06-07T23:52:57.626000Z,2025-06-07T23:56:01.856000Z,RASPISHAKE,https://data.raspberryshake.org/fdsnws/dataselect/1/query,35.0,continuation_noise_chunk_truncated,AM.R7BF6.noise.20250607T235259,3500,2000,7000,9000,shared_noise_sequence_across_target_snr_siblings
334,case-0334-event,event,0,AM,R7BF6,00,EH?,2026-03-21T18:07:01.756000Z,2026-03-21T18:07:36.756000Z,RASPISHAKE,https://data.raspberryshake.org/fdsnws/dataselect/1/query,35.0,evaluator_event_reference,AM.R7BF6.event.20260321T180701,3500,3500,0,3500,shared_event_window_across_target_snr_siblings
334,case-0334-noise-01,noise,1,AM,R7BF6,00,EH?,2025-06-06T16:03:39.316000Z,2025-06-06T16:06:43.336000Z,RASPISHAKE,https://data.raspberryshake.org/fdsnws/dataselect/1/query,35.0,primary_noise_chunk,AM.R7BF6.noise.20250606T160341,3500,3500,0,3500,shared_noise_sequence_across_target_snr_siblings
334,case-0334-noise-02,noise,2,AM,R7BF6,00,EH?,2025-06-06T02:58:35.206000Z,2025-06-06T03:01:37.306000Z,RASPISHAKE,https://data.raspberryshake.org/fdsnws/dataselect/1/query,35.0,continuation_noise_chunk,AM.R7BF6.noise.20250606T025835,3500,3500,3500,7000,shared_noise_sequence_across_target_snr_siblings
334,case-0334-noise-03,noise,3,AM,R7BF6,00,EH?,2025-06-09T17:16:46.426000Z,2025-06-09T17:19:48.346000Z,RASPISHAKE,https://data.raspberryshake.org/fdsnws/dataselect/1/query,35.0,continuation_noise_chunk_truncated,AM.R7BF6.noise.20250609T171646,3500,2000,7000,9000,shared_noise_sequence_across_target_snr_siblings
335,case-0335-event,event,0,AM,R7BF6,00,EH?,2026-03-21T18:07:01.756000Z,2026-03-21T18:07:36.756000Z,RASPISHAKE,https://data.raspberryshake.org/fdsnws/dataselect/1/query,35.0,evaluator_event_reference,AM.R7BF6.event.20260321T180701,3500,3500,0,3500,shared_event_window_across_target_snr_siblings
335,case-0335-noise-01,noise,1,AM,R7BF6,00,EH?,2025-06-06T16:03:39.316000Z,2025-06-06T16:06:43.336000Z,RASPISHAKE,https://data.raspberryshake.org/fdsnws/dataselect/1/query,35.0,primary_noise_chunk,AM.R7BF6.noise.20250606T160341,3500,3500,0,3500,shared_noise_sequence_across_target_snr_siblings
335,case-0335-noise-02,noise,2,AM,R7BF6,00,EH?,2025-06-06T02:58:35.206000Z,2025-06-06T03:01:37.306000Z,RASPISHAKE,https://data.raspberryshake.org/fdsnws/dataselect/1/query,35.0,continuation_noise_chunk,AM.R7BF6.noise.20250606T025835,3500,3500,3500,7000,shared_noise_sequence_across_target_snr_siblings
335,case-0335-noise-03,noise,3,AM,R7BF6,00,EH?,2025-06-09T17:16:46.426000Z,2025-06-09T17:19:48.346000Z,RASPISHAKE,https://data.raspberryshake.org/fdsnws/dataselect/1/query,35.0,continuation_noise_chunk_truncated,AM.R7BF6.noise.20250609T171646,3500,2000,7000,9000,shared_noise_sequence_across_target_snr_siblings
336,case-0336-event,event,0,AM,R7BF6,00,EH?,2026-03-21T18:07:01.756000Z,2026-03-21T18:07:36.756000Z,RASPISHAKE,https://data.raspberryshake.org/fdsnws/dataselect/1/query,35.0,evaluator_event_reference,AM.R7BF6.event.20260321T180701,3500,3500,0,3500,shared_event_window_across_target_snr_siblings
336,case-0336-noise-01,noise,1,AM,R7BF6,00,EH?,2025-06-06T16:03:39.316000Z,2025-06-06T16:06:43.336000Z,RASPISHAKE,https://data.raspberryshake.org/fdsnws/dataselect/1/query,35.0,primary_noise_chunk,AM.R7BF6.noise.20250606T160341,3500,3500,0,3500,shared_noise_sequence_across_target_snr_siblings
336,case-0336-noise-02,noise,2,AM,R7BF6,00,EH?,2025-06-06T02:58:35.206000Z,2025-06-06T03:01:37.306000Z,RASPISHAKE,https://data.raspberryshake.org/fdsnws/dataselect/1/query,35.0,continuation_noise_chunk,AM.R7BF6.noise.20250606T025835,3500,3500,3500,7000,shared_noise_sequence_across_target_snr_siblings
336,case-0336-noise-03,noise,3,AM,R7BF6,00,EH?,2025-06-09T17:16:46.426000Z,2025-06-09T17:19:48.346000Z,RASPISHAKE,https://data.raspberryshake.org/fdsnws/dataselect/1/query,35.0,continuation_noise_chunk_truncated,AM.R7BF6.noise.20250609T171646,3500,2000,7000,9000,shared_noise_sequence_across_target_snr_siblings
337,case-0337-event,event,0,AM,R81CF,00,EH?,2025-10-27T12:47:53.918000Z,2025-10-27T12:48:28.918000Z,RASPISHAKE,https://data.raspberryshake.org/fdsnws/dataselect/1/query,35.0,evaluator_event_reference,AM.R81CF.event.20251027T124753,3500,3500,0,3500,shared_event_window_across_target_snr_siblings
337,case-0337-noise-01,noise,1,AM,R81CF,00,EH?,2025-06-08T15:34:41.224000Z,2025-06-08T15:37:44.774000Z,RASPISHAKE,https://data.raspberryshake.org/fdsnws/dataselect/1/query,35.0,primary_noise_chunk,AM.R81CF.noise.20250608T153442,3500,3500,0,3500,shared_noise_sequence_across_target_snr_siblings
337,case-0337-noise-02,noise,2,AM,R81CF,00,EH?,2025-06-03T13:01:09.671000Z,2025-06-03T13:04:13.111000Z,RASPISHAKE,https://data.raspberryshake.org/fdsnws/dataselect/1/query,35.0,continuation_noise_chunk,AM.R81CF.noise.20250603T130111,3500,3500,3500,7000,shared_noise_sequence_across_target_snr_siblings
337,case-0337-noise-03,noise,3,AM,R81CF,00,EH?,2025-06-10T08:34:07.115000Z,2025-06-10T08:37:10.885000Z,RASPISHAKE,https://data.raspberryshake.org/fdsnws/dataselect/1/query,35.0,continuation_noise_chunk_truncated,AM.R81CF.noise.20250610T083409,3500,2000,7000,9000,shared_noise_sequence_across_target_snr_siblings
338,case-0338-event,event,0,AM,R81CF,00,EH?,2025-10-27T12:47:53.918000Z,2025-10-27T12:48:28.918000Z,RASPISHAKE,https://data.raspberryshake.org/fdsnws/dataselect/1/query,35.0,evaluator_event_reference,AM.R81CF.event.20251027T124753,3500,3500,0,3500,shared_event_window_across_target_snr_siblings
338,case-0338-noise-01,noise,1,AM,R81CF,00,EH?,2025-06-08T15:34:41.224000Z,2025-06-08T15:37:44.774000Z,RASPISHAKE,https://data.raspberryshake.org/fdsnws/dataselect/1/query,35.0,primary_noise_chunk,AM.R81CF.noise.20250608T153442,3500,3500,0,3500,shared_noise_sequence_across_target_snr_siblings
338,case-0338-noise-02,noise,2,AM,R81CF,00,EH?,2025-06-03T13:01:09.671000Z,2025-06-03T13:04:13.111000Z,RASPISHAKE,https://data.raspberryshake.org/fdsnws/dataselect/1/query,35.0,continuation_noise_chunk,AM.R81CF.noise.20250603T130111,3500,3500,3500,7000,shared_noise_sequence_across_target_snr_siblings
338,case-0338-noise-03,noise,3,AM,R81CF,00,EH?,2025-06-10T08:34:07.115000Z,2025-06-10T08:37:10.885000Z,RASPISHAKE,https://data.raspberryshake.org/fdsnws/dataselect/1/query,35.0,continuation_noise_chunk_truncated,AM.R81CF.noise.20250610T083409,3500,2000,7000,9000,shared_noise_sequence_across_target_snr_siblings
339,case-0339-event,event,0,AM,R81CF,00,EH?,2025-10-27T12:47:53.918000Z,2025-10-27T12:48:28.918000Z,RASPISHAKE,https://data.raspberryshake.org/fdsnws/dataselect/1/query,35.0,evaluator_event_reference,AM.R81CF.event.20251027T124753,3500,3500,0,3500,shared_event_window_across_target_snr_siblings
339,case-0339-noise-01,noise,1,AM,R81CF,00,EH?,2025-06-08T15:34:41.224000Z,2025-06-08T15:37:44.774000Z,RASPISHAKE,https://data.raspberryshake.org/fdsnws/dataselect/1/query,35.0,primary_noise_chunk,AM.R81CF.noise.20250608T153442,3500,3500,0,3500,shared_noise_sequence_across_target_snr_siblings
339,case-0339-noise-02,noise,2,AM,R81CF,00,EH?,2025-06-03T13:01:09.671000Z,2025-06-03T13:04:13.111000Z,RASPISHAKE,https://data.raspberryshake.org/fdsnws/dataselect/1/query,35.0,continuation_noise_chunk,AM.R81CF.noise.20250603T130111,3500,3500,3500,7000,shared_noise_sequence_across_target_snr_siblings
339,case-0339-noise-03,noise,3,AM,R81CF,00,EH?,2025-06-10T08:34:07.115000Z,2025-06-10T08:37:10.885000Z,RASPISHAKE,https://data.raspberryshake.org/fdsnws/dataselect/1/query,35.0,continuation_noise_chunk_truncated,AM.R81CF.noise.20250610T083409,3500,2000,7000,9000,shared_noise_sequence_across_target_snr_siblings
340,case-0340-event,event,0,AM,R81CF,00,EH?,2025-11-04T23:58:50.185000Z,2025-11-04T23:59:25.185000Z,RASPISHAKE,https://data.raspberryshake.org/fdsnws/dataselect/1/query,35.0,evaluator_event_reference,AM.R81CF.event.20251104T235850,3500,3500,0,3500,shared_event_window_across_target_snr_siblings
340,case-0340-noise-01,noise,1,AM,R81CF,00,EH?,2025-06-04T04:12:24.862000Z,2025-06-04T04:15:26.572000Z,RASPISHAKE,https://data.raspberryshake.org/fdsnws/dataselect/1/query,35.0,primary_noise_chunk,AM.R81CF.noise.20250604T041225,3500,3500,0,3500,shared_noise_sequence_across_target_snr_siblings
340,case-0340-noise-02,noise,2,AM,R81CF,00,EH?,2025-06-07T23:29:26.026000Z,2025-06-07T23:32:29.606000Z,RASPISHAKE,https://data.raspberryshake.org/fdsnws/dataselect/1/query,35.0,continuation_noise_chunk,AM.R81CF.noise.20250607T232927,3500,3500,3500,7000,shared_noise_sequence_across_target_snr_siblings
340,case-0340-noise-03,noise,3,AM,R81CF,00,EH?,2025-06-02T21:51:37.126000Z,2025-06-02T21:54:39.356000Z,RASPISHAKE,https://data.raspberryshake.org/fdsnws/dataselect/1/query,35.0,continuation_noise_chunk_truncated,AM.R81CF.noise.20250602T215137,3500,2000,7000,9000,shared_noise_sequence_across_target_snr_siblings
341,case-0341-event,event,0,AM,R81CF,00,EH?,2025-11-04T23:58:50.185000Z,2025-11-04T23:59:25.185000Z,RASPISHAKE,https://data.raspberryshake.org/fdsnws/dataselect/1/query,35.0,evaluator_event_reference,AM.R81CF.event.20251104T235850,3500,3500,0,3500,shared_event_window_across_target_snr_siblings
341,case-0341-noise-01,noise,1,AM,R81CF,00,EH?,2025-06-04T04:12:24.862000Z,2025-06-04T04:15:26.572000Z,RASPISHAKE,https://data.raspberryshake.org/fdsnws/dataselect/1/query,35.0,primary_noise_chunk,AM.R81CF.noise.20250604T041225,3500,3500,0,3500,shared_noise_sequence_across_target_snr_siblings
341,case-0341-noise-02,noise,2,AM,R81CF,00,EH?,2025-06-07T23:29:26.026000Z,2025-06-07T23:32:29.606000Z,RASPISHAKE,https://data.raspberryshake.org/fdsnws/dataselect/1/query,35.0,continuation_noise_chunk,AM.R81CF.noise.20250607T232927,3500,3500,3500,7000,shared_noise_sequence_across_target_snr_siblings
341,case-0341-noise-03,noise,3,AM,R81CF,00,EH?,2025-06-02T21:51:37.126000Z,2025-06-02T21:54:39.356000Z,RASPISHAKE,https://data.raspberryshake.org/fdsnws/dataselect/1/query,35.0,continuation_noise_chunk_truncated,AM.R81CF.noise.20250602T215137,3500,2000,7000,9000,shared_noise_sequence_across_target_snr_siblings
342,case-0342-event,event,0,AM,R81CF,00,EH?,2025-11-04T23:58:50.185000Z,2025-11-04T23:59:25.185000Z,RASPISHAKE,https://data.raspberryshake.org/fdsnws/dataselect/1/query,35.0,evaluator_event_reference,AM.R81CF.event.20251104T235850,3500,3500,0,3500,shared_event_window_across_target_snr_siblings
342,case-0342-noise-01,noise,1,AM,R81CF,00,EH?,2025-06-04T04:12:24.862000Z,2025-06-04T04:15:26.572000Z,RASPISHAKE,https://data.raspberryshake.org/fdsnws/dataselect/1/query,35.0,primary_noise_chunk,AM.R81CF.noise.20250604T041225,3500,3500,0,3500,shared_noise_sequence_across_target_snr_siblings
342,case-0342-noise-02,noise,2,AM,R81CF,00,EH?,2025-06-07T23:29:26.026000Z,2025-06-07T23:32:29.606000Z,RASPISHAKE,https://data.raspberryshake.org/fdsnws/dataselect/1/query,35.0,continuation_noise_chunk,AM.R81CF.noise.20250607T232927,3500,3500,3500,7000,shared_noise_sequence_across_target_snr_siblings
342,case-0342-noise-03,noise,3,AM,R81CF,00,EH?,2025-06-02T21:51:37.126000Z,2025-06-02T21:54:39.356000Z,RASPISHAKE,https://data.raspberryshake.org/fdsnws/dataselect/1/query,35.0,continuation_noise_chunk_truncated,AM.R81CF.noise.20250602T215137,3500,2000,7000,9000,shared_noise_sequence_across_target_snr_siblings
343,case-0343-event,event,0,AM,R81CF,00,EH?,2026-01-16T03:28:12.046000Z,2026-01-16T03:28:47.046000Z,RASPISHAKE,https://data.raspberryshake.org/fdsnws/dataselect/1/query,35.0,evaluator_event_reference,AM.R81CF.event.20260116T032812,3500,3500,0,3500,shared_event_window_across_target_snr_siblings
343,case-0343-noise-01,noise,1,AM,R81CF,00,EH?,2025-06-01T06:27:39.005000Z,2025-06-01T06:30:42.085000Z,RASPISHAKE,https://data.raspberryshake.org/fdsnws/dataselect/1/query,35.0,primary_noise_chunk,AM.R81CF.noise.20250601T062741,3500,3500,0,3500,shared_noise_sequence_across_target_snr_siblings
343,case-0343-noise-02,noise,2,AM,R81CF,00,EH?,2025-06-06T16:03:39.185000Z,2025-06-06T16:06:42.785000Z,RASPISHAKE,https://data.raspberryshake.org/fdsnws/dataselect/1/query,35.0,continuation_noise_chunk,AM.R81CF.noise.20250606T160341,3500,3500,3500,7000,shared_noise_sequence_across_target_snr_siblings
343,case-0343-noise-03,noise,3,AM,R81CF,00,EH?,2025-06-03T22:23:40.342000Z,2025-06-03T22:26:43.912000Z,RASPISHAKE,https://data.raspberryshake.org/fdsnws/dataselect/1/query,35.0,continuation_noise_chunk_truncated,AM.R81CF.noise.20250603T222341,3500,2000,7000,9000,shared_noise_sequence_across_target_snr_siblings
344,case-0344-event,event,0,AM,R81CF,00,EH?,2026-01-16T03:28:12.046000Z,2026-01-16T03:28:47.046000Z,RASPISHAKE,https://data.raspberryshake.org/fdsnws/dataselect/1/query,35.0,evaluator_event_reference,AM.R81CF.event.20260116T032812,3500,3500,0,3500,shared_event_window_across_target_snr_siblings
344,case-0344-noise-01,noise,1,AM,R81CF,00,EH?,2025-06-01T06:27:39.005000Z,2025-06-01T06:30:42.085000Z,RASPISHAKE,https://data.raspberryshake.org/fdsnws/dataselect/1/query,35.0,primary_noise_chunk,AM.R81CF.noise.20250601T062741,3500,3500,0,3500,shared_noise_sequence_across_target_snr_siblings
344,case-0344-noise-02,noise,2,AM,R81CF,00,EH?,2025-06-06T16:03:39.185000Z,2025-06-06T16:06:42.785000Z,RASPISHAKE,https://data.raspberryshake.org/fdsnws/dataselect/1/query,35.0,continuation_noise_chunk,AM.R81CF.noise.20250606T160341,3500,3500,3500,7000,shared_noise_sequence_across_target_snr_siblings
344,case-0344-noise-03,noise,3,AM,R81CF,00,EH?,2025-06-03T22:23:40.342000Z,2025-06-03T22:26:43.912000Z,RASPISHAKE,https://data.raspberryshake.org/fdsnws/dataselect/1/query,35.0,continuation_noise_chunk_truncated,AM.R81CF.noise.20250603T222341,3500,2000,7000,9000,shared_noise_sequence_across_target_snr_siblings
345,case-0345-event,event,0,AM,R81CF,00,EH?,2026-01-16T03:28:12.046000Z,2026-01-16T03:28:47.046000Z,RASPISHAKE,https://data.raspberryshake.org/fdsnws/dataselect/1/query,35.0,evaluator_event_reference,AM.R81CF.event.20260116T032812,3500,3500,0,3500,shared_event_window_across_target_snr_siblings
345,case-0345-noise-01,noise,1,AM,R81CF,00,EH?,2025-06-01T06:27:39.005000Z,2025-06-01T06:30:42.085000Z,RASPISHAKE,https://data.raspberryshake.org/fdsnws/dataselect/1/query,35.0,primary_noise_chunk,AM.R81CF.noise.20250601T062741,3500,3500,0,3500,shared_noise_sequence_across_target_snr_siblings
345,case-0345-noise-02,noise,2,AM,R81CF,00,EH?,2025-06-06T16:03:39.185000Z,2025-06-06T16:06:42.785000Z,RASPISHAKE,https://data.raspberryshake.org/fdsnws/dataselect/1/query,35.0,continuation_noise_chunk,AM.R81CF.noise.20250606T160341,3500,3500,3500,7000,shared_noise_sequence_across_target_snr_siblings
345,case-0345-noise-03,noise,3,AM,R81CF,00,EH?,2025-06-03T22:23:40.342000Z,2025-06-03T22:26:43.912000Z,RASPISHAKE,https://data.raspberryshake.org/fdsnws/dataselect/1/query,35.0,continuation_noise_chunk_truncated,AM.R81CF.noise.20250603T222341,3500,2000,7000,9000,shared_noise_sequence_across_target_snr_siblings
346,case-0346-event,event,0,AM,R81CF,00,EH?,2026-01-19T15:37:02.796000Z,2026-01-19T15:37:37.796000Z,RASPISHAKE,https://data.raspberryshake.org/fdsnws/dataselect/1/query,35.0,evaluator_event_reference,AM.R81CF.event.20260119T153702,3500,3500,0,3500,shared_event_window_across_target_snr_siblings
346,case-0346-noise-01,noise,1,AM,R81CF,00,EH?,2025-06-08T15:34:41.224000Z,2025-06-08T15:37:44.774000Z,RASPISHAKE,https://data.raspberryshake.org/fdsnws/dataselect/1/query,35.0,primary_noise_chunk,AM.R81CF.noise.20250608T153442,3500,3500,0,3500,shared_noise_sequence_across_target_snr_siblings
346,case-0346-noise-02,noise,2,AM,R81CF,00,EH?,2025-06-01T15:15:16.965000Z,2025-06-01T15:18:20.925000Z,RASPISHAKE,https://data.raspberryshake.org/fdsnws/dataselect/1/query,35.0,continuation_noise_chunk,AM.R81CF.noise.20250601T151518,3500,3500,3500,7000,shared_noise_sequence_across_target_snr_siblings
346,case-0346-noise-03,noise,3,AM,R81CF,00,EH?,2025-06-03T13:01:09.671000Z,2025-06-03T13:04:13.111000Z,RASPISHAKE,https://data.raspberryshake.org/fdsnws/dataselect/1/query,35.0,continuation_noise_chunk_truncated,AM.R81CF.noise.20250603T130111,3500,2000,7000,9000,shared_noise_sequence_across_target_snr_siblings
347,case-0347-event,event,0,AM,R81CF,00,EH?,2026-01-19T15:37:02.796000Z,2026-01-19T15:37:37.796000Z,RASPISHAKE,https://data.raspberryshake.org/fdsnws/dataselect/1/query,35.0,evaluator_event_reference,AM.R81CF.event.20260119T153702,3500,3500,0,3500,shared_event_window_across_target_snr_siblings
347,case-0347-noise-01,noise,1,AM,R81CF,00,EH?,2025-06-08T15:34:41.224000Z,2025-06-08T15:37:44.774000Z,RASPISHAKE,https://data.raspberryshake.org/fdsnws/dataselect/1/query,35.0,primary_noise_chunk,AM.R81CF.noise.20250608T153442,3500,3500,0,3500,shared_noise_sequence_across_target_snr_siblings
347,case-0347-noise-02,noise,2,AM,R81CF,00,EH?,2025-06-01T15:15:16.965000Z,2025-06-01T15:18:20.925000Z,RASPISHAKE,https://data.raspberryshake.org/fdsnws/dataselect/1/query,35.0,continuation_noise_chunk,AM.R81CF.noise.20250601T151518,3500,3500,3500,7000,shared_noise_sequence_across_target_snr_siblings
347,case-0347-noise-03,noise,3,AM,R81CF,00,EH?,2025-06-03T13:01:09.671000Z,2025-06-03T13:04:13.111000Z,RASPISHAKE,https://data.raspberryshake.org/fdsnws/dataselect/1/query,35.0,continuation_noise_chunk_truncated,AM.R81CF.noise.20250603T130111,3500,2000,7000,9000,shared_noise_sequence_across_target_snr_siblings
348,case-0348-event,event,0,AM,R81CF,00,EH?,2026-01-19T15:37:02.796000Z,2026-01-19T15:37:37.796000Z,RASPISHAKE,https://data.raspberryshake.org/fdsnws/dataselect/1/query,35.0,evaluator_event_reference,AM.R81CF.event.20260119T153702,3500,3500,0,3500,shared_event_window_across_target_snr_siblings
348,case-0348-noise-01,noise,1,AM,R81CF,00,EH?,2025-06-08T15:34:41.224000Z,2025-06-08T15:37:44.774000Z,RASPISHAKE,https://data.raspberryshake.org/fdsnws/dataselect/1/query,35.0,primary_noise_chunk,AM.R81CF.noise.20250608T153442,3500,3500,0,3500,shared_noise_sequence_across_target_snr_siblings
348,case-0348-noise-02,noise,2,AM,R81CF,00,EH?,2025-06-01T15:15:16.965000Z,2025-06-01T15:18:20.925000Z,RASPISHAKE,https://data.raspberryshake.org/fdsnws/dataselect/1/query,35.0,continuation_noise_chunk,AM.R81CF.noise.20250601T151518,3500,3500,3500,7000,shared_noise_sequence_across_target_snr_siblings
348,case-0348-noise-03,noise,3,AM,R81CF,00,EH?,2025-06-03T13:01:09.671000Z,2025-06-03T13:04:13.111000Z,RASPISHAKE,https://data.raspberryshake.org/fdsnws/dataselect/1/query,35.0,continuation_noise_chunk_truncated,AM.R81CF.noise.20250603T130111,3500,2000,7000,9000,shared_noise_sequence_across_target_snr_siblings
349,case-0349-event,event,0,AM,R81CF,00,EH?,2026-01-29T19:41:31.673000Z,2026-01-29T19:42:06.673000Z,RASPISHAKE,https://data.raspberryshake.org/fdsnws/dataselect/1/query,35.0,evaluator_event_reference,AM.R81CF.event.20260129T194131,3500,3500,0,3500,shared_event_window_across_target_snr_siblings
349,case-0349-noise-01,noise,1,AM,R81CF,00,EH?,2025-06-07T23:52:57.784000Z,2025-06-07T23:56:01.184000Z,RASPISHAKE,https://data.raspberryshake.org/fdsnws/dataselect/1/query,35.0,primary_noise_chunk,AM.R81CF.noise.20250607T235259,3500,3500,0,3500,shared_noise_sequence_across_target_snr_siblings
349,case-0349-noise-02,noise,2,AM,R81CF,00,EH?,2025-06-09T07:25:47.599000Z,2025-06-09T07:28:50.219000Z,RASPISHAKE,https://data.raspberryshake.org/fdsnws/dataselect/1/query,35.0,continuation_noise_chunk,AM.R81CF.noise.20250609T072549,3500,3500,3500,7000,shared_noise_sequence_across_target_snr_siblings
349,case-0349-noise-03,noise,3,AM,R81CF,00,EH?,2025-06-03T13:01:09.671000Z,2025-06-03T13:04:13.111000Z,RASPISHAKE,https://data.raspberryshake.org/fdsnws/dataselect/1/query,35.0,continuation_noise_chunk_truncated,AM.R81CF.noise.20250603T130111,3500,2000,7000,9000,shared_noise_sequence_across_target_snr_siblings
350,case-0350-event,event,0,AM,R81CF,00,EH?,2026-01-29T19:41:31.673000Z,2026-01-29T19:42:06.673000Z,RASPISHAKE,https://data.raspberryshake.org/fdsnws/dataselect/1/query,35.0,evaluator_event_reference,AM.R81CF.event.20260129T194131,3500,3500,0,3500,shared_event_window_across_target_snr_siblings
350,case-0350-noise-01,noise,1,AM,R81CF,00,EH?,2025-06-07T23:52:57.784000Z,2025-06-07T23:56:01.184000Z,RASPISHAKE,https://data.raspberryshake.org/fdsnws/dataselect/1/query,35.0,primary_noise_chunk,AM.R81CF.noise.20250607T235259,3500,3500,0,3500,shared_noise_sequence_across_target_snr_siblings
350,case-0350-noise-02,noise,2,AM,R81CF,00,EH?,2025-06-09T07:25:47.599000Z,2025-06-09T07:28:50.219000Z,RASPISHAKE,https://data.raspberryshake.org/fdsnws/dataselect/1/query,35.0,continuation_noise_chunk,AM.R81CF.noise.20250609T072549,3500,3500,3500,7000,shared_noise_sequence_across_target_snr_siblings
350,case-0350-noise-03,noise,3,AM,R81CF,00,EH?,2025-06-03T13:01:09.671000Z,2025-06-03T13:04:13.111000Z,RASPISHAKE,https://data.raspberryshake.org/fdsnws/dataselect/1/query,35.0,continuation_noise_chunk_truncated,AM.R81CF.noise.20250603T130111,3500,2000,7000,9000,shared_noise_sequence_across_target_snr_siblings
351,case-0351-event,event,0,AM,R81CF,00,EH?,2026-01-29T19:41:31.673000Z,2026-01-29T19:42:06.673000Z,RASPISHAKE,https://data.raspberryshake.org/fdsnws/dataselect/1/query,35.0,evaluator_event_reference,AM.R81CF.event.20260129T194131,3500,3500,0,3500,shared_event_window_across_target_snr_siblings
351,case-0351-noise-01,noise,1,AM,R81CF,00,EH?,2025-06-07T23:52:57.784000Z,2025-06-07T23:56:01.184000Z,RASPISHAKE,https://data.raspberryshake.org/fdsnws/dataselect/1/query,35.0,primary_noise_chunk,AM.R81CF.noise.20250607T235259,3500,3500,0,3500,shared_noise_sequence_across_target_snr_siblings
351,case-0351-noise-02,noise,2,AM,R81CF,00,EH?,2025-06-09T07:25:47.599000Z,2025-06-09T07:28:50.219000Z,RASPISHAKE,https://data.raspberryshake.org/fdsnws/dataselect/1/query,35.0,continuation_noise_chunk,AM.R81CF.noise.20250609T072549,3500,3500,3500,7000,shared_noise_sequence_across_target_snr_siblings
351,case-0351-noise-03,noise,3,AM,R81CF,00,EH?,2025-06-03T13:01:09.671000Z,2025-06-03T13:04:13.111000Z,RASPISHAKE,https://data.raspberryshake.org/fdsnws/dataselect/1/query,35.0,continuation_noise_chunk_truncated,AM.R81CF.noise.20250603T130111,3500,2000,7000,9000,shared_noise_sequence_across_target_snr_siblings
352,case-0352-event,event,0,AM,R81CF,00,EH?,2026-02-13T01:36:36.533000Z,2026-02-13T01:37:11.533000Z,RASPISHAKE,https://data.raspberryshake.org/fdsnws/dataselect/1/query,35.0,evaluator_event_reference,AM.R81CF.event.20260213T013636,3500,3500,0,3500,shared_event_window_across_target_snr_siblings
352,case-0352-noise-01,noise,1,AM,R81CF,00,EH?,2025-06-06T02:58:33.815000Z,2025-06-06T03:01:37.645000Z,RASPISHAKE,https://data.raspberryshake.org/fdsnws/dataselect/1/query,35.0,primary_noise_chunk,AM.R81CF.noise.20250606T025835,3500,3500,0,3500,shared_noise_sequence_across_target_snr_siblings
352,case-0352-noise-02,noise,2,AM,R81CF,00,EH?,2025-06-07T23:52:57.784000Z,2025-06-07T23:56:01.184000Z,RASPISHAKE,https://data.raspberryshake.org/fdsnws/dataselect/1/query,35.0,continuation_noise_chunk,AM.R81CF.noise.20250607T235259,3500,3500,3500,7000,shared_noise_sequence_across_target_snr_siblings
352,case-0352-noise-03,noise,3,AM,R81CF,00,EH?,2025-06-02T21:51:37.126000Z,2025-06-02T21:54:39.356000Z,RASPISHAKE,https://data.raspberryshake.org/fdsnws/dataselect/1/query,35.0,continuation_noise_chunk_truncated,AM.R81CF.noise.20250602T215137,3500,2000,7000,9000,shared_noise_sequence_across_target_snr_siblings
353,case-0353-event,event,0,AM,R81CF,00,EH?,2026-02-13T01:36:36.533000Z,2026-02-13T01:37:11.533000Z,RASPISHAKE,https://data.raspberryshake.org/fdsnws/dataselect/1/query,35.0,evaluator_event_reference,AM.R81CF.event.20260213T013636,3500,3500,0,3500,shared_event_window_across_target_snr_siblings
353,case-0353-noise-01,noise,1,AM,R81CF,00,EH?,2025-06-06T02:58:33.815000Z,2025-06-06T03:01:37.645000Z,RASPISHAKE,https://data.raspberryshake.org/fdsnws/dataselect/1/query,35.0,primary_noise_chunk,AM.R81CF.noise.20250606T025835,3500,3500,0,3500,shared_noise_sequence_across_target_snr_siblings
353,case-0353-noise-02,noise,2,AM,R81CF,00,EH?,2025-06-07T23:52:57.784000Z,2025-06-07T23:56:01.184000Z,RASPISHAKE,https://data.raspberryshake.org/fdsnws/dataselect/1/query,35.0,continuation_noise_chunk,AM.R81CF.noise.20250607T235259,3500,3500,3500,7000,shared_noise_sequence_across_target_snr_siblings
353,case-0353-noise-03,noise,3,AM,R81CF,00,EH?,2025-06-02T21:51:37.126000Z,2025-06-02T21:54:39.356000Z,RASPISHAKE,https://data.raspberryshake.org/fdsnws/dataselect/1/query,35.0,continuation_noise_chunk_truncated,AM.R81CF.noise.20250602T215137,3500,2000,7000,9000,shared_noise_sequence_across_target_snr_siblings
354,case-0354-event,event,0,AM,R81CF,00,EH?,2026-02-13T01:36:36.533000Z,2026-02-13T01:37:11.533000Z,RASPISHAKE,https://data.raspberryshake.org/fdsnws/dataselect/1/query,35.0,evaluator_event_reference,AM.R81CF.event.20260213T013636,3500,3500,0,3500,shared_event_window_across_target_snr_siblings
354,case-0354-noise-01,noise,1,AM,R81CF,00,EH?,2025-06-06T02:58:33.815000Z,2025-06-06T03:01:37.645000Z,RASPISHAKE,https://data.raspberryshake.org/fdsnws/dataselect/1/query,35.0,primary_noise_chunk,AM.R81CF.noise.20250606T025835,3500,3500,0,3500,shared_noise_sequence_across_target_snr_siblings
354,case-0354-noise-02,noise,2,AM,R81CF,00,EH?,2025-06-07T23:52:57.784000Z,2025-06-07T23:56:01.184000Z,RASPISHAKE,https://data.raspberryshake.org/fdsnws/dataselect/1/query,35.0,continuation_noise_chunk,AM.R81CF.noise.20250607T235259,3500,3500,3500,7000,shared_noise_sequence_across_target_snr_siblings
354,case-0354-noise-03,noise,3,AM,R81CF,00,EH?,2025-06-02T21:51:37.126000Z,2025-06-02T21:54:39.356000Z,RASPISHAKE,https://data.raspberryshake.org/fdsnws/dataselect/1/query,35.0,continuation_noise_chunk_truncated,AM.R81CF.noise.20250602T215137,3500,2000,7000,9000,shared_noise_sequence_across_target_snr_siblings
355,case-0355-event,event,0,AM,R81CF,00,EH?,2026-04-14T01:33:56.622000Z,2026-04-14T01:34:31.622000Z,RASPISHAKE,https://data.raspberryshake.org/fdsnws/dataselect/1/query,35.0,evaluator_event_reference,AM.R81CF.event.20260414T013356,3500,3500,0,3500,shared_event_window_across_target_snr_siblings
355,case-0355-noise-01,noise,1,AM,R81CF,00,EH?,2025-06-04T17:28:29.152000Z,2025-06-04T17:31:32.882000Z,RASPISHAKE,https://data.raspberryshake.org/fdsnws/dataselect/1/query,35.0,primary_noise_chunk,AM.R81CF.noise.20250604T172830,3500,3500,0,3500,shared_noise_sequence_across_target_snr_siblings
355,case-0355-noise-02,noise,2,AM,R81CF,00,EH?,2025-06-10T21:18:09.723000Z,2025-06-10T21:21:13.333000Z,RASPISHAKE,https://data.raspberryshake.org/fdsnws/dataselect/1/query,35.0,continuation_noise_chunk,AM.R81CF.noise.20250610T211811,3500,3500,3500,7000,shared_noise_sequence_across_target_snr_siblings
355,case-0355-noise-03,noise,3,AM,R81CF,00,EH?,2025-06-03T22:23:40.342000Z,2025-06-03T22:26:43.912000Z,RASPISHAKE,https://data.raspberryshake.org/fdsnws/dataselect/1/query,35.0,continuation_noise_chunk_truncated,AM.R81CF.noise.20250603T222341,3500,2000,7000,9000,shared_noise_sequence_across_target_snr_siblings
356,case-0356-event,event,0,AM,R81CF,00,EH?,2026-04-14T01:33:56.622000Z,2026-04-14T01:34:31.622000Z,RASPISHAKE,https://data.raspberryshake.org/fdsnws/dataselect/1/query,35.0,evaluator_event_reference,AM.R81CF.event.20260414T013356,3500,3500,0,3500,shared_event_window_across_target_snr_siblings
356,case-0356-noise-01,noise,1,AM,R81CF,00,EH?,2025-06-04T17:28:29.152000Z,2025-06-04T17:31:32.882000Z,RASPISHAKE,https://data.raspberryshake.org/fdsnws/dataselect/1/query,35.0,primary_noise_chunk,AM.R81CF.noise.20250604T172830,3500,3500,0,3500,shared_noise_sequence_across_target_snr_siblings
356,case-0356-noise-02,noise,2,AM,R81CF,00,EH?,2025-06-10T21:18:09.723000Z,2025-06-10T21:21:13.333000Z,RASPISHAKE,https://data.raspberryshake.org/fdsnws/dataselect/1/query,35.0,continuation_noise_chunk,AM.R81CF.noise.20250610T211811,3500,3500,3500,7000,shared_noise_sequence_across_target_snr_siblings
356,case-0356-noise-03,noise,3,AM,R81CF,00,EH?,2025-06-03T22:23:40.342000Z,2025-06-03T22:26:43.912000Z,RASPISHAKE,https://data.raspberryshake.org/fdsnws/dataselect/1/query,35.0,continuation_noise_chunk_truncated,AM.R81CF.noise.20250603T222341,3500,2000,7000,9000,shared_noise_sequence_across_target_snr_siblings
357,case-0357-event,event,0,AM,R81CF,00,EH?,2026-04-14T01:33:56.622000Z,2026-04-14T01:34:31.622000Z,RASPISHAKE,https://data.raspberryshake.org/fdsnws/dataselect/1/query,35.0,evaluator_event_reference,AM.R81CF.event.20260414T013356,3500,3500,0,3500,shared_event_window_across_target_snr_siblings
357,case-0357-noise-01,noise,1,AM,R81CF,00,EH?,2025-06-04T17:28:29.152000Z,2025-06-04T17:31:32.882000Z,RASPISHAKE,https://data.raspberryshake.org/fdsnws/dataselect/1/query,35.0,primary_noise_chunk,AM.R81CF.noise.20250604T172830,3500,3500,0,3500,shared_noise_sequence_across_target_snr_siblings
357,case-0357-noise-02,noise,2,AM,R81CF,00,EH?,2025-06-10T21:18:09.723000Z,2025-06-10T21:21:13.333000Z,RASPISHAKE,https://data.raspberryshake.org/fdsnws/dataselect/1/query,35.0,continuation_noise_chunk,AM.R81CF.noise.20250610T211811,3500,3500,3500,7000,shared_noise_sequence_across_target_snr_siblings
357,case-0357-noise-03,noise,3,AM,R81CF,00,EH?,2025-06-03T22:23:40.342000Z,2025-06-03T22:26:43.912000Z,RASPISHAKE,https://data.raspberryshake.org/fdsnws/dataselect/1/query,35.0,continuation_noise_chunk_truncated,AM.R81CF.noise.20250603T222341,3500,2000,7000,9000,shared_noise_sequence_across_target_snr_siblings
358,case-0358-event,event,0,AM,R81CF,00,EH?,2026-04-29T15:08:24.585000Z,2026-04-29T15:08:59.585000Z,RASPISHAKE,https://data.raspberryshake.org/fdsnws/dataselect/1/query,35.0,evaluator_event_reference,AM.R81CF.event.20260429T150824,3500,3500,0,3500,shared_event_window_across_target_snr_siblings
358,case-0358-noise-01,noise,1,AM,R81CF,00,EH?,2025-06-04T00:48:14.052000Z,2025-06-04T00:51:17.302000Z,RASPISHAKE,https://data.raspberryshake.org/fdsnws/dataselect/1/query,35.0,primary_noise_chunk,AM.R81CF.noise.20250604T004815,3500,3500,0,3500,shared_noise_sequence_across_target_snr_siblings
358,case-0358-noise-02,noise,2,AM,R81CF,00,EH?,2025-06-07T09:11:19.806000Z,2025-06-07T09:14:22.566000Z,RASPISHAKE,https://data.raspberryshake.org/fdsnws/dataselect/1/query,35.0,continuation_noise_chunk,AM.R81CF.noise.20250607T091120,3500,3500,3500,7000,shared_noise_sequence_across_target_snr_siblings
358,case-0358-noise-03,noise,3,AM,R81CF,00,EH?,2025-06-01T00:58:50.695000Z,2025-06-01T01:01:53.995000Z,RASPISHAKE,https://data.raspberryshake.org/fdsnws/dataselect/1/query,35.0,continuation_noise_chunk_truncated,AM.R81CF.noise.20250601T005852,3500,2000,7000,9000,shared_noise_sequence_across_target_snr_siblings
359,case-0359-event,event,0,AM,R81CF,00,EH?,2026-04-29T15:08:24.585000Z,2026-04-29T15:08:59.585000Z,RASPISHAKE,https://data.raspberryshake.org/fdsnws/dataselect/1/query,35.0,evaluator_event_reference,AM.R81CF.event.20260429T150824,3500,3500,0,3500,shared_event_window_across_target_snr_siblings
359,case-0359-noise-01,noise,1,AM,R81CF,00,EH?,2025-06-04T00:48:14.052000Z,2025-06-04T00:51:17.302000Z,RASPISHAKE,https://data.raspberryshake.org/fdsnws/dataselect/1/query,35.0,primary_noise_chunk,AM.R81CF.noise.20250604T004815,3500,3500,0,3500,shared_noise_sequence_across_target_snr_siblings
359,case-0359-noise-02,noise,2,AM,R81CF,00,EH?,2025-06-07T09:11:19.806000Z,2025-06-07T09:14:22.566000Z,RASPISHAKE,https://data.raspberryshake.org/fdsnws/dataselect/1/query,35.0,continuation_noise_chunk,AM.R81CF.noise.20250607T091120,3500,3500,3500,7000,shared_noise_sequence_across_target_snr_siblings
359,case-0359-noise-03,noise,3,AM,R81CF,00,EH?,2025-06-01T00:58:50.695000Z,2025-06-01T01:01:53.995000Z,RASPISHAKE,https://data.raspberryshake.org/fdsnws/dataselect/1/query,35.0,continuation_noise_chunk_truncated,AM.R81CF.noise.20250601T005852,3500,2000,7000,9000,shared_noise_sequence_across_target_snr_siblings
360,case-0360-event,event,0,AM,R81CF,00,EH?,2026-04-29T15:08:24.585000Z,2026-04-29T15:08:59.585000Z,RASPISHAKE,https://data.raspberryshake.org/fdsnws/dataselect/1/query,35.0,evaluator_event_reference,AM.R81CF.event.20260429T150824,3500,3500,0,3500,shared_event_window_across_target_snr_siblings
360,case-0360-noise-01,noise,1,AM,R81CF,00,EH?,2025-06-04T00:48:14.052000Z,2025-06-04T00:51:17.302000Z,RASPISHAKE,https://data.raspberryshake.org/fdsnws/dataselect/1/query,35.0,primary_noise_chunk,AM.R81CF.noise.20250604T004815,3500,3500,0,3500,shared_noise_sequence_across_target_snr_siblings
360,case-0360-noise-02,noise,2,AM,R81CF,00,EH?,2025-06-07T09:11:19.806000Z,2025-06-07T09:14:22.566000Z,RASPISHAKE,https://data.raspberryshake.org/fdsnws/dataselect/1/query,35.0,continuation_noise_chunk,AM.R81CF.noise.20250607T091120,3500,3500,3500,7000,shared_noise_sequence_across_target_snr_siblings
360,case-0360-noise-03,noise,3,AM,R81CF,00,EH?,2025-06-01T00:58:50.695000Z,2025-06-01T01:01:53.995000Z,RASPISHAKE,https://data.raspberryshake.org/fdsnws/dataselect/1/query,35.0,continuation_noise_chunk_truncated,AM.R81CF.noise.20250601T005852,3500,2000,7000,9000,shared_noise_sequence_across_target_snr_siblings
361,case-0361-event,event,0,AM,R8219,00,EH?,2025-12-08T05:31:29.663000Z,2025-12-08T05:32:04.663000Z,RASPISHAKE,https://data.raspberryshake.org/fdsnws/dataselect/1/query,35.0,evaluator_event_reference,AM.R8219.event.20251208T053129,3500,3500,0,3500,shared_event_window_across_target_snr_siblings
361,case-0361-noise-01,noise,1,AM,R8219,00,EH?,2025-06-10T22:22:09.842000Z,2025-06-10T22:25:16.232000Z,RASPISHAKE,https://data.raspberryshake.org/fdsnws/dataselect/1/query,35.0,primary_noise_chunk,AM.R8219.noise.20250610T222213,3500,3500,0,3500,shared_noise_sequence_across_target_snr_siblings
361,case-0361-noise-02,noise,2,AM,R8219,00,EH?,2025-06-08T16:29:15.282000Z,2025-06-08T16:32:19.942000Z,RASPISHAKE,https://data.raspberryshake.org/fdsnws/dataselect/1/query,35.0,continuation_noise_chunk,AM.R8219.noise.20250608T162917,3500,3500,3500,7000,shared_noise_sequence_across_target_snr_siblings
361,case-0361-noise-03,noise,3,AM,R8219,00,EH?,2025-06-06T15:29:58.082000Z,2025-06-06T15:33:03.012000Z,RASPISHAKE,https://data.raspberryshake.org/fdsnws/dataselect/1/query,35.0,continuation_noise_chunk_truncated,AM.R8219.noise.20250606T153000,3500,2000,7000,9000,shared_noise_sequence_across_target_snr_siblings
362,case-0362-event,event,0,AM,R8219,00,EH?,2025-12-08T05:31:29.663000Z,2025-12-08T05:32:04.663000Z,RASPISHAKE,https://data.raspberryshake.org/fdsnws/dataselect/1/query,35.0,evaluator_event_reference,AM.R8219.event.20251208T053129,3500,3500,0,3500,shared_event_window_across_target_snr_siblings
362,case-0362-noise-01,noise,1,AM,R8219,00,EH?,2025-06-10T22:22:09.842000Z,2025-06-10T22:25:16.232000Z,RASPISHAKE,https://data.raspberryshake.org/fdsnws/dataselect/1/query,35.0,primary_noise_chunk,AM.R8219.noise.20250610T222213,3500,3500,0,3500,shared_noise_sequence_across_target_snr_siblings
362,case-0362-noise-02,noise,2,AM,R8219,00,EH?,2025-06-08T16:29:15.282000Z,2025-06-08T16:32:19.942000Z,RASPISHAKE,https://data.raspberryshake.org/fdsnws/dataselect/1/query,35.0,continuation_noise_chunk,AM.R8219.noise.20250608T162917,3500,3500,3500,7000,shared_noise_sequence_across_target_snr_siblings
362,case-0362-noise-03,noise,3,AM,R8219,00,EH?,2025-06-06T15:29:58.082000Z,2025-06-06T15:33:03.012000Z,RASPISHAKE,https://data.raspberryshake.org/fdsnws/dataselect/1/query,35.0,continuation_noise_chunk_truncated,AM.R8219.noise.20250606T153000,3500,2000,7000,9000,shared_noise_sequence_across_target_snr_siblings
363,case-0363-event,event,0,AM,R8219,00,EH?,2025-12-08T05:31:29.663000Z,2025-12-08T05:32:04.663000Z,RASPISHAKE,https://data.raspberryshake.org/fdsnws/dataselect/1/query,35.0,evaluator_event_reference,AM.R8219.event.20251208T053129,3500,3500,0,3500,shared_event_window_across_target_snr_siblings
363,case-0363-noise-01,noise,1,AM,R8219,00,EH?,2025-06-10T22:22:09.842000Z,2025-06-10T22:25:16.232000Z,RASPISHAKE,https://data.raspberryshake.org/fdsnws/dataselect/1/query,35.0,primary_noise_chunk,AM.R8219.noise.20250610T222213,3500,3500,0,3500,shared_noise_sequence_across_target_snr_siblings
363,case-0363-noise-02,noise,2,AM,R8219,00,EH?,2025-06-08T16:29:15.282000Z,2025-06-08T16:32:19.942000Z,RASPISHAKE,https://data.raspberryshake.org/fdsnws/dataselect/1/query,35.0,continuation_noise_chunk,AM.R8219.noise.20250608T162917,3500,3500,3500,7000,shared_noise_sequence_across_target_snr_siblings
363,case-0363-noise-03,noise,3,AM,R8219,00,EH?,2025-06-06T15:29:58.082000Z,2025-06-06T15:33:03.012000Z,RASPISHAKE,https://data.raspberryshake.org/fdsnws/dataselect/1/query,35.0,continuation_noise_chunk_truncated,AM.R8219.noise.20250606T153000,3500,2000,7000,9000,shared_noise_sequence_across_target_snr_siblings
364,case-0364-event,event,0,AM,R8219,00,EH?,2026-01-13T08:29:42.986000Z,2026-01-13T08:30:17.986000Z,RASPISHAKE,https://data.raspberryshake.org/fdsnws/dataselect/1/query,35.0,evaluator_event_reference,AM.R8219.event.20260113T082942,3500,3500,0,3500,shared_event_window_across_target_snr_siblings
364,case-0364-noise-01,noise,1,AM,R8219,00,EH?,2025-06-10T22:22:09.842000Z,2025-06-10T22:25:16.232000Z,RASPISHAKE,https://data.raspberryshake.org/fdsnws/dataselect/1/query,35.0,primary_noise_chunk,AM.R8219.noise.20250610T222213,3500,3500,0,3500,shared_noise_sequence_across_target_snr_siblings
364,case-0364-noise-02,noise,2,AM,R8219,00,EH?,2025-06-09T07:25:46.212000Z,2025-06-09T07:28:51.372000Z,RASPISHAKE,https://data.raspberryshake.org/fdsnws/dataselect/1/query,35.0,continuation_noise_chunk,AM.R8219.noise.20250609T072549,3500,3500,3500,7000,shared_noise_sequence_across_target_snr_siblings
364,case-0364-noise-03,noise,3,AM,R8219,00,EH?,2025-06-05T10:07:21.422000Z,2025-06-05T10:10:26.812000Z,RASPISHAKE,https://data.raspberryshake.org/fdsnws/dataselect/1/query,35.0,continuation_noise_chunk_truncated,AM.R8219.noise.20250605T100724,3500,2000,7000,9000,shared_noise_sequence_across_target_snr_siblings
365,case-0365-event,event,0,AM,R8219,00,EH?,2026-01-13T08:29:42.986000Z,2026-01-13T08:30:17.986000Z,RASPISHAKE,https://data.raspberryshake.org/fdsnws/dataselect/1/query,35.0,evaluator_event_reference,AM.R8219.event.20260113T082942,3500,3500,0,3500,shared_event_window_across_target_snr_siblings
365,case-0365-noise-01,noise,1,AM,R8219,00,EH?,2025-06-10T22:22:09.842000Z,2025-06-10T22:25:16.232000Z,RASPISHAKE,https://data.raspberryshake.org/fdsnws/dataselect/1/query,35.0,primary_noise_chunk,AM.R8219.noise.20250610T222213,3500,3500,0,3500,shared_noise_sequence_across_target_snr_siblings
365,case-0365-noise-02,noise,2,AM,R8219,00,EH?,2025-06-09T07:25:46.212000Z,2025-06-09T07:28:51.372000Z,RASPISHAKE,https://data.raspberryshake.org/fdsnws/dataselect/1/query,35.0,continuation_noise_chunk,AM.R8219.noise.20250609T072549,3500,3500,3500,7000,shared_noise_sequence_across_target_snr_siblings
365,case-0365-noise-03,noise,3,AM,R8219,00,EH?,2025-06-05T10:07:21.422000Z,2025-06-05T10:10:26.812000Z,RASPISHAKE,https://data.raspberryshake.org/fdsnws/dataselect/1/query,35.0,continuation_noise_chunk_truncated,AM.R8219.noise.20250605T100724,3500,2000,7000,9000,shared_noise_sequence_across_target_snr_siblings
366,case-0366-event,event,0,AM,R8219,00,EH?,2026-01-13T08:29:42.986000Z,2026-01-13T08:30:17.986000Z,RASPISHAKE,https://data.raspberryshake.org/fdsnws/dataselect/1/query,35.0,evaluator_event_reference,AM.R8219.event.20260113T082942,3500,3500,0,3500,shared_event_window_across_target_snr_siblings
366,case-0366-noise-01,noise,1,AM,R8219,00,EH?,2025-06-10T22:22:09.842000Z,2025-06-10T22:25:16.232000Z,RASPISHAKE,https://data.raspberryshake.org/fdsnws/dataselect/1/query,35.0,primary_noise_chunk,AM.R8219.noise.20250610T222213,3500,3500,0,3500,shared_noise_sequence_across_target_snr_siblings
366,case-0366-noise-02,noise,2,AM,R8219,00,EH?,2025-06-09T07:25:46.212000Z,2025-06-09T07:28:51.372000Z,RASPISHAKE,https://data.raspberryshake.org/fdsnws/dataselect/1/query,35.0,continuation_noise_chunk,AM.R8219.noise.20250609T072549,3500,3500,3500,7000,shared_noise_sequence_across_target_snr_siblings
366,case-0366-noise-03,noise,3,AM,R8219,00,EH?,2025-06-05T10:07:21.422000Z,2025-06-05T10:10:26.812000Z,RASPISHAKE,https://data.raspberryshake.org/fdsnws/dataselect/1/query,35.0,continuation_noise_chunk_truncated,AM.R8219.noise.20250605T100724,3500,2000,7000,9000,shared_noise_sequence_across_target_snr_siblings
367,case-0367-event,event,0,AM,R8219,00,EH?,2026-01-13T08:31:02.766000Z,2026-01-13T08:31:37.766000Z,RASPISHAKE,https://data.raspberryshake.org/fdsnws/dataselect/1/query,35.0,evaluator_event_reference,AM.R8219.event.20260113T083102,3500,3500,0,3500,shared_event_window_across_target_snr_siblings
367,case-0367-noise-01,noise,1,AM,R8219,00,EH?,2025-06-09T07:25:46.212000Z,2025-06-09T07:28:51.372000Z,RASPISHAKE,https://data.raspberryshake.org/fdsnws/dataselect/1/query,35.0,primary_noise_chunk,AM.R8219.noise.20250609T072549,3500,3500,0,3500,shared_noise_sequence_across_target_snr_siblings
367,case-0367-noise-02,noise,2,AM,R8219,00,EH?,2025-06-06T02:58:34.742000Z,2025-06-06T03:01:39.332000Z,RASPISHAKE,https://data.raspberryshake.org/fdsnws/dataselect/1/query,35.0,continuation_noise_chunk,AM.R8219.noise.20250606T025835,3500,3500,3500,7000,shared_noise_sequence_across_target_snr_siblings
367,case-0367-noise-03,noise,3,AM,R8219,00,EH?,2025-06-01T15:15:16.572000Z,2025-06-01T15:18:20.902000Z,RASPISHAKE,https://data.raspberryshake.org/fdsnws/dataselect/1/query,35.0,continuation_noise_chunk_truncated,AM.R8219.noise.20250601T151518,3500,2000,7000,9000,shared_noise_sequence_across_target_snr_siblings
368,case-0368-event,event,0,AM,R8219,00,EH?,2026-01-13T08:31:02.766000Z,2026-01-13T08:31:37.766000Z,RASPISHAKE,https://data.raspberryshake.org/fdsnws/dataselect/1/query,35.0,evaluator_event_reference,AM.R8219.event.20260113T083102,3500,3500,0,3500,shared_event_window_across_target_snr_siblings
368,case-0368-noise-01,noise,1,AM,R8219,00,EH?,2025-06-09T07:25:46.212000Z,2025-06-09T07:28:51.372000Z,RASPISHAKE,https://data.raspberryshake.org/fdsnws/dataselect/1/query,35.0,primary_noise_chunk,AM.R8219.noise.20250609T072549,3500,3500,0,3500,shared_noise_sequence_across_target_snr_siblings
368,case-0368-noise-02,noise,2,AM,R8219,00,EH?,2025-06-06T02:58:34.742000Z,2025-06-06T03:01:39.332000Z,RASPISHAKE,https://data.raspberryshake.org/fdsnws/dataselect/1/query,35.0,continuation_noise_chunk,AM.R8219.noise.20250606T025835,3500,3500,3500,7000,shared_noise_sequence_across_target_snr_siblings
368,case-0368-noise-03,noise,3,AM,R8219,00,EH?,2025-06-01T15:15:16.572000Z,2025-06-01T15:18:20.902000Z,RASPISHAKE,https://data.raspberryshake.org/fdsnws/dataselect/1/query,35.0,continuation_noise_chunk_truncated,AM.R8219.noise.20250601T151518,3500,2000,7000,9000,shared_noise_sequence_across_target_snr_siblings
369,case-0369-event,event,0,AM,R8219,00,EH?,2026-01-13T08:31:02.766000Z,2026-01-13T08:31:37.766000Z,RASPISHAKE,https://data.raspberryshake.org/fdsnws/dataselect/1/query,35.0,evaluator_event_reference,AM.R8219.event.20260113T083102,3500,3500,0,3500,shared_event_window_across_target_snr_siblings
369,case-0369-noise-01,noise,1,AM,R8219,00,EH?,2025-06-09T07:25:46.212000Z,2025-06-09T07:28:51.372000Z,RASPISHAKE,https://data.raspberryshake.org/fdsnws/dataselect/1/query,35.0,primary_noise_chunk,AM.R8219.noise.20250609T072549,3500,3500,0,3500,shared_noise_sequence_across_target_snr_siblings
369,case-0369-noise-02,noise,2,AM,R8219,00,EH?,2025-06-06T02:58:34.742000Z,2025-06-06T03:01:39.332000Z,RASPISHAKE,https://data.raspberryshake.org/fdsnws/dataselect/1/query,35.0,continuation_noise_chunk,AM.R8219.noise.20250606T025835,3500,3500,3500,7000,shared_noise_sequence_across_target_snr_siblings
369,case-0369-noise-03,noise,3,AM,R8219,00,EH?,2025-06-01T15:15:16.572000Z,2025-06-01T15:18:20.902000Z,RASPISHAKE,https://data.raspberryshake.org/fdsnws/dataselect/1/query,35.0,continuation_noise_chunk_truncated,AM.R8219.noise.20250601T151518,3500,2000,7000,9000,shared_noise_sequence_across_target_snr_siblings
370,case-0370-event,event,0,AM,R8219,00,EH?,2026-02-21T12:45:11.920000Z,2026-02-21T12:45:46.920000Z,RASPISHAKE,https://data.raspberryshake.org/fdsnws/dataselect/1/query,35.0,evaluator_event_reference,AM.R8219.event.20260221T124511,3500,3500,0,3500,shared_event_window_across_target_snr_siblings
370,case-0370-noise-01,noise,1,AM,R8219,00,EH?,2025-06-06T15:29:58.082000Z,2025-06-06T15:33:03.012000Z,RASPISHAKE,https://data.raspberryshake.org/fdsnws/dataselect/1/query,35.0,primary_noise_chunk,AM.R8219.noise.20250606T153000,3500,3500,0,3500,shared_noise_sequence_across_target_snr_siblings
370,case-0370-noise-02,noise,2,AM,R8219,00,EH?,2025-06-03T13:01:08.662000Z,2025-06-03T13:04:13.412000Z,RASPISHAKE,https://data.raspberryshake.org/fdsnws/dataselect/1/query,35.0,continuation_noise_chunk,AM.R8219.noise.20250603T130111,3500,3500,3500,7000,shared_noise_sequence_across_target_snr_siblings
370,case-0370-noise-03,noise,3,AM,R8219,00,EH?,2025-06-08T15:34:40.202000Z,2025-06-08T15:37:45.852000Z,RASPISHAKE,https://data.raspberryshake.org/fdsnws/dataselect/1/query,35.0,continuation_noise_chunk_truncated,AM.R8219.noise.20250608T153442,3500,2000,7000,9000,shared_noise_sequence_across_target_snr_siblings
371,case-0371-event,event,0,AM,R8219,00,EH?,2026-02-21T12:45:11.920000Z,2026-02-21T12:45:46.920000Z,RASPISHAKE,https://data.raspberryshake.org/fdsnws/dataselect/1/query,35.0,evaluator_event_reference,AM.R8219.event.20260221T124511,3500,3500,0,3500,shared_event_window_across_target_snr_siblings
371,case-0371-noise-01,noise,1,AM,R8219,00,EH?,2025-06-06T15:29:58.082000Z,2025-06-06T15:33:03.012000Z,RASPISHAKE,https://data.raspberryshake.org/fdsnws/dataselect/1/query,35.0,primary_noise_chunk,AM.R8219.noise.20250606T153000,3500,3500,0,3500,shared_noise_sequence_across_target_snr_siblings
371,case-0371-noise-02,noise,2,AM,R8219,00,EH?,2025-06-03T13:01:08.662000Z,2025-06-03T13:04:13.412000Z,RASPISHAKE,https://data.raspberryshake.org/fdsnws/dataselect/1/query,35.0,continuation_noise_chunk,AM.R8219.noise.20250603T130111,3500,3500,3500,7000,shared_noise_sequence_across_target_snr_siblings
371,case-0371-noise-03,noise,3,AM,R8219,00,EH?,2025-06-08T15:34:40.202000Z,2025-06-08T15:37:45.852000Z,RASPISHAKE,https://data.raspberryshake.org/fdsnws/dataselect/1/query,35.0,continuation_noise_chunk_truncated,AM.R8219.noise.20250608T153442,3500,2000,7000,9000,shared_noise_sequence_across_target_snr_siblings
372,case-0372-event,event,0,AM,R8219,00,EH?,2026-02-21T12:45:11.920000Z,2026-02-21T12:45:46.920000Z,RASPISHAKE,https://data.raspberryshake.org/fdsnws/dataselect/1/query,35.0,evaluator_event_reference,AM.R8219.event.20260221T124511,3500,3500,0,3500,shared_event_window_across_target_snr_siblings
372,case-0372-noise-01,noise,1,AM,R8219,00,EH?,2025-06-06T15:29:58.082000Z,2025-06-06T15:33:03.012000Z,RASPISHAKE,https://data.raspberryshake.org/fdsnws/dataselect/1/query,35.0,primary_noise_chunk,AM.R8219.noise.20250606T153000,3500,3500,0,3500,shared_noise_sequence_across_target_snr_siblings
372,case-0372-noise-02,noise,2,AM,R8219,00,EH?,2025-06-03T13:01:08.662000Z,2025-06-03T13:04:13.412000Z,RASPISHAKE,https://data.raspberryshake.org/fdsnws/dataselect/1/query,35.0,continuation_noise_chunk,AM.R8219.noise.20250603T130111,3500,3500,3500,7000,shared_noise_sequence_across_target_snr_siblings
372,case-0372-noise-03,noise,3,AM,R8219,00,EH?,2025-06-08T15:34:40.202000Z,2025-06-08T15:37:45.852000Z,RASPISHAKE,https://data.raspberryshake.org/fdsnws/dataselect/1/query,35.0,continuation_noise_chunk_truncated,AM.R8219.noise.20250608T153442,3500,2000,7000,9000,shared_noise_sequence_across_target_snr_siblings
373,case-0373-event,event,0,AM,R8219,00,EH?,2026-03-26T08:42:19.749000Z,2026-03-26T08:42:54.749000Z,RASPISHAKE,https://data.raspberryshake.org/fdsnws/dataselect/1/query,35.0,evaluator_event_reference,AM.R8219.event.20260326T084219,3500,3500,0,3500,shared_event_window_across_target_snr_siblings
373,case-0373-noise-01,noise,1,AM,R8219,00,EH?,2025-06-05T07:10:38.542000Z,2025-06-05T07:13:43.032000Z,RASPISHAKE,https://data.raspberryshake.org/fdsnws/dataselect/1/query,35.0,primary_noise_chunk,AM.R8219.noise.20250605T071041,3500,3500,0,3500,shared_noise_sequence_across_target_snr_siblings
373,case-0373-noise-02,noise,2,AM,R8219,00,EH?,2025-06-05T20:40:19.832000Z,2025-06-05T20:43:26.542000Z,RASPISHAKE,https://data.raspberryshake.org/fdsnws/dataselect/1/query,35.0,continuation_noise_chunk,AM.R8219.noise.20250605T204023,3500,3500,3500,7000,shared_noise_sequence_across_target_snr_siblings
373,case-0373-noise-03,noise,3,AM,R8219,00,EH?,2025-06-07T09:11:18.902000Z,2025-06-07T09:14:22.612000Z,RASPISHAKE,https://data.raspberryshake.org/fdsnws/dataselect/1/query,35.0,continuation_noise_chunk_truncated,AM.R8219.noise.20250607T091120,3500,2000,7000,9000,shared_noise_sequence_across_target_snr_siblings
374,case-0374-event,event,0,AM,R8219,00,EH?,2026-03-26T08:42:19.749000Z,2026-03-26T08:42:54.749000Z,RASPISHAKE,https://data.raspberryshake.org/fdsnws/dataselect/1/query,35.0,evaluator_event_reference,AM.R8219.event.20260326T084219,3500,3500,0,3500,shared_event_window_across_target_snr_siblings
374,case-0374-noise-01,noise,1,AM,R8219,00,EH?,2025-06-05T07:10:38.542000Z,2025-06-05T07:13:43.032000Z,RASPISHAKE,https://data.raspberryshake.org/fdsnws/dataselect/1/query,35.0,primary_noise_chunk,AM.R8219.noise.20250605T071041,3500,3500,0,3500,shared_noise_sequence_across_target_snr_siblings
374,case-0374-noise-02,noise,2,AM,R8219,00,EH?,2025-06-05T20:40:19.832000Z,2025-06-05T20:43:26.542000Z,RASPISHAKE,https://data.raspberryshake.org/fdsnws/dataselect/1/query,35.0,continuation_noise_chunk,AM.R8219.noise.20250605T204023,3500,3500,3500,7000,shared_noise_sequence_across_target_snr_siblings
374,case-0374-noise-03,noise,3,AM,R8219,00,EH?,2025-06-07T09:11:18.902000Z,2025-06-07T09:14:22.612000Z,RASPISHAKE,https://data.raspberryshake.org/fdsnws/dataselect/1/query,35.0,continuation_noise_chunk_truncated,AM.R8219.noise.20250607T091120,3500,2000,7000,9000,shared_noise_sequence_across_target_snr_siblings
375,case-0375-event,event,0,AM,R8219,00,EH?,2026-03-26T08:42:19.749000Z,2026-03-26T08:42:54.749000Z,RASPISHAKE,https://data.raspberryshake.org/fdsnws/dataselect/1/query,35.0,evaluator_event_reference,AM.R8219.event.20260326T084219,3500,3500,0,3500,shared_event_window_across_target_snr_siblings
375,case-0375-noise-01,noise,1,AM,R8219,00,EH?,2025-06-05T07:10:38.542000Z,2025-06-05T07:13:43.032000Z,RASPISHAKE,https://data.raspberryshake.org/fdsnws/dataselect/1/query,35.0,primary_noise_chunk,AM.R8219.noise.20250605T071041,3500,3500,0,3500,shared_noise_sequence_across_target_snr_siblings
375,case-0375-noise-02,noise,2,AM,R8219,00,EH?,2025-06-05T20:40:19.832000Z,2025-06-05T20:43:26.542000Z,RASPISHAKE,https://data.raspberryshake.org/fdsnws/dataselect/1/query,35.0,continuation_noise_chunk,AM.R8219.noise.20250605T204023,3500,3500,3500,7000,shared_noise_sequence_across_target_snr_siblings
375,case-0375-noise-03,noise,3,AM,R8219,00,EH?,2025-06-07T09:11:18.902000Z,2025-06-07T09:14:22.612000Z,RASPISHAKE,https://data.raspberryshake.org/fdsnws/dataselect/1/query,35.0,continuation_noise_chunk_truncated,AM.R8219.noise.20250607T091120,3500,2000,7000,9000,shared_noise_sequence_across_target_snr_siblings
376,case-0376-event,event,0,AM,R8219,00,EH?,2026-05-03T18:39:12.389000Z,2026-05-03T18:39:47.389000Z,RASPISHAKE,https://data.raspberryshake.org/fdsnws/dataselect/1/query,35.0,evaluator_event_reference,AM.R8219.event.20260503T183912,3500,3500,0,3500,shared_event_window_across_target_snr_siblings
376,case-0376-noise-01,noise,1,AM,R8219,00,EH?,2025-06-06T15:29:58.082000Z,2025-06-06T15:33:03.012000Z,RASPISHAKE,https://data.raspberryshake.org/fdsnws/dataselect/1/query,35.0,primary_noise_chunk,AM.R8219.noise.20250606T153000,3500,3500,0,3500,shared_noise_sequence_across_target_snr_siblings
376,case-0376-noise-02,noise,2,AM,R8219,00,EH?,2025-06-10T21:18:09.592000Z,2025-06-10T21:21:13.752000Z,RASPISHAKE,https://data.raspberryshake.org/fdsnws/dataselect/1/query,35.0,continuation_noise_chunk,AM.R8219.noise.20250610T211811,3500,3500,3500,7000,shared_noise_sequence_across_target_snr_siblings
376,case-0376-noise-03,noise,3,AM,R8219,00,EH?,2025-06-04T00:48:11.742000Z,2025-06-04T00:51:17.582000Z,RASPISHAKE,https://data.raspberryshake.org/fdsnws/dataselect/1/query,35.0,continuation_noise_chunk_truncated,AM.R8219.noise.20250604T004815,3500,2000,7000,9000,shared_noise_sequence_across_target_snr_siblings
377,case-0377-event,event,0,AM,R8219,00,EH?,2026-05-03T18:39:12.389000Z,2026-05-03T18:39:47.389000Z,RASPISHAKE,https://data.raspberryshake.org/fdsnws/dataselect/1/query,35.0,evaluator_event_reference,AM.R8219.event.20260503T183912,3500,3500,0,3500,shared_event_window_across_target_snr_siblings
377,case-0377-noise-01,noise,1,AM,R8219,00,EH?,2025-06-06T15:29:58.082000Z,2025-06-06T15:33:03.012000Z,RASPISHAKE,https://data.raspberryshake.org/fdsnws/dataselect/1/query,35.0,primary_noise_chunk,AM.R8219.noise.20250606T153000,3500,3500,0,3500,shared_noise_sequence_across_target_snr_siblings
377,case-0377-noise-02,noise,2,AM,R8219,00,EH?,2025-06-10T21:18:09.592000Z,2025-06-10T21:21:13.752000Z,RASPISHAKE,https://data.raspberryshake.org/fdsnws/dataselect/1/query,35.0,continuation_noise_chunk,AM.R8219.noise.20250610T211811,3500,3500,3500,7000,shared_noise_sequence_across_target_snr_siblings
377,case-0377-noise-03,noise,3,AM,R8219,00,EH?,2025-06-04T00:48:11.742000Z,2025-06-04T00:51:17.582000Z,RASPISHAKE,https://data.raspberryshake.org/fdsnws/dataselect/1/query,35.0,continuation_noise_chunk_truncated,AM.R8219.noise.20250604T004815,3500,2000,7000,9000,shared_noise_sequence_across_target_snr_siblings
378,case-0378-event,event,0,AM,R8219,00,EH?,2026-05-03T18:39:12.389000Z,2026-05-03T18:39:47.389000Z,RASPISHAKE,https://data.raspberryshake.org/fdsnws/dataselect/1/query,35.0,evaluator_event_reference,AM.R8219.event.20260503T183912,3500,3500,0,3500,shared_event_window_across_target_snr_siblings
378,case-0378-noise-01,noise,1,AM,R8219,00,EH?,2025-06-06T15:29:58.082000Z,2025-06-06T15:33:03.012000Z,RASPISHAKE,https://data.raspberryshake.org/fdsnws/dataselect/1/query,35.0,primary_noise_chunk,AM.R8219.noise.20250606T153000,3500,3500,0,3500,shared_noise_sequence_across_target_snr_siblings
378,case-0378-noise-02,noise,2,AM,R8219,00,EH?,2025-06-10T21:18:09.592000Z,2025-06-10T21:21:13.752000Z,RASPISHAKE,https://data.raspberryshake.org/fdsnws/dataselect/1/query,35.0,continuation_noise_chunk,AM.R8219.noise.20250610T211811,3500,3500,3500,7000,shared_noise_sequence_across_target_snr_siblings
378,case-0378-noise-03,noise,3,AM,R8219,00,EH?,2025-06-04T00:48:11.742000Z,2025-06-04T00:51:17.582000Z,RASPISHAKE,https://data.raspberryshake.org/fdsnws/dataselect/1/query,35.0,continuation_noise_chunk_truncated,AM.R8219.noise.20250604T004815,3500,2000,7000,9000,shared_noise_sequence_across_target_snr_siblings
379,case-0379-event,event,0,AM,R8219,00,EH?,2026-05-20T14:15:12.639000Z,2026-05-20T14:15:47.639000Z,RASPISHAKE,https://data.raspberryshake.org/fdsnws/dataselect/1/query,35.0,evaluator_event_reference,AM.R8219.event.20260520T141512,3500,3500,0,3500,shared_event_window_across_target_snr_siblings
379,case-0379-noise-01,noise,1,AM,R8219,00,EH?,2025-06-03T19:32:22.152000Z,2025-06-03T19:35:25.002000Z,RASPISHAKE,https://data.raspberryshake.org/fdsnws/dataselect/1/query,35.0,primary_noise_chunk,AM.R8219.noise.20250603T193222,3500,3500,0,3500,shared_noise_sequence_across_target_snr_siblings
379,case-0379-noise-02,noise,2,AM,R8219,00,EH?,2025-06-10T08:34:07.212000Z,2025-06-10T08:37:09.432000Z,RASPISHAKE,https://data.raspberryshake.org/fdsnws/dataselect/1/query,35.0,continuation_noise_chunk,AM.R8219.noise.20250610T083409,3500,3500,3500,7000,shared_noise_sequence_across_target_snr_siblings
379,case-0379-noise-03,noise,3,AM,R8219,00,EH?,2025-06-09T07:25:46.212000Z,2025-06-09T07:28:51.372000Z,RASPISHAKE,https://data.raspberryshake.org/fdsnws/dataselect/1/query,35.0,continuation_noise_chunk_truncated,AM.R8219.noise.20250609T072549,3500,2000,7000,9000,shared_noise_sequence_across_target_snr_siblings
380,case-0380-event,event,0,AM,R8219,00,EH?,2026-05-20T14:15:12.639000Z,2026-05-20T14:15:47.639000Z,RASPISHAKE,https://data.raspberryshake.org/fdsnws/dataselect/1/query,35.0,evaluator_event_reference,AM.R8219.event.20260520T141512,3500,3500,0,3500,shared_event_window_across_target_snr_siblings
380,case-0380-noise-01,noise,1,AM,R8219,00,EH?,2025-06-03T19:32:22.152000Z,2025-06-03T19:35:25.002000Z,RASPISHAKE,https://data.raspberryshake.org/fdsnws/dataselect/1/query,35.0,primary_noise_chunk,AM.R8219.noise.20250603T193222,3500,3500,0,3500,shared_noise_sequence_across_target_snr_siblings
380,case-0380-noise-02,noise,2,AM,R8219,00,EH?,2025-06-10T08:34:07.212000Z,2025-06-10T08:37:09.432000Z,RASPISHAKE,https://data.raspberryshake.org/fdsnws/dataselect/1/query,35.0,continuation_noise_chunk,AM.R8219.noise.20250610T083409,3500,3500,3500,7000,shared_noise_sequence_across_target_snr_siblings
380,case-0380-noise-03,noise,3,AM,R8219,00,EH?,2025-06-09T07:25:46.212000Z,2025-06-09T07:28:51.372000Z,RASPISHAKE,https://data.raspberryshake.org/fdsnws/dataselect/1/query,35.0,continuation_noise_chunk_truncated,AM.R8219.noise.20250609T072549,3500,2000,7000,9000,shared_noise_sequence_across_target_snr_siblings
381,case-0381-event,event,0,AM,R8219,00,EH?,2026-05-20T14:15:12.639000Z,2026-05-20T14:15:47.639000Z,RASPISHAKE,https://data.raspberryshake.org/fdsnws/dataselect/1/query,35.0,evaluator_event_reference,AM.R8219.event.20260520T141512,3500,3500,0,3500,shared_event_window_across_target_snr_siblings
381,case-0381-noise-01,noise,1,AM,R8219,00,EH?,2025-06-03T19:32:22.152000Z,2025-06-03T19:35:25.002000Z,RASPISHAKE,https://data.raspberryshake.org/fdsnws/dataselect/1/query,35.0,primary_noise_chunk,AM.R8219.noise.20250603T193222,3500,3500,0,3500,shared_noise_sequence_across_target_snr_siblings
381,case-0381-noise-02,noise,2,AM,R8219,00,EH?,2025-06-10T08:34:07.212000Z,2025-06-10T08:37:09.432000Z,RASPISHAKE,https://data.raspberryshake.org/fdsnws/dataselect/1/query,35.0,continuation_noise_chunk,AM.R8219.noise.20250610T083409,3500,3500,3500,7000,shared_noise_sequence_across_target_snr_siblings
381,case-0381-noise-03,noise,3,AM,R8219,00,EH?,2025-06-09T07:25:46.212000Z,2025-06-09T07:28:51.372000Z,RASPISHAKE,https://data.raspberryshake.org/fdsnws/dataselect/1/query,35.0,continuation_noise_chunk_truncated,AM.R8219.noise.20250609T072549,3500,2000,7000,9000,shared_noise_sequence_across_target_snr_siblings
382,case-0382-event,event,0,AM,R8219,00,EH?,2026-05-25T15:27:27.789000Z,2026-05-25T15:28:02.789000Z,RASPISHAKE,https://data.raspberryshake.org/fdsnws/dataselect/1/query,35.0,evaluator_event_reference,AM.R8219.event.20260525T152727,3500,3500,0,3500,shared_event_window_across_target_snr_siblings
382,case-0382-noise-01,noise,1,AM,R8219,00,EH?,2025-06-06T16:03:38.412000Z,2025-06-06T16:06:42.902000Z,RASPISHAKE,https://data.raspberryshake.org/fdsnws/dataselect/1/query,35.0,primary_noise_chunk,AM.R8219.noise.20250606T160341,3500,3500,0,3500,shared_noise_sequence_across_target_snr_siblings
382,case-0382-noise-02,noise,2,AM,R8219,00,EH?,2025-06-05T20:40:19.832000Z,2025-06-05T20:43:26.542000Z,RASPISHAKE,https://data.raspberryshake.org/fdsnws/dataselect/1/query,35.0,continuation_noise_chunk,AM.R8219.noise.20250605T204023,3500,3500,3500,7000,shared_noise_sequence_across_target_snr_siblings
382,case-0382-noise-03,noise,3,AM,R8219,00,EH?,2025-06-02T17:28:14.802000Z,2025-06-02T17:31:18.972000Z,RASPISHAKE,https://data.raspberryshake.org/fdsnws/dataselect/1/query,35.0,continuation_noise_chunk_truncated,AM.R8219.noise.20250602T172817,3500,2000,7000,9000,shared_noise_sequence_across_target_snr_siblings
383,case-0383-event,event,0,AM,R8219,00,EH?,2026-05-25T15:27:27.789000Z,2026-05-25T15:28:02.789000Z,RASPISHAKE,https://data.raspberryshake.org/fdsnws/dataselect/1/query,35.0,evaluator_event_reference,AM.R8219.event.20260525T152727,3500,3500,0,3500,shared_event_window_across_target_snr_siblings
383,case-0383-noise-01,noise,1,AM,R8219,00,EH?,2025-06-06T16:03:38.412000Z,2025-06-06T16:06:42.902000Z,RASPISHAKE,https://data.raspberryshake.org/fdsnws/dataselect/1/query,35.0,primary_noise_chunk,AM.R8219.noise.20250606T160341,3500,3500,0,3500,shared_noise_sequence_across_target_snr_siblings
383,case-0383-noise-02,noise,2,AM,R8219,00,EH?,2025-06-05T20:40:19.832000Z,2025-06-05T20:43:26.542000Z,RASPISHAKE,https://data.raspberryshake.org/fdsnws/dataselect/1/query,35.0,continuation_noise_chunk,AM.R8219.noise.20250605T204023,3500,3500,3500,7000,shared_noise_sequence_across_target_snr_siblings
383,case-0383-noise-03,noise,3,AM,R8219,00,EH?,2025-06-02T17:28:14.802000Z,2025-06-02T17:31:18.972000Z,RASPISHAKE,https://data.raspberryshake.org/fdsnws/dataselect/1/query,35.0,continuation_noise_chunk_truncated,AM.R8219.noise.20250602T172817,3500,2000,7000,9000,shared_noise_sequence_across_target_snr_siblings
384,case-0384-event,event,0,AM,R8219,00,EH?,2026-05-25T15:27:27.789000Z,2026-05-25T15:28:02.789000Z,RASPISHAKE,https://data.raspberryshake.org/fdsnws/dataselect/1/query,35.0,evaluator_event_reference,AM.R8219.event.20260525T152727,3500,3500,0,3500,shared_event_window_across_target_snr_siblings
384,case-0384-noise-01,noise,1,AM,R8219,00,EH?,2025-06-06T16:03:38.412000Z,2025-06-06T16:06:42.902000Z,RASPISHAKE,https://data.raspberryshake.org/fdsnws/dataselect/1/query,35.0,primary_noise_chunk,AM.R8219.noise.20250606T160341,3500,3500,0,3500,shared_noise_sequence_across_target_snr_siblings
384,case-0384-noise-02,noise,2,AM,R8219,00,EH?,2025-06-05T20:40:19.832000Z,2025-06-05T20:43:26.542000Z,RASPISHAKE,https://data.raspberryshake.org/fdsnws/dataselect/1/query,35.0,continuation_noise_chunk,AM.R8219.noise.20250605T204023,3500,3500,3500,7000,shared_noise_sequence_across_target_snr_siblings
384,case-0384-noise-03,noise,3,AM,R8219,00,EH?,2025-06-02T17:28:14.802000Z,2025-06-02T17:31:18.972000Z,RASPISHAKE,https://data.raspberryshake.org/fdsnws/dataselect/1/query,35.0,continuation_noise_chunk_truncated,AM.R8219.noise.20250602T172817,3500,2000,7000,9000,shared_noise_sequence_across_target_snr_siblings
385,case-0385-event,event,0,AM,R87FD,00,EH?,2026-03-23T17:26:46.838000Z,2026-03-23T17:27:21.838000Z,RASPISHAKE,https://data.raspberryshake.org/fdsnws/dataselect/1/query,35.0,evaluator_event_reference,AM.R87FD.event.20260323T172646,3500,3500,0,3500,shared_event_window_across_target_snr_siblings
385,case-0385-noise-01,noise,1,AM,R87FD,00,EH?,2025-06-02T17:28:13.171000Z,2025-06-02T17:31:19.681000Z,RASPISHAKE,https://data.raspberryshake.org/fdsnws/dataselect/1/query,35.0,primary_noise_chunk,AM.R87FD.noise.20250602T172817,3500,3500,0,3500,shared_noise_sequence_across_target_snr_siblings
385,case-0385-noise-02,noise,2,AM,R87FD,00,EH?,2025-06-09T07:25:45.241000Z,2025-06-09T07:28:52.361000Z,RASPISHAKE,https://data.raspberryshake.org/fdsnws/dataselect/1/query,35.0,continuation_noise_chunk,AM.R87FD.noise.20250609T072549,3500,3500,3500,7000,shared_noise_sequence_across_target_snr_siblings
385,case-0385-noise-03,noise,3,AM,R87FD,00,EH?,2025-06-04T04:12:20.101000Z,2025-06-04T04:15:26.401000Z,RASPISHAKE,https://data.raspberryshake.org/fdsnws/dataselect/1/query,35.0,continuation_noise_chunk_truncated,AM.R87FD.noise.20250604T041225,3500,2000,7000,9000,shared_noise_sequence_across_target_snr_siblings
386,case-0386-event,event,0,AM,R87FD,00,EH?,2026-03-23T17:26:46.838000Z,2026-03-23T17:27:21.838000Z,RASPISHAKE,https://data.raspberryshake.org/fdsnws/dataselect/1/query,35.0,evaluator_event_reference,AM.R87FD.event.20260323T172646,3500,3500,0,3500,shared_event_window_across_target_snr_siblings
386,case-0386-noise-01,noise,1,AM,R87FD,00,EH?,2025-06-02T17:28:13.171000Z,2025-06-02T17:31:19.681000Z,RASPISHAKE,https://data.raspberryshake.org/fdsnws/dataselect/1/query,35.0,primary_noise_chunk,AM.R87FD.noise.20250602T172817,3500,3500,0,3500,shared_noise_sequence_across_target_snr_siblings
386,case-0386-noise-02,noise,2,AM,R87FD,00,EH?,2025-06-09T07:25:45.241000Z,2025-06-09T07:28:52.361000Z,RASPISHAKE,https://data.raspberryshake.org/fdsnws/dataselect/1/query,35.0,continuation_noise_chunk,AM.R87FD.noise.20250609T072549,3500,3500,3500,7000,shared_noise_sequence_across_target_snr_siblings
386,case-0386-noise-03,noise,3,AM,R87FD,00,EH?,2025-06-04T04:12:20.101000Z,2025-06-04T04:15:26.401000Z,RASPISHAKE,https://data.raspberryshake.org/fdsnws/dataselect/1/query,35.0,continuation_noise_chunk_truncated,AM.R87FD.noise.20250604T041225,3500,2000,7000,9000,shared_noise_sequence_across_target_snr_siblings
387,case-0387-event,event,0,AM,R87FD,00,EH?,2026-03-23T17:26:46.838000Z,2026-03-23T17:27:21.838000Z,RASPISHAKE,https://data.raspberryshake.org/fdsnws/dataselect/1/query,35.0,evaluator_event_reference,AM.R87FD.event.20260323T172646,3500,3500,0,3500,shared_event_window_across_target_snr_siblings
387,case-0387-noise-01,noise,1,AM,R87FD,00,EH?,2025-06-02T17:28:13.171000Z,2025-06-02T17:31:19.681000Z,RASPISHAKE,https://data.raspberryshake.org/fdsnws/dataselect/1/query,35.0,primary_noise_chunk,AM.R87FD.noise.20250602T172817,3500,3500,0,3500,shared_noise_sequence_across_target_snr_siblings
387,case-0387-noise-02,noise,2,AM,R87FD,00,EH?,2025-06-09T07:25:45.241000Z,2025-06-09T07:28:52.361000Z,RASPISHAKE,https://data.raspberryshake.org/fdsnws/dataselect/1/query,35.0,continuation_noise_chunk,AM.R87FD.noise.20250609T072549,3500,3500,3500,7000,shared_noise_sequence_across_target_snr_siblings
387,case-0387-noise-03,noise,3,AM,R87FD,00,EH?,2025-06-04T04:12:20.101000Z,2025-06-04T04:15:26.401000Z,RASPISHAKE,https://data.raspberryshake.org/fdsnws/dataselect/1/query,35.0,continuation_noise_chunk_truncated,AM.R87FD.noise.20250604T041225,3500,2000,7000,9000,shared_noise_sequence_across_target_snr_siblings
388,case-0388-event,event,0,AM,R87FD,00,EH?,2026-03-23T18:47:10.038000Z,2026-03-23T18:47:45.038000Z,RASPISHAKE,https://data.raspberryshake.org/fdsnws/dataselect/1/query,35.0,evaluator_event_reference,AM.R87FD.event.20260323T184710,3500,3500,0,3500,shared_event_window_across_target_snr_siblings
388,case-0388-noise-01,noise,1,AM,R87FD,00,EH?,2025-06-07T23:52:55.461000Z,2025-06-07T23:56:02.991000Z,RASPISHAKE,https://data.raspberryshake.org/fdsnws/dataselect/1/query,35.0,primary_noise_chunk,AM.R87FD.noise.20250607T235259,3500,3500,0,3500,shared_noise_sequence_across_target_snr_siblings
388,case-0388-noise-02,noise,2,AM,R87FD,00,EH?,2025-06-02T17:28:13.171000Z,2025-06-02T17:31:19.681000Z,RASPISHAKE,https://data.raspberryshake.org/fdsnws/dataselect/1/query,35.0,continuation_noise_chunk,AM.R87FD.noise.20250602T172817,3500,3500,3500,7000,shared_noise_sequence_across_target_snr_siblings
388,case-0388-noise-03,noise,3,AM,R87FD,00,EH?,2025-06-08T16:25:05.361000Z,2025-06-08T16:28:11.941000Z,RASPISHAKE,https://data.raspberryshake.org/fdsnws/dataselect/1/query,35.0,continuation_noise_chunk_truncated,AM.R87FD.noise.20250608T162507,3500,2000,7000,9000,shared_noise_sequence_across_target_snr_siblings
389,case-0389-event,event,0,AM,R87FD,00,EH?,2026-03-23T18:47:10.038000Z,2026-03-23T18:47:45.038000Z,RASPISHAKE,https://data.raspberryshake.org/fdsnws/dataselect/1/query,35.0,evaluator_event_reference,AM.R87FD.event.20260323T184710,3500,3500,0,3500,shared_event_window_across_target_snr_siblings
389,case-0389-noise-01,noise,1,AM,R87FD,00,EH?,2025-06-07T23:52:55.461000Z,2025-06-07T23:56:02.991000Z,RASPISHAKE,https://data.raspberryshake.org/fdsnws/dataselect/1/query,35.0,primary_noise_chunk,AM.R87FD.noise.20250607T235259,3500,3500,0,3500,shared_noise_sequence_across_target_snr_siblings
389,case-0389-noise-02,noise,2,AM,R87FD,00,EH?,2025-06-02T17:28:13.171000Z,2025-06-02T17:31:19.681000Z,RASPISHAKE,https://data.raspberryshake.org/fdsnws/dataselect/1/query,35.0,continuation_noise_chunk,AM.R87FD.noise.20250602T172817,3500,3500,3500,7000,shared_noise_sequence_across_target_snr_siblings
389,case-0389-noise-03,noise,3,AM,R87FD,00,EH?,2025-06-08T16:25:05.361000Z,2025-06-08T16:28:11.941000Z,RASPISHAKE,https://data.raspberryshake.org/fdsnws/dataselect/1/query,35.0,continuation_noise_chunk_truncated,AM.R87FD.noise.20250608T162507,3500,2000,7000,9000,shared_noise_sequence_across_target_snr_siblings
390,case-0390-event,event,0,AM,R87FD,00,EH?,2026-03-23T18:47:10.038000Z,2026-03-23T18:47:45.038000Z,RASPISHAKE,https://data.raspberryshake.org/fdsnws/dataselect/1/query,35.0,evaluator_event_reference,AM.R87FD.event.20260323T184710,3500,3500,0,3500,shared_event_window_across_target_snr_siblings
390,case-0390-noise-01,noise,1,AM,R87FD,00,EH?,2025-06-07T23:52:55.461000Z,2025-06-07T23:56:02.991000Z,RASPISHAKE,https://data.raspberryshake.org/fdsnws/dataselect/1/query,35.0,primary_noise_chunk,AM.R87FD.noise.20250607T235259,3500,3500,0,3500,shared_noise_sequence_across_target_snr_siblings
390,case-0390-noise-02,noise,2,AM,R87FD,00,EH?,2025-06-02T17:28:13.171000Z,2025-06-02T17:31:19.681000Z,RASPISHAKE,https://data.raspberryshake.org/fdsnws/dataselect/1/query,35.0,continuation_noise_chunk,AM.R87FD.noise.20250602T172817,3500,3500,3500,7000,shared_noise_sequence_across_target_snr_siblings
390,case-0390-noise-03,noise,3,AM,R87FD,00,EH?,2025-06-08T16:25:05.361000Z,2025-06-08T16:28:11.941000Z,RASPISHAKE,https://data.raspberryshake.org/fdsnws/dataselect/1/query,35.0,continuation_noise_chunk_truncated,AM.R87FD.noise.20250608T162507,3500,2000,7000,9000,shared_noise_sequence_across_target_snr_siblings
391,case-0391-event,event,0,AM,R87FD,00,EH?,2026-03-31T07:12:14.428000Z,2026-03-31T07:12:49.428000Z,RASPISHAKE,https://data.raspberryshake.org/fdsnws/dataselect/1/query,35.0,evaluator_event_reference,AM.R87FD.event.20260331T071214,3500,3500,0,3500,shared_event_window_across_target_snr_siblings
391,case-0391-noise-01,noise,1,AM,R87FD,00,EH?,2025-06-02T17:28:13.171000Z,2025-06-02T17:31:19.681000Z,RASPISHAKE,https://data.raspberryshake.org/fdsnws/dataselect/1/query,35.0,primary_noise_chunk,AM.R87FD.noise.20250602T172817,3500,3500,0,3500,shared_noise_sequence_across_target_snr_siblings
391,case-0391-noise-02,noise,2,AM,R87FD,00,EH?,2025-06-05T10:07:20.991000Z,2025-06-05T10:10:26.081000Z,RASPISHAKE,https://data.raspberryshake.org/fdsnws/dataselect/1/query,35.0,continuation_noise_chunk,AM.R87FD.noise.20250605T100724,3500,3500,3500,7000,shared_noise_sequence_across_target_snr_siblings
391,case-0391-noise-03,noise,3,AM,R87FD,00,EH?,2025-06-03T22:23:40.281000Z,2025-06-03T22:26:44.671000Z,RASPISHAKE,https://data.raspberryshake.org/fdsnws/dataselect/1/query,35.0,continuation_noise_chunk_truncated,AM.R87FD.noise.20250603T222341,3500,2000,7000,9000,shared_noise_sequence_across_target_snr_siblings
392,case-0392-event,event,0,AM,R87FD,00,EH?,2026-03-31T07:12:14.428000Z,2026-03-31T07:12:49.428000Z,RASPISHAKE,https://data.raspberryshake.org/fdsnws/dataselect/1/query,35.0,evaluator_event_reference,AM.R87FD.event.20260331T071214,3500,3500,0,3500,shared_event_window_across_target_snr_siblings
392,case-0392-noise-01,noise,1,AM,R87FD,00,EH?,2025-06-02T17:28:13.171000Z,2025-06-02T17:31:19.681000Z,RASPISHAKE,https://data.raspberryshake.org/fdsnws/dataselect/1/query,35.0,primary_noise_chunk,AM.R87FD.noise.20250602T172817,3500,3500,0,3500,shared_noise_sequence_across_target_snr_siblings
392,case-0392-noise-02,noise,2,AM,R87FD,00,EH?,2025-06-05T10:07:20.991000Z,2025-06-05T10:10:26.081000Z,RASPISHAKE,https://data.raspberryshake.org/fdsnws/dataselect/1/query,35.0,continuation_noise_chunk,AM.R87FD.noise.20250605T100724,3500,3500,3500,7000,shared_noise_sequence_across_target_snr_siblings
392,case-0392-noise-03,noise,3,AM,R87FD,00,EH?,2025-06-03T22:23:40.281000Z,2025-06-03T22:26:44.671000Z,RASPISHAKE,https://data.raspberryshake.org/fdsnws/dataselect/1/query,35.0,continuation_noise_chunk_truncated,AM.R87FD.noise.20250603T222341,3500,2000,7000,9000,shared_noise_sequence_across_target_snr_siblings
393,case-0393-event,event,0,AM,R87FD,00,EH?,2026-03-31T07:12:14.428000Z,2026-03-31T07:12:49.428000Z,RASPISHAKE,https://data.raspberryshake.org/fdsnws/dataselect/1/query,35.0,evaluator_event_reference,AM.R87FD.event.20260331T071214,3500,3500,0,3500,shared_event_window_across_target_snr_siblings
393,case-0393-noise-01,noise,1,AM,R87FD,00,EH?,2025-06-02T17:28:13.171000Z,2025-06-02T17:31:19.681000Z,RASPISHAKE,https://data.raspberryshake.org/fdsnws/dataselect/1/query,35.0,primary_noise_chunk,AM.R87FD.noise.20250602T172817,3500,3500,0,3500,shared_noise_sequence_across_target_snr_siblings
393,case-0393-noise-02,noise,2,AM,R87FD,00,EH?,2025-06-05T10:07:20.991000Z,2025-06-05T10:10:26.081000Z,RASPISHAKE,https://data.raspberryshake.org/fdsnws/dataselect/1/query,35.0,continuation_noise_chunk,AM.R87FD.noise.20250605T100724,3500,3500,3500,7000,shared_noise_sequence_across_target_snr_siblings
393,case-0393-noise-03,noise,3,AM,R87FD,00,EH?,2025-06-03T22:23:40.281000Z,2025-06-03T22:26:44.671000Z,RASPISHAKE,https://data.raspberryshake.org/fdsnws/dataselect/1/query,35.0,continuation_noise_chunk_truncated,AM.R87FD.noise.20250603T222341,3500,2000,7000,9000,shared_noise_sequence_across_target_snr_siblings
394,case-0394-event,event,0,AM,R87FD,00,EH?,2026-04-25T14:36:01.348000Z,2026-04-25T14:36:36.348000Z,RASPISHAKE,https://data.raspberryshake.org/fdsnws/dataselect/1/query,35.0,evaluator_event_reference,AM.R87FD.event.20260425T143601,3500,3500,0,3500,shared_event_window_across_target_snr_siblings
394,case-0394-noise-01,noise,1,AM,R87FD,00,EH?,2025-06-06T16:03:36.661000Z,2025-06-06T16:06:45.661000Z,RASPISHAKE,https://data.raspberryshake.org/fdsnws/dataselect/1/query,35.0,primary_noise_chunk,AM.R87FD.noise.20250606T160341,3500,3500,0,3500,shared_noise_sequence_across_target_snr_siblings
394,case-0394-noise-02,noise,2,AM,R87FD,00,EH?,2025-06-10T22:22:08.831000Z,2025-06-10T22:25:15.781000Z,RASPISHAKE,https://data.raspberryshake.org/fdsnws/dataselect/1/query,35.0,continuation_noise_chunk,AM.R87FD.noise.20250610T222213,3500,3500,3500,7000,shared_noise_sequence_across_target_snr_siblings
394,case-0394-noise-03,noise,3,AM,R87FD,00,EH?,2025-06-01T00:58:49.211000Z,2025-06-01T01:01:56.951000Z,RASPISHAKE,https://data.raspberryshake.org/fdsnws/dataselect/1/query,35.0,continuation_noise_chunk_truncated,AM.R87FD.noise.20250601T005852,3500,2000,7000,9000,shared_noise_sequence_across_target_snr_siblings
395,case-0395-event,event,0,AM,R87FD,00,EH?,2026-04-25T14:36:01.348000Z,2026-04-25T14:36:36.348000Z,RASPISHAKE,https://data.raspberryshake.org/fdsnws/dataselect/1/query,35.0,evaluator_event_reference,AM.R87FD.event.20260425T143601,3500,3500,0,3500,shared_event_window_across_target_snr_siblings
395,case-0395-noise-01,noise,1,AM,R87FD,00,EH?,2025-06-06T16:03:36.661000Z,2025-06-06T16:06:45.661000Z,RASPISHAKE,https://data.raspberryshake.org/fdsnws/dataselect/1/query,35.0,primary_noise_chunk,AM.R87FD.noise.20250606T160341,3500,3500,0,3500,shared_noise_sequence_across_target_snr_siblings
395,case-0395-noise-02,noise,2,AM,R87FD,00,EH?,2025-06-10T22:22:08.831000Z,2025-06-10T22:25:15.781000Z,RASPISHAKE,https://data.raspberryshake.org/fdsnws/dataselect/1/query,35.0,continuation_noise_chunk,AM.R87FD.noise.20250610T222213,3500,3500,3500,7000,shared_noise_sequence_across_target_snr_siblings
395,case-0395-noise-03,noise,3,AM,R87FD,00,EH?,2025-06-01T00:58:49.211000Z,2025-06-01T01:01:56.951000Z,RASPISHAKE,https://data.raspberryshake.org/fdsnws/dataselect/1/query,35.0,continuation_noise_chunk_truncated,AM.R87FD.noise.20250601T005852,3500,2000,7000,9000,shared_noise_sequence_across_target_snr_siblings
396,case-0396-event,event,0,AM,R87FD,00,EH?,2026-04-25T14:36:01.348000Z,2026-04-25T14:36:36.348000Z,RASPISHAKE,https://data.raspberryshake.org/fdsnws/dataselect/1/query,35.0,evaluator_event_reference,AM.R87FD.event.20260425T143601,3500,3500,0,3500,shared_event_window_across_target_snr_siblings
396,case-0396-noise-01,noise,1,AM,R87FD,00,EH?,2025-06-06T16:03:36.661000Z,2025-06-06T16:06:45.661000Z,RASPISHAKE,https://data.raspberryshake.org/fdsnws/dataselect/1/query,35.0,primary_noise_chunk,AM.R87FD.noise.20250606T160341,3500,3500,0,3500,shared_noise_sequence_across_target_snr_siblings
396,case-0396-noise-02,noise,2,AM,R87FD,00,EH?,2025-06-10T22:22:08.831000Z,2025-06-10T22:25:15.781000Z,RASPISHAKE,https://data.raspberryshake.org/fdsnws/dataselect/1/query,35.0,continuation_noise_chunk,AM.R87FD.noise.20250610T222213,3500,3500,3500,7000,shared_noise_sequence_across_target_snr_siblings
396,case-0396-noise-03,noise,3,AM,R87FD,00,EH?,2025-06-01T00:58:49.211000Z,2025-06-01T01:01:56.951000Z,RASPISHAKE,https://data.raspberryshake.org/fdsnws/dataselect/1/query,35.0,continuation_noise_chunk_truncated,AM.R87FD.noise.20250601T005852,3500,2000,7000,9000,shared_noise_sequence_across_target_snr_siblings
397,case-0397-event,event,0,AM,R87FD,00,EH?,2026-04-26T07:26:53.668000Z,2026-04-26T07:27:28.668000Z,RASPISHAKE,https://data.raspberryshake.org/fdsnws/dataselect/1/query,35.0,evaluator_event_reference,AM.R87FD.event.20260426T072653,3500,3500,0,3500,shared_event_window_across_target_snr_siblings
397,case-0397-noise-01,noise,1,AM,R87FD,00,EH?,2025-06-07T14:44:15.301000Z,2025-06-07T14:47:22.121000Z,RASPISHAKE,https://data.raspberryshake.org/fdsnws/dataselect/1/query,35.0,primary_noise_chunk,AM.R87FD.noise.20250607T144418,3500,3500,0,3500,shared_noise_sequence_across_target_snr_siblings
397,case-0397-noise-02,noise,2,AM,R87FD,00,EH?,2025-06-08T15:34:39.521000Z,2025-06-08T15:37:46.841000Z,RASPISHAKE,https://data.raspberryshake.org/fdsnws/dataselect/1/query,35.0,continuation_noise_chunk,AM.R87FD.noise.20250608T153442,3500,3500,3500,7000,shared_noise_sequence_across_target_snr_siblings
397,case-0397-noise-03,noise,3,AM,R87FD,00,EH?,2025-06-09T07:25:45.241000Z,2025-06-09T07:28:52.361000Z,RASPISHAKE,https://data.raspberryshake.org/fdsnws/dataselect/1/query,35.0,continuation_noise_chunk_truncated,AM.R87FD.noise.20250609T072549,3500,2000,7000,9000,shared_noise_sequence_across_target_snr_siblings
398,case-0398-event,event,0,AM,R87FD,00,EH?,2026-04-26T07:26:53.668000Z,2026-04-26T07:27:28.668000Z,RASPISHAKE,https://data.raspberryshake.org/fdsnws/dataselect/1/query,35.0,evaluator_event_reference,AM.R87FD.event.20260426T072653,3500,3500,0,3500,shared_event_window_across_target_snr_siblings
398,case-0398-noise-01,noise,1,AM,R87FD,00,EH?,2025-06-07T14:44:15.301000Z,2025-06-07T14:47:22.121000Z,RASPISHAKE,https://data.raspberryshake.org/fdsnws/dataselect/1/query,35.0,primary_noise_chunk,AM.R87FD.noise.20250607T144418,3500,3500,0,3500,shared_noise_sequence_across_target_snr_siblings
398,case-0398-noise-02,noise,2,AM,R87FD,00,EH?,2025-06-08T15:34:39.521000Z,2025-06-08T15:37:46.841000Z,RASPISHAKE,https://data.raspberryshake.org/fdsnws/dataselect/1/query,35.0,continuation_noise_chunk,AM.R87FD.noise.20250608T153442,3500,3500,3500,7000,shared_noise_sequence_across_target_snr_siblings
398,case-0398-noise-03,noise,3,AM,R87FD,00,EH?,2025-06-09T07:25:45.241000Z,2025-06-09T07:28:52.361000Z,RASPISHAKE,https://data.raspberryshake.org/fdsnws/dataselect/1/query,35.0,continuation_noise_chunk_truncated,AM.R87FD.noise.20250609T072549,3500,2000,7000,9000,shared_noise_sequence_across_target_snr_siblings
399,case-0399-event,event,0,AM,R87FD,00,EH?,2026-04-26T07:26:53.668000Z,2026-04-26T07:27:28.668000Z,RASPISHAKE,https://data.raspberryshake.org/fdsnws/dataselect/1/query,35.0,evaluator_event_reference,AM.R87FD.event.20260426T072653,3500,3500,0,3500,shared_event_window_across_target_snr_siblings
399,case-0399-noise-01,noise,1,AM,R87FD,00,EH?,2025-06-07T14:44:15.301000Z,2025-06-07T14:47:22.121000Z,RASPISHAKE,https://data.raspberryshake.org/fdsnws/dataselect/1/query,35.0,primary_noise_chunk,AM.R87FD.noise.20250607T144418,3500,3500,0,3500,shared_noise_sequence_across_target_snr_siblings
399,case-0399-noise-02,noise,2,AM,R87FD,00,EH?,2025-06-08T15:34:39.521000Z,2025-06-08T15:37:46.841000Z,RASPISHAKE,https://data.raspberryshake.org/fdsnws/dataselect/1/query,35.0,continuation_noise_chunk,AM.R87FD.noise.20250608T153442,3500,3500,3500,7000,shared_noise_sequence_across_target_snr_siblings
399,case-0399-noise-03,noise,3,AM,R87FD,00,EH?,2025-06-09T07:25:45.241000Z,2025-06-09T07:28:52.361000Z,RASPISHAKE,https://data.raspberryshake.org/fdsnws/dataselect/1/query,35.0,continuation_noise_chunk_truncated,AM.R87FD.noise.20250609T072549,3500,2000,7000,9000,shared_noise_sequence_across_target_snr_siblings
400,case-0400-event,event,0,AM,R87FD,00,EH?,2026-04-26T12:59:19.598000Z,2026-04-26T12:59:54.598000Z,RASPISHAKE,https://data.raspberryshake.org/fdsnws/dataselect/1/query,35.0,evaluator_event_reference,AM.R87FD.event.20260426T125919,3500,3500,0,3500,shared_event_window_across_target_snr_siblings
400,case-0400-noise-01,noise,1,AM,R87FD,00,EH?,2025-06-08T16:29:14.151000Z,2025-06-08T16:32:22.141000Z,RASPISHAKE,https://data.raspberryshake.org/fdsnws/dataselect/1/query,35.0,primary_noise_chunk,AM.R87FD.noise.20250608T162917,3500,3500,0,3500,shared_noise_sequence_across_target_snr_siblings
400,case-0400-noise-02,noise,2,AM,R87FD,00,EH?,2025-06-06T00:40:37.911000Z,2025-06-06T00:43:44.981000Z,RASPISHAKE,https://data.raspberryshake.org/fdsnws/dataselect/1/query,35.0,continuation_noise_chunk,AM.R87FD.noise.20250606T004041,3500,3500,3500,7000,shared_noise_sequence_across_target_snr_siblings
400,case-0400-noise-03,noise,3,AM,R87FD,00,EH?,2025-06-05T20:40:19.871000Z,2025-06-05T20:43:26.981000Z,RASPISHAKE,https://data.raspberryshake.org/fdsnws/dataselect/1/query,35.0,continuation_noise_chunk_truncated,AM.R87FD.noise.20250605T204023,3500,2000,7000,9000,shared_noise_sequence_across_target_snr_siblings
401,case-0401-event,event,0,AM,R87FD,00,EH?,2026-04-26T12:59:19.598000Z,2026-04-26T12:59:54.598000Z,RASPISHAKE,https://data.raspberryshake.org/fdsnws/dataselect/1/query,35.0,evaluator_event_reference,AM.R87FD.event.20260426T125919,3500,3500,0,3500,shared_event_window_across_target_snr_siblings
401,case-0401-noise-01,noise,1,AM,R87FD,00,EH?,2025-06-08T16:29:14.151000Z,2025-06-08T16:32:22.141000Z,RASPISHAKE,https://data.raspberryshake.org/fdsnws/dataselect/1/query,35.0,primary_noise_chunk,AM.R87FD.noise.20250608T162917,3500,3500,0,3500,shared_noise_sequence_across_target_snr_siblings
401,case-0401-noise-02,noise,2,AM,R87FD,00,EH?,2025-06-06T00:40:37.911000Z,2025-06-06T00:43:44.981000Z,RASPISHAKE,https://data.raspberryshake.org/fdsnws/dataselect/1/query,35.0,continuation_noise_chunk,AM.R87FD.noise.20250606T004041,3500,3500,3500,7000,shared_noise_sequence_across_target_snr_siblings
401,case-0401-noise-03,noise,3,AM,R87FD,00,EH?,2025-06-05T20:40:19.871000Z,2025-06-05T20:43:26.981000Z,RASPISHAKE,https://data.raspberryshake.org/fdsnws/dataselect/1/query,35.0,continuation_noise_chunk_truncated,AM.R87FD.noise.20250605T204023,3500,2000,7000,9000,shared_noise_sequence_across_target_snr_siblings
402,case-0402-event,event,0,AM,R87FD,00,EH?,2026-04-26T12:59:19.598000Z,2026-04-26T12:59:54.598000Z,RASPISHAKE,https://data.raspberryshake.org/fdsnws/dataselect/1/query,35.0,evaluator_event_reference,AM.R87FD.event.20260426T125919,3500,3500,0,3500,shared_event_window_across_target_snr_siblings
402,case-0402-noise-01,noise,1,AM,R87FD,00,EH?,2025-06-08T16:29:14.151000Z,2025-06-08T16:32:22.141000Z,RASPISHAKE,https://data.raspberryshake.org/fdsnws/dataselect/1/query,35.0,primary_noise_chunk,AM.R87FD.noise.20250608T162917,3500,3500,0,3500,shared_noise_sequence_across_target_snr_siblings
402,case-0402-noise-02,noise,2,AM,R87FD,00,EH?,2025-06-06T00:40:37.911000Z,2025-06-06T00:43:44.981000Z,RASPISHAKE,https://data.raspberryshake.org/fdsnws/dataselect/1/query,35.0,continuation_noise_chunk,AM.R87FD.noise.20250606T004041,3500,3500,3500,7000,shared_noise_sequence_across_target_snr_siblings
402,case-0402-noise-03,noise,3,AM,R87FD,00,EH?,2025-06-05T20:40:19.871000Z,2025-06-05T20:43:26.981000Z,RASPISHAKE,https://data.raspberryshake.org/fdsnws/dataselect/1/query,35.0,continuation_noise_chunk_truncated,AM.R87FD.noise.20250605T204023,3500,2000,7000,9000,shared_noise_sequence_across_target_snr_siblings
403,case-0403-event,event,0,AM,R87FD,00,EH?,2026-04-26T15:16:11.258000Z,2026-04-26T15:16:46.258000Z,RASPISHAKE,https://data.raspberryshake.org/fdsnws/dataselect/1/query,35.0,evaluator_event_reference,AM.R87FD.event.20260426T151611,3500,3500,0,3500,shared_event_window_across_target_snr_siblings
403,case-0403-noise-01,noise,1,AM,R87FD,00,EH?,2025-06-02T19:28:37.121000Z,2025-06-02T19:31:43.321000Z,RASPISHAKE,https://data.raspberryshake.org/fdsnws/dataselect/1/query,35.0,primary_noise_chunk,AM.R87FD.noise.20250602T192840,3500,3500,0,3500,shared_noise_sequence_across_target_snr_siblings
403,case-0403-noise-02,noise,2,AM,R87FD,00,EH?,2025-06-07T14:44:15.301000Z,2025-06-07T14:47:22.121000Z,RASPISHAKE,https://data.raspberryshake.org/fdsnws/dataselect/1/query,35.0,continuation_noise_chunk,AM.R87FD.noise.20250607T144418,3500,3500,3500,7000,shared_noise_sequence_across_target_snr_siblings
403,case-0403-noise-03,noise,3,AM,R87FD,00,EH?,2025-06-03T22:23:40.281000Z,2025-06-03T22:26:44.671000Z,RASPISHAKE,https://data.raspberryshake.org/fdsnws/dataselect/1/query,35.0,continuation_noise_chunk_truncated,AM.R87FD.noise.20250603T222341,3500,2000,7000,9000,shared_noise_sequence_across_target_snr_siblings
404,case-0404-event,event,0,AM,R87FD,00,EH?,2026-04-26T15:16:11.258000Z,2026-04-26T15:16:46.258000Z,RASPISHAKE,https://data.raspberryshake.org/fdsnws/dataselect/1/query,35.0,evaluator_event_reference,AM.R87FD.event.20260426T151611,3500,3500,0,3500,shared_event_window_across_target_snr_siblings
404,case-0404-noise-01,noise,1,AM,R87FD,00,EH?,2025-06-02T19:28:37.121000Z,2025-06-02T19:31:43.321000Z,RASPISHAKE,https://data.raspberryshake.org/fdsnws/dataselect/1/query,35.0,primary_noise_chunk,AM.R87FD.noise.20250602T192840,3500,3500,0,3500,shared_noise_sequence_across_target_snr_siblings
404,case-0404-noise-02,noise,2,AM,R87FD,00,EH?,2025-06-07T14:44:15.301000Z,2025-06-07T14:47:22.121000Z,RASPISHAKE,https://data.raspberryshake.org/fdsnws/dataselect/1/query,35.0,continuation_noise_chunk,AM.R87FD.noise.20250607T144418,3500,3500,3500,7000,shared_noise_sequence_across_target_snr_siblings
404,case-0404-noise-03,noise,3,AM,R87FD,00,EH?,2025-06-03T22:23:40.281000Z,2025-06-03T22:26:44.671000Z,RASPISHAKE,https://data.raspberryshake.org/fdsnws/dataselect/1/query,35.0,continuation_noise_chunk_truncated,AM.R87FD.noise.20250603T222341,3500,2000,7000,9000,shared_noise_sequence_across_target_snr_siblings
405,case-0405-event,event,0,AM,R87FD,00,EH?,2026-04-26T15:16:11.258000Z,2026-04-26T15:16:46.258000Z,RASPISHAKE,https://data.raspberryshake.org/fdsnws/dataselect/1/query,35.0,evaluator_event_reference,AM.R87FD.event.20260426T151611,3500,3500,0,3500,shared_event_window_across_target_snr_siblings
405,case-0405-noise-01,noise,1,AM,R87FD,00,EH?,2025-06-02T19:28:37.121000Z,2025-06-02T19:31:43.321000Z,RASPISHAKE,https://data.raspberryshake.org/fdsnws/dataselect/1/query,35.0,primary_noise_chunk,AM.R87FD.noise.20250602T192840,3500,3500,0,3500,shared_noise_sequence_across_target_snr_siblings
405,case-0405-noise-02,noise,2,AM,R87FD,00,EH?,2025-06-07T14:44:15.301000Z,2025-06-07T14:47:22.121000Z,RASPISHAKE,https://data.raspberryshake.org/fdsnws/dataselect/1/query,35.0,continuation_noise_chunk,AM.R87FD.noise.20250607T144418,3500,3500,3500,7000,shared_noise_sequence_across_target_snr_siblings
405,case-0405-noise-03,noise,3,AM,R87FD,00,EH?,2025-06-03T22:23:40.281000Z,2025-06-03T22:26:44.671000Z,RASPISHAKE,https://data.raspberryshake.org/fdsnws/dataselect/1/query,35.0,continuation_noise_chunk_truncated,AM.R87FD.noise.20250603T222341,3500,2000,7000,9000,shared_noise_sequence_across_target_snr_siblings
406,case-0406-event,event,0,AM,R87FD,00,EH?,2026-05-31T00:56:02.368000Z,2026-05-31T00:56:37.368000Z,RASPISHAKE,https://data.raspberryshake.org/fdsnws/dataselect/1/query,35.0,evaluator_event_reference,AM.R87FD.event.20260531T005602,3500,3500,0,3500,shared_event_window_across_target_snr_siblings
406,case-0406-noise-01,noise,1,AM,R87FD,00,EH?,2025-06-03T00:03:54.801000Z,2025-06-03T00:06:58.931000Z,RASPISHAKE,https://data.raspberryshake.org/fdsnws/dataselect/1/query,35.0,primary_noise_chunk,AM.R87FD.noise.20250603T000356,3500,3500,0,3500,shared_noise_sequence_across_target_snr_siblings
406,case-0406-noise-02,noise,2,AM,R87FD,00,EH?,2025-06-02T14:31:39.641000Z,2025-06-02T14:34:47.881000Z,RASPISHAKE,https://data.raspberryshake.org/fdsnws/dataselect/1/query,35.0,continuation_noise_chunk,AM.R87FD.noise.20250602T143144,3500,3500,3500,7000,shared_noise_sequence_across_target_snr_siblings
406,case-0406-noise-03,noise,3,AM,R87FD,00,EH?,2025-06-01T00:23:40.371000Z,2025-06-01T00:26:49.511000Z,RASPISHAKE,https://data.raspberryshake.org/fdsnws/dataselect/1/query,35.0,continuation_noise_chunk_truncated,AM.R87FD.noise.20250601T002345,3500,2000,7000,9000,shared_noise_sequence_across_target_snr_siblings
407,case-0407-event,event,0,AM,R87FD,00,EH?,2026-05-31T00:56:02.368000Z,2026-05-31T00:56:37.368000Z,RASPISHAKE,https://data.raspberryshake.org/fdsnws/dataselect/1/query,35.0,evaluator_event_reference,AM.R87FD.event.20260531T005602,3500,3500,0,3500,shared_event_window_across_target_snr_siblings
407,case-0407-noise-01,noise,1,AM,R87FD,00,EH?,2025-06-03T00:03:54.801000Z,2025-06-03T00:06:58.931000Z,RASPISHAKE,https://data.raspberryshake.org/fdsnws/dataselect/1/query,35.0,primary_noise_chunk,AM.R87FD.noise.20250603T000356,3500,3500,0,3500,shared_noise_sequence_across_target_snr_siblings
407,case-0407-noise-02,noise,2,AM,R87FD,00,EH?,2025-06-02T14:31:39.641000Z,2025-06-02T14:34:47.881000Z,RASPISHAKE,https://data.raspberryshake.org/fdsnws/dataselect/1/query,35.0,continuation_noise_chunk,AM.R87FD.noise.20250602T143144,3500,3500,3500,7000,shared_noise_sequence_across_target_snr_siblings
407,case-0407-noise-03,noise,3,AM,R87FD,00,EH?,2025-06-01T00:23:40.371000Z,2025-06-01T00:26:49.511000Z,RASPISHAKE,https://data.raspberryshake.org/fdsnws/dataselect/1/query,35.0,continuation_noise_chunk_truncated,AM.R87FD.noise.20250601T002345,3500,2000,7000,9000,shared_noise_sequence_across_target_snr_siblings
408,case-0408-event,event,0,AM,R87FD,00,EH?,2026-05-31T00:56:02.368000Z,2026-05-31T00:56:37.368000Z,RASPISHAKE,https://data.raspberryshake.org/fdsnws/dataselect/1/query,35.0,evaluator_event_reference,AM.R87FD.event.20260531T005602,3500,3500,0,3500,shared_event_window_across_target_snr_siblings
408,case-0408-noise-01,noise,1,AM,R87FD,00,EH?,2025-06-03T00:03:54.801000Z,2025-06-03T00:06:58.931000Z,RASPISHAKE,https://data.raspberryshake.org/fdsnws/dataselect/1/query,35.0,primary_noise_chunk,AM.R87FD.noise.20250603T000356,3500,3500,0,3500,shared_noise_sequence_across_target_snr_siblings
408,case-0408-noise-02,noise,2,AM,R87FD,00,EH?,2025-06-02T14:31:39.641000Z,2025-06-02T14:34:47.881000Z,RASPISHAKE,https://data.raspberryshake.org/fdsnws/dataselect/1/query,35.0,continuation_noise_chunk,AM.R87FD.noise.20250602T143144,3500,3500,3500,7000,shared_noise_sequence_across_target_snr_siblings
408,case-0408-noise-03,noise,3,AM,R87FD,00,EH?,2025-06-01T00:23:40.371000Z,2025-06-01T00:26:49.511000Z,RASPISHAKE,https://data.raspberryshake.org/fdsnws/dataselect/1/query,35.0,continuation_noise_chunk_truncated,AM.R87FD.noise.20250601T002345,3500,2000,7000,9000,shared_noise_sequence_across_target_snr_siblings
409,case-0409-event,event,0,AM,R8A9B,00,EH?,2026-05-14T15:50:37.879000Z,2026-05-14T15:51:12.879000Z,RASPISHAKE,https://data.raspberryshake.org/fdsnws/dataselect/1/query,35.0,evaluator_event_reference,AM.R8A9B.event.20260514T155037,3500,3500,0,3500,shared_event_window_across_target_snr_siblings
409,case-0409-noise-01,noise,1,AM,R8A9B,00,EH?,2025-06-05T20:40:21.515000Z,2025-06-05T20:43:25.055000Z,RASPISHAKE,https://data.raspberryshake.org/fdsnws/dataselect/1/query,35.0,primary_noise_chunk,AM.R8A9B.noise.20250605T204023,3500,3500,0,3500,shared_noise_sequence_across_target_snr_siblings
409,case-0409-noise-02,noise,2,AM,R8A9B,00,EH?,2025-06-04T20:32:04.085000Z,2025-06-04T20:35:07.075000Z,RASPISHAKE,https://data.raspberryshake.org/fdsnws/dataselect/1/query,35.0,continuation_noise_chunk,AM.R8A9B.noise.20250604T203205,3500,3500,3500,7000,shared_noise_sequence_across_target_snr_siblings
409,case-0409-noise-03,noise,3,AM,R8A9B,00,EH?,2025-06-03T00:03:54.375000Z,2025-06-03T00:06:57.795000Z,RASPISHAKE,https://data.raspberryshake.org/fdsnws/dataselect/1/query,35.0,continuation_noise_chunk_truncated,AM.R8A9B.noise.20250603T000356,3500,2000,7000,9000,shared_noise_sequence_across_target_snr_siblings
410,case-0410-event,event,0,AM,R8A9B,00,EH?,2026-05-14T15:50:37.879000Z,2026-05-14T15:51:12.879000Z,RASPISHAKE,https://data.raspberryshake.org/fdsnws/dataselect/1/query,35.0,evaluator_event_reference,AM.R8A9B.event.20260514T155037,3500,3500,0,3500,shared_event_window_across_target_snr_siblings
410,case-0410-noise-01,noise,1,AM,R8A9B,00,EH?,2025-06-05T20:40:21.515000Z,2025-06-05T20:43:25.055000Z,RASPISHAKE,https://data.raspberryshake.org/fdsnws/dataselect/1/query,35.0,primary_noise_chunk,AM.R8A9B.noise.20250605T204023,3500,3500,0,3500,shared_noise_sequence_across_target_snr_siblings
410,case-0410-noise-02,noise,2,AM,R8A9B,00,EH?,2025-06-04T20:32:04.085000Z,2025-06-04T20:35:07.075000Z,RASPISHAKE,https://data.raspberryshake.org/fdsnws/dataselect/1/query,35.0,continuation_noise_chunk,AM.R8A9B.noise.20250604T203205,3500,3500,3500,7000,shared_noise_sequence_across_target_snr_siblings
410,case-0410-noise-03,noise,3,AM,R8A9B,00,EH?,2025-06-03T00:03:54.375000Z,2025-06-03T00:06:57.795000Z,RASPISHAKE,https://data.raspberryshake.org/fdsnws/dataselect/1/query,35.0,continuation_noise_chunk_truncated,AM.R8A9B.noise.20250603T000356,3500,2000,7000,9000,shared_noise_sequence_across_target_snr_siblings
411,case-0411-event,event,0,AM,R8A9B,00,EH?,2026-05-14T15:50:37.879000Z,2026-05-14T15:51:12.879000Z,RASPISHAKE,https://data.raspberryshake.org/fdsnws/dataselect/1/query,35.0,evaluator_event_reference,AM.R8A9B.event.20260514T155037,3500,3500,0,3500,shared_event_window_across_target_snr_siblings
411,case-0411-noise-01,noise,1,AM,R8A9B,00,EH?,2025-06-05T20:40:21.515000Z,2025-06-05T20:43:25.055000Z,RASPISHAKE,https://data.raspberryshake.org/fdsnws/dataselect/1/query,35.0,primary_noise_chunk,AM.R8A9B.noise.20250605T204023,3500,3500,0,3500,shared_noise_sequence_across_target_snr_siblings
411,case-0411-noise-02,noise,2,AM,R8A9B,00,EH?,2025-06-04T20:32:04.085000Z,2025-06-04T20:35:07.075000Z,RASPISHAKE,https://data.raspberryshake.org/fdsnws/dataselect/1/query,35.0,continuation_noise_chunk,AM.R8A9B.noise.20250604T203205,3500,3500,3500,7000,shared_noise_sequence_across_target_snr_siblings
411,case-0411-noise-03,noise,3,AM,R8A9B,00,EH?,2025-06-03T00:03:54.375000Z,2025-06-03T00:06:57.795000Z,RASPISHAKE,https://data.raspberryshake.org/fdsnws/dataselect/1/query,35.0,continuation_noise_chunk_truncated,AM.R8A9B.noise.20250603T000356,3500,2000,7000,9000,shared_noise_sequence_across_target_snr_siblings
412,case-0412-event,event,0,AM,R8A9B,00,EH?,2026-05-19T02:06:05.289000Z,2026-05-19T02:06:40.289000Z,RASPISHAKE,https://data.raspberryshake.org/fdsnws/dataselect/1/query,35.0,evaluator_event_reference,AM.R8A9B.event.20260519T020605,3500,3500,0,3500,shared_event_window_across_target_snr_siblings
412,case-0412-noise-01,noise,1,AM,R8A9B,00,EH?,2025-06-08T16:25:05.695000Z,2025-06-08T16:28:07.905000Z,RASPISHAKE,https://data.raspberryshake.org/fdsnws/dataselect/1/query,35.0,primary_noise_chunk,AM.R8A9B.noise.20250608T162507,3500,3500,0,3500,shared_noise_sequence_across_target_snr_siblings
412,case-0412-noise-02,noise,2,AM,R8A9B,00,EH?,2025-06-10T08:34:07.465000Z,2025-06-10T08:37:11.045000Z,RASPISHAKE,https://data.raspberryshake.org/fdsnws/dataselect/1/query,35.0,continuation_noise_chunk,AM.R8A9B.noise.20250610T083409,3500,3500,3500,7000,shared_noise_sequence_across_target_snr_siblings
412,case-0412-noise-03,noise,3,AM,R8A9B,00,EH?,2025-06-06T16:03:40.155000Z,2025-06-06T16:06:43.255000Z,RASPISHAKE,https://data.raspberryshake.org/fdsnws/dataselect/1/query,35.0,continuation_noise_chunk_truncated,AM.R8A9B.noise.20250606T160341,3500,2000,7000,9000,shared_noise_sequence_across_target_snr_siblings
413,case-0413-event,event,0,AM,R8A9B,00,EH?,2026-05-19T02:06:05.289000Z,2026-05-19T02:06:40.289000Z,RASPISHAKE,https://data.raspberryshake.org/fdsnws/dataselect/1/query,35.0,evaluator_event_reference,AM.R8A9B.event.20260519T020605,3500,3500,0,3500,shared_event_window_across_target_snr_siblings
413,case-0413-noise-01,noise,1,AM,R8A9B,00,EH?,2025-06-08T16:25:05.695000Z,2025-06-08T16:28:07.905000Z,RASPISHAKE,https://data.raspberryshake.org/fdsnws/dataselect/1/query,35.0,primary_noise_chunk,AM.R8A9B.noise.20250608T162507,3500,3500,0,3500,shared_noise_sequence_across_target_snr_siblings
413,case-0413-noise-02,noise,2,AM,R8A9B,00,EH?,2025-06-10T08:34:07.465000Z,2025-06-10T08:37:11.045000Z,RASPISHAKE,https://data.raspberryshake.org/fdsnws/dataselect/1/query,35.0,continuation_noise_chunk,AM.R8A9B.noise.20250610T083409,3500,3500,3500,7000,shared_noise_sequence_across_target_snr_siblings
413,case-0413-noise-03,noise,3,AM,R8A9B,00,EH?,2025-06-06T16:03:40.155000Z,2025-06-06T16:06:43.255000Z,RASPISHAKE,https://data.raspberryshake.org/fdsnws/dataselect/1/query,35.0,continuation_noise_chunk_truncated,AM.R8A9B.noise.20250606T160341,3500,2000,7000,9000,shared_noise_sequence_across_target_snr_siblings
414,case-0414-event,event,0,AM,R8A9B,00,EH?,2026-05-19T02:06:05.289000Z,2026-05-19T02:06:40.289000Z,RASPISHAKE,https://data.raspberryshake.org/fdsnws/dataselect/1/query,35.0,evaluator_event_reference,AM.R8A9B.event.20260519T020605,3500,3500,0,3500,shared_event_window_across_target_snr_siblings
414,case-0414-noise-01,noise,1,AM,R8A9B,00,EH?,2025-06-08T16:25:05.695000Z,2025-06-08T16:28:07.905000Z,RASPISHAKE,https://data.raspberryshake.org/fdsnws/dataselect/1/query,35.0,primary_noise_chunk,AM.R8A9B.noise.20250608T162507,3500,3500,0,3500,shared_noise_sequence_across_target_snr_siblings
414,case-0414-noise-02,noise,2,AM,R8A9B,00,EH?,2025-06-10T08:34:07.465000Z,2025-06-10T08:37:11.045000Z,RASPISHAKE,https://data.raspberryshake.org/fdsnws/dataselect/1/query,35.0,continuation_noise_chunk,AM.R8A9B.noise.20250610T083409,3500,3500,3500,7000,shared_noise_sequence_across_target_snr_siblings
414,case-0414-noise-03,noise,3,AM,R8A9B,00,EH?,2025-06-06T16:03:40.155000Z,2025-06-06T16:06:43.255000Z,RASPISHAKE,https://data.raspberryshake.org/fdsnws/dataselect/1/query,35.0,continuation_noise_chunk_truncated,AM.R8A9B.noise.20250606T160341,3500,2000,7000,9000,shared_noise_sequence_across_target_snr_siblings
415,case-0415-event,event,0,AM,R8A9B,00,EH?,2026-05-20T13:06:42.189000Z,2026-05-20T13:07:17.189000Z,RASPISHAKE,https://data.raspberryshake.org/fdsnws/dataselect/1/query,35.0,evaluator_event_reference,AM.R8A9B.event.20260520T130642,3500,3500,0,3500,shared_event_window_across_target_snr_siblings
415,case-0415-noise-01,noise,1,AM,R8A9B,00,EH?,2025-06-10T11:38:07.325000Z,2025-06-10T11:41:10.605000Z,RASPISHAKE,https://data.raspberryshake.org/fdsnws/dataselect/1/query,35.0,primary_noise_chunk,AM.R8A9B.noise.20250610T113808,3500,3500,0,3500,shared_noise_sequence_across_target_snr_siblings
415,case-0415-noise-02,noise,2,AM,R8A9B,00,EH?,2025-06-08T16:29:17.275000Z,2025-06-08T16:32:19.595000Z,RASPISHAKE,https://data.raspberryshake.org/fdsnws/dataselect/1/query,35.0,continuation_noise_chunk,AM.R8A9B.noise.20250608T162917,3500,3500,3500,7000,shared_noise_sequence_across_target_snr_siblings
415,case-0415-noise-03,noise,3,AM,R8A9B,00,EH?,2025-06-01T00:23:42.995000Z,2025-06-01T00:26:46.885000Z,RASPISHAKE,https://data.raspberryshake.org/fdsnws/dataselect/1/query,35.0,continuation_noise_chunk_truncated,AM.R8A9B.noise.20250601T002345,3500,2000,7000,9000,shared_noise_sequence_across_target_snr_siblings
416,case-0416-event,event,0,AM,R8A9B,00,EH?,2026-05-20T13:06:42.189000Z,2026-05-20T13:07:17.189000Z,RASPISHAKE,https://data.raspberryshake.org/fdsnws/dataselect/1/query,35.0,evaluator_event_reference,AM.R8A9B.event.20260520T130642,3500,3500,0,3500,shared_event_window_across_target_snr_siblings
416,case-0416-noise-01,noise,1,AM,R8A9B,00,EH?,2025-06-10T11:38:07.325000Z,2025-06-10T11:41:10.605000Z,RASPISHAKE,https://data.raspberryshake.org/fdsnws/dataselect/1/query,35.0,primary_noise_chunk,AM.R8A9B.noise.20250610T113808,3500,3500,0,3500,shared_noise_sequence_across_target_snr_siblings
416,case-0416-noise-02,noise,2,AM,R8A9B,00,EH?,2025-06-08T16:29:17.275000Z,2025-06-08T16:32:19.595000Z,RASPISHAKE,https://data.raspberryshake.org/fdsnws/dataselect/1/query,35.0,continuation_noise_chunk,AM.R8A9B.noise.20250608T162917,3500,3500,3500,7000,shared_noise_sequence_across_target_snr_siblings
416,case-0416-noise-03,noise,3,AM,R8A9B,00,EH?,2025-06-01T00:23:42.995000Z,2025-06-01T00:26:46.885000Z,RASPISHAKE,https://data.raspberryshake.org/fdsnws/dataselect/1/query,35.0,continuation_noise_chunk_truncated,AM.R8A9B.noise.20250601T002345,3500,2000,7000,9000,shared_noise_sequence_across_target_snr_siblings
417,case-0417-event,event,0,AM,R8A9B,00,EH?,2026-05-20T13:06:42.189000Z,2026-05-20T13:07:17.189000Z,RASPISHAKE,https://data.raspberryshake.org/fdsnws/dataselect/1/query,35.0,evaluator_event_reference,AM.R8A9B.event.20260520T130642,3500,3500,0,3500,shared_event_window_across_target_snr_siblings
417,case-0417-noise-01,noise,1,AM,R8A9B,00,EH?,2025-06-10T11:38:07.325000Z,2025-06-10T11:41:10.605000Z,RASPISHAKE,https://data.raspberryshake.org/fdsnws/dataselect/1/query,35.0,primary_noise_chunk,AM.R8A9B.noise.20250610T113808,3500,3500,0,3500,shared_noise_sequence_across_target_snr_siblings
417,case-0417-noise-02,noise,2,AM,R8A9B,00,EH?,2025-06-08T16:29:17.275000Z,2025-06-08T16:32:19.595000Z,RASPISHAKE,https://data.raspberryshake.org/fdsnws/dataselect/1/query,35.0,continuation_noise_chunk,AM.R8A9B.noise.20250608T162917,3500,3500,3500,7000,shared_noise_sequence_across_target_snr_siblings
417,case-0417-noise-03,noise,3,AM,R8A9B,00,EH?,2025-06-01T00:23:42.995000Z,2025-06-01T00:26:46.885000Z,RASPISHAKE,https://data.raspberryshake.org/fdsnws/dataselect/1/query,35.0,continuation_noise_chunk_truncated,AM.R8A9B.noise.20250601T002345,3500,2000,7000,9000,shared_noise_sequence_across_target_snr_siblings
418,case-0418-event,event,0,AM,R8A9B,00,EH?,2026-05-20T14:03:54.019000Z,2026-05-20T14:04:29.019000Z,RASPISHAKE,https://data.raspberryshake.org/fdsnws/dataselect/1/query,35.0,evaluator_event_reference,AM.R8A9B.event.20260520T140354,3500,3500,0,3500,shared_event_window_across_target_snr_siblings
418,case-0418-noise-01,noise,1,AM,R8A9B,00,EH?,2025-06-07T23:52:57.765000Z,2025-06-07T23:56:00.155000Z,RASPISHAKE,https://data.raspberryshake.org/fdsnws/dataselect/1/query,35.0,primary_noise_chunk,AM.R8A9B.noise.20250607T235259,3500,3500,0,3500,shared_noise_sequence_across_target_snr_siblings
418,case-0418-noise-02,noise,2,AM,R8A9B,00,EH?,2025-06-06T15:29:58.815000Z,2025-06-06T15:33:02.695000Z,RASPISHAKE,https://data.raspberryshake.org/fdsnws/dataselect/1/query,35.0,continuation_noise_chunk,AM.R8A9B.noise.20250606T153000,3500,3500,3500,7000,shared_noise_sequence_across_target_snr_siblings
418,case-0418-noise-03,noise,3,AM,R8A9B,00,EH?,2025-06-03T00:03:54.375000Z,2025-06-03T00:06:57.795000Z,RASPISHAKE,https://data.raspberryshake.org/fdsnws/dataselect/1/query,35.0,continuation_noise_chunk_truncated,AM.R8A9B.noise.20250603T000356,3500,2000,7000,9000,shared_noise_sequence_across_target_snr_siblings
419,case-0419-event,event,0,AM,R8A9B,00,EH?,2026-05-20T14:03:54.019000Z,2026-05-20T14:04:29.019000Z,RASPISHAKE,https://data.raspberryshake.org/fdsnws/dataselect/1/query,35.0,evaluator_event_reference,AM.R8A9B.event.20260520T140354,3500,3500,0,3500,shared_event_window_across_target_snr_siblings
419,case-0419-noise-01,noise,1,AM,R8A9B,00,EH?,2025-06-07T23:52:57.765000Z,2025-06-07T23:56:00.155000Z,RASPISHAKE,https://data.raspberryshake.org/fdsnws/dataselect/1/query,35.0,primary_noise_chunk,AM.R8A9B.noise.20250607T235259,3500,3500,0,3500,shared_noise_sequence_across_target_snr_siblings
419,case-0419-noise-02,noise,2,AM,R8A9B,00,EH?,2025-06-06T15:29:58.815000Z,2025-06-06T15:33:02.695000Z,RASPISHAKE,https://data.raspberryshake.org/fdsnws/dataselect/1/query,35.0,continuation_noise_chunk,AM.R8A9B.noise.20250606T153000,3500,3500,3500,7000,shared_noise_sequence_across_target_snr_siblings
419,case-0419-noise-03,noise,3,AM,R8A9B,00,EH?,2025-06-03T00:03:54.375000Z,2025-06-03T00:06:57.795000Z,RASPISHAKE,https://data.raspberryshake.org/fdsnws/dataselect/1/query,35.0,continuation_noise_chunk_truncated,AM.R8A9B.noise.20250603T000356,3500,2000,7000,9000,shared_noise_sequence_across_target_snr_siblings
420,case-0420-event,event,0,AM,R8A9B,00,EH?,2026-05-20T14:03:54.019000Z,2026-05-20T14:04:29.019000Z,RASPISHAKE,https://data.raspberryshake.org/fdsnws/dataselect/1/query,35.0,evaluator_event_reference,AM.R8A9B.event.20260520T140354,3500,3500,0,3500,shared_event_window_across_target_snr_siblings
420,case-0420-noise-01,noise,1,AM,R8A9B,00,EH?,2025-06-07T23:52:57.765000Z,2025-06-07T23:56:00.155000Z,RASPISHAKE,https://data.raspberryshake.org/fdsnws/dataselect/1/query,35.0,primary_noise_chunk,AM.R8A9B.noise.20250607T235259,3500,3500,0,3500,shared_noise_sequence_across_target_snr_siblings
420,case-0420-noise-02,noise,2,AM,R8A9B,00,EH?,2025-06-06T15:29:58.815000Z,2025-06-06T15:33:02.695000Z,RASPISHAKE,https://data.raspberryshake.org/fdsnws/dataselect/1/query,35.0,continuation_noise_chunk,AM.R8A9B.noise.20250606T153000,3500,3500,3500,7000,shared_noise_sequence_across_target_snr_siblings
420,case-0420-noise-03,noise,3,AM,R8A9B,00,EH?,2025-06-03T00:03:54.375000Z,2025-06-03T00:06:57.795000Z,RASPISHAKE,https://data.raspberryshake.org/fdsnws/dataselect/1/query,35.0,continuation_noise_chunk_truncated,AM.R8A9B.noise.20250603T000356,3500,2000,7000,9000,shared_noise_sequence_across_target_snr_siblings
421,case-0421-event,event,0,AM,R8A9B,00,EH?,2026-05-25T17:55:36.199000Z,2026-05-25T17:56:11.199000Z,RASPISHAKE,https://data.raspberryshake.org/fdsnws/dataselect/1/query,35.0,evaluator_event_reference,AM.R8A9B.event.20260525T175536,3500,3500,0,3500,shared_event_window_across_target_snr_siblings
421,case-0421-noise-01,noise,1,AM,R8A9B,00,EH?,2025-06-08T09:18:51.775000Z,2025-06-08T09:21:53.595000Z,RASPISHAKE,https://data.raspberryshake.org/fdsnws/dataselect/1/query,35.0,primary_noise_chunk,AM.R8A9B.noise.20250608T091852,3500,3500,0,3500,shared_noise_sequence_across_target_snr_siblings
421,case-0421-noise-02,noise,2,AM,R8A9B,00,EH?,2025-06-09T17:16:44.985000Z,2025-06-09T17:19:47.875000Z,RASPISHAKE,https://data.raspberryshake.org/fdsnws/dataselect/1/query,35.0,continuation_noise_chunk,AM.R8A9B.noise.20250609T171646,3500,3500,3500,7000,shared_noise_sequence_across_target_snr_siblings
421,case-0421-noise-03,noise,3,AM,R8A9B,00,EH?,2025-06-08T15:34:41.335000Z,2025-06-08T15:37:44.415000Z,RASPISHAKE,https://data.raspberryshake.org/fdsnws/dataselect/1/query,35.0,continuation_noise_chunk_truncated,AM.R8A9B.noise.20250608T153442,3500,2000,7000,9000,shared_noise_sequence_across_target_snr_siblings
422,case-0422-event,event,0,AM,R8A9B,00,EH?,2026-05-25T17:55:36.199000Z,2026-05-25T17:56:11.199000Z,RASPISHAKE,https://data.raspberryshake.org/fdsnws/dataselect/1/query,35.0,evaluator_event_reference,AM.R8A9B.event.20260525T175536,3500,3500,0,3500,shared_event_window_across_target_snr_siblings
422,case-0422-noise-01,noise,1,AM,R8A9B,00,EH?,2025-06-08T09:18:51.775000Z,2025-06-08T09:21:53.595000Z,RASPISHAKE,https://data.raspberryshake.org/fdsnws/dataselect/1/query,35.0,primary_noise_chunk,AM.R8A9B.noise.20250608T091852,3500,3500,0,3500,shared_noise_sequence_across_target_snr_siblings
422,case-0422-noise-02,noise,2,AM,R8A9B,00,EH?,2025-06-09T17:16:44.985000Z,2025-06-09T17:19:47.875000Z,RASPISHAKE,https://data.raspberryshake.org/fdsnws/dataselect/1/query,35.0,continuation_noise_chunk,AM.R8A9B.noise.20250609T171646,3500,3500,3500,7000,shared_noise_sequence_across_target_snr_siblings
422,case-0422-noise-03,noise,3,AM,R8A9B,00,EH?,2025-06-08T15:34:41.335000Z,2025-06-08T15:37:44.415000Z,RASPISHAKE,https://data.raspberryshake.org/fdsnws/dataselect/1/query,35.0,continuation_noise_chunk_truncated,AM.R8A9B.noise.20250608T153442,3500,2000,7000,9000,shared_noise_sequence_across_target_snr_siblings
423,case-0423-event,event,0,AM,R8A9B,00,EH?,2026-05-25T17:55:36.199000Z,2026-05-25T17:56:11.199000Z,RASPISHAKE,https://data.raspberryshake.org/fdsnws/dataselect/1/query,35.0,evaluator_event_reference,AM.R8A9B.event.20260525T175536,3500,3500,0,3500,shared_event_window_across_target_snr_siblings
423,case-0423-noise-01,noise,1,AM,R8A9B,00,EH?,2025-06-08T09:18:51.775000Z,2025-06-08T09:21:53.595000Z,RASPISHAKE,https://data.raspberryshake.org/fdsnws/dataselect/1/query,35.0,primary_noise_chunk,AM.R8A9B.noise.20250608T091852,3500,3500,0,3500,shared_noise_sequence_across_target_snr_siblings
423,case-0423-noise-02,noise,2,AM,R8A9B,00,EH?,2025-06-09T17:16:44.985000Z,2025-06-09T17:19:47.875000Z,RASPISHAKE,https://data.raspberryshake.org/fdsnws/dataselect/1/query,35.0,continuation_noise_chunk,AM.R8A9B.noise.20250609T171646,3500,3500,3500,7000,shared_noise_sequence_across_target_snr_siblings
423,case-0423-noise-03,noise,3,AM,R8A9B,00,EH?,2025-06-08T15:34:41.335000Z,2025-06-08T15:37:44.415000Z,RASPISHAKE,https://data.raspberryshake.org/fdsnws/dataselect/1/query,35.0,continuation_noise_chunk_truncated,AM.R8A9B.noise.20250608T153442,3500,2000,7000,9000,shared_noise_sequence_across_target_snr_siblings
424,case-0424-event,event,0,AM,R8A9B,00,EH?,2026-05-26T13:44:39.939000Z,2026-05-26T13:45:14.939000Z,RASPISHAKE,https://data.raspberryshake.org/fdsnws/dataselect/1/query,35.0,evaluator_event_reference,AM.R8A9B.event.20260526T134439,3500,3500,0,3500,shared_event_window_across_target_snr_siblings
424,case-0424-noise-01,noise,1,AM,R8A9B,00,EH?,2025-06-09T03:14:06.285000Z,2025-06-09T03:17:09.775000Z,RASPISHAKE,https://data.raspberryshake.org/fdsnws/dataselect/1/query,35.0,primary_noise_chunk,AM.R8A9B.noise.20250609T031408,3500,3500,0,3500,shared_noise_sequence_across_target_snr_siblings
424,case-0424-noise-02,noise,2,AM,R8A9B,00,EH?,2025-06-01T00:58:51.355000Z,2025-06-01T01:01:54.315000Z,RASPISHAKE,https://data.raspberryshake.org/fdsnws/dataselect/1/query,35.0,continuation_noise_chunk,AM.R8A9B.noise.20250601T005852,3500,3500,3500,7000,shared_noise_sequence_across_target_snr_siblings
424,case-0424-noise-03,noise,3,AM,R8A9B,00,EH?,2025-06-09T17:16:44.985000Z,2025-06-09T17:19:47.875000Z,RASPISHAKE,https://data.raspberryshake.org/fdsnws/dataselect/1/query,35.0,continuation_noise_chunk_truncated,AM.R8A9B.noise.20250609T171646,3500,2000,7000,9000,shared_noise_sequence_across_target_snr_siblings
425,case-0425-event,event,0,AM,R8A9B,00,EH?,2026-05-26T13:44:39.939000Z,2026-05-26T13:45:14.939000Z,RASPISHAKE,https://data.raspberryshake.org/fdsnws/dataselect/1/query,35.0,evaluator_event_reference,AM.R8A9B.event.20260526T134439,3500,3500,0,3500,shared_event_window_across_target_snr_siblings
425,case-0425-noise-01,noise,1,AM,R8A9B,00,EH?,2025-06-09T03:14:06.285000Z,2025-06-09T03:17:09.775000Z,RASPISHAKE,https://data.raspberryshake.org/fdsnws/dataselect/1/query,35.0,primary_noise_chunk,AM.R8A9B.noise.20250609T031408,3500,3500,0,3500,shared_noise_sequence_across_target_snr_siblings
425,case-0425-noise-02,noise,2,AM,R8A9B,00,EH?,2025-06-01T00:58:51.355000Z,2025-06-01T01:01:54.315000Z,RASPISHAKE,https://data.raspberryshake.org/fdsnws/dataselect/1/query,35.0,continuation_noise_chunk,AM.R8A9B.noise.20250601T005852,3500,3500,3500,7000,shared_noise_sequence_across_target_snr_siblings
425,case-0425-noise-03,noise,3,AM,R8A9B,00,EH?,2025-06-09T17:16:44.985000Z,2025-06-09T17:19:47.875000Z,RASPISHAKE,https://data.raspberryshake.org/fdsnws/dataselect/1/query,35.0,continuation_noise_chunk_truncated,AM.R8A9B.noise.20250609T171646,3500,2000,7000,9000,shared_noise_sequence_across_target_snr_siblings
426,case-0426-event,event,0,AM,R8A9B,00,EH?,2026-05-26T13:44:39.939000Z,2026-05-26T13:45:14.939000Z,RASPISHAKE,https://data.raspberryshake.org/fdsnws/dataselect/1/query,35.0,evaluator_event_reference,AM.R8A9B.event.20260526T134439,3500,3500,0,3500,shared_event_window_across_target_snr_siblings
426,case-0426-noise-01,noise,1,AM,R8A9B,00,EH?,2025-06-09T03:14:06.285000Z,2025-06-09T03:17:09.775000Z,RASPISHAKE,https://data.raspberryshake.org/fdsnws/dataselect/1/query,35.0,primary_noise_chunk,AM.R8A9B.noise.20250609T031408,3500,3500,0,3500,shared_noise_sequence_across_target_snr_siblings
426,case-0426-noise-02,noise,2,AM,R8A9B,00,EH?,2025-06-01T00:58:51.355000Z,2025-06-01T01:01:54.315000Z,RASPISHAKE,https://data.raspberryshake.org/fdsnws/dataselect/1/query,35.0,continuation_noise_chunk,AM.R8A9B.noise.20250601T005852,3500,3500,3500,7000,shared_noise_sequence_across_target_snr_siblings
426,case-0426-noise-03,noise,3,AM,R8A9B,00,EH?,2025-06-09T17:16:44.985000Z,2025-06-09T17:19:47.875000Z,RASPISHAKE,https://data.raspberryshake.org/fdsnws/dataselect/1/query,35.0,continuation_noise_chunk_truncated,AM.R8A9B.noise.20250609T171646,3500,2000,7000,9000,shared_noise_sequence_across_target_snr_siblings
427,case-0427-event,event,0,AM,R8A9B,00,EH?,2026-05-26T15:48:02.859000Z,2026-05-26T15:48:37.859000Z,RASPISHAKE,https://data.raspberryshake.org/fdsnws/dataselect/1/query,35.0,evaluator_event_reference,AM.R8A9B.event.20260526T154802,3500,3500,0,3500,shared_event_window_across_target_snr_siblings
427,case-0427-noise-01,noise,1,AM,R8A9B,00,EH?,2025-06-03T19:32:21.695000Z,2025-06-03T19:35:23.825000Z,RASPISHAKE,https://data.raspberryshake.org/fdsnws/dataselect/1/query,35.0,primary_noise_chunk,AM.R8A9B.noise.20250603T193222,3500,3500,0,3500,shared_noise_sequence_across_target_snr_siblings
427,case-0427-noise-02,noise,2,AM,R8A9B,00,EH?,2025-06-05T12:58:03.565000Z,2025-06-05T13:01:06.655000Z,RASPISHAKE,https://data.raspberryshake.org/fdsnws/dataselect/1/query,35.0,continuation_noise_chunk,AM.R8A9B.noise.20250605T125804,3500,3500,3500,7000,shared_noise_sequence_across_target_snr_siblings
427,case-0427-noise-03,noise,3,AM,R8A9B,00,EH?,2025-06-05T10:07:22.435000Z,2025-06-05T10:10:25.075000Z,RASPISHAKE,https://data.raspberryshake.org/fdsnws/dataselect/1/query,35.0,continuation_noise_chunk_truncated,AM.R8A9B.noise.20250605T100724,3500,2000,7000,9000,shared_noise_sequence_across_target_snr_siblings
428,case-0428-event,event,0,AM,R8A9B,00,EH?,2026-05-26T15:48:02.859000Z,2026-05-26T15:48:37.859000Z,RASPISHAKE,https://data.raspberryshake.org/fdsnws/dataselect/1/query,35.0,evaluator_event_reference,AM.R8A9B.event.20260526T154802,3500,3500,0,3500,shared_event_window_across_target_snr_siblings
428,case-0428-noise-01,noise,1,AM,R8A9B,00,EH?,2025-06-03T19:32:21.695000Z,2025-06-03T19:35:23.825000Z,RASPISHAKE,https://data.raspberryshake.org/fdsnws/dataselect/1/query,35.0,primary_noise_chunk,AM.R8A9B.noise.20250603T193222,3500,3500,0,3500,shared_noise_sequence_across_target_snr_siblings
428,case-0428-noise-02,noise,2,AM,R8A9B,00,EH?,2025-06-05T12:58:03.565000Z,2025-06-05T13:01:06.655000Z,RASPISHAKE,https://data.raspberryshake.org/fdsnws/dataselect/1/query,35.0,continuation_noise_chunk,AM.R8A9B.noise.20250605T125804,3500,3500,3500,7000,shared_noise_sequence_across_target_snr_siblings
428,case-0428-noise-03,noise,3,AM,R8A9B,00,EH?,2025-06-05T10:07:22.435000Z,2025-06-05T10:10:25.075000Z,RASPISHAKE,https://data.raspberryshake.org/fdsnws/dataselect/1/query,35.0,continuation_noise_chunk_truncated,AM.R8A9B.noise.20250605T100724,3500,2000,7000,9000,shared_noise_sequence_across_target_snr_siblings
429,case-0429-event,event,0,AM,R8A9B,00,EH?,2026-05-26T15:48:02.859000Z,2026-05-26T15:48:37.859000Z,RASPISHAKE,https://data.raspberryshake.org/fdsnws/dataselect/1/query,35.0,evaluator_event_reference,AM.R8A9B.event.20260526T154802,3500,3500,0,3500,shared_event_window_across_target_snr_siblings
429,case-0429-noise-01,noise,1,AM,R8A9B,00,EH?,2025-06-03T19:32:21.695000Z,2025-06-03T19:35:23.825000Z,RASPISHAKE,https://data.raspberryshake.org/fdsnws/dataselect/1/query,35.0,primary_noise_chunk,AM.R8A9B.noise.20250603T193222,3500,3500,0,3500,shared_noise_sequence_across_target_snr_siblings
429,case-0429-noise-02,noise,2,AM,R8A9B,00,EH?,2025-06-05T12:58:03.565000Z,2025-06-05T13:01:06.655000Z,RASPISHAKE,https://data.raspberryshake.org/fdsnws/dataselect/1/query,35.0,continuation_noise_chunk,AM.R8A9B.noise.20250605T125804,3500,3500,3500,7000,shared_noise_sequence_across_target_snr_siblings
429,case-0429-noise-03,noise,3,AM,R8A9B,00,EH?,2025-06-05T10:07:22.435000Z,2025-06-05T10:10:25.075000Z,RASPISHAKE,https://data.raspberryshake.org/fdsnws/dataselect/1/query,35.0,continuation_noise_chunk_truncated,AM.R8A9B.noise.20250605T100724,3500,2000,7000,9000,shared_noise_sequence_across_target_snr_siblings
430,case-0430-event,event,0,AM,R8A9B,00,EH?,2026-05-29T13:58:51.429000Z,2026-05-29T13:59:26.429000Z,RASPISHAKE,https://data.raspberryshake.org/fdsnws/dataselect/1/query,35.0,evaluator_event_reference,AM.R8A9B.event.20260529T135851,3500,3500,0,3500,shared_event_window_across_target_snr_siblings
430,case-0430-noise-01,noise,1,AM,R8A9B,00,EH?,2025-06-06T16:03:40.155000Z,2025-06-06T16:06:43.255000Z,RASPISHAKE,https://data.raspberryshake.org/fdsnws/dataselect/1/query,35.0,primary_noise_chunk,AM.R8A9B.noise.20250606T160341,3500,3500,0,3500,shared_noise_sequence_across_target_snr_siblings
430,case-0430-noise-02,noise,2,AM,R8A9B,00,EH?,2025-06-02T19:28:38.955000Z,2025-06-02T19:31:42.165000Z,RASPISHAKE,https://data.raspberryshake.org/fdsnws/dataselect/1/query,35.0,continuation_noise_chunk,AM.R8A9B.noise.20250602T192840,3500,3500,3500,7000,shared_noise_sequence_across_target_snr_siblings
430,case-0430-noise-03,noise,3,AM,R8A9B,00,EH?,2025-06-10T08:34:07.465000Z,2025-06-10T08:37:11.045000Z,RASPISHAKE,https://data.raspberryshake.org/fdsnws/dataselect/1/query,35.0,continuation_noise_chunk_truncated,AM.R8A9B.noise.20250610T083409,3500,2000,7000,9000,shared_noise_sequence_across_target_snr_siblings
431,case-0431-event,event,0,AM,R8A9B,00,EH?,2026-05-29T13:58:51.429000Z,2026-05-29T13:59:26.429000Z,RASPISHAKE,https://data.raspberryshake.org/fdsnws/dataselect/1/query,35.0,evaluator_event_reference,AM.R8A9B.event.20260529T135851,3500,3500,0,3500,shared_event_window_across_target_snr_siblings
431,case-0431-noise-01,noise,1,AM,R8A9B,00,EH?,2025-06-06T16:03:40.155000Z,2025-06-06T16:06:43.255000Z,RASPISHAKE,https://data.raspberryshake.org/fdsnws/dataselect/1/query,35.0,primary_noise_chunk,AM.R8A9B.noise.20250606T160341,3500,3500,0,3500,shared_noise_sequence_across_target_snr_siblings
431,case-0431-noise-02,noise,2,AM,R8A9B,00,EH?,2025-06-02T19:28:38.955000Z,2025-06-02T19:31:42.165000Z,RASPISHAKE,https://data.raspberryshake.org/fdsnws/dataselect/1/query,35.0,continuation_noise_chunk,AM.R8A9B.noise.20250602T192840,3500,3500,3500,7000,shared_noise_sequence_across_target_snr_siblings
431,case-0431-noise-03,noise,3,AM,R8A9B,00,EH?,2025-06-10T08:34:07.465000Z,2025-06-10T08:37:11.045000Z,RASPISHAKE,https://data.raspberryshake.org/fdsnws/dataselect/1/query,35.0,continuation_noise_chunk_truncated,AM.R8A9B.noise.20250610T083409,3500,2000,7000,9000,shared_noise_sequence_across_target_snr_siblings
432,case-0432-event,event,0,AM,R8A9B,00,EH?,2026-05-29T13:58:51.429000Z,2026-05-29T13:59:26.429000Z,RASPISHAKE,https://data.raspberryshake.org/fdsnws/dataselect/1/query,35.0,evaluator_event_reference,AM.R8A9B.event.20260529T135851,3500,3500,0,3500,shared_event_window_across_target_snr_siblings
432,case-0432-noise-01,noise,1,AM,R8A9B,00,EH?,2025-06-06T16:03:40.155000Z,2025-06-06T16:06:43.255000Z,RASPISHAKE,https://data.raspberryshake.org/fdsnws/dataselect/1/query,35.0,primary_noise_chunk,AM.R8A9B.noise.20250606T160341,3500,3500,0,3500,shared_noise_sequence_across_target_snr_siblings
432,case-0432-noise-02,noise,2,AM,R8A9B,00,EH?,2025-06-02T19:28:38.955000Z,2025-06-02T19:31:42.165000Z,RASPISHAKE,https://data.raspberryshake.org/fdsnws/dataselect/1/query,35.0,continuation_noise_chunk,AM.R8A9B.noise.20250602T192840,3500,3500,3500,7000,shared_noise_sequence_across_target_snr_siblings
432,case-0432-noise-03,noise,3,AM,R8A9B,00,EH?,2025-06-10T08:34:07.465000Z,2025-06-10T08:37:11.045000Z,RASPISHAKE,https://data.raspberryshake.org/fdsnws/dataselect/1/query,35.0,continuation_noise_chunk_truncated,AM.R8A9B.noise.20250610T083409,3500,2000,7000,9000,shared_noise_sequence_across_target_snr_siblings
433,case-0433-event,event,0,AM,R8D8E,00,EH?,2025-12-16T03:44:28.717000Z,2025-12-16T03:45:03.717000Z,RASPISHAKE,https://data.raspberryshake.org/fdsnws/dataselect/1/query,35.0,evaluator_event_reference,AM.R8D8E.event.20251216T034428,3500,3500,0,3500,shared_event_window_across_target_snr_siblings
433,case-0433-noise-01,noise,1,AM,R8D8E,00,EH?,2025-10-11T23:56:13.655000Z,2025-10-11T23:59:19.525000Z,RASPISHAKE,https://data.raspberryshake.org/fdsnws/dataselect/1/query,35.0,primary_noise_chunk,AM.R8D8E.noise.20251011T235617,3500,3500,0,3500,shared_noise_sequence_across_target_snr_siblings
433,case-0433-noise-02,noise,2,AM,R8D8E,00,EH?,2025-10-08T18:31:34.415000Z,2025-10-08T18:34:37.015000Z,RASPISHAKE,https://data.raspberryshake.org/fdsnws/dataselect/1/query,35.0,continuation_noise_chunk,AM.R8D8E.noise.20251008T183136,3500,3500,3500,7000,shared_noise_sequence_across_target_snr_siblings
433,case-0433-noise-03,noise,3,AM,R8D8E,00,EH?,2025-10-10T14:42:30.535000Z,2025-10-10T14:45:34.825000Z,RASPISHAKE,https://data.raspberryshake.org/fdsnws/dataselect/1/query,35.0,continuation_noise_chunk_truncated,AM.R8D8E.noise.20251010T144232,3500,2000,7000,9000,shared_noise_sequence_across_target_snr_siblings
434,case-0434-event,event,0,AM,R8D8E,00,EH?,2025-12-16T03:44:28.717000Z,2025-12-16T03:45:03.717000Z,RASPISHAKE,https://data.raspberryshake.org/fdsnws/dataselect/1/query,35.0,evaluator_event_reference,AM.R8D8E.event.20251216T034428,3500,3500,0,3500,shared_event_window_across_target_snr_siblings
434,case-0434-noise-01,noise,1,AM,R8D8E,00,EH?,2025-10-11T23:56:13.655000Z,2025-10-11T23:59:19.525000Z,RASPISHAKE,https://data.raspberryshake.org/fdsnws/dataselect/1/query,35.0,primary_noise_chunk,AM.R8D8E.noise.20251011T235617,3500,3500,0,3500,shared_noise_sequence_across_target_snr_siblings
434,case-0434-noise-02,noise,2,AM,R8D8E,00,EH?,2025-10-08T18:31:34.415000Z,2025-10-08T18:34:37.015000Z,RASPISHAKE,https://data.raspberryshake.org/fdsnws/dataselect/1/query,35.0,continuation_noise_chunk,AM.R8D8E.noise.20251008T183136,3500,3500,3500,7000,shared_noise_sequence_across_target_snr_siblings
434,case-0434-noise-03,noise,3,AM,R8D8E,00,EH?,2025-10-10T14:42:30.535000Z,2025-10-10T14:45:34.825000Z,RASPISHAKE,https://data.raspberryshake.org/fdsnws/dataselect/1/query,35.0,continuation_noise_chunk_truncated,AM.R8D8E.noise.20251010T144232,3500,2000,7000,9000,shared_noise_sequence_across_target_snr_siblings
435,case-0435-event,event,0,AM,R8D8E,00,EH?,2025-12-16T03:44:28.717000Z,2025-12-16T03:45:03.717000Z,RASPISHAKE,https://data.raspberryshake.org/fdsnws/dataselect/1/query,35.0,evaluator_event_reference,AM.R8D8E.event.20251216T034428,3500,3500,0,3500,shared_event_window_across_target_snr_siblings
435,case-0435-noise-01,noise,1,AM,R8D8E,00,EH?,2025-10-11T23:56:13.655000Z,2025-10-11T23:59:19.525000Z,RASPISHAKE,https://data.raspberryshake.org/fdsnws/dataselect/1/query,35.0,primary_noise_chunk,AM.R8D8E.noise.20251011T235617,3500,3500,0,3500,shared_noise_sequence_across_target_snr_siblings
435,case-0435-noise-02,noise,2,AM,R8D8E,00,EH?,2025-10-08T18:31:34.415000Z,2025-10-08T18:34:37.015000Z,RASPISHAKE,https://data.raspberryshake.org/fdsnws/dataselect/1/query,35.0,continuation_noise_chunk,AM.R8D8E.noise.20251008T183136,3500,3500,3500,7000,shared_noise_sequence_across_target_snr_siblings
435,case-0435-noise-03,noise,3,AM,R8D8E,00,EH?,2025-10-10T14:42:30.535000Z,2025-10-10T14:45:34.825000Z,RASPISHAKE,https://data.raspberryshake.org/fdsnws/dataselect/1/query,35.0,continuation_noise_chunk_truncated,AM.R8D8E.noise.20251010T144232,3500,2000,7000,9000,shared_noise_sequence_across_target_snr_siblings
436,case-0436-event,event,0,AM,R8D8E,00,EH?,2026-04-15T07:05:06.513000Z,2026-04-15T07:05:41.513000Z,RASPISHAKE,https://data.raspberryshake.org/fdsnws/dataselect/1/query,35.0,evaluator_event_reference,AM.R8D8E.event.20260415T070506,3500,3500,0,3500,shared_event_window_across_target_snr_siblings
436,case-0436-noise-01,noise,1,AM,R8D8E,00,EH?,2025-08-28T03:16:09.360000Z,2025-08-28T03:19:16.180000Z,RASPISHAKE,https://data.raspberryshake.org/fdsnws/dataselect/1/query,35.0,primary_noise_chunk,AM.R8D8E.noise.20250828T031612,3500,3500,0,3500,shared_noise_sequence_across_target_snr_siblings
436,case-0436-noise-02,noise,2,AM,R8D8E,00,EH?,2025-10-07T22:22:31.145000Z,2025-10-07T22:25:36.545000Z,RASPISHAKE,https://data.raspberryshake.org/fdsnws/dataselect/1/query,35.0,continuation_noise_chunk,AM.R8D8E.noise.20251007T222234,3500,3500,3500,7000,shared_noise_sequence_across_target_snr_siblings
436,case-0436-noise-03,noise,3,AM,R8D8E,00,EH?,2025-10-10T07:45:45.285000Z,2025-10-10T07:48:50.135000Z,RASPISHAKE,https://data.raspberryshake.org/fdsnws/dataselect/1/query,35.0,continuation_noise_chunk_truncated,AM.R8D8E.noise.20251010T074547,3500,2000,7000,9000,shared_noise_sequence_across_target_snr_siblings
437,case-0437-event,event,0,AM,R8D8E,00,EH?,2026-04-15T07:05:06.513000Z,2026-04-15T07:05:41.513000Z,RASPISHAKE,https://data.raspberryshake.org/fdsnws/dataselect/1/query,35.0,evaluator_event_reference,AM.R8D8E.event.20260415T070506,3500,3500,0,3500,shared_event_window_across_target_snr_siblings
437,case-0437-noise-01,noise,1,AM,R8D8E,00,EH?,2025-08-28T03:16:09.360000Z,2025-08-28T03:19:16.180000Z,RASPISHAKE,https://data.raspberryshake.org/fdsnws/dataselect/1/query,35.0,primary_noise_chunk,AM.R8D8E.noise.20250828T031612,3500,3500,0,3500,shared_noise_sequence_across_target_snr_siblings
437,case-0437-noise-02,noise,2,AM,R8D8E,00,EH?,2025-10-07T22:22:31.145000Z,2025-10-07T22:25:36.545000Z,RASPISHAKE,https://data.raspberryshake.org/fdsnws/dataselect/1/query,35.0,continuation_noise_chunk,AM.R8D8E.noise.20251007T222234,3500,3500,3500,7000,shared_noise_sequence_across_target_snr_siblings
437,case-0437-noise-03,noise,3,AM,R8D8E,00,EH?,2025-10-10T07:45:45.285000Z,2025-10-10T07:48:50.135000Z,RASPISHAKE,https://data.raspberryshake.org/fdsnws/dataselect/1/query,35.0,continuation_noise_chunk_truncated,AM.R8D8E.noise.20251010T074547,3500,2000,7000,9000,shared_noise_sequence_across_target_snr_siblings
438,case-0438-event,event,0,AM,R8D8E,00,EH?,2026-04-15T07:05:06.513000Z,2026-04-15T07:05:41.513000Z,RASPISHAKE,https://data.raspberryshake.org/fdsnws/dataselect/1/query,35.0,evaluator_event_reference,AM.R8D8E.event.20260415T070506,3500,3500,0,3500,shared_event_window_across_target_snr_siblings
438,case-0438-noise-01,noise,1,AM,R8D8E,00,EH?,2025-08-28T03:16:09.360000Z,2025-08-28T03:19:16.180000Z,RASPISHAKE,https://data.raspberryshake.org/fdsnws/dataselect/1/query,35.0,primary_noise_chunk,AM.R8D8E.noise.20250828T031612,3500,3500,0,3500,shared_noise_sequence_across_target_snr_siblings
438,case-0438-noise-02,noise,2,AM,R8D8E,00,EH?,2025-10-07T22:22:31.145000Z,2025-10-07T22:25:36.545000Z,RASPISHAKE,https://data.raspberryshake.org/fdsnws/dataselect/1/query,35.0,continuation_noise_chunk,AM.R8D8E.noise.20251007T222234,3500,3500,3500,7000,shared_noise_sequence_across_target_snr_siblings
438,case-0438-noise-03,noise,3,AM,R8D8E,00,EH?,2025-10-10T07:45:45.285000Z,2025-10-10T07:48:50.135000Z,RASPISHAKE,https://data.raspberryshake.org/fdsnws/dataselect/1/query,35.0,continuation_noise_chunk_truncated,AM.R8D8E.noise.20251010T074547,3500,2000,7000,9000,shared_noise_sequence_across_target_snr_siblings
439,case-0439-event,event,0,AM,R8D8E,00,EH?,2026-05-11T04:59:13.173000Z,2026-05-11T04:59:48.173000Z,RASPISHAKE,https://data.raspberryshake.org/fdsnws/dataselect/1/query,35.0,evaluator_event_reference,AM.R8D8E.event.20260511T045913,3500,3500,0,3500,shared_event_window_across_target_snr_siblings
439,case-0439-noise-01,noise,1,AM,R8D8E,00,EH?,2025-08-28T16:40:25.580000Z,2025-08-28T16:43:30.470000Z,RASPISHAKE,https://data.raspberryshake.org/fdsnws/dataselect/1/query,35.0,primary_noise_chunk,AM.R8D8E.noise.20250828T164027,3500,3500,0,3500,shared_noise_sequence_across_target_snr_siblings
439,case-0439-noise-02,noise,2,AM,R8D8E,00,EH?,2025-10-08T11:59:49.885000Z,2025-10-08T12:02:53.005000Z,RASPISHAKE,https://data.raspberryshake.org/fdsnws/dataselect/1/query,35.0,continuation_noise_chunk,AM.R8D8E.noise.20251008T115950,3500,3500,3500,7000,shared_noise_sequence_across_target_snr_siblings
439,case-0439-noise-03,noise,3,AM,R8D8E,00,EH?,2025-08-29T05:43:19.070000Z,2025-08-29T05:46:25.270000Z,RASPISHAKE,https://data.raspberryshake.org/fdsnws/dataselect/1/query,35.0,continuation_noise_chunk_truncated,AM.R8D8E.noise.20250829T054321,3500,2000,7000,9000,shared_noise_sequence_across_target_snr_siblings
440,case-0440-event,event,0,AM,R8D8E,00,EH?,2026-05-11T04:59:13.173000Z,2026-05-11T04:59:48.173000Z,RASPISHAKE,https://data.raspberryshake.org/fdsnws/dataselect/1/query,35.0,evaluator_event_reference,AM.R8D8E.event.20260511T045913,3500,3500,0,3500,shared_event_window_across_target_snr_siblings
440,case-0440-noise-01,noise,1,AM,R8D8E,00,EH?,2025-08-28T16:40:25.580000Z,2025-08-28T16:43:30.470000Z,RASPISHAKE,https://data.raspberryshake.org/fdsnws/dataselect/1/query,35.0,primary_noise_chunk,AM.R8D8E.noise.20250828T164027,3500,3500,0,3500,shared_noise_sequence_across_target_snr_siblings
440,case-0440-noise-02,noise,2,AM,R8D8E,00,EH?,2025-10-08T11:59:49.885000Z,2025-10-08T12:02:53.005000Z,RASPISHAKE,https://data.raspberryshake.org/fdsnws/dataselect/1/query,35.0,continuation_noise_chunk,AM.R8D8E.noise.20251008T115950,3500,3500,3500,7000,shared_noise_sequence_across_target_snr_siblings
440,case-0440-noise-03,noise,3,AM,R8D8E,00,EH?,2025-08-29T05:43:19.070000Z,2025-08-29T05:46:25.270000Z,RASPISHAKE,https://data.raspberryshake.org/fdsnws/dataselect/1/query,35.0,continuation_noise_chunk_truncated,AM.R8D8E.noise.20250829T054321,3500,2000,7000,9000,shared_noise_sequence_across_target_snr_siblings
441,case-0441-event,event,0,AM,R8D8E,00,EH?,2026-05-11T04:59:13.173000Z,2026-05-11T04:59:48.173000Z,RASPISHAKE,https://data.raspberryshake.org/fdsnws/dataselect/1/query,35.0,evaluator_event_reference,AM.R8D8E.event.20260511T045913,3500,3500,0,3500,shared_event_window_across_target_snr_siblings
441,case-0441-noise-01,noise,1,AM,R8D8E,00,EH?,2025-08-28T16:40:25.580000Z,2025-08-28T16:43:30.470000Z,RASPISHAKE,https://data.raspberryshake.org/fdsnws/dataselect/1/query,35.0,primary_noise_chunk,AM.R8D8E.noise.20250828T164027,3500,3500,0,3500,shared_noise_sequence_across_target_snr_siblings
441,case-0441-noise-02,noise,2,AM,R8D8E,00,EH?,2025-10-08T11:59:49.885000Z,2025-10-08T12:02:53.005000Z,RASPISHAKE,https://data.raspberryshake.org/fdsnws/dataselect/1/query,35.0,continuation_noise_chunk,AM.R8D8E.noise.20251008T115950,3500,3500,3500,7000,shared_noise_sequence_across_target_snr_siblings
441,case-0441-noise-03,noise,3,AM,R8D8E,00,EH?,2025-08-29T05:43:19.070000Z,2025-08-29T05:46:25.270000Z,RASPISHAKE,https://data.raspberryshake.org/fdsnws/dataselect/1/query,35.0,continuation_noise_chunk_truncated,AM.R8D8E.noise.20250829T054321,3500,2000,7000,9000,shared_noise_sequence_across_target_snr_siblings
442,case-0442-event,event,0,AM,R8D8E,00,EH?,2026-05-20T23:09:40.503000Z,2026-05-20T23:10:15.503000Z,RASPISHAKE,https://data.raspberryshake.org/fdsnws/dataselect/1/query,35.0,evaluator_event_reference,AM.R8D8E.event.20260520T230940,3500,3500,0,3500,shared_event_window_across_target_snr_siblings
442,case-0442-noise-01,noise,1,AM,R8D8E,00,EH?,2025-10-11T23:56:13.655000Z,2025-10-11T23:59:19.525000Z,RASPISHAKE,https://data.raspberryshake.org/fdsnws/dataselect/1/query,35.0,primary_noise_chunk,AM.R8D8E.noise.20251011T235617,3500,3500,0,3500,shared_noise_sequence_across_target_snr_siblings
442,case-0442-noise-02,noise,2,AM,R8D8E,00,EH?,2025-08-25T17:09:57.030000Z,2025-08-25T17:13:00.200000Z,RASPISHAKE,https://data.raspberryshake.org/fdsnws/dataselect/1/query,35.0,continuation_noise_chunk,AM.R8D8E.noise.20250825T170958,3500,3500,3500,7000,shared_noise_sequence_across_target_snr_siblings
442,case-0442-noise-03,noise,3,AM,R8D8E,00,EH?,2025-10-11T17:10:37.585000Z,2025-10-11T17:13:42.075000Z,RASPISHAKE,https://data.raspberryshake.org/fdsnws/dataselect/1/query,35.0,continuation_noise_chunk_truncated,AM.R8D8E.noise.20251011T171040,3500,2000,7000,9000,shared_noise_sequence_across_target_snr_siblings
443,case-0443-event,event,0,AM,R8D8E,00,EH?,2026-05-20T23:09:40.503000Z,2026-05-20T23:10:15.503000Z,RASPISHAKE,https://data.raspberryshake.org/fdsnws/dataselect/1/query,35.0,evaluator_event_reference,AM.R8D8E.event.20260520T230940,3500,3500,0,3500,shared_event_window_across_target_snr_siblings
443,case-0443-noise-01,noise,1,AM,R8D8E,00,EH?,2025-10-11T23:56:13.655000Z,2025-10-11T23:59:19.525000Z,RASPISHAKE,https://data.raspberryshake.org/fdsnws/dataselect/1/query,35.0,primary_noise_chunk,AM.R8D8E.noise.20251011T235617,3500,3500,0,3500,shared_noise_sequence_across_target_snr_siblings
443,case-0443-noise-02,noise,2,AM,R8D8E,00,EH?,2025-08-25T17:09:57.030000Z,2025-08-25T17:13:00.200000Z,RASPISHAKE,https://data.raspberryshake.org/fdsnws/dataselect/1/query,35.0,continuation_noise_chunk,AM.R8D8E.noise.20250825T170958,3500,3500,3500,7000,shared_noise_sequence_across_target_snr_siblings
443,case-0443-noise-03,noise,3,AM,R8D8E,00,EH?,2025-10-11T17:10:37.585000Z,2025-10-11T17:13:42.075000Z,RASPISHAKE,https://data.raspberryshake.org/fdsnws/dataselect/1/query,35.0,continuation_noise_chunk_truncated,AM.R8D8E.noise.20251011T171040,3500,2000,7000,9000,shared_noise_sequence_across_target_snr_siblings
444,case-0444-event,event,0,AM,R8D8E,00,EH?,2026-05-20T23:09:40.503000Z,2026-05-20T23:10:15.503000Z,RASPISHAKE,https://data.raspberryshake.org/fdsnws/dataselect/1/query,35.0,evaluator_event_reference,AM.R8D8E.event.20260520T230940,3500,3500,0,3500,shared_event_window_across_target_snr_siblings
444,case-0444-noise-01,noise,1,AM,R8D8E,00,EH?,2025-10-11T23:56:13.655000Z,2025-10-11T23:59:19.525000Z,RASPISHAKE,https://data.raspberryshake.org/fdsnws/dataselect/1/query,35.0,primary_noise_chunk,AM.R8D8E.noise.20251011T235617,3500,3500,0,3500,shared_noise_sequence_across_target_snr_siblings
444,case-0444-noise-02,noise,2,AM,R8D8E,00,EH?,2025-08-25T17:09:57.030000Z,2025-08-25T17:13:00.200000Z,RASPISHAKE,https://data.raspberryshake.org/fdsnws/dataselect/1/query,35.0,continuation_noise_chunk,AM.R8D8E.noise.20250825T170958,3500,3500,3500,7000,shared_noise_sequence_across_target_snr_siblings
444,case-0444-noise-03,noise,3,AM,R8D8E,00,EH?,2025-10-11T17:10:37.585000Z,2025-10-11T17:13:42.075000Z,RASPISHAKE,https://data.raspberryshake.org/fdsnws/dataselect/1/query,35.0,continuation_noise_chunk_truncated,AM.R8D8E.noise.20251011T171040,3500,2000,7000,9000,shared_noise_sequence_across_target_snr_siblings
445,case-0445-event,event,0,AM,R8D8E,00,EH?,2026-05-25T21:59:03.831000Z,2026-05-25T21:59:38.831000Z,RASPISHAKE,https://data.raspberryshake.org/fdsnws/dataselect/1/query,35.0,evaluator_event_reference,AM.R8D8E.event.20260525T215903,3500,3500,0,3500,shared_event_window_across_target_snr_siblings
445,case-0445-noise-01,noise,1,AM,R8D8E,00,EH?,2025-08-27T23:45:29.070000Z,2025-08-27T23:48:35.130000Z,RASPISHAKE,https://data.raspberryshake.org/fdsnws/dataselect/1/query,35.0,primary_noise_chunk,AM.R8D8E.noise.20250827T234532,3500,3500,0,3500,shared_noise_sequence_across_target_snr_siblings
445,case-0445-noise-02,noise,2,AM,R8D8E,00,EH?,2025-08-27T03:38:22.860000Z,2025-08-27T03:41:29.030000Z,RASPISHAKE,https://data.raspberryshake.org/fdsnws/dataselect/1/query,35.0,continuation_noise_chunk,AM.R8D8E.noise.20250827T033826,3500,3500,3500,7000,shared_noise_sequence_across_target_snr_siblings
445,case-0445-noise-03,noise,3,AM,R8D8E,00,EH?,2025-08-29T08:11:03.410000Z,2025-08-29T08:14:06.900000Z,RASPISHAKE,https://data.raspberryshake.org/fdsnws/dataselect/1/query,35.0,continuation_noise_chunk_truncated,AM.R8D8E.noise.20250829T081105,3500,2000,7000,9000,shared_noise_sequence_across_target_snr_siblings
446,case-0446-event,event,0,AM,R8D8E,00,EH?,2026-05-25T21:59:03.831000Z,2026-05-25T21:59:38.831000Z,RASPISHAKE,https://data.raspberryshake.org/fdsnws/dataselect/1/query,35.0,evaluator_event_reference,AM.R8D8E.event.20260525T215903,3500,3500,0,3500,shared_event_window_across_target_snr_siblings
446,case-0446-noise-01,noise,1,AM,R8D8E,00,EH?,2025-08-27T23:45:29.070000Z,2025-08-27T23:48:35.130000Z,RASPISHAKE,https://data.raspberryshake.org/fdsnws/dataselect/1/query,35.0,primary_noise_chunk,AM.R8D8E.noise.20250827T234532,3500,3500,0,3500,shared_noise_sequence_across_target_snr_siblings
446,case-0446-noise-02,noise,2,AM,R8D8E,00,EH?,2025-08-27T03:38:22.860000Z,2025-08-27T03:41:29.030000Z,RASPISHAKE,https://data.raspberryshake.org/fdsnws/dataselect/1/query,35.0,continuation_noise_chunk,AM.R8D8E.noise.20250827T033826,3500,3500,3500,7000,shared_noise_sequence_across_target_snr_siblings
446,case-0446-noise-03,noise,3,AM,R8D8E,00,EH?,2025-08-29T08:11:03.410000Z,2025-08-29T08:14:06.900000Z,RASPISHAKE,https://data.raspberryshake.org/fdsnws/dataselect/1/query,35.0,continuation_noise_chunk_truncated,AM.R8D8E.noise.20250829T081105,3500,2000,7000,9000,shared_noise_sequence_across_target_snr_siblings
447,case-0447-event,event,0,AM,R8D8E,00,EH?,2026-05-25T21:59:03.831000Z,2026-05-25T21:59:38.831000Z,RASPISHAKE,https://data.raspberryshake.org/fdsnws/dataselect/1/query,35.0,evaluator_event_reference,AM.R8D8E.event.20260525T215903,3500,3500,0,3500,shared_event_window_across_target_snr_siblings
447,case-0447-noise-01,noise,1,AM,R8D8E,00,EH?,2025-08-27T23:45:29.070000Z,2025-08-27T23:48:35.130000Z,RASPISHAKE,https://data.raspberryshake.org/fdsnws/dataselect/1/query,35.0,primary_noise_chunk,AM.R8D8E.noise.20250827T234532,3500,3500,0,3500,shared_noise_sequence_across_target_snr_siblings
447,case-0447-noise-02,noise,2,AM,R8D8E,00,EH?,2025-08-27T03:38:22.860000Z,2025-08-27T03:41:29.030000Z,RASPISHAKE,https://data.raspberryshake.org/fdsnws/dataselect/1/query,35.0,continuation_noise_chunk,AM.R8D8E.noise.20250827T033826,3500,3500,3500,7000,shared_noise_sequence_across_target_snr_siblings
447,case-0447-noise-03,noise,3,AM,R8D8E,00,EH?,2025-08-29T08:11:03.410000Z,2025-08-29T08:14:06.900000Z,RASPISHAKE,https://data.raspberryshake.org/fdsnws/dataselect/1/query,35.0,continuation_noise_chunk_truncated,AM.R8D8E.noise.20250829T081105,3500,2000,7000,9000,shared_noise_sequence_across_target_snr_siblings
448,case-0448-event,event,0,AM,R8D8E,00,EH?,2026-05-29T21:23:40.531000Z,2026-05-29T21:24:15.531000Z,RASPISHAKE,https://data.raspberryshake.org/fdsnws/dataselect/1/query,35.0,evaluator_event_reference,AM.R8D8E.event.20260529T212340,3500,3500,0,3500,shared_event_window_across_target_snr_siblings
448,case-0448-noise-01,noise,1,AM,R8D8E,00,EH?,2025-10-10T07:45:45.285000Z,2025-10-10T07:48:50.135000Z,RASPISHAKE,https://data.raspberryshake.org/fdsnws/dataselect/1/query,35.0,primary_noise_chunk,AM.R8D8E.noise.20251010T074547,3500,3500,0,3500,shared_noise_sequence_across_target_snr_siblings
448,case-0448-noise-02,noise,2,AM,R8D8E,00,EH?,2025-08-28T14:07:44.590000Z,2025-08-28T14:10:47.950000Z,RASPISHAKE,https://data.raspberryshake.org/fdsnws/dataselect/1/query,35.0,continuation_noise_chunk,AM.R8D8E.noise.20250828T140746,3500,3500,3500,7000,shared_noise_sequence_across_target_snr_siblings
448,case-0448-noise-03,noise,3,AM,R8D8E,00,EH?,2025-08-28T16:40:25.580000Z,2025-08-28T16:43:30.470000Z,RASPISHAKE,https://data.raspberryshake.org/fdsnws/dataselect/1/query,35.0,continuation_noise_chunk_truncated,AM.R8D8E.noise.20250828T164027,3500,2000,7000,9000,shared_noise_sequence_across_target_snr_siblings
449,case-0449-event,event,0,AM,R8D8E,00,EH?,2026-05-29T21:23:40.531000Z,2026-05-29T21:24:15.531000Z,RASPISHAKE,https://data.raspberryshake.org/fdsnws/dataselect/1/query,35.0,evaluator_event_reference,AM.R8D8E.event.20260529T212340,3500,3500,0,3500,shared_event_window_across_target_snr_siblings
449,case-0449-noise-01,noise,1,AM,R8D8E,00,EH?,2025-10-10T07:45:45.285000Z,2025-10-10T07:48:50.135000Z,RASPISHAKE,https://data.raspberryshake.org/fdsnws/dataselect/1/query,35.0,primary_noise_chunk,AM.R8D8E.noise.20251010T074547,3500,3500,0,3500,shared_noise_sequence_across_target_snr_siblings
449,case-0449-noise-02,noise,2,AM,R8D8E,00,EH?,2025-08-28T14:07:44.590000Z,2025-08-28T14:10:47.950000Z,RASPISHAKE,https://data.raspberryshake.org/fdsnws/dataselect/1/query,35.0,continuation_noise_chunk,AM.R8D8E.noise.20250828T140746,3500,3500,3500,7000,shared_noise_sequence_across_target_snr_siblings
449,case-0449-noise-03,noise,3,AM,R8D8E,00,EH?,2025-08-28T16:40:25.580000Z,2025-08-28T16:43:30.470000Z,RASPISHAKE,https://data.raspberryshake.org/fdsnws/dataselect/1/query,35.0,continuation_noise_chunk_truncated,AM.R8D8E.noise.20250828T164027,3500,2000,7000,9000,shared_noise_sequence_across_target_snr_siblings
450,case-0450-event,event,0,AM,R8D8E,00,EH?,2026-05-29T21:23:40.531000Z,2026-05-29T21:24:15.531000Z,RASPISHAKE,https://data.raspberryshake.org/fdsnws/dataselect/1/query,35.0,evaluator_event_reference,AM.R8D8E.event.20260529T212340,3500,3500,0,3500,shared_event_window_across_target_snr_siblings
450,case-0450-noise-01,noise,1,AM,R8D8E,00,EH?,2025-10-10T07:45:45.285000Z,2025-10-10T07:48:50.135000Z,RASPISHAKE,https://data.raspberryshake.org/fdsnws/dataselect/1/query,35.0,primary_noise_chunk,AM.R8D8E.noise.20251010T074547,3500,3500,0,3500,shared_noise_sequence_across_target_snr_siblings
450,case-0450-noise-02,noise,2,AM,R8D8E,00,EH?,2025-08-28T14:07:44.590000Z,2025-08-28T14:10:47.950000Z,RASPISHAKE,https://data.raspberryshake.org/fdsnws/dataselect/1/query,35.0,continuation_noise_chunk,AM.R8D8E.noise.20250828T140746,3500,3500,3500,7000,shared_noise_sequence_across_target_snr_siblings
450,case-0450-noise-03,noise,3,AM,R8D8E,00,EH?,2025-08-28T16:40:25.580000Z,2025-08-28T16:43:30.470000Z,RASPISHAKE,https://data.raspberryshake.org/fdsnws/dataselect/1/query,35.0,continuation_noise_chunk_truncated,AM.R8D8E.noise.20250828T164027,3500,2000,7000,9000,shared_noise_sequence_across_target_snr_siblings
451,case-0451-event,event,0,AM,R8D8E,00,EH?,2026-05-30T21:33:12.711000Z,2026-05-30T21:33:47.711000Z,RASPISHAKE,https://data.raspberryshake.org/fdsnws/dataselect/1/query,35.0,evaluator_event_reference,AM.R8D8E.event.20260530T213312,3500,3500,0,3500,shared_event_window_across_target_snr_siblings
451,case-0451-noise-01,noise,1,AM,R8D8E,00,EH?,2025-08-29T05:43:19.070000Z,2025-08-29T05:46:25.270000Z,RASPISHAKE,https://data.raspberryshake.org/fdsnws/dataselect/1/query,35.0,primary_noise_chunk,AM.R8D8E.noise.20250829T054321,3500,3500,0,3500,shared_noise_sequence_across_target_snr_siblings
451,case-0451-noise-02,noise,2,AM,R8D8E,00,EH?,2025-08-25T17:09:57.030000Z,2025-08-25T17:13:00.200000Z,RASPISHAKE,https://data.raspberryshake.org/fdsnws/dataselect/1/query,35.0,continuation_noise_chunk,AM.R8D8E.noise.20250825T170958,3500,3500,3500,7000,shared_noise_sequence_across_target_snr_siblings
451,case-0451-noise-03,noise,3,AM,R8D8E,00,EH?,2025-10-11T17:10:37.585000Z,2025-10-11T17:13:42.075000Z,RASPISHAKE,https://data.raspberryshake.org/fdsnws/dataselect/1/query,35.0,continuation_noise_chunk_truncated,AM.R8D8E.noise.20251011T171040,3500,2000,7000,9000,shared_noise_sequence_across_target_snr_siblings
452,case-0452-event,event,0,AM,R8D8E,00,EH?,2026-05-30T21:33:12.711000Z,2026-05-30T21:33:47.711000Z,RASPISHAKE,https://data.raspberryshake.org/fdsnws/dataselect/1/query,35.0,evaluator_event_reference,AM.R8D8E.event.20260530T213312,3500,3500,0,3500,shared_event_window_across_target_snr_siblings
452,case-0452-noise-01,noise,1,AM,R8D8E,00,EH?,2025-08-29T05:43:19.070000Z,2025-08-29T05:46:25.270000Z,RASPISHAKE,https://data.raspberryshake.org/fdsnws/dataselect/1/query,35.0,primary_noise_chunk,AM.R8D8E.noise.20250829T054321,3500,3500,0,3500,shared_noise_sequence_across_target_snr_siblings
452,case-0452-noise-02,noise,2,AM,R8D8E,00,EH?,2025-08-25T17:09:57.030000Z,2025-08-25T17:13:00.200000Z,RASPISHAKE,https://data.raspberryshake.org/fdsnws/dataselect/1/query,35.0,continuation_noise_chunk,AM.R8D8E.noise.20250825T170958,3500,3500,3500,7000,shared_noise_sequence_across_target_snr_siblings
452,case-0452-noise-03,noise,3,AM,R8D8E,00,EH?,2025-10-11T17:10:37.585000Z,2025-10-11T17:13:42.075000Z,RASPISHAKE,https://data.raspberryshake.org/fdsnws/dataselect/1/query,35.0,continuation_noise_chunk_truncated,AM.R8D8E.noise.20251011T171040,3500,2000,7000,9000,shared_noise_sequence_across_target_snr_siblings
453,case-0453-event,event,0,AM,R8D8E,00,EH?,2026-05-30T21:33:12.711000Z,2026-05-30T21:33:47.711000Z,RASPISHAKE,https://data.raspberryshake.org/fdsnws/dataselect/1/query,35.0,evaluator_event_reference,AM.R8D8E.event.20260530T213312,3500,3500,0,3500,shared_event_window_across_target_snr_siblings
453,case-0453-noise-01,noise,1,AM,R8D8E,00,EH?,2025-08-29T05:43:19.070000Z,2025-08-29T05:46:25.270000Z,RASPISHAKE,https://data.raspberryshake.org/fdsnws/dataselect/1/query,35.0,primary_noise_chunk,AM.R8D8E.noise.20250829T054321,3500,3500,0,3500,shared_noise_sequence_across_target_snr_siblings
453,case-0453-noise-02,noise,2,AM,R8D8E,00,EH?,2025-08-25T17:09:57.030000Z,2025-08-25T17:13:00.200000Z,RASPISHAKE,https://data.raspberryshake.org/fdsnws/dataselect/1/query,35.0,continuation_noise_chunk,AM.R8D8E.noise.20250825T170958,3500,3500,3500,7000,shared_noise_sequence_across_target_snr_siblings
453,case-0453-noise-03,noise,3,AM,R8D8E,00,EH?,2025-10-11T17:10:37.585000Z,2025-10-11T17:13:42.075000Z,RASPISHAKE,https://data.raspberryshake.org/fdsnws/dataselect/1/query,35.0,continuation_noise_chunk_truncated,AM.R8D8E.noise.20251011T171040,3500,2000,7000,9000,shared_noise_sequence_across_target_snr_siblings
454,case-0454-event,event,0,AM,R8D8E,00,EH?,2026-05-31T21:42:11.041000Z,2026-05-31T21:42:46.041000Z,RASPISHAKE,https://data.raspberryshake.org/fdsnws/dataselect/1/query,35.0,evaluator_event_reference,AM.R8D8E.event.20260531T214211,3500,3500,0,3500,shared_event_window_across_target_snr_siblings
454,case-0454-noise-01,noise,1,AM,R8D8E,00,EH?,2025-08-25T17:04:31.220000Z,2025-08-25T17:07:36.720000Z,RASPISHAKE,https://data.raspberryshake.org/fdsnws/dataselect/1/query,35.0,primary_noise_chunk,AM.R8D8E.noise.20250825T170434,3500,3500,0,3500,shared_noise_sequence_across_target_snr_siblings
454,case-0454-noise-02,noise,2,AM,R8D8E,00,EH?,2025-08-27T03:38:22.860000Z,2025-08-27T03:41:29.030000Z,RASPISHAKE,https://data.raspberryshake.org/fdsnws/dataselect/1/query,35.0,continuation_noise_chunk,AM.R8D8E.noise.20250827T033826,3500,3500,3500,7000,shared_noise_sequence_across_target_snr_siblings
454,case-0454-noise-03,noise,3,AM,R8D8E,00,EH?,2025-10-08T04:23:27.225000Z,2025-10-08T04:26:31.195000Z,RASPISHAKE,https://data.raspberryshake.org/fdsnws/dataselect/1/query,35.0,continuation_noise_chunk_truncated,AM.R8D8E.noise.20251008T042328,3500,2000,7000,9000,shared_noise_sequence_across_target_snr_siblings
455,case-0455-event,event,0,AM,R8D8E,00,EH?,2026-05-31T21:42:11.041000Z,2026-05-31T21:42:46.041000Z,RASPISHAKE,https://data.raspberryshake.org/fdsnws/dataselect/1/query,35.0,evaluator_event_reference,AM.R8D8E.event.20260531T214211,3500,3500,0,3500,shared_event_window_across_target_snr_siblings
455,case-0455-noise-01,noise,1,AM,R8D8E,00,EH?,2025-08-25T17:04:31.220000Z,2025-08-25T17:07:36.720000Z,RASPISHAKE,https://data.raspberryshake.org/fdsnws/dataselect/1/query,35.0,primary_noise_chunk,AM.R8D8E.noise.20250825T170434,3500,3500,0,3500,shared_noise_sequence_across_target_snr_siblings
455,case-0455-noise-02,noise,2,AM,R8D8E,00,EH?,2025-08-27T03:38:22.860000Z,2025-08-27T03:41:29.030000Z,RASPISHAKE,https://data.raspberryshake.org/fdsnws/dataselect/1/query,35.0,continuation_noise_chunk,AM.R8D8E.noise.20250827T033826,3500,3500,3500,7000,shared_noise_sequence_across_target_snr_siblings
455,case-0455-noise-03,noise,3,AM,R8D8E,00,EH?,2025-10-08T04:23:27.225000Z,2025-10-08T04:26:31.195000Z,RASPISHAKE,https://data.raspberryshake.org/fdsnws/dataselect/1/query,35.0,continuation_noise_chunk_truncated,AM.R8D8E.noise.20251008T042328,3500,2000,7000,9000,shared_noise_sequence_across_target_snr_siblings
456,case-0456-event,event,0,AM,R8D8E,00,EH?,2026-05-31T21:42:11.041000Z,2026-05-31T21:42:46.041000Z,RASPISHAKE,https://data.raspberryshake.org/fdsnws/dataselect/1/query,35.0,evaluator_event_reference,AM.R8D8E.event.20260531T214211,3500,3500,0,3500,shared_event_window_across_target_snr_siblings
456,case-0456-noise-01,noise,1,AM,R8D8E,00,EH?,2025-08-25T17:04:31.220000Z,2025-08-25T17:07:36.720000Z,RASPISHAKE,https://data.raspberryshake.org/fdsnws/dataselect/1/query,35.0,primary_noise_chunk,AM.R8D8E.noise.20250825T170434,3500,3500,0,3500,shared_noise_sequence_across_target_snr_siblings
456,case-0456-noise-02,noise,2,AM,R8D8E,00,EH?,2025-08-27T03:38:22.860000Z,2025-08-27T03:41:29.030000Z,RASPISHAKE,https://data.raspberryshake.org/fdsnws/dataselect/1/query,35.0,continuation_noise_chunk,AM.R8D8E.noise.20250827T033826,3500,3500,3500,7000,shared_noise_sequence_across_target_snr_siblings
456,case-0456-noise-03,noise,3,AM,R8D8E,00,EH?,2025-10-08T04:23:27.225000Z,2025-10-08T04:26:31.195000Z,RASPISHAKE,https://data.raspberryshake.org/fdsnws/dataselect/1/query,35.0,continuation_noise_chunk_truncated,AM.R8D8E.noise.20251008T042328,3500,2000,7000,9000,shared_noise_sequence_across_target_snr_siblings
457,case-0457-event,event,0,AM,R92E0,00,EH?,2025-10-20T17:06:56.257000Z,2025-10-20T17:07:31.257000Z,RASPISHAKE,https://data.raspberryshake.org/fdsnws/dataselect/1/query,35.0,evaluator_event_reference,AM.R92E0.event.20251020T170656,3500,3500,0,3500,shared_event_window_across_target_snr_siblings
457,case-0457-noise-01,noise,1,AM,R92E0,00,EH?,2025-06-09T03:14:04.316000Z,2025-06-09T03:17:12.706000Z,RASPISHAKE,https://data.raspberryshake.org/fdsnws/dataselect/1/query,35.0,primary_noise_chunk,AM.R92E0.noise.20250609T031408,3500,3500,0,3500,shared_noise_sequence_across_target_snr_siblings
457,case-0457-noise-02,noise,2,AM,R92E0,00,EH?,2025-06-10T11:38:05.166000Z,2025-06-10T11:41:11.826000Z,RASPISHAKE,https://data.raspberryshake.org/fdsnws/dataselect/1/query,35.0,continuation_noise_chunk,AM.R92E0.noise.20250610T113808,3500,3500,3500,7000,shared_noise_sequence_across_target_snr_siblings
457,case-0457-noise-03,noise,3,AM,R92E0,00,EH?,2025-06-11T07:42:28.586000Z,2025-06-11T07:45:35.216000Z,RASPISHAKE,https://data.raspberryshake.org/fdsnws/dataselect/1/query,35.0,continuation_noise_chunk_truncated,AM.R92E0.noise.20250611T074231,3500,2000,7000,9000,shared_noise_sequence_across_target_snr_siblings
458,case-0458-event,event,0,AM,R92E0,00,EH?,2025-10-20T17:06:56.257000Z,2025-10-20T17:07:31.257000Z,RASPISHAKE,https://data.raspberryshake.org/fdsnws/dataselect/1/query,35.0,evaluator_event_reference,AM.R92E0.event.20251020T170656,3500,3500,0,3500,shared_event_window_across_target_snr_siblings
458,case-0458-noise-01,noise,1,AM,R92E0,00,EH?,2025-06-09T03:14:04.316000Z,2025-06-09T03:17:12.706000Z,RASPISHAKE,https://data.raspberryshake.org/fdsnws/dataselect/1/query,35.0,primary_noise_chunk,AM.R92E0.noise.20250609T031408,3500,3500,0,3500,shared_noise_sequence_across_target_snr_siblings
458,case-0458-noise-02,noise,2,AM,R92E0,00,EH?,2025-06-10T11:38:05.166000Z,2025-06-10T11:41:11.826000Z,RASPISHAKE,https://data.raspberryshake.org/fdsnws/dataselect/1/query,35.0,continuation_noise_chunk,AM.R92E0.noise.20250610T113808,3500,3500,3500,7000,shared_noise_sequence_across_target_snr_siblings
458,case-0458-noise-03,noise,3,AM,R92E0,00,EH?,2025-06-11T07:42:28.586000Z,2025-06-11T07:45:35.216000Z,RASPISHAKE,https://data.raspberryshake.org/fdsnws/dataselect/1/query,35.0,continuation_noise_chunk_truncated,AM.R92E0.noise.20250611T074231,3500,2000,7000,9000,shared_noise_sequence_across_target_snr_siblings
459,case-0459-event,event,0,AM,R92E0,00,EH?,2025-10-20T17:06:56.257000Z,2025-10-20T17:07:31.257000Z,RASPISHAKE,https://data.raspberryshake.org/fdsnws/dataselect/1/query,35.0,evaluator_event_reference,AM.R92E0.event.20251020T170656,3500,3500,0,3500,shared_event_window_across_target_snr_siblings
459,case-0459-noise-01,noise,1,AM,R92E0,00,EH?,2025-06-09T03:14:04.316000Z,2025-06-09T03:17:12.706000Z,RASPISHAKE,https://data.raspberryshake.org/fdsnws/dataselect/1/query,35.0,primary_noise_chunk,AM.R92E0.noise.20250609T031408,3500,3500,0,3500,shared_noise_sequence_across_target_snr_siblings
459,case-0459-noise-02,noise,2,AM,R92E0,00,EH?,2025-06-10T11:38:05.166000Z,2025-06-10T11:41:11.826000Z,RASPISHAKE,https://data.raspberryshake.org/fdsnws/dataselect/1/query,35.0,continuation_noise_chunk,AM.R92E0.noise.20250610T113808,3500,3500,3500,7000,shared_noise_sequence_across_target_snr_siblings
459,case-0459-noise-03,noise,3,AM,R92E0,00,EH?,2025-06-11T07:42:28.586000Z,2025-06-11T07:45:35.216000Z,RASPISHAKE,https://data.raspberryshake.org/fdsnws/dataselect/1/query,35.0,continuation_noise_chunk_truncated,AM.R92E0.noise.20250611T074231,3500,2000,7000,9000,shared_noise_sequence_across_target_snr_siblings
460,case-0460-event,event,0,AM,R92E0,00,EH?,2025-11-14T00:18:01.597000Z,2025-11-14T00:18:36.597000Z,RASPISHAKE,https://data.raspberryshake.org/fdsnws/dataselect/1/query,35.0,evaluator_event_reference,AM.R92E0.event.20251114T001801,3500,3500,0,3500,shared_event_window_across_target_snr_siblings
460,case-0460-noise-01,noise,1,AM,R92E0,00,EH?,2025-06-07T14:44:15.946000Z,2025-06-07T14:47:20.476000Z,RASPISHAKE,https://data.raspberryshake.org/fdsnws/dataselect/1/query,35.0,primary_noise_chunk,AM.R92E0.noise.20250607T144418,3500,3500,0,3500,shared_noise_sequence_across_target_snr_siblings
460,case-0460-noise-02,noise,2,AM,R92E0,00,EH?,2025-06-10T11:38:05.166000Z,2025-06-10T11:41:11.826000Z,RASPISHAKE,https://data.raspberryshake.org/fdsnws/dataselect/1/query,35.0,continuation_noise_chunk,AM.R92E0.noise.20250610T113808,3500,3500,3500,7000,shared_noise_sequence_across_target_snr_siblings
460,case-0460-noise-03,noise,3,AM,R92E0,00,EH?,2025-06-06T16:03:37.416000Z,2025-06-06T16:06:45.326000Z,RASPISHAKE,https://data.raspberryshake.org/fdsnws/dataselect/1/query,35.0,continuation_noise_chunk_truncated,AM.R92E0.noise.20250606T160341,3500,2000,7000,9000,shared_noise_sequence_across_target_snr_siblings
461,case-0461-event,event,0,AM,R92E0,00,EH?,2025-11-14T00:18:01.597000Z,2025-11-14T00:18:36.597000Z,RASPISHAKE,https://data.raspberryshake.org/fdsnws/dataselect/1/query,35.0,evaluator_event_reference,AM.R92E0.event.20251114T001801,3500,3500,0,3500,shared_event_window_across_target_snr_siblings
461,case-0461-noise-01,noise,1,AM,R92E0,00,EH?,2025-06-07T14:44:15.946000Z,2025-06-07T14:47:20.476000Z,RASPISHAKE,https://data.raspberryshake.org/fdsnws/dataselect/1/query,35.0,primary_noise_chunk,AM.R92E0.noise.20250607T144418,3500,3500,0,3500,shared_noise_sequence_across_target_snr_siblings
461,case-0461-noise-02,noise,2,AM,R92E0,00,EH?,2025-06-10T11:38:05.166000Z,2025-06-10T11:41:11.826000Z,RASPISHAKE,https://data.raspberryshake.org/fdsnws/dataselect/1/query,35.0,continuation_noise_chunk,AM.R92E0.noise.20250610T113808,3500,3500,3500,7000,shared_noise_sequence_across_target_snr_siblings
461,case-0461-noise-03,noise,3,AM,R92E0,00,EH?,2025-06-06T16:03:37.416000Z,2025-06-06T16:06:45.326000Z,RASPISHAKE,https://data.raspberryshake.org/fdsnws/dataselect/1/query,35.0,continuation_noise_chunk_truncated,AM.R92E0.noise.20250606T160341,3500,2000,7000,9000,shared_noise_sequence_across_target_snr_siblings
462,case-0462-event,event,0,AM,R92E0,00,EH?,2025-11-14T00:18:01.597000Z,2025-11-14T00:18:36.597000Z,RASPISHAKE,https://data.raspberryshake.org/fdsnws/dataselect/1/query,35.0,evaluator_event_reference,AM.R92E0.event.20251114T001801,3500,3500,0,3500,shared_event_window_across_target_snr_siblings
462,case-0462-noise-01,noise,1,AM,R92E0,00,EH?,2025-06-07T14:44:15.946000Z,2025-06-07T14:47:20.476000Z,RASPISHAKE,https://data.raspberryshake.org/fdsnws/dataselect/1/query,35.0,primary_noise_chunk,AM.R92E0.noise.20250607T144418,3500,3500,0,3500,shared_noise_sequence_across_target_snr_siblings
462,case-0462-noise-02,noise,2,AM,R92E0,00,EH?,2025-06-10T11:38:05.166000Z,2025-06-10T11:41:11.826000Z,RASPISHAKE,https://data.raspberryshake.org/fdsnws/dataselect/1/query,35.0,continuation_noise_chunk,AM.R92E0.noise.20250610T113808,3500,3500,3500,7000,shared_noise_sequence_across_target_snr_siblings
462,case-0462-noise-03,noise,3,AM,R92E0,00,EH?,2025-06-06T16:03:37.416000Z,2025-06-06T16:06:45.326000Z,RASPISHAKE,https://data.raspberryshake.org/fdsnws/dataselect/1/query,35.0,continuation_noise_chunk_truncated,AM.R92E0.noise.20250606T160341,3500,2000,7000,9000,shared_noise_sequence_across_target_snr_siblings
463,case-0463-event,event,0,AM,R92E0,00,EH?,2026-04-16T19:46:41.071000Z,2026-04-16T19:47:16.071000Z,RASPISHAKE,https://data.raspberryshake.org/fdsnws/dataselect/1/query,35.0,evaluator_event_reference,AM.R92E0.event.20260416T194641,3500,3500,0,3500,shared_event_window_across_target_snr_siblings
463,case-0463-noise-01,noise,1,AM,R92E0,00,EH?,2025-06-11T07:42:28.586000Z,2025-06-11T07:45:35.216000Z,RASPISHAKE,https://data.raspberryshake.org/fdsnws/dataselect/1/query,35.0,primary_noise_chunk,AM.R92E0.noise.20250611T074231,3500,3500,0,3500,shared_noise_sequence_across_target_snr_siblings
463,case-0463-noise-02,noise,2,AM,R92E0,00,EH?,2025-06-07T14:44:15.946000Z,2025-06-07T14:47:20.476000Z,RASPISHAKE,https://data.raspberryshake.org/fdsnws/dataselect/1/query,35.0,continuation_noise_chunk,AM.R92E0.noise.20250607T144418,3500,3500,3500,7000,shared_noise_sequence_across_target_snr_siblings
463,case-0463-noise-03,noise,3,AM,R92E0,00,EH?,2025-06-01T06:27:36.262000Z,2025-06-01T06:30:46.002000Z,RASPISHAKE,https://data.raspberryshake.org/fdsnws/dataselect/1/query,35.0,continuation_noise_chunk_truncated,AM.R92E0.noise.20250601T062741,3500,2000,7000,9000,shared_noise_sequence_across_target_snr_siblings
464,case-0464-event,event,0,AM,R92E0,00,EH?,2026-04-16T19:46:41.071000Z,2026-04-16T19:47:16.071000Z,RASPISHAKE,https://data.raspberryshake.org/fdsnws/dataselect/1/query,35.0,evaluator_event_reference,AM.R92E0.event.20260416T194641,3500,3500,0,3500,shared_event_window_across_target_snr_siblings
464,case-0464-noise-01,noise,1,AM,R92E0,00,EH?,2025-06-11T07:42:28.586000Z,2025-06-11T07:45:35.216000Z,RASPISHAKE,https://data.raspberryshake.org/fdsnws/dataselect/1/query,35.0,primary_noise_chunk,AM.R92E0.noise.20250611T074231,3500,3500,0,3500,shared_noise_sequence_across_target_snr_siblings
464,case-0464-noise-02,noise,2,AM,R92E0,00,EH?,2025-06-07T14:44:15.946000Z,2025-06-07T14:47:20.476000Z,RASPISHAKE,https://data.raspberryshake.org/fdsnws/dataselect/1/query,35.0,continuation_noise_chunk,AM.R92E0.noise.20250607T144418,3500,3500,3500,7000,shared_noise_sequence_across_target_snr_siblings
464,case-0464-noise-03,noise,3,AM,R92E0,00,EH?,2025-06-01T06:27:36.262000Z,2025-06-01T06:30:46.002000Z,RASPISHAKE,https://data.raspberryshake.org/fdsnws/dataselect/1/query,35.0,continuation_noise_chunk_truncated,AM.R92E0.noise.20250601T062741,3500,2000,7000,9000,shared_noise_sequence_across_target_snr_siblings
465,case-0465-event,event,0,AM,R92E0,00,EH?,2026-04-16T19:46:41.071000Z,2026-04-16T19:47:16.071000Z,RASPISHAKE,https://data.raspberryshake.org/fdsnws/dataselect/1/query,35.0,evaluator_event_reference,AM.R92E0.event.20260416T194641,3500,3500,0,3500,shared_event_window_across_target_snr_siblings
465,case-0465-noise-01,noise,1,AM,R92E0,00,EH?,2025-06-11T07:42:28.586000Z,2025-06-11T07:45:35.216000Z,RASPISHAKE,https://data.raspberryshake.org/fdsnws/dataselect/1/query,35.0,primary_noise_chunk,AM.R92E0.noise.20250611T074231,3500,3500,0,3500,shared_noise_sequence_across_target_snr_siblings
465,case-0465-noise-02,noise,2,AM,R92E0,00,EH?,2025-06-07T14:44:15.946000Z,2025-06-07T14:47:20.476000Z,RASPISHAKE,https://data.raspberryshake.org/fdsnws/dataselect/1/query,35.0,continuation_noise_chunk,AM.R92E0.noise.20250607T144418,3500,3500,3500,7000,shared_noise_sequence_across_target_snr_siblings
465,case-0465-noise-03,noise,3,AM,R92E0,00,EH?,2025-06-01T06:27:36.262000Z,2025-06-01T06:30:46.002000Z,RASPISHAKE,https://data.raspberryshake.org/fdsnws/dataselect/1/query,35.0,continuation_noise_chunk_truncated,AM.R92E0.noise.20250601T062741,3500,2000,7000,9000,shared_noise_sequence_across_target_snr_siblings
466,case-0466-event,event,0,AM,R92E0,00,EH?,2026-04-26T04:32:44.181000Z,2026-04-26T04:33:19.181000Z,RASPISHAKE,https://data.raspberryshake.org/fdsnws/dataselect/1/query,35.0,evaluator_event_reference,AM.R92E0.event.20260426T043244,3500,3500,0,3500,shared_event_window_across_target_snr_siblings
466,case-0466-noise-01,noise,1,AM,R92E0,00,EH?,2025-06-09T12:34:54.556000Z,2025-06-09T12:37:58.956000Z,RASPISHAKE,https://data.raspberryshake.org/fdsnws/dataselect/1/query,35.0,primary_noise_chunk,AM.R92E0.noise.20250609T123456,3500,3500,0,3500,shared_noise_sequence_across_target_snr_siblings
466,case-0466-noise-02,noise,2,AM,R92E0,00,EH?,2025-06-06T16:03:37.416000Z,2025-06-06T16:06:45.326000Z,RASPISHAKE,https://data.raspberryshake.org/fdsnws/dataselect/1/query,35.0,continuation_noise_chunk,AM.R92E0.noise.20250606T160341,3500,3500,3500,7000,shared_noise_sequence_across_target_snr_siblings
466,case-0466-noise-03,noise,3,AM,R92E0,00,EH?,2025-06-11T07:42:28.586000Z,2025-06-11T07:45:35.216000Z,RASPISHAKE,https://data.raspberryshake.org/fdsnws/dataselect/1/query,35.0,continuation_noise_chunk_truncated,AM.R92E0.noise.20250611T074231,3500,2000,7000,9000,shared_noise_sequence_across_target_snr_siblings
467,case-0467-event,event,0,AM,R92E0,00,EH?,2026-04-26T04:32:44.181000Z,2026-04-26T04:33:19.181000Z,RASPISHAKE,https://data.raspberryshake.org/fdsnws/dataselect/1/query,35.0,evaluator_event_reference,AM.R92E0.event.20260426T043244,3500,3500,0,3500,shared_event_window_across_target_snr_siblings
467,case-0467-noise-01,noise,1,AM,R92E0,00,EH?,2025-06-09T12:34:54.556000Z,2025-06-09T12:37:58.956000Z,RASPISHAKE,https://data.raspberryshake.org/fdsnws/dataselect/1/query,35.0,primary_noise_chunk,AM.R92E0.noise.20250609T123456,3500,3500,0,3500,shared_noise_sequence_across_target_snr_siblings
467,case-0467-noise-02,noise,2,AM,R92E0,00,EH?,2025-06-06T16:03:37.416000Z,2025-06-06T16:06:45.326000Z,RASPISHAKE,https://data.raspberryshake.org/fdsnws/dataselect/1/query,35.0,continuation_noise_chunk,AM.R92E0.noise.20250606T160341,3500,3500,3500,7000,shared_noise_sequence_across_target_snr_siblings
467,case-0467-noise-03,noise,3,AM,R92E0,00,EH?,2025-06-11T07:42:28.586000Z,2025-06-11T07:45:35.216000Z,RASPISHAKE,https://data.raspberryshake.org/fdsnws/dataselect/1/query,35.0,continuation_noise_chunk_truncated,AM.R92E0.noise.20250611T074231,3500,2000,7000,9000,shared_noise_sequence_across_target_snr_siblings
468,case-0468-event,event,0,AM,R92E0,00,EH?,2026-04-26T04:32:44.181000Z,2026-04-26T04:33:19.181000Z,RASPISHAKE,https://data.raspberryshake.org/fdsnws/dataselect/1/query,35.0,evaluator_event_reference,AM.R92E0.event.20260426T043244,3500,3500,0,3500,shared_event_window_across_target_snr_siblings
468,case-0468-noise-01,noise,1,AM,R92E0,00,EH?,2025-06-09T12:34:54.556000Z,2025-06-09T12:37:58.956000Z,RASPISHAKE,https://data.raspberryshake.org/fdsnws/dataselect/1/query,35.0,primary_noise_chunk,AM.R92E0.noise.20250609T123456,3500,3500,0,3500,shared_noise_sequence_across_target_snr_siblings
468,case-0468-noise-02,noise,2,AM,R92E0,00,EH?,2025-06-06T16:03:37.416000Z,2025-06-06T16:06:45.326000Z,RASPISHAKE,https://data.raspberryshake.org/fdsnws/dataselect/1/query,35.0,continuation_noise_chunk,AM.R92E0.noise.20250606T160341,3500,3500,3500,7000,shared_noise_sequence_across_target_snr_siblings
468,case-0468-noise-03,noise,3,AM,R92E0,00,EH?,2025-06-11T07:42:28.586000Z,2025-06-11T07:45:35.216000Z,RASPISHAKE,https://data.raspberryshake.org/fdsnws/dataselect/1/query,35.0,continuation_noise_chunk_truncated,AM.R92E0.noise.20250611T074231,3500,2000,7000,9000,shared_noise_sequence_across_target_snr_siblings
469,case-0469-event,event,0,AM,R92E0,00,EH?,2026-05-09T04:53:35.321000Z,2026-05-09T04:54:10.321000Z,RASPISHAKE,https://data.raspberryshake.org/fdsnws/dataselect/1/query,35.0,evaluator_event_reference,AM.R92E0.event.20260509T045335,3500,3500,0,3500,shared_event_window_across_target_snr_siblings
469,case-0469-noise-01,noise,1,AM,R92E0,00,EH?,2025-06-05T10:07:21.766000Z,2025-06-05T10:10:26.496000Z,RASPISHAKE,https://data.raspberryshake.org/fdsnws/dataselect/1/query,35.0,primary_noise_chunk,AM.R92E0.noise.20250605T100724,3500,3500,0,3500,shared_noise_sequence_across_target_snr_siblings
469,case-0469-noise-02,noise,2,AM,R92E0,00,EH?,2025-06-01T06:27:36.262000Z,2025-06-01T06:30:46.002000Z,RASPISHAKE,https://data.raspberryshake.org/fdsnws/dataselect/1/query,35.0,continuation_noise_chunk,AM.R92E0.noise.20250601T062741,3500,3500,3500,7000,shared_noise_sequence_across_target_snr_siblings
469,case-0469-noise-03,noise,3,AM,R92E0,00,EH?,2025-06-06T00:40:38.676000Z,2025-06-06T00:43:45.466000Z,RASPISHAKE,https://data.raspberryshake.org/fdsnws/dataselect/1/query,35.0,continuation_noise_chunk_truncated,AM.R92E0.noise.20250606T004041,3500,2000,7000,9000,shared_noise_sequence_across_target_snr_siblings
470,case-0470-event,event,0,AM,R92E0,00,EH?,2026-05-09T04:53:35.321000Z,2026-05-09T04:54:10.321000Z,RASPISHAKE,https://data.raspberryshake.org/fdsnws/dataselect/1/query,35.0,evaluator_event_reference,AM.R92E0.event.20260509T045335,3500,3500,0,3500,shared_event_window_across_target_snr_siblings
470,case-0470-noise-01,noise,1,AM,R92E0,00,EH?,2025-06-05T10:07:21.766000Z,2025-06-05T10:10:26.496000Z,RASPISHAKE,https://data.raspberryshake.org/fdsnws/dataselect/1/query,35.0,primary_noise_chunk,AM.R92E0.noise.20250605T100724,3500,3500,0,3500,shared_noise_sequence_across_target_snr_siblings
470,case-0470-noise-02,noise,2,AM,R92E0,00,EH?,2025-06-01T06:27:36.262000Z,2025-06-01T06:30:46.002000Z,RASPISHAKE,https://data.raspberryshake.org/fdsnws/dataselect/1/query,35.0,continuation_noise_chunk,AM.R92E0.noise.20250601T062741,3500,3500,3500,7000,shared_noise_sequence_across_target_snr_siblings
470,case-0470-noise-03,noise,3,AM,R92E0,00,EH?,2025-06-06T00:40:38.676000Z,2025-06-06T00:43:45.466000Z,RASPISHAKE,https://data.raspberryshake.org/fdsnws/dataselect/1/query,35.0,continuation_noise_chunk_truncated,AM.R92E0.noise.20250606T004041,3500,2000,7000,9000,shared_noise_sequence_across_target_snr_siblings
471,case-0471-event,event,0,AM,R92E0,00,EH?,2026-05-09T04:53:35.321000Z,2026-05-09T04:54:10.321000Z,RASPISHAKE,https://data.raspberryshake.org/fdsnws/dataselect/1/query,35.0,evaluator_event_reference,AM.R92E0.event.20260509T045335,3500,3500,0,3500,shared_event_window_across_target_snr_siblings
471,case-0471-noise-01,noise,1,AM,R92E0,00,EH?,2025-06-05T10:07:21.766000Z,2025-06-05T10:10:26.496000Z,RASPISHAKE,https://data.raspberryshake.org/fdsnws/dataselect/1/query,35.0,primary_noise_chunk,AM.R92E0.noise.20250605T100724,3500,3500,0,3500,shared_noise_sequence_across_target_snr_siblings
471,case-0471-noise-02,noise,2,AM,R92E0,00,EH?,2025-06-01T06:27:36.262000Z,2025-06-01T06:30:46.002000Z,RASPISHAKE,https://data.raspberryshake.org/fdsnws/dataselect/1/query,35.0,continuation_noise_chunk,AM.R92E0.noise.20250601T062741,3500,3500,3500,7000,shared_noise_sequence_across_target_snr_siblings
471,case-0471-noise-03,noise,3,AM,R92E0,00,EH?,2025-06-06T00:40:38.676000Z,2025-06-06T00:43:45.466000Z,RASPISHAKE,https://data.raspberryshake.org/fdsnws/dataselect/1/query,35.0,continuation_noise_chunk_truncated,AM.R92E0.noise.20250606T004041,3500,2000,7000,9000,shared_noise_sequence_across_target_snr_siblings
472,case-0472-event,event,0,AM,R92E0,00,EH?,2026-05-15T11:33:54.161000Z,2026-05-15T11:34:29.161000Z,RASPISHAKE,https://data.raspberryshake.org/fdsnws/dataselect/1/query,35.0,evaluator_event_reference,AM.R92E0.event.20260515T113354,3500,3500,0,3500,shared_event_window_across_target_snr_siblings
472,case-0472-noise-01,noise,1,AM,R92E0,00,EH?,2025-06-03T13:01:08.786000Z,2025-06-03T13:04:14.206000Z,RASPISHAKE,https://data.raspberryshake.org/fdsnws/dataselect/1/query,35.0,primary_noise_chunk,AM.R92E0.noise.20250603T130111,3500,3500,0,3500,shared_noise_sequence_across_target_snr_siblings
472,case-0472-noise-02,noise,2,AM,R92E0,00,EH?,2025-06-02T14:31:41.036000Z,2025-06-02T14:34:46.816000Z,RASPISHAKE,https://data.raspberryshake.org/fdsnws/dataselect/1/query,35.0,continuation_noise_chunk,AM.R92E0.noise.20250602T143144,3500,3500,3500,7000,shared_noise_sequence_across_target_snr_siblings
472,case-0472-noise-03,noise,3,AM,R92E0,00,EH?,2025-06-06T16:03:37.416000Z,2025-06-06T16:06:45.326000Z,RASPISHAKE,https://data.raspberryshake.org/fdsnws/dataselect/1/query,35.0,continuation_noise_chunk_truncated,AM.R92E0.noise.20250606T160341,3500,2000,7000,9000,shared_noise_sequence_across_target_snr_siblings
473,case-0473-event,event,0,AM,R92E0,00,EH?,2026-05-15T11:33:54.161000Z,2026-05-15T11:34:29.161000Z,RASPISHAKE,https://data.raspberryshake.org/fdsnws/dataselect/1/query,35.0,evaluator_event_reference,AM.R92E0.event.20260515T113354,3500,3500,0,3500,shared_event_window_across_target_snr_siblings
473,case-0473-noise-01,noise,1,AM,R92E0,00,EH?,2025-06-03T13:01:08.786000Z,2025-06-03T13:04:14.206000Z,RASPISHAKE,https://data.raspberryshake.org/fdsnws/dataselect/1/query,35.0,primary_noise_chunk,AM.R92E0.noise.20250603T130111,3500,3500,0,3500,shared_noise_sequence_across_target_snr_siblings
473,case-0473-noise-02,noise,2,AM,R92E0,00,EH?,2025-06-02T14:31:41.036000Z,2025-06-02T14:34:46.816000Z,RASPISHAKE,https://data.raspberryshake.org/fdsnws/dataselect/1/query,35.0,continuation_noise_chunk,AM.R92E0.noise.20250602T143144,3500,3500,3500,7000,shared_noise_sequence_across_target_snr_siblings
473,case-0473-noise-03,noise,3,AM,R92E0,00,EH?,2025-06-06T16:03:37.416000Z,2025-06-06T16:06:45.326000Z,RASPISHAKE,https://data.raspberryshake.org/fdsnws/dataselect/1/query,35.0,continuation_noise_chunk_truncated,AM.R92E0.noise.20250606T160341,3500,2000,7000,9000,shared_noise_sequence_across_target_snr_siblings
474,case-0474-event,event,0,AM,R92E0,00,EH?,2026-05-15T11:33:54.161000Z,2026-05-15T11:34:29.161000Z,RASPISHAKE,https://data.raspberryshake.org/fdsnws/dataselect/1/query,35.0,evaluator_event_reference,AM.R92E0.event.20260515T113354,3500,3500,0,3500,shared_event_window_across_target_snr_siblings
474,case-0474-noise-01,noise,1,AM,R92E0,00,EH?,2025-06-03T13:01:08.786000Z,2025-06-03T13:04:14.206000Z,RASPISHAKE,https://data.raspberryshake.org/fdsnws/dataselect/1/query,35.0,primary_noise_chunk,AM.R92E0.noise.20250603T130111,3500,3500,0,3500,shared_noise_sequence_across_target_snr_siblings
474,case-0474-noise-02,noise,2,AM,R92E0,00,EH?,2025-06-02T14:31:41.036000Z,2025-06-02T14:34:46.816000Z,RASPISHAKE,https://data.raspberryshake.org/fdsnws/dataselect/1/query,35.0,continuation_noise_chunk,AM.R92E0.noise.20250602T143144,3500,3500,3500,7000,shared_noise_sequence_across_target_snr_siblings
474,case-0474-noise-03,noise,3,AM,R92E0,00,EH?,2025-06-06T16:03:37.416000Z,2025-06-06T16:06:45.326000Z,RASPISHAKE,https://data.raspberryshake.org/fdsnws/dataselect/1/query,35.0,continuation_noise_chunk_truncated,AM.R92E0.noise.20250606T160341,3500,2000,7000,9000,shared_noise_sequence_across_target_snr_siblings
475,case-0475-event,event,0,AM,R92E0,00,EH?,2026-05-16T14:59:48.471000Z,2026-05-16T15:00:23.471000Z,RASPISHAKE,https://data.raspberryshake.org/fdsnws/dataselect/1/query,35.0,evaluator_event_reference,AM.R92E0.event.20260516T145948,3500,3500,0,3500,shared_event_window_across_target_snr_siblings
475,case-0475-noise-01,noise,1,AM,R92E0,00,EH?,2025-06-06T02:58:33.056000Z,2025-06-06T03:01:37.026000Z,RASPISHAKE,https://data.raspberryshake.org/fdsnws/dataselect/1/query,35.0,primary_noise_chunk,AM.R92E0.noise.20250606T025835,3500,3500,0,3500,shared_noise_sequence_across_target_snr_siblings
475,case-0475-noise-02,noise,2,AM,R92E0,00,EH?,2025-06-11T07:42:28.586000Z,2025-06-11T07:45:35.216000Z,RASPISHAKE,https://data.raspberryshake.org/fdsnws/dataselect/1/query,35.0,continuation_noise_chunk,AM.R92E0.noise.20250611T074231,3500,3500,3500,7000,shared_noise_sequence_across_target_snr_siblings
475,case-0475-noise-03,noise,3,AM,R92E0,00,EH?,2025-06-10T08:34:06.206000Z,2025-06-10T08:37:10.466000Z,RASPISHAKE,https://data.raspberryshake.org/fdsnws/dataselect/1/query,35.0,continuation_noise_chunk_truncated,AM.R92E0.noise.20250610T083409,3500,2000,7000,9000,shared_noise_sequence_across_target_snr_siblings
476,case-0476-event,event,0,AM,R92E0,00,EH?,2026-05-16T14:59:48.471000Z,2026-05-16T15:00:23.471000Z,RASPISHAKE,https://data.raspberryshake.org/fdsnws/dataselect/1/query,35.0,evaluator_event_reference,AM.R92E0.event.20260516T145948,3500,3500,0,3500,shared_event_window_across_target_snr_siblings
476,case-0476-noise-01,noise,1,AM,R92E0,00,EH?,2025-06-06T02:58:33.056000Z,2025-06-06T03:01:37.026000Z,RASPISHAKE,https://data.raspberryshake.org/fdsnws/dataselect/1/query,35.0,primary_noise_chunk,AM.R92E0.noise.20250606T025835,3500,3500,0,3500,shared_noise_sequence_across_target_snr_siblings
476,case-0476-noise-02,noise,2,AM,R92E0,00,EH?,2025-06-11T07:42:28.586000Z,2025-06-11T07:45:35.216000Z,RASPISHAKE,https://data.raspberryshake.org/fdsnws/dataselect/1/query,35.0,continuation_noise_chunk,AM.R92E0.noise.20250611T074231,3500,3500,3500,7000,shared_noise_sequence_across_target_snr_siblings
476,case-0476-noise-03,noise,3,AM,R92E0,00,EH?,2025-06-10T08:34:06.206000Z,2025-06-10T08:37:10.466000Z,RASPISHAKE,https://data.raspberryshake.org/fdsnws/dataselect/1/query,35.0,continuation_noise_chunk_truncated,AM.R92E0.noise.20250610T083409,3500,2000,7000,9000,shared_noise_sequence_across_target_snr_siblings
477,case-0477-event,event,0,AM,R92E0,00,EH?,2026-05-16T14:59:48.471000Z,2026-05-16T15:00:23.471000Z,RASPISHAKE,https://data.raspberryshake.org/fdsnws/dataselect/1/query,35.0,evaluator_event_reference,AM.R92E0.event.20260516T145948,3500,3500,0,3500,shared_event_window_across_target_snr_siblings
477,case-0477-noise-01,noise,1,AM,R92E0,00,EH?,2025-06-06T02:58:33.056000Z,2025-06-06T03:01:37.026000Z,RASPISHAKE,https://data.raspberryshake.org/fdsnws/dataselect/1/query,35.0,primary_noise_chunk,AM.R92E0.noise.20250606T025835,3500,3500,0,3500,shared_noise_sequence_across_target_snr_siblings
477,case-0477-noise-02,noise,2,AM,R92E0,00,EH?,2025-06-11T07:42:28.586000Z,2025-06-11T07:45:35.216000Z,RASPISHAKE,https://data.raspberryshake.org/fdsnws/dataselect/1/query,35.0,continuation_noise_chunk,AM.R92E0.noise.20250611T074231,3500,3500,3500,7000,shared_noise_sequence_across_target_snr_siblings
477,case-0477-noise-03,noise,3,AM,R92E0,00,EH?,2025-06-10T08:34:06.206000Z,2025-06-10T08:37:10.466000Z,RASPISHAKE,https://data.raspberryshake.org/fdsnws/dataselect/1/query,35.0,continuation_noise_chunk_truncated,AM.R92E0.noise.20250610T083409,3500,2000,7000,9000,shared_noise_sequence_across_target_snr_siblings
478,case-0478-event,event,0,AM,R92E0,00,EH?,2026-05-20T14:16:19.931000Z,2026-05-20T14:16:54.931000Z,RASPISHAKE,https://data.raspberryshake.org/fdsnws/dataselect/1/query,35.0,evaluator_event_reference,AM.R92E0.event.20260520T141619,3500,3500,0,3500,shared_event_window_across_target_snr_siblings
478,case-0478-noise-01,noise,1,AM,R92E0,00,EH?,2025-06-11T13:41:16.196000Z,2025-06-11T13:44:20.316000Z,RASPISHAKE,https://data.raspberryshake.org/fdsnws/dataselect/1/query,35.0,primary_noise_chunk,AM.R92E0.noise.20250611T134117,3500,3500,0,3500,shared_noise_sequence_across_target_snr_siblings
478,case-0478-noise-02,noise,2,AM,R92E0,00,EH?,2025-06-06T02:58:33.056000Z,2025-06-06T03:01:37.026000Z,RASPISHAKE,https://data.raspberryshake.org/fdsnws/dataselect/1/query,35.0,continuation_noise_chunk,AM.R92E0.noise.20250606T025835,3500,3500,3500,7000,shared_noise_sequence_across_target_snr_siblings
478,case-0478-noise-03,noise,3,AM,R92E0,00,EH?,2025-06-05T07:10:39.056000Z,2025-06-05T07:13:43.656000Z,RASPISHAKE,https://data.raspberryshake.org/fdsnws/dataselect/1/query,35.0,continuation_noise_chunk_truncated,AM.R92E0.noise.20250605T071041,3500,2000,7000,9000,shared_noise_sequence_across_target_snr_siblings
479,case-0479-event,event,0,AM,R92E0,00,EH?,2026-05-20T14:16:19.931000Z,2026-05-20T14:16:54.931000Z,RASPISHAKE,https://data.raspberryshake.org/fdsnws/dataselect/1/query,35.0,evaluator_event_reference,AM.R92E0.event.20260520T141619,3500,3500,0,3500,shared_event_window_across_target_snr_siblings
479,case-0479-noise-01,noise,1,AM,R92E0,00,EH?,2025-06-11T13:41:16.196000Z,2025-06-11T13:44:20.316000Z,RASPISHAKE,https://data.raspberryshake.org/fdsnws/dataselect/1/query,35.0,primary_noise_chunk,AM.R92E0.noise.20250611T134117,3500,3500,0,3500,shared_noise_sequence_across_target_snr_siblings
479,case-0479-noise-02,noise,2,AM,R92E0,00,EH?,2025-06-06T02:58:33.056000Z,2025-06-06T03:01:37.026000Z,RASPISHAKE,https://data.raspberryshake.org/fdsnws/dataselect/1/query,35.0,continuation_noise_chunk,AM.R92E0.noise.20250606T025835,3500,3500,3500,7000,shared_noise_sequence_across_target_snr_siblings
479,case-0479-noise-03,noise,3,AM,R92E0,00,EH?,2025-06-05T07:10:39.056000Z,2025-06-05T07:13:43.656000Z,RASPISHAKE,https://data.raspberryshake.org/fdsnws/dataselect/1/query,35.0,continuation_noise_chunk_truncated,AM.R92E0.noise.20250605T071041,3500,2000,7000,9000,shared_noise_sequence_across_target_snr_siblings
480,case-0480-event,event,0,AM,R92E0,00,EH?,2026-05-20T14:16:19.931000Z,2026-05-20T14:16:54.931000Z,RASPISHAKE,https://data.raspberryshake.org/fdsnws/dataselect/1/query,35.0,evaluator_event_reference,AM.R92E0.event.20260520T141619,3500,3500,0,3500,shared_event_window_across_target_snr_siblings
480,case-0480-noise-01,noise,1,AM,R92E0,00,EH?,2025-06-11T13:41:16.196000Z,2025-06-11T13:44:20.316000Z,RASPISHAKE,https://data.raspberryshake.org/fdsnws/dataselect/1/query,35.0,primary_noise_chunk,AM.R92E0.noise.20250611T134117,3500,3500,0,3500,shared_noise_sequence_across_target_snr_siblings
480,case-0480-noise-02,noise,2,AM,R92E0,00,EH?,2025-06-06T02:58:33.056000Z,2025-06-06T03:01:37.026000Z,RASPISHAKE,https://data.raspberryshake.org/fdsnws/dataselect/1/query,35.0,continuation_noise_chunk,AM.R92E0.noise.20250606T025835,3500,3500,3500,7000,shared_noise_sequence_across_target_snr_siblings
480,case-0480-noise-03,noise,3,AM,R92E0,00,EH?,2025-06-05T07:10:39.056000Z,2025-06-05T07:13:43.656000Z,RASPISHAKE,https://data.raspberryshake.org/fdsnws/dataselect/1/query,35.0,continuation_noise_chunk_truncated,AM.R92E0.noise.20250605T071041,3500,2000,7000,9000,shared_noise_sequence_across_target_snr_siblings
481,case-0481-event,event,0,AM,R976A,00,EH?,2025-11-24T16:31:41.647000Z,2025-11-24T16:32:16.647000Z,RASPISHAKE,https://data.raspberryshake.org/fdsnws/dataselect/1/query,35.0,evaluator_event_reference,AM.R976A.event.20251124T163141,3500,3500,0,3500,shared_event_window_across_target_snr_siblings
481,case-0481-noise-01,noise,1,AM,R976A,00,EH?,2025-06-08T09:18:51.377000Z,2025-06-08T09:21:54.277000Z,RASPISHAKE,https://data.raspberryshake.org/fdsnws/dataselect/1/query,35.0,primary_noise_chunk,AM.R976A.noise.20250608T091852,3500,3500,0,3500,shared_noise_sequence_across_target_snr_siblings
481,case-0481-noise-02,noise,2,AM,R976A,00,EH?,2025-06-05T12:58:04.037000Z,2025-06-05T13:01:07.007000Z,RASPISHAKE,https://data.raspberryshake.org/fdsnws/dataselect/1/query,35.0,continuation_noise_chunk,AM.R976A.noise.20250605T125804,3500,3500,3500,7000,shared_noise_sequence_across_target_snr_siblings
481,case-0481-noise-03,noise,3,AM,R976A,00,EH?,2025-06-06T16:03:39.017000Z,2025-06-06T16:06:43.237000Z,RASPISHAKE,https://data.raspberryshake.org/fdsnws/dataselect/1/query,35.0,continuation_noise_chunk_truncated,AM.R976A.noise.20250606T160341,3500,2000,7000,9000,shared_noise_sequence_across_target_snr_siblings
482,case-0482-event,event,0,AM,R976A,00,EH?,2025-11-24T16:31:41.647000Z,2025-11-24T16:32:16.647000Z,RASPISHAKE,https://data.raspberryshake.org/fdsnws/dataselect/1/query,35.0,evaluator_event_reference,AM.R976A.event.20251124T163141,3500,3500,0,3500,shared_event_window_across_target_snr_siblings
482,case-0482-noise-01,noise,1,AM,R976A,00,EH?,2025-06-08T09:18:51.377000Z,2025-06-08T09:21:54.277000Z,RASPISHAKE,https://data.raspberryshake.org/fdsnws/dataselect/1/query,35.0,primary_noise_chunk,AM.R976A.noise.20250608T091852,3500,3500,0,3500,shared_noise_sequence_across_target_snr_siblings
482,case-0482-noise-02,noise,2,AM,R976A,00,EH?,2025-06-05T12:58:04.037000Z,2025-06-05T13:01:07.007000Z,RASPISHAKE,https://data.raspberryshake.org/fdsnws/dataselect/1/query,35.0,continuation_noise_chunk,AM.R976A.noise.20250605T125804,3500,3500,3500,7000,shared_noise_sequence_across_target_snr_siblings
482,case-0482-noise-03,noise,3,AM,R976A,00,EH?,2025-06-06T16:03:39.017000Z,2025-06-06T16:06:43.237000Z,RASPISHAKE,https://data.raspberryshake.org/fdsnws/dataselect/1/query,35.0,continuation_noise_chunk_truncated,AM.R976A.noise.20250606T160341,3500,2000,7000,9000,shared_noise_sequence_across_target_snr_siblings
483,case-0483-event,event,0,AM,R976A,00,EH?,2025-11-24T16:31:41.647000Z,2025-11-24T16:32:16.647000Z,RASPISHAKE,https://data.raspberryshake.org/fdsnws/dataselect/1/query,35.0,evaluator_event_reference,AM.R976A.event.20251124T163141,3500,3500,0,3500,shared_event_window_across_target_snr_siblings
483,case-0483-noise-01,noise,1,AM,R976A,00,EH?,2025-06-08T09:18:51.377000Z,2025-06-08T09:21:54.277000Z,RASPISHAKE,https://data.raspberryshake.org/fdsnws/dataselect/1/query,35.0,primary_noise_chunk,AM.R976A.noise.20250608T091852,3500,3500,0,3500,shared_noise_sequence_across_target_snr_siblings
483,case-0483-noise-02,noise,2,AM,R976A,00,EH?,2025-06-05T12:58:04.037000Z,2025-06-05T13:01:07.007000Z,RASPISHAKE,https://data.raspberryshake.org/fdsnws/dataselect/1/query,35.0,continuation_noise_chunk,AM.R976A.noise.20250605T125804,3500,3500,3500,7000,shared_noise_sequence_across_target_snr_siblings
483,case-0483-noise-03,noise,3,AM,R976A,00,EH?,2025-06-06T16:03:39.017000Z,2025-06-06T16:06:43.237000Z,RASPISHAKE,https://data.raspberryshake.org/fdsnws/dataselect/1/query,35.0,continuation_noise_chunk_truncated,AM.R976A.noise.20250606T160341,3500,2000,7000,9000,shared_noise_sequence_across_target_snr_siblings
484,case-0484-event,event,0,AM,R976A,00,EH?,2026-02-08T12:01:57.122000Z,2026-02-08T12:02:32.122000Z,RASPISHAKE,https://data.raspberryshake.org/fdsnws/dataselect/1/query,35.0,evaluator_event_reference,AM.R976A.event.20260208T120157,3500,3500,0,3500,shared_event_window_across_target_snr_siblings
484,case-0484-noise-01,noise,1,AM,R976A,00,EH?,2025-06-09T07:25:46.147000Z,2025-06-09T07:28:51.557000Z,RASPISHAKE,https://data.raspberryshake.org/fdsnws/dataselect/1/query,35.0,primary_noise_chunk,AM.R976A.noise.20250609T072549,3500,3500,0,3500,shared_noise_sequence_across_target_snr_siblings
484,case-0484-noise-02,noise,2,AM,R976A,00,EH?,2025-06-03T22:23:39.477000Z,2025-06-03T22:26:43.477000Z,RASPISHAKE,https://data.raspberryshake.org/fdsnws/dataselect/1/query,35.0,continuation_noise_chunk,AM.R976A.noise.20250603T222341,3500,3500,3500,7000,shared_noise_sequence_across_target_snr_siblings
484,case-0484-noise-03,noise,3,AM,R976A,00,EH?,2025-06-05T12:58:04.037000Z,2025-06-05T13:01:07.007000Z,RASPISHAKE,https://data.raspberryshake.org/fdsnws/dataselect/1/query,35.0,continuation_noise_chunk_truncated,AM.R976A.noise.20250605T125804,3500,2000,7000,9000,shared_noise_sequence_across_target_snr_siblings
485,case-0485-event,event,0,AM,R976A,00,EH?,2026-02-08T12:01:57.122000Z,2026-02-08T12:02:32.122000Z,RASPISHAKE,https://data.raspberryshake.org/fdsnws/dataselect/1/query,35.0,evaluator_event_reference,AM.R976A.event.20260208T120157,3500,3500,0,3500,shared_event_window_across_target_snr_siblings
485,case-0485-noise-01,noise,1,AM,R976A,00,EH?,2025-06-09T07:25:46.147000Z,2025-06-09T07:28:51.557000Z,RASPISHAKE,https://data.raspberryshake.org/fdsnws/dataselect/1/query,35.0,primary_noise_chunk,AM.R976A.noise.20250609T072549,3500,3500,0,3500,shared_noise_sequence_across_target_snr_siblings
485,case-0485-noise-02,noise,2,AM,R976A,00,EH?,2025-06-03T22:23:39.477000Z,2025-06-03T22:26:43.477000Z,RASPISHAKE,https://data.raspberryshake.org/fdsnws/dataselect/1/query,35.0,continuation_noise_chunk,AM.R976A.noise.20250603T222341,3500,3500,3500,7000,shared_noise_sequence_across_target_snr_siblings
485,case-0485-noise-03,noise,3,AM,R976A,00,EH?,2025-06-05T12:58:04.037000Z,2025-06-05T13:01:07.007000Z,RASPISHAKE,https://data.raspberryshake.org/fdsnws/dataselect/1/query,35.0,continuation_noise_chunk_truncated,AM.R976A.noise.20250605T125804,3500,2000,7000,9000,shared_noise_sequence_across_target_snr_siblings
486,case-0486-event,event,0,AM,R976A,00,EH?,2026-02-08T12:01:57.122000Z,2026-02-08T12:02:32.122000Z,RASPISHAKE,https://data.raspberryshake.org/fdsnws/dataselect/1/query,35.0,evaluator_event_reference,AM.R976A.event.20260208T120157,3500,3500,0,3500,shared_event_window_across_target_snr_siblings
486,case-0486-noise-01,noise,1,AM,R976A,00,EH?,2025-06-09T07:25:46.147000Z,2025-06-09T07:28:51.557000Z,RASPISHAKE,https://data.raspberryshake.org/fdsnws/dataselect/1/query,35.0,primary_noise_chunk,AM.R976A.noise.20250609T072549,3500,3500,0,3500,shared_noise_sequence_across_target_snr_siblings
486,case-0486-noise-02,noise,2,AM,R976A,00,EH?,2025-06-03T22:23:39.477000Z,2025-06-03T22:26:43.477000Z,RASPISHAKE,https://data.raspberryshake.org/fdsnws/dataselect/1/query,35.0,continuation_noise_chunk,AM.R976A.noise.20250603T222341,3500,3500,3500,7000,shared_noise_sequence_across_target_snr_siblings
486,case-0486-noise-03,noise,3,AM,R976A,00,EH?,2025-06-05T12:58:04.037000Z,2025-06-05T13:01:07.007000Z,RASPISHAKE,https://data.raspberryshake.org/fdsnws/dataselect/1/query,35.0,continuation_noise_chunk_truncated,AM.R976A.noise.20250605T125804,3500,2000,7000,9000,shared_noise_sequence_across_target_snr_siblings
487,case-0487-event,event,0,AM,R976A,00,EH?,2026-03-17T04:30:13.154000Z,2026-03-17T04:30:48.154000Z,RASPISHAKE,https://data.raspberryshake.org/fdsnws/dataselect/1/query,35.0,evaluator_event_reference,AM.R976A.event.20260317T043013,3500,3500,0,3500,shared_event_window_across_target_snr_siblings
487,case-0487-noise-01,noise,1,AM,R976A,00,EH?,2025-06-07T09:11:18.417000Z,2025-06-07T09:14:23.927000Z,RASPISHAKE,https://data.raspberryshake.org/fdsnws/dataselect/1/query,35.0,primary_noise_chunk,AM.R976A.noise.20250607T091120,3500,3500,0,3500,shared_noise_sequence_across_target_snr_siblings
487,case-0487-noise-02,noise,2,AM,R976A,00,EH?,2025-06-05T20:40:21.067000Z,2025-06-05T20:43:25.567000Z,RASPISHAKE,https://data.raspberryshake.org/fdsnws/dataselect/1/query,35.0,continuation_noise_chunk,AM.R976A.noise.20250605T204023,3500,3500,3500,7000,shared_noise_sequence_across_target_snr_siblings
487,case-0487-noise-03,noise,3,AM,R976A,00,EH?,2025-06-04T20:32:02.787000Z,2025-06-04T20:35:07.027000Z,RASPISHAKE,https://data.raspberryshake.org/fdsnws/dataselect/1/query,35.0,continuation_noise_chunk_truncated,AM.R976A.noise.20250604T203205,3500,2000,7000,9000,shared_noise_sequence_across_target_snr_siblings
488,case-0488-event,event,0,AM,R976A,00,EH?,2026-03-17T04:30:13.154000Z,2026-03-17T04:30:48.154000Z,RASPISHAKE,https://data.raspberryshake.org/fdsnws/dataselect/1/query,35.0,evaluator_event_reference,AM.R976A.event.20260317T043013,3500,3500,0,3500,shared_event_window_across_target_snr_siblings
488,case-0488-noise-01,noise,1,AM,R976A,00,EH?,2025-06-07T09:11:18.417000Z,2025-06-07T09:14:23.927000Z,RASPISHAKE,https://data.raspberryshake.org/fdsnws/dataselect/1/query,35.0,primary_noise_chunk,AM.R976A.noise.20250607T091120,3500,3500,0,3500,shared_noise_sequence_across_target_snr_siblings
488,case-0488-noise-02,noise,2,AM,R976A,00,EH?,2025-06-05T20:40:21.067000Z,2025-06-05T20:43:25.567000Z,RASPISHAKE,https://data.raspberryshake.org/fdsnws/dataselect/1/query,35.0,continuation_noise_chunk,AM.R976A.noise.20250605T204023,3500,3500,3500,7000,shared_noise_sequence_across_target_snr_siblings
488,case-0488-noise-03,noise,3,AM,R976A,00,EH?,2025-06-04T20:32:02.787000Z,2025-06-04T20:35:07.027000Z,RASPISHAKE,https://data.raspberryshake.org/fdsnws/dataselect/1/query,35.0,continuation_noise_chunk_truncated,AM.R976A.noise.20250604T203205,3500,2000,7000,9000,shared_noise_sequence_across_target_snr_siblings
489,case-0489-event,event,0,AM,R976A,00,EH?,2026-03-17T04:30:13.154000Z,2026-03-17T04:30:48.154000Z,RASPISHAKE,https://data.raspberryshake.org/fdsnws/dataselect/1/query,35.0,evaluator_event_reference,AM.R976A.event.20260317T043013,3500,3500,0,3500,shared_event_window_across_target_snr_siblings
489,case-0489-noise-01,noise,1,AM,R976A,00,EH?,2025-06-07T09:11:18.417000Z,2025-06-07T09:14:23.927000Z,RASPISHAKE,https://data.raspberryshake.org/fdsnws/dataselect/1/query,35.0,primary_noise_chunk,AM.R976A.noise.20250607T091120,3500,3500,0,3500,shared_noise_sequence_across_target_snr_siblings
489,case-0489-noise-02,noise,2,AM,R976A,00,EH?,2025-06-05T20:40:21.067000Z,2025-06-05T20:43:25.567000Z,RASPISHAKE,https://data.raspberryshake.org/fdsnws/dataselect/1/query,35.0,continuation_noise_chunk,AM.R976A.noise.20250605T204023,3500,3500,3500,7000,shared_noise_sequence_across_target_snr_siblings
489,case-0489-noise-03,noise,3,AM,R976A,00,EH?,2025-06-04T20:32:02.787000Z,2025-06-04T20:35:07.027000Z,RASPISHAKE,https://data.raspberryshake.org/fdsnws/dataselect/1/query,35.0,continuation_noise_chunk_truncated,AM.R976A.noise.20250604T203205,3500,2000,7000,9000,shared_noise_sequence_across_target_snr_siblings
490,case-0490-event,event,0,AM,R976A,00,EH?,2026-03-30T02:24:22.560000Z,2026-03-30T02:24:57.560000Z,RASPISHAKE,https://data.raspberryshake.org/fdsnws/dataselect/1/query,35.0,evaluator_event_reference,AM.R976A.event.20260330T022422,3500,3500,0,3500,shared_event_window_across_target_snr_siblings
490,case-0490-noise-01,noise,1,AM,R976A,00,EH?,2025-06-07T23:52:56.727000Z,2025-06-07T23:56:02.187000Z,RASPISHAKE,https://data.raspberryshake.org/fdsnws/dataselect/1/query,35.0,primary_noise_chunk,AM.R976A.noise.20250607T235259,3500,3500,0,3500,shared_noise_sequence_across_target_snr_siblings
490,case-0490-noise-02,noise,2,AM,R976A,00,EH?,2025-06-08T09:18:51.377000Z,2025-06-08T09:21:54.277000Z,RASPISHAKE,https://data.raspberryshake.org/fdsnws/dataselect/1/query,35.0,continuation_noise_chunk,AM.R976A.noise.20250608T091852,3500,3500,3500,7000,shared_noise_sequence_across_target_snr_siblings
490,case-0490-noise-03,noise,3,AM,R976A,00,EH?,2025-06-06T00:40:40.937000Z,2025-06-06T00:43:44.657000Z,RASPISHAKE,https://data.raspberryshake.org/fdsnws/dataselect/1/query,35.0,continuation_noise_chunk_truncated,AM.R976A.noise.20250606T004041,3500,2000,7000,9000,shared_noise_sequence_across_target_snr_siblings
491,case-0491-event,event,0,AM,R976A,00,EH?,2026-03-30T02:24:22.560000Z,2026-03-30T02:24:57.560000Z,RASPISHAKE,https://data.raspberryshake.org/fdsnws/dataselect/1/query,35.0,evaluator_event_reference,AM.R976A.event.20260330T022422,3500,3500,0,3500,shared_event_window_across_target_snr_siblings
491,case-0491-noise-01,noise,1,AM,R976A,00,EH?,2025-06-07T23:52:56.727000Z,2025-06-07T23:56:02.187000Z,RASPISHAKE,https://data.raspberryshake.org/fdsnws/dataselect/1/query,35.0,primary_noise_chunk,AM.R976A.noise.20250607T235259,3500,3500,0,3500,shared_noise_sequence_across_target_snr_siblings
491,case-0491-noise-02,noise,2,AM,R976A,00,EH?,2025-06-08T09:18:51.377000Z,2025-06-08T09:21:54.277000Z,RASPISHAKE,https://data.raspberryshake.org/fdsnws/dataselect/1/query,35.0,continuation_noise_chunk,AM.R976A.noise.20250608T091852,3500,3500,3500,7000,shared_noise_sequence_across_target_snr_siblings
491,case-0491-noise-03,noise,3,AM,R976A,00,EH?,2025-06-06T00:40:40.937000Z,2025-06-06T00:43:44.657000Z,RASPISHAKE,https://data.raspberryshake.org/fdsnws/dataselect/1/query,35.0,continuation_noise_chunk_truncated,AM.R976A.noise.20250606T004041,3500,2000,7000,9000,shared_noise_sequence_across_target_snr_siblings
492,case-0492-event,event,0,AM,R976A,00,EH?,2026-03-30T02:24:22.560000Z,2026-03-30T02:24:57.560000Z,RASPISHAKE,https://data.raspberryshake.org/fdsnws/dataselect/1/query,35.0,evaluator_event_reference,AM.R976A.event.20260330T022422,3500,3500,0,3500,shared_event_window_across_target_snr_siblings
492,case-0492-noise-01,noise,1,AM,R976A,00,EH?,2025-06-07T23:52:56.727000Z,2025-06-07T23:56:02.187000Z,RASPISHAKE,https://data.raspberryshake.org/fdsnws/dataselect/1/query,35.0,primary_noise_chunk,AM.R976A.noise.20250607T235259,3500,3500,0,3500,shared_noise_sequence_across_target_snr_siblings
492,case-0492-noise-02,noise,2,AM,R976A,00,EH?,2025-06-08T09:18:51.377000Z,2025-06-08T09:21:54.277000Z,RASPISHAKE,https://data.raspberryshake.org/fdsnws/dataselect/1/query,35.0,continuation_noise_chunk,AM.R976A.noise.20250608T091852,3500,3500,3500,7000,shared_noise_sequence_across_target_snr_siblings
492,case-0492-noise-03,noise,3,AM,R976A,00,EH?,2025-06-06T00:40:40.937000Z,2025-06-06T00:43:44.657000Z,RASPISHAKE,https://data.raspberryshake.org/fdsnws/dataselect/1/query,35.0,continuation_noise_chunk_truncated,AM.R976A.noise.20250606T004041,3500,2000,7000,9000,shared_noise_sequence_across_target_snr_siblings
493,case-0493-event,event,0,AM,R976A,00,EH?,2026-04-04T06:00:56.940000Z,2026-04-04T06:01:31.940000Z,RASPISHAKE,https://data.raspberryshake.org/fdsnws/dataselect/1/query,35.0,evaluator_event_reference,AM.R976A.event.20260404T060056,3500,3500,0,3500,shared_event_window_across_target_snr_siblings
493,case-0493-noise-01,noise,1,AM,R976A,00,EH?,2025-06-06T16:03:39.017000Z,2025-06-06T16:06:43.237000Z,RASPISHAKE,https://data.raspberryshake.org/fdsnws/dataselect/1/query,35.0,primary_noise_chunk,AM.R976A.noise.20250606T160341,3500,3500,0,3500,shared_noise_sequence_across_target_snr_siblings
493,case-0493-noise-02,noise,2,AM,R976A,00,EH?,2025-06-08T16:25:04.837000Z,2025-06-08T16:28:09.737000Z,RASPISHAKE,https://data.raspberryshake.org/fdsnws/dataselect/1/query,35.0,continuation_noise_chunk,AM.R976A.noise.20250608T162507,3500,3500,3500,7000,shared_noise_sequence_across_target_snr_siblings
493,case-0493-noise-03,noise,3,AM,R976A,00,EH?,2025-06-05T20:40:21.067000Z,2025-06-05T20:43:25.567000Z,RASPISHAKE,https://data.raspberryshake.org/fdsnws/dataselect/1/query,35.0,continuation_noise_chunk_truncated,AM.R976A.noise.20250605T204023,3500,2000,7000,9000,shared_noise_sequence_across_target_snr_siblings
494,case-0494-event,event,0,AM,R976A,00,EH?,2026-04-04T06:00:56.940000Z,2026-04-04T06:01:31.940000Z,RASPISHAKE,https://data.raspberryshake.org/fdsnws/dataselect/1/query,35.0,evaluator_event_reference,AM.R976A.event.20260404T060056,3500,3500,0,3500,shared_event_window_across_target_snr_siblings
494,case-0494-noise-01,noise,1,AM,R976A,00,EH?,2025-06-06T16:03:39.017000Z,2025-06-06T16:06:43.237000Z,RASPISHAKE,https://data.raspberryshake.org/fdsnws/dataselect/1/query,35.0,primary_noise_chunk,AM.R976A.noise.20250606T160341,3500,3500,0,3500,shared_noise_sequence_across_target_snr_siblings
494,case-0494-noise-02,noise,2,AM,R976A,00,EH?,2025-06-08T16:25:04.837000Z,2025-06-08T16:28:09.737000Z,RASPISHAKE,https://data.raspberryshake.org/fdsnws/dataselect/1/query,35.0,continuation_noise_chunk,AM.R976A.noise.20250608T162507,3500,3500,3500,7000,shared_noise_sequence_across_target_snr_siblings
494,case-0494-noise-03,noise,3,AM,R976A,00,EH?,2025-06-05T20:40:21.067000Z,2025-06-05T20:43:25.567000Z,RASPISHAKE,https://data.raspberryshake.org/fdsnws/dataselect/1/query,35.0,continuation_noise_chunk_truncated,AM.R976A.noise.20250605T204023,3500,2000,7000,9000,shared_noise_sequence_across_target_snr_siblings
495,case-0495-event,event,0,AM,R976A,00,EH?,2026-04-04T06:00:56.940000Z,2026-04-04T06:01:31.940000Z,RASPISHAKE,https://data.raspberryshake.org/fdsnws/dataselect/1/query,35.0,evaluator_event_reference,AM.R976A.event.20260404T060056,3500,3500,0,3500,shared_event_window_across_target_snr_siblings
495,case-0495-noise-01,noise,1,AM,R976A,00,EH?,2025-06-06T16:03:39.017000Z,2025-06-06T16:06:43.237000Z,RASPISHAKE,https://data.raspberryshake.org/fdsnws/dataselect/1/query,35.0,primary_noise_chunk,AM.R976A.noise.20250606T160341,3500,3500,0,3500,shared_noise_sequence_across_target_snr_siblings
495,case-0495-noise-02,noise,2,AM,R976A,00,EH?,2025-06-08T16:25:04.837000Z,2025-06-08T16:28:09.737000Z,RASPISHAKE,https://data.raspberryshake.org/fdsnws/dataselect/1/query,35.0,continuation_noise_chunk,AM.R976A.noise.20250608T162507,3500,3500,3500,7000,shared_noise_sequence_across_target_snr_siblings
495,case-0495-noise-03,noise,3,AM,R976A,00,EH?,2025-06-05T20:40:21.067000Z,2025-06-05T20:43:25.567000Z,RASPISHAKE,https://data.raspberryshake.org/fdsnws/dataselect/1/query,35.0,continuation_noise_chunk_truncated,AM.R976A.noise.20250605T204023,3500,2000,7000,9000,shared_noise_sequence_across_target_snr_siblings
496,case-0496-event,event,0,AM,R976A,00,EH?,2026-05-06T13:48:30.450000Z,2026-05-06T13:49:05.450000Z,RASPISHAKE,https://data.raspberryshake.org/fdsnws/dataselect/1/query,35.0,evaluator_event_reference,AM.R976A.event.20260506T134830,3500,3500,0,3500,shared_event_window_across_target_snr_siblings
496,case-0496-noise-01,noise,1,AM,R976A,00,EH?,2025-06-10T22:22:10.537000Z,2025-06-10T22:25:16.067000Z,RASPISHAKE,https://data.raspberryshake.org/fdsnws/dataselect/1/query,35.0,primary_noise_chunk,AM.R976A.noise.20250610T222213,3500,3500,0,3500,shared_noise_sequence_across_target_snr_siblings
496,case-0496-noise-02,noise,2,AM,R976A,00,EH?,2025-06-08T15:34:39.647000Z,2025-06-08T15:37:44.967000Z,RASPISHAKE,https://data.raspberryshake.org/fdsnws/dataselect/1/query,35.0,continuation_noise_chunk,AM.R976A.noise.20250608T153442,3500,3500,3500,7000,shared_noise_sequence_across_target_snr_siblings
496,case-0496-noise-03,noise,3,AM,R976A,00,EH?,2025-06-05T10:07:21.677000Z,2025-06-05T10:10:26.377000Z,RASPISHAKE,https://data.raspberryshake.org/fdsnws/dataselect/1/query,35.0,continuation_noise_chunk_truncated,AM.R976A.noise.20250605T100724,3500,2000,7000,9000,shared_noise_sequence_across_target_snr_siblings
497,case-0497-event,event,0,AM,R976A,00,EH?,2026-05-06T13:48:30.450000Z,2026-05-06T13:49:05.450000Z,RASPISHAKE,https://data.raspberryshake.org/fdsnws/dataselect/1/query,35.0,evaluator_event_reference,AM.R976A.event.20260506T134830,3500,3500,0,3500,shared_event_window_across_target_snr_siblings
497,case-0497-noise-01,noise,1,AM,R976A,00,EH?,2025-06-10T22:22:10.537000Z,2025-06-10T22:25:16.067000Z,RASPISHAKE,https://data.raspberryshake.org/fdsnws/dataselect/1/query,35.0,primary_noise_chunk,AM.R976A.noise.20250610T222213,3500,3500,0,3500,shared_noise_sequence_across_target_snr_siblings
497,case-0497-noise-02,noise,2,AM,R976A,00,EH?,2025-06-08T15:34:39.647000Z,2025-06-08T15:37:44.967000Z,RASPISHAKE,https://data.raspberryshake.org/fdsnws/dataselect/1/query,35.0,continuation_noise_chunk,AM.R976A.noise.20250608T153442,3500,3500,3500,7000,shared_noise_sequence_across_target_snr_siblings
497,case-0497-noise-03,noise,3,AM,R976A,00,EH?,2025-06-05T10:07:21.677000Z,2025-06-05T10:10:26.377000Z,RASPISHAKE,https://data.raspberryshake.org/fdsnws/dataselect/1/query,35.0,continuation_noise_chunk_truncated,AM.R976A.noise.20250605T100724,3500,2000,7000,9000,shared_noise_sequence_across_target_snr_siblings
498,case-0498-event,event,0,AM,R976A,00,EH?,2026-05-06T13:48:30.450000Z,2026-05-06T13:49:05.450000Z,RASPISHAKE,https://data.raspberryshake.org/fdsnws/dataselect/1/query,35.0,evaluator_event_reference,AM.R976A.event.20260506T134830,3500,3500,0,3500,shared_event_window_across_target_snr_siblings
498,case-0498-noise-01,noise,1,AM,R976A,00,EH?,2025-06-10T22:22:10.537000Z,2025-06-10T22:25:16.067000Z,RASPISHAKE,https://data.raspberryshake.org/fdsnws/dataselect/1/query,35.0,primary_noise_chunk,AM.R976A.noise.20250610T222213,3500,3500,0,3500,shared_noise_sequence_across_target_snr_siblings
498,case-0498-noise-02,noise,2,AM,R976A,00,EH?,2025-06-08T15:34:39.647000Z,2025-06-08T15:37:44.967000Z,RASPISHAKE,https://data.raspberryshake.org/fdsnws/dataselect/1/query,35.0,continuation_noise_chunk,AM.R976A.noise.20250608T153442,3500,3500,3500,7000,shared_noise_sequence_across_target_snr_siblings
498,case-0498-noise-03,noise,3,AM,R976A,00,EH?,2025-06-05T10:07:21.677000Z,2025-06-05T10:10:26.377000Z,RASPISHAKE,https://data.raspberryshake.org/fdsnws/dataselect/1/query,35.0,continuation_noise_chunk_truncated,AM.R976A.noise.20250605T100724,3500,2000,7000,9000,shared_noise_sequence_across_target_snr_siblings
499,case-0499-event,event,0,AM,R976A,00,EH?,2026-05-13T08:22:09.090000Z,2026-05-13T08:22:44.090000Z,RASPISHAKE,https://data.raspberryshake.org/fdsnws/dataselect/1/query,35.0,evaluator_event_reference,AM.R976A.event.20260513T082209,3500,3500,0,3500,shared_event_window_across_target_snr_siblings
499,case-0499-noise-01,noise,1,AM,R976A,00,EH?,2025-06-01T15:15:16.557000Z,2025-06-01T15:18:20.897000Z,RASPISHAKE,https://data.raspberryshake.org/fdsnws/dataselect/1/query,35.0,primary_noise_chunk,AM.R976A.noise.20250601T151518,3500,3500,0,3500,shared_noise_sequence_across_target_snr_siblings
499,case-0499-noise-02,noise,2,AM,R976A,00,EH?,2025-06-03T00:03:53.607000Z,2025-06-03T00:06:58.597000Z,RASPISHAKE,https://data.raspberryshake.org/fdsnws/dataselect/1/query,35.0,continuation_noise_chunk,AM.R976A.noise.20250603T000356,3500,3500,3500,7000,shared_noise_sequence_across_target_snr_siblings
499,case-0499-noise-03,noise,3,AM,R976A,00,EH?,2025-06-01T00:58:51.057000Z,2025-06-01T01:01:54.647000Z,RASPISHAKE,https://data.raspberryshake.org/fdsnws/dataselect/1/query,35.0,continuation_noise_chunk_truncated,AM.R976A.noise.20250601T005852,3500,2000,7000,9000,shared_noise_sequence_across_target_snr_siblings
500,case-0500-event,event,0,AM,R976A,00,EH?,2026-05-13T08:22:09.090000Z,2026-05-13T08:22:44.090000Z,RASPISHAKE,https://data.raspberryshake.org/fdsnws/dataselect/1/query,35.0,evaluator_event_reference,AM.R976A.event.20260513T082209,3500,3500,0,3500,shared_event_window_across_target_snr_siblings
500,case-0500-noise-01,noise,1,AM,R976A,00,EH?,2025-06-01T15:15:16.557000Z,2025-06-01T15:18:20.897000Z,RASPISHAKE,https://data.raspberryshake.org/fdsnws/dataselect/1/query,35.0,primary_noise_chunk,AM.R976A.noise.20250601T151518,3500,3500,0,3500,shared_noise_sequence_across_target_snr_siblings
500,case-0500-noise-02,noise,2,AM,R976A,00,EH?,2025-06-03T00:03:53.607000Z,2025-06-03T00:06:58.597000Z,RASPISHAKE,https://data.raspberryshake.org/fdsnws/dataselect/1/query,35.0,continuation_noise_chunk,AM.R976A.noise.20250603T000356,3500,3500,3500,7000,shared_noise_sequence_across_target_snr_siblings
500,case-0500-noise-03,noise,3,AM,R976A,00,EH?,2025-06-01T00:58:51.057000Z,2025-06-01T01:01:54.647000Z,RASPISHAKE,https://data.raspberryshake.org/fdsnws/dataselect/1/query,35.0,continuation_noise_chunk_truncated,AM.R976A.noise.20250601T005852,3500,2000,7000,9000,shared_noise_sequence_across_target_snr_siblings
501,case-0501-event,event,0,AM,R976A,00,EH?,2026-05-13T08:22:09.090000Z,2026-05-13T08:22:44.090000Z,RASPISHAKE,https://data.raspberryshake.org/fdsnws/dataselect/1/query,35.0,evaluator_event_reference,AM.R976A.event.20260513T082209,3500,3500,0,3500,shared_event_window_across_target_snr_siblings
501,case-0501-noise-01,noise,1,AM,R976A,00,EH?,2025-06-01T15:15:16.557000Z,2025-06-01T15:18:20.897000Z,RASPISHAKE,https://data.raspberryshake.org/fdsnws/dataselect/1/query,35.0,primary_noise_chunk,AM.R976A.noise.20250601T151518,3500,3500,0,3500,shared_noise_sequence_across_target_snr_siblings
501,case-0501-noise-02,noise,2,AM,R976A,00,EH?,2025-06-03T00:03:53.607000Z,2025-06-03T00:06:58.597000Z,RASPISHAKE,https://data.raspberryshake.org/fdsnws/dataselect/1/query,35.0,continuation_noise_chunk,AM.R976A.noise.20250603T000356,3500,3500,3500,7000,shared_noise_sequence_across_target_snr_siblings
501,case-0501-noise-03,noise,3,AM,R976A,00,EH?,2025-06-01T00:58:51.057000Z,2025-06-01T01:01:54.647000Z,RASPISHAKE,https://data.raspberryshake.org/fdsnws/dataselect/1/query,35.0,continuation_noise_chunk_truncated,AM.R976A.noise.20250601T005852,3500,2000,7000,9000,shared_noise_sequence_across_target_snr_siblings
502,case-0502-event,event,0,AM,R976A,00,EH?,2026-05-31T18:11:53.480000Z,2026-05-31T18:12:28.480000Z,RASPISHAKE,https://data.raspberryshake.org/fdsnws/dataselect/1/query,35.0,evaluator_event_reference,AM.R976A.event.20260531T181153,3500,3500,0,3500,shared_event_window_across_target_snr_siblings
502,case-0502-noise-01,noise,1,AM,R976A,00,EH?,2025-06-02T19:28:37.357000Z,2025-06-02T19:31:42.047000Z,RASPISHAKE,https://data.raspberryshake.org/fdsnws/dataselect/1/query,35.0,primary_noise_chunk,AM.R976A.noise.20250602T192840,3500,3500,0,3500,shared_noise_sequence_across_target_snr_siblings
502,case-0502-noise-02,noise,2,AM,R976A,00,EH?,2025-06-03T19:32:20.307000Z,2025-06-03T19:35:25.027000Z,RASPISHAKE,https://data.raspberryshake.org/fdsnws/dataselect/1/query,35.0,continuation_noise_chunk,AM.R976A.noise.20250603T193222,3500,3500,3500,7000,shared_noise_sequence_across_target_snr_siblings
502,case-0502-noise-03,noise,3,AM,R976A,00,EH?,2025-06-02T14:31:42.227000Z,2025-06-02T14:34:46.737000Z,RASPISHAKE,https://data.raspberryshake.org/fdsnws/dataselect/1/query,35.0,continuation_noise_chunk_truncated,AM.R976A.noise.20250602T143144,3500,2000,7000,9000,shared_noise_sequence_across_target_snr_siblings
503,case-0503-event,event,0,AM,R976A,00,EH?,2026-05-31T18:11:53.480000Z,2026-05-31T18:12:28.480000Z,RASPISHAKE,https://data.raspberryshake.org/fdsnws/dataselect/1/query,35.0,evaluator_event_reference,AM.R976A.event.20260531T181153,3500,3500,0,3500,shared_event_window_across_target_snr_siblings
503,case-0503-noise-01,noise,1,AM,R976A,00,EH?,2025-06-02T19:28:37.357000Z,2025-06-02T19:31:42.047000Z,RASPISHAKE,https://data.raspberryshake.org/fdsnws/dataselect/1/query,35.0,primary_noise_chunk,AM.R976A.noise.20250602T192840,3500,3500,0,3500,shared_noise_sequence_across_target_snr_siblings
503,case-0503-noise-02,noise,2,AM,R976A,00,EH?,2025-06-03T19:32:20.307000Z,2025-06-03T19:35:25.027000Z,RASPISHAKE,https://data.raspberryshake.org/fdsnws/dataselect/1/query,35.0,continuation_noise_chunk,AM.R976A.noise.20250603T193222,3500,3500,3500,7000,shared_noise_sequence_across_target_snr_siblings
503,case-0503-noise-03,noise,3,AM,R976A,00,EH?,2025-06-02T14:31:42.227000Z,2025-06-02T14:34:46.737000Z,RASPISHAKE,https://data.raspberryshake.org/fdsnws/dataselect/1/query,35.0,continuation_noise_chunk_truncated,AM.R976A.noise.20250602T143144,3500,2000,7000,9000,shared_noise_sequence_across_target_snr_siblings
504,case-0504-event,event,0,AM,R976A,00,EH?,2026-05-31T18:11:53.480000Z,2026-05-31T18:12:28.480000Z,RASPISHAKE,https://data.raspberryshake.org/fdsnws/dataselect/1/query,35.0,evaluator_event_reference,AM.R976A.event.20260531T181153,3500,3500,0,3500,shared_event_window_across_target_snr_siblings
504,case-0504-noise-01,noise,1,AM,R976A,00,EH?,2025-06-02T19:28:37.357000Z,2025-06-02T19:31:42.047000Z,RASPISHAKE,https://data.raspberryshake.org/fdsnws/dataselect/1/query,35.0,primary_noise_chunk,AM.R976A.noise.20250602T192840,3500,3500,0,3500,shared_noise_sequence_across_target_snr_siblings
504,case-0504-noise-02,noise,2,AM,R976A,00,EH?,2025-06-03T19:32:20.307000Z,2025-06-03T19:35:25.027000Z,RASPISHAKE,https://data.raspberryshake.org/fdsnws/dataselect/1/query,35.0,continuation_noise_chunk,AM.R976A.noise.20250603T193222,3500,3500,3500,7000,shared_noise_sequence_across_target_snr_siblings
504,case-0504-noise-03,noise,3,AM,R976A,00,EH?,2025-06-02T14:31:42.227000Z,2025-06-02T14:34:46.737000Z,RASPISHAKE,https://data.raspberryshake.org/fdsnws/dataselect/1/query,35.0,continuation_noise_chunk_truncated,AM.R976A.noise.20250602T143144,3500,2000,7000,9000,shared_noise_sequence_across_target_snr_siblings
505,case-0505-event,event,0,AM,R985F,00,EH?,2026-02-16T20:04:19.116000Z,2026-02-16T20:04:54.116000Z,RASPISHAKE,https://data.raspberryshake.org/fdsnws/dataselect/1/query,35.0,evaluator_event_reference,AM.R985F.event.20260216T200419,3500,3500,0,3500,shared_event_window_across_target_snr_siblings
505,case-0505-noise-01,noise,1,AM,R985F,00,EH?,2025-06-03T13:01:08.126000Z,2025-06-03T13:04:15.486000Z,RASPISHAKE,https://data.raspberryshake.org/fdsnws/dataselect/1/query,35.0,primary_noise_chunk,AM.R985F.noise.20250603T130111,3500,3500,0,3500,shared_noise_sequence_across_target_snr_siblings
505,case-0505-noise-02,noise,2,AM,R985F,00,EH?,2025-06-08T15:34:39.656000Z,2025-06-08T15:37:45.366000Z,RASPISHAKE,https://data.raspberryshake.org/fdsnws/dataselect/1/query,35.0,continuation_noise_chunk,AM.R985F.noise.20250608T153442,3500,3500,3500,7000,shared_noise_sequence_across_target_snr_siblings
505,case-0505-noise-03,noise,3,AM,R985F,00,EH?,2025-06-05T10:07:20.526000Z,2025-06-05T10:10:27.496000Z,RASPISHAKE,https://data.raspberryshake.org/fdsnws/dataselect/1/query,35.0,continuation_noise_chunk_truncated,AM.R985F.noise.20250605T100724,3500,2000,7000,9000,shared_noise_sequence_across_target_snr_siblings
506,case-0506-event,event,0,AM,R985F,00,EH?,2026-02-16T20:04:19.116000Z,2026-02-16T20:04:54.116000Z,RASPISHAKE,https://data.raspberryshake.org/fdsnws/dataselect/1/query,35.0,evaluator_event_reference,AM.R985F.event.20260216T200419,3500,3500,0,3500,shared_event_window_across_target_snr_siblings
506,case-0506-noise-01,noise,1,AM,R985F,00,EH?,2025-06-03T13:01:08.126000Z,2025-06-03T13:04:15.486000Z,RASPISHAKE,https://data.raspberryshake.org/fdsnws/dataselect/1/query,35.0,primary_noise_chunk,AM.R985F.noise.20250603T130111,3500,3500,0,3500,shared_noise_sequence_across_target_snr_siblings
506,case-0506-noise-02,noise,2,AM,R985F,00,EH?,2025-06-08T15:34:39.656000Z,2025-06-08T15:37:45.366000Z,RASPISHAKE,https://data.raspberryshake.org/fdsnws/dataselect/1/query,35.0,continuation_noise_chunk,AM.R985F.noise.20250608T153442,3500,3500,3500,7000,shared_noise_sequence_across_target_snr_siblings
506,case-0506-noise-03,noise,3,AM,R985F,00,EH?,2025-06-05T10:07:20.526000Z,2025-06-05T10:10:27.496000Z,RASPISHAKE,https://data.raspberryshake.org/fdsnws/dataselect/1/query,35.0,continuation_noise_chunk_truncated,AM.R985F.noise.20250605T100724,3500,2000,7000,9000,shared_noise_sequence_across_target_snr_siblings
507,case-0507-event,event,0,AM,R985F,00,EH?,2026-02-16T20:04:19.116000Z,2026-02-16T20:04:54.116000Z,RASPISHAKE,https://data.raspberryshake.org/fdsnws/dataselect/1/query,35.0,evaluator_event_reference,AM.R985F.event.20260216T200419,3500,3500,0,3500,shared_event_window_across_target_snr_siblings
507,case-0507-noise-01,noise,1,AM,R985F,00,EH?,2025-06-03T13:01:08.126000Z,2025-06-03T13:04:15.486000Z,RASPISHAKE,https://data.raspberryshake.org/fdsnws/dataselect/1/query,35.0,primary_noise_chunk,AM.R985F.noise.20250603T130111,3500,3500,0,3500,shared_noise_sequence_across_target_snr_siblings
507,case-0507-noise-02,noise,2,AM,R985F,00,EH?,2025-06-08T15:34:39.656000Z,2025-06-08T15:37:45.366000Z,RASPISHAKE,https://data.raspberryshake.org/fdsnws/dataselect/1/query,35.0,continuation_noise_chunk,AM.R985F.noise.20250608T153442,3500,3500,3500,7000,shared_noise_sequence_across_target_snr_siblings
507,case-0507-noise-03,noise,3,AM,R985F,00,EH?,2025-06-05T10:07:20.526000Z,2025-06-05T10:10:27.496000Z,RASPISHAKE,https://data.raspberryshake.org/fdsnws/dataselect/1/query,35.0,continuation_noise_chunk_truncated,AM.R985F.noise.20250605T100724,3500,2000,7000,9000,shared_noise_sequence_across_target_snr_siblings
508,case-0508-event,event,0,AM,R985F,00,EH?,2026-02-17T22:36:12.666000Z,2026-02-17T22:36:47.666000Z,RASPISHAKE,https://data.raspberryshake.org/fdsnws/dataselect/1/query,35.0,evaluator_event_reference,AM.R985F.event.20260217T223612,3500,3500,0,3500,shared_event_window_across_target_snr_siblings
508,case-0508-noise-01,noise,1,AM,R985F,00,EH?,2025-06-10T08:34:06.276000Z,2025-06-10T08:37:11.506000Z,RASPISHAKE,https://data.raspberryshake.org/fdsnws/dataselect/1/query,35.0,primary_noise_chunk,AM.R985F.noise.20250610T083409,3500,3500,0,3500,shared_noise_sequence_across_target_snr_siblings
508,case-0508-noise-02,noise,2,AM,R985F,00,EH?,2025-06-04T04:12:20.636000Z,2025-06-04T04:15:27.996000Z,RASPISHAKE,https://data.raspberryshake.org/fdsnws/dataselect/1/query,35.0,continuation_noise_chunk,AM.R985F.noise.20250604T041225,3500,3500,3500,7000,shared_noise_sequence_across_target_snr_siblings
508,case-0508-noise-03,noise,3,AM,R985F,00,EH?,2025-06-02T19:28:38.206000Z,2025-06-02T19:31:42.746000Z,RASPISHAKE,https://data.raspberryshake.org/fdsnws/dataselect/1/query,35.0,continuation_noise_chunk_truncated,AM.R985F.noise.20250602T192840,3500,2000,7000,9000,shared_noise_sequence_across_target_snr_siblings
509,case-0509-event,event,0,AM,R985F,00,EH?,2026-02-17T22:36:12.666000Z,2026-02-17T22:36:47.666000Z,RASPISHAKE,https://data.raspberryshake.org/fdsnws/dataselect/1/query,35.0,evaluator_event_reference,AM.R985F.event.20260217T223612,3500,3500,0,3500,shared_event_window_across_target_snr_siblings
509,case-0509-noise-01,noise,1,AM,R985F,00,EH?,2025-06-10T08:34:06.276000Z,2025-06-10T08:37:11.506000Z,RASPISHAKE,https://data.raspberryshake.org/fdsnws/dataselect/1/query,35.0,primary_noise_chunk,AM.R985F.noise.20250610T083409,3500,3500,0,3500,shared_noise_sequence_across_target_snr_siblings
509,case-0509-noise-02,noise,2,AM,R985F,00,EH?,2025-06-04T04:12:20.636000Z,2025-06-04T04:15:27.996000Z,RASPISHAKE,https://data.raspberryshake.org/fdsnws/dataselect/1/query,35.0,continuation_noise_chunk,AM.R985F.noise.20250604T041225,3500,3500,3500,7000,shared_noise_sequence_across_target_snr_siblings
509,case-0509-noise-03,noise,3,AM,R985F,00,EH?,2025-06-02T19:28:38.206000Z,2025-06-02T19:31:42.746000Z,RASPISHAKE,https://data.raspberryshake.org/fdsnws/dataselect/1/query,35.0,continuation_noise_chunk_truncated,AM.R985F.noise.20250602T192840,3500,2000,7000,9000,shared_noise_sequence_across_target_snr_siblings
510,case-0510-event,event,0,AM,R985F,00,EH?,2026-02-17T22:36:12.666000Z,2026-02-17T22:36:47.666000Z,RASPISHAKE,https://data.raspberryshake.org/fdsnws/dataselect/1/query,35.0,evaluator_event_reference,AM.R985F.event.20260217T223612,3500,3500,0,3500,shared_event_window_across_target_snr_siblings
510,case-0510-noise-01,noise,1,AM,R985F,00,EH?,2025-06-10T08:34:06.276000Z,2025-06-10T08:37:11.506000Z,RASPISHAKE,https://data.raspberryshake.org/fdsnws/dataselect/1/query,35.0,primary_noise_chunk,AM.R985F.noise.20250610T083409,3500,3500,0,3500,shared_noise_sequence_across_target_snr_siblings
510,case-0510-noise-02,noise,2,AM,R985F,00,EH?,2025-06-04T04:12:20.636000Z,2025-06-04T04:15:27.996000Z,RASPISHAKE,https://data.raspberryshake.org/fdsnws/dataselect/1/query,35.0,continuation_noise_chunk,AM.R985F.noise.20250604T041225,3500,3500,3500,7000,shared_noise_sequence_across_target_snr_siblings
510,case-0510-noise-03,noise,3,AM,R985F,00,EH?,2025-06-02T19:28:38.206000Z,2025-06-02T19:31:42.746000Z,RASPISHAKE,https://data.raspberryshake.org/fdsnws/dataselect/1/query,35.0,continuation_noise_chunk_truncated,AM.R985F.noise.20250602T192840,3500,2000,7000,9000,shared_noise_sequence_across_target_snr_siblings
511,case-0511-event,event,0,AM,R985F,00,EH?,2026-02-25T20:16:23.416000Z,2026-02-25T20:16:58.416000Z,RASPISHAKE,https://data.raspberryshake.org/fdsnws/dataselect/1/query,35.0,evaluator_event_reference,AM.R985F.event.20260225T201623,3500,3500,0,3500,shared_event_window_across_target_snr_siblings
511,case-0511-noise-01,noise,1,AM,R985F,00,EH?,2025-06-02T14:31:42.186000Z,2025-06-02T14:34:47.016000Z,RASPISHAKE,https://data.raspberryshake.org/fdsnws/dataselect/1/query,35.0,primary_noise_chunk,AM.R985F.noise.20250602T143144,3500,3500,0,3500,shared_noise_sequence_across_target_snr_siblings
511,case-0511-noise-02,noise,2,AM,R985F,00,EH?,2025-06-09T07:25:45.166000Z,2025-06-09T07:28:53.566000Z,RASPISHAKE,https://data.raspberryshake.org/fdsnws/dataselect/1/query,35.0,continuation_noise_chunk,AM.R985F.noise.20250609T072549,3500,3500,3500,7000,shared_noise_sequence_across_target_snr_siblings
511,case-0511-noise-03,noise,3,AM,R985F,00,EH?,2025-06-05T10:07:20.526000Z,2025-06-05T10:10:27.496000Z,RASPISHAKE,https://data.raspberryshake.org/fdsnws/dataselect/1/query,35.0,continuation_noise_chunk_truncated,AM.R985F.noise.20250605T100724,3500,2000,7000,9000,shared_noise_sequence_across_target_snr_siblings
512,case-0512-event,event,0,AM,R985F,00,EH?,2026-02-25T20:16:23.416000Z,2026-02-25T20:16:58.416000Z,RASPISHAKE,https://data.raspberryshake.org/fdsnws/dataselect/1/query,35.0,evaluator_event_reference,AM.R985F.event.20260225T201623,3500,3500,0,3500,shared_event_window_across_target_snr_siblings
512,case-0512-noise-01,noise,1,AM,R985F,00,EH?,2025-06-02T14:31:42.186000Z,2025-06-02T14:34:47.016000Z,RASPISHAKE,https://data.raspberryshake.org/fdsnws/dataselect/1/query,35.0,primary_noise_chunk,AM.R985F.noise.20250602T143144,3500,3500,0,3500,shared_noise_sequence_across_target_snr_siblings
512,case-0512-noise-02,noise,2,AM,R985F,00,EH?,2025-06-09T07:25:45.166000Z,2025-06-09T07:28:53.566000Z,RASPISHAKE,https://data.raspberryshake.org/fdsnws/dataselect/1/query,35.0,continuation_noise_chunk,AM.R985F.noise.20250609T072549,3500,3500,3500,7000,shared_noise_sequence_across_target_snr_siblings
512,case-0512-noise-03,noise,3,AM,R985F,00,EH?,2025-06-05T10:07:20.526000Z,2025-06-05T10:10:27.496000Z,RASPISHAKE,https://data.raspberryshake.org/fdsnws/dataselect/1/query,35.0,continuation_noise_chunk_truncated,AM.R985F.noise.20250605T100724,3500,2000,7000,9000,shared_noise_sequence_across_target_snr_siblings
513,case-0513-event,event,0,AM,R985F,00,EH?,2026-02-25T20:16:23.416000Z,2026-02-25T20:16:58.416000Z,RASPISHAKE,https://data.raspberryshake.org/fdsnws/dataselect/1/query,35.0,evaluator_event_reference,AM.R985F.event.20260225T201623,3500,3500,0,3500,shared_event_window_across_target_snr_siblings
513,case-0513-noise-01,noise,1,AM,R985F,00,EH?,2025-06-02T14:31:42.186000Z,2025-06-02T14:34:47.016000Z,RASPISHAKE,https://data.raspberryshake.org/fdsnws/dataselect/1/query,35.0,primary_noise_chunk,AM.R985F.noise.20250602T143144,3500,3500,0,3500,shared_noise_sequence_across_target_snr_siblings
513,case-0513-noise-02,noise,2,AM,R985F,00,EH?,2025-06-09T07:25:45.166000Z,2025-06-09T07:28:53.566000Z,RASPISHAKE,https://data.raspberryshake.org/fdsnws/dataselect/1/query,35.0,continuation_noise_chunk,AM.R985F.noise.20250609T072549,3500,3500,3500,7000,shared_noise_sequence_across_target_snr_siblings
513,case-0513-noise-03,noise,3,AM,R985F,00,EH?,2025-06-05T10:07:20.526000Z,2025-06-05T10:10:27.496000Z,RASPISHAKE,https://data.raspberryshake.org/fdsnws/dataselect/1/query,35.0,continuation_noise_chunk_truncated,AM.R985F.noise.20250605T100724,3500,2000,7000,9000,shared_noise_sequence_across_target_snr_siblings
514,case-0514-event,event,0,AM,R985F,00,EH?,2026-03-01T19:00:37.516000Z,2026-03-01T19:01:12.516000Z,RASPISHAKE,https://data.raspberryshake.org/fdsnws/dataselect/1/query,35.0,evaluator_event_reference,AM.R985F.event.20260301T190037,3500,3500,0,3500,shared_event_window_across_target_snr_siblings
514,case-0514-noise-01,noise,1,AM,R985F,00,EH?,2025-06-05T10:07:20.526000Z,2025-06-05T10:10:27.496000Z,RASPISHAKE,https://data.raspberryshake.org/fdsnws/dataselect/1/query,35.0,primary_noise_chunk,AM.R985F.noise.20250605T100724,3500,3500,0,3500,shared_noise_sequence_across_target_snr_siblings
514,case-0514-noise-02,noise,2,AM,R985F,00,EH?,2025-06-04T04:12:20.636000Z,2025-06-04T04:15:27.996000Z,RASPISHAKE,https://data.raspberryshake.org/fdsnws/dataselect/1/query,35.0,continuation_noise_chunk,AM.R985F.noise.20250604T041225,3500,3500,3500,7000,shared_noise_sequence_across_target_snr_siblings
514,case-0514-noise-03,noise,3,AM,R985F,00,EH?,2025-06-08T15:34:39.656000Z,2025-06-08T15:37:45.366000Z,RASPISHAKE,https://data.raspberryshake.org/fdsnws/dataselect/1/query,35.0,continuation_noise_chunk_truncated,AM.R985F.noise.20250608T153442,3500,2000,7000,9000,shared_noise_sequence_across_target_snr_siblings
515,case-0515-event,event,0,AM,R985F,00,EH?,2026-03-01T19:00:37.516000Z,2026-03-01T19:01:12.516000Z,RASPISHAKE,https://data.raspberryshake.org/fdsnws/dataselect/1/query,35.0,evaluator_event_reference,AM.R985F.event.20260301T190037,3500,3500,0,3500,shared_event_window_across_target_snr_siblings
515,case-0515-noise-01,noise,1,AM,R985F,00,EH?,2025-06-05T10:07:20.526000Z,2025-06-05T10:10:27.496000Z,RASPISHAKE,https://data.raspberryshake.org/fdsnws/dataselect/1/query,35.0,primary_noise_chunk,AM.R985F.noise.20250605T100724,3500,3500,0,3500,shared_noise_sequence_across_target_snr_siblings
515,case-0515-noise-02,noise,2,AM,R985F,00,EH?,2025-06-04T04:12:20.636000Z,2025-06-04T04:15:27.996000Z,RASPISHAKE,https://data.raspberryshake.org/fdsnws/dataselect/1/query,35.0,continuation_noise_chunk,AM.R985F.noise.20250604T041225,3500,3500,3500,7000,shared_noise_sequence_across_target_snr_siblings
515,case-0515-noise-03,noise,3,AM,R985F,00,EH?,2025-06-08T15:34:39.656000Z,2025-06-08T15:37:45.366000Z,RASPISHAKE,https://data.raspberryshake.org/fdsnws/dataselect/1/query,35.0,continuation_noise_chunk_truncated,AM.R985F.noise.20250608T153442,3500,2000,7000,9000,shared_noise_sequence_across_target_snr_siblings
516,case-0516-event,event,0,AM,R985F,00,EH?,2026-03-01T19:00:37.516000Z,2026-03-01T19:01:12.516000Z,RASPISHAKE,https://data.raspberryshake.org/fdsnws/dataselect/1/query,35.0,evaluator_event_reference,AM.R985F.event.20260301T190037,3500,3500,0,3500,shared_event_window_across_target_snr_siblings
516,case-0516-noise-01,noise,1,AM,R985F,00,EH?,2025-06-05T10:07:20.526000Z,2025-06-05T10:10:27.496000Z,RASPISHAKE,https://data.raspberryshake.org/fdsnws/dataselect/1/query,35.0,primary_noise_chunk,AM.R985F.noise.20250605T100724,3500,3500,0,3500,shared_noise_sequence_across_target_snr_siblings
516,case-0516-noise-02,noise,2,AM,R985F,00,EH?,2025-06-04T04:12:20.636000Z,2025-06-04T04:15:27.996000Z,RASPISHAKE,https://data.raspberryshake.org/fdsnws/dataselect/1/query,35.0,continuation_noise_chunk,AM.R985F.noise.20250604T041225,3500,3500,3500,7000,shared_noise_sequence_across_target_snr_siblings
516,case-0516-noise-03,noise,3,AM,R985F,00,EH?,2025-06-08T15:34:39.656000Z,2025-06-08T15:37:45.366000Z,RASPISHAKE,https://data.raspberryshake.org/fdsnws/dataselect/1/query,35.0,continuation_noise_chunk_truncated,AM.R985F.noise.20250608T153442,3500,2000,7000,9000,shared_noise_sequence_across_target_snr_siblings
517,case-0517-event,event,0,AM,R985F,00,EH?,2026-03-11T20:17:11.696000Z,2026-03-11T20:17:46.696000Z,RASPISHAKE,https://data.raspberryshake.org/fdsnws/dataselect/1/query,35.0,evaluator_event_reference,AM.R985F.event.20260311T201711,3500,3500,0,3500,shared_event_window_across_target_snr_siblings
517,case-0517-noise-01,noise,1,AM,R985F,00,EH?,2025-06-04T00:48:11.506000Z,2025-06-04T00:51:18.726000Z,RASPISHAKE,https://data.raspberryshake.org/fdsnws/dataselect/1/query,35.0,primary_noise_chunk,AM.R985F.noise.20250604T004815,3500,3500,0,3500,shared_noise_sequence_across_target_snr_siblings
517,case-0517-noise-02,noise,2,AM,R985F,00,EH?,2025-06-06T15:29:56.916000Z,2025-06-06T15:33:02.126000Z,RASPISHAKE,https://data.raspberryshake.org/fdsnws/dataselect/1/query,35.0,continuation_noise_chunk,AM.R985F.noise.20250606T153000,3500,3500,3500,7000,shared_noise_sequence_across_target_snr_siblings
517,case-0517-noise-03,noise,3,AM,R985F,00,EH?,2025-06-01T15:15:15.456000Z,2025-06-01T15:18:20.076000Z,RASPISHAKE,https://data.raspberryshake.org/fdsnws/dataselect/1/query,35.0,continuation_noise_chunk_truncated,AM.R985F.noise.20250601T151518,3500,2000,7000,9000,shared_noise_sequence_across_target_snr_siblings
518,case-0518-event,event,0,AM,R985F,00,EH?,2026-03-11T20:17:11.696000Z,2026-03-11T20:17:46.696000Z,RASPISHAKE,https://data.raspberryshake.org/fdsnws/dataselect/1/query,35.0,evaluator_event_reference,AM.R985F.event.20260311T201711,3500,3500,0,3500,shared_event_window_across_target_snr_siblings
518,case-0518-noise-01,noise,1,AM,R985F,00,EH?,2025-06-04T00:48:11.506000Z,2025-06-04T00:51:18.726000Z,RASPISHAKE,https://data.raspberryshake.org/fdsnws/dataselect/1/query,35.0,primary_noise_chunk,AM.R985F.noise.20250604T004815,3500,3500,0,3500,shared_noise_sequence_across_target_snr_siblings
518,case-0518-noise-02,noise,2,AM,R985F,00,EH?,2025-06-06T15:29:56.916000Z,2025-06-06T15:33:02.126000Z,RASPISHAKE,https://data.raspberryshake.org/fdsnws/dataselect/1/query,35.0,continuation_noise_chunk,AM.R985F.noise.20250606T153000,3500,3500,3500,7000,shared_noise_sequence_across_target_snr_siblings
518,case-0518-noise-03,noise,3,AM,R985F,00,EH?,2025-06-01T15:15:15.456000Z,2025-06-01T15:18:20.076000Z,RASPISHAKE,https://data.raspberryshake.org/fdsnws/dataselect/1/query,35.0,continuation_noise_chunk_truncated,AM.R985F.noise.20250601T151518,3500,2000,7000,9000,shared_noise_sequence_across_target_snr_siblings
519,case-0519-event,event,0,AM,R985F,00,EH?,2026-03-11T20:17:11.696000Z,2026-03-11T20:17:46.696000Z,RASPISHAKE,https://data.raspberryshake.org/fdsnws/dataselect/1/query,35.0,evaluator_event_reference,AM.R985F.event.20260311T201711,3500,3500,0,3500,shared_event_window_across_target_snr_siblings
519,case-0519-noise-01,noise,1,AM,R985F,00,EH?,2025-06-04T00:48:11.506000Z,2025-06-04T00:51:18.726000Z,RASPISHAKE,https://data.raspberryshake.org/fdsnws/dataselect/1/query,35.0,primary_noise_chunk,AM.R985F.noise.20250604T004815,3500,3500,0,3500,shared_noise_sequence_across_target_snr_siblings
519,case-0519-noise-02,noise,2,AM,R985F,00,EH?,2025-06-06T15:29:56.916000Z,2025-06-06T15:33:02.126000Z,RASPISHAKE,https://data.raspberryshake.org/fdsnws/dataselect/1/query,35.0,continuation_noise_chunk,AM.R985F.noise.20250606T153000,3500,3500,3500,7000,shared_noise_sequence_across_target_snr_siblings
519,case-0519-noise-03,noise,3,AM,R985F,00,EH?,2025-06-01T15:15:15.456000Z,2025-06-01T15:18:20.076000Z,RASPISHAKE,https://data.raspberryshake.org/fdsnws/dataselect/1/query,35.0,continuation_noise_chunk_truncated,AM.R985F.noise.20250601T151518,3500,2000,7000,9000,shared_noise_sequence_across_target_snr_siblings
520,case-0520-event,event,0,AM,R985F,00,EH?,2026-03-25T20:14:17.676000Z,2026-03-25T20:14:52.676000Z,RASPISHAKE,https://data.raspberryshake.org/fdsnws/dataselect/1/query,35.0,evaluator_event_reference,AM.R985F.event.20260325T201417,3500,3500,0,3500,shared_event_window_across_target_snr_siblings
520,case-0520-noise-01,noise,1,AM,R985F,00,EH?,2025-06-05T12:58:00.396000Z,2025-06-05T13:01:09.646000Z,RASPISHAKE,https://data.raspberryshake.org/fdsnws/dataselect/1/query,35.0,primary_noise_chunk,AM.R985F.noise.20250605T125804,3500,3500,0,3500,shared_noise_sequence_across_target_snr_siblings
520,case-0520-noise-02,noise,2,AM,R985F,00,EH?,2025-06-10T21:18:10.166000Z,2025-06-10T21:21:14.386000Z,RASPISHAKE,https://data.raspberryshake.org/fdsnws/dataselect/1/query,35.0,continuation_noise_chunk,AM.R985F.noise.20250610T211811,3500,3500,3500,7000,shared_noise_sequence_across_target_snr_siblings
520,case-0520-noise-03,noise,3,AM,R985F,00,EH?,2025-06-08T16:25:04.436000Z,2025-06-08T16:28:10.376000Z,RASPISHAKE,https://data.raspberryshake.org/fdsnws/dataselect/1/query,35.0,continuation_noise_chunk_truncated,AM.R985F.noise.20250608T162507,3500,2000,7000,9000,shared_noise_sequence_across_target_snr_siblings
521,case-0521-event,event,0,AM,R985F,00,EH?,2026-03-25T20:14:17.676000Z,2026-03-25T20:14:52.676000Z,RASPISHAKE,https://data.raspberryshake.org/fdsnws/dataselect/1/query,35.0,evaluator_event_reference,AM.R985F.event.20260325T201417,3500,3500,0,3500,shared_event_window_across_target_snr_siblings
521,case-0521-noise-01,noise,1,AM,R985F,00,EH?,2025-06-05T12:58:00.396000Z,2025-06-05T13:01:09.646000Z,RASPISHAKE,https://data.raspberryshake.org/fdsnws/dataselect/1/query,35.0,primary_noise_chunk,AM.R985F.noise.20250605T125804,3500,3500,0,3500,shared_noise_sequence_across_target_snr_siblings
521,case-0521-noise-02,noise,2,AM,R985F,00,EH?,2025-06-10T21:18:10.166000Z,2025-06-10T21:21:14.386000Z,RASPISHAKE,https://data.raspberryshake.org/fdsnws/dataselect/1/query,35.0,continuation_noise_chunk,AM.R985F.noise.20250610T211811,3500,3500,3500,7000,shared_noise_sequence_across_target_snr_siblings
521,case-0521-noise-03,noise,3,AM,R985F,00,EH?,2025-06-08T16:25:04.436000Z,2025-06-08T16:28:10.376000Z,RASPISHAKE,https://data.raspberryshake.org/fdsnws/dataselect/1/query,35.0,continuation_noise_chunk_truncated,AM.R985F.noise.20250608T162507,3500,2000,7000,9000,shared_noise_sequence_across_target_snr_siblings
522,case-0522-event,event,0,AM,R985F,00,EH?,2026-03-25T20:14:17.676000Z,2026-03-25T20:14:52.676000Z,RASPISHAKE,https://data.raspberryshake.org/fdsnws/dataselect/1/query,35.0,evaluator_event_reference,AM.R985F.event.20260325T201417,3500,3500,0,3500,shared_event_window_across_target_snr_siblings
522,case-0522-noise-01,noise,1,AM,R985F,00,EH?,2025-06-05T12:58:00.396000Z,2025-06-05T13:01:09.646000Z,RASPISHAKE,https://data.raspberryshake.org/fdsnws/dataselect/1/query,35.0,primary_noise_chunk,AM.R985F.noise.20250605T125804,3500,3500,0,3500,shared_noise_sequence_across_target_snr_siblings
522,case-0522-noise-02,noise,2,AM,R985F,00,EH?,2025-06-10T21:18:10.166000Z,2025-06-10T21:21:14.386000Z,RASPISHAKE,https://data.raspberryshake.org/fdsnws/dataselect/1/query,35.0,continuation_noise_chunk,AM.R985F.noise.20250610T211811,3500,3500,3500,7000,shared_noise_sequence_across_target_snr_siblings
522,case-0522-noise-03,noise,3,AM,R985F,00,EH?,2025-06-08T16:25:04.436000Z,2025-06-08T16:28:10.376000Z,RASPISHAKE,https://data.raspberryshake.org/fdsnws/dataselect/1/query,35.0,continuation_noise_chunk_truncated,AM.R985F.noise.20250608T162507,3500,2000,7000,9000,shared_noise_sequence_across_target_snr_siblings
523,case-0523-event,event,0,AM,R985F,00,EH?,2026-04-12T15:02:41.446000Z,2026-04-12T15:03:16.446000Z,RASPISHAKE,https://data.raspberryshake.org/fdsnws/dataselect/1/query,35.0,evaluator_event_reference,AM.R985F.event.20260412T150241,3500,3500,0,3500,shared_event_window_across_target_snr_siblings
523,case-0523-noise-01,noise,1,AM,R985F,00,EH?,2025-06-02T17:28:14.636000Z,2025-06-02T17:31:21.576000Z,RASPISHAKE,https://data.raspberryshake.org/fdsnws/dataselect/1/query,35.0,primary_noise_chunk,AM.R985F.noise.20250602T172817,3500,3500,0,3500,shared_noise_sequence_across_target_snr_siblings
523,case-0523-noise-02,noise,2,AM,R985F,00,EH?,2025-06-02T19:28:38.206000Z,2025-06-02T19:31:42.746000Z,RASPISHAKE,https://data.raspberryshake.org/fdsnws/dataselect/1/query,35.0,continuation_noise_chunk,AM.R985F.noise.20250602T192840,3500,3500,3500,7000,shared_noise_sequence_across_target_snr_siblings
523,case-0523-noise-03,noise,3,AM,R985F,00,EH?,2025-06-07T23:52:58.096000Z,2025-06-07T23:56:02.226000Z,RASPISHAKE,https://data.raspberryshake.org/fdsnws/dataselect/1/query,35.0,continuation_noise_chunk_truncated,AM.R985F.noise.20250607T235259,3500,2000,7000,9000,shared_noise_sequence_across_target_snr_siblings
524,case-0524-event,event,0,AM,R985F,00,EH?,2026-04-12T15:02:41.446000Z,2026-04-12T15:03:16.446000Z,RASPISHAKE,https://data.raspberryshake.org/fdsnws/dataselect/1/query,35.0,evaluator_event_reference,AM.R985F.event.20260412T150241,3500,3500,0,3500,shared_event_window_across_target_snr_siblings
524,case-0524-noise-01,noise,1,AM,R985F,00,EH?,2025-06-02T17:28:14.636000Z,2025-06-02T17:31:21.576000Z,RASPISHAKE,https://data.raspberryshake.org/fdsnws/dataselect/1/query,35.0,primary_noise_chunk,AM.R985F.noise.20250602T172817,3500,3500,0,3500,shared_noise_sequence_across_target_snr_siblings
524,case-0524-noise-02,noise,2,AM,R985F,00,EH?,2025-06-02T19:28:38.206000Z,2025-06-02T19:31:42.746000Z,RASPISHAKE,https://data.raspberryshake.org/fdsnws/dataselect/1/query,35.0,continuation_noise_chunk,AM.R985F.noise.20250602T192840,3500,3500,3500,7000,shared_noise_sequence_across_target_snr_siblings
524,case-0524-noise-03,noise,3,AM,R985F,00,EH?,2025-06-07T23:52:58.096000Z,2025-06-07T23:56:02.226000Z,RASPISHAKE,https://data.raspberryshake.org/fdsnws/dataselect/1/query,35.0,continuation_noise_chunk_truncated,AM.R985F.noise.20250607T235259,3500,2000,7000,9000,shared_noise_sequence_across_target_snr_siblings
525,case-0525-event,event,0,AM,R985F,00,EH?,2026-04-12T15:02:41.446000Z,2026-04-12T15:03:16.446000Z,RASPISHAKE,https://data.raspberryshake.org/fdsnws/dataselect/1/query,35.0,evaluator_event_reference,AM.R985F.event.20260412T150241,3500,3500,0,3500,shared_event_window_across_target_snr_siblings
525,case-0525-noise-01,noise,1,AM,R985F,00,EH?,2025-06-02T17:28:14.636000Z,2025-06-02T17:31:21.576000Z,RASPISHAKE,https://data.raspberryshake.org/fdsnws/dataselect/1/query,35.0,primary_noise_chunk,AM.R985F.noise.20250602T172817,3500,3500,0,3500,shared_noise_sequence_across_target_snr_siblings
525,case-0525-noise-02,noise,2,AM,R985F,00,EH?,2025-06-02T19:28:38.206000Z,2025-06-02T19:31:42.746000Z,RASPISHAKE,https://data.raspberryshake.org/fdsnws/dataselect/1/query,35.0,continuation_noise_chunk,AM.R985F.noise.20250602T192840,3500,3500,3500,7000,shared_noise_sequence_across_target_snr_siblings
525,case-0525-noise-03,noise,3,AM,R985F,00,EH?,2025-06-07T23:52:58.096000Z,2025-06-07T23:56:02.226000Z,RASPISHAKE,https://data.raspberryshake.org/fdsnws/dataselect/1/query,35.0,continuation_noise_chunk_truncated,AM.R985F.noise.20250607T235259,3500,2000,7000,9000,shared_noise_sequence_across_target_snr_siblings
526,case-0526-event,event,0,AM,R985F,00,EH?,2026-05-07T17:45:58.506000Z,2026-05-07T17:46:33.506000Z,RASPISHAKE,https://data.raspberryshake.org/fdsnws/dataselect/1/query,35.0,evaluator_event_reference,AM.R985F.event.20260507T174558,3500,3500,0,3500,shared_event_window_across_target_snr_siblings
526,case-0526-noise-01,noise,1,AM,R985F,00,EH?,2025-06-01T15:15:15.456000Z,2025-06-01T15:18:20.076000Z,RASPISHAKE,https://data.raspberryshake.org/fdsnws/dataselect/1/query,35.0,primary_noise_chunk,AM.R985F.noise.20250601T151518,3500,3500,0,3500,shared_noise_sequence_across_target_snr_siblings
526,case-0526-noise-02,noise,2,AM,R985F,00,EH?,2025-06-08T15:34:39.656000Z,2025-06-08T15:37:45.366000Z,RASPISHAKE,https://data.raspberryshake.org/fdsnws/dataselect/1/query,35.0,continuation_noise_chunk,AM.R985F.noise.20250608T153442,3500,3500,3500,7000,shared_noise_sequence_across_target_snr_siblings
526,case-0526-noise-03,noise,3,AM,R985F,00,EH?,2025-06-03T13:01:08.126000Z,2025-06-03T13:04:15.486000Z,RASPISHAKE,https://data.raspberryshake.org/fdsnws/dataselect/1/query,35.0,continuation_noise_chunk_truncated,AM.R985F.noise.20250603T130111,3500,2000,7000,9000,shared_noise_sequence_across_target_snr_siblings
527,case-0527-event,event,0,AM,R985F,00,EH?,2026-05-07T17:45:58.506000Z,2026-05-07T17:46:33.506000Z,RASPISHAKE,https://data.raspberryshake.org/fdsnws/dataselect/1/query,35.0,evaluator_event_reference,AM.R985F.event.20260507T174558,3500,3500,0,3500,shared_event_window_across_target_snr_siblings
527,case-0527-noise-01,noise,1,AM,R985F,00,EH?,2025-06-01T15:15:15.456000Z,2025-06-01T15:18:20.076000Z,RASPISHAKE,https://data.raspberryshake.org/fdsnws/dataselect/1/query,35.0,primary_noise_chunk,AM.R985F.noise.20250601T151518,3500,3500,0,3500,shared_noise_sequence_across_target_snr_siblings
527,case-0527-noise-02,noise,2,AM,R985F,00,EH?,2025-06-08T15:34:39.656000Z,2025-06-08T15:37:45.366000Z,RASPISHAKE,https://data.raspberryshake.org/fdsnws/dataselect/1/query,35.0,continuation_noise_chunk,AM.R985F.noise.20250608T153442,3500,3500,3500,7000,shared_noise_sequence_across_target_snr_siblings
527,case-0527-noise-03,noise,3,AM,R985F,00,EH?,2025-06-03T13:01:08.126000Z,2025-06-03T13:04:15.486000Z,RASPISHAKE,https://data.raspberryshake.org/fdsnws/dataselect/1/query,35.0,continuation_noise_chunk_truncated,AM.R985F.noise.20250603T130111,3500,2000,7000,9000,shared_noise_sequence_across_target_snr_siblings
528,case-0528-event,event,0,AM,R985F,00,EH?,2026-05-07T17:45:58.506000Z,2026-05-07T17:46:33.506000Z,RASPISHAKE,https://data.raspberryshake.org/fdsnws/dataselect/1/query,35.0,evaluator_event_reference,AM.R985F.event.20260507T174558,3500,3500,0,3500,shared_event_window_across_target_snr_siblings
528,case-0528-noise-01,noise,1,AM,R985F,00,EH?,2025-06-01T15:15:15.456000Z,2025-06-01T15:18:20.076000Z,RASPISHAKE,https://data.raspberryshake.org/fdsnws/dataselect/1/query,35.0,primary_noise_chunk,AM.R985F.noise.20250601T151518,3500,3500,0,3500,shared_noise_sequence_across_target_snr_siblings
528,case-0528-noise-02,noise,2,AM,R985F,00,EH?,2025-06-08T15:34:39.656000Z,2025-06-08T15:37:45.366000Z,RASPISHAKE,https://data.raspberryshake.org/fdsnws/dataselect/1/query,35.0,continuation_noise_chunk,AM.R985F.noise.20250608T153442,3500,3500,3500,7000,shared_noise_sequence_across_target_snr_siblings
528,case-0528-noise-03,noise,3,AM,R985F,00,EH?,2025-06-03T13:01:08.126000Z,2025-06-03T13:04:15.486000Z,RASPISHAKE,https://data.raspberryshake.org/fdsnws/dataselect/1/query,35.0,continuation_noise_chunk_truncated,AM.R985F.noise.20250603T130111,3500,2000,7000,9000,shared_noise_sequence_across_target_snr_siblings
529,case-0529-event,event,0,AM,R9F13,00,EH?,2025-10-25T01:20:54.636000Z,2025-10-25T01:21:29.636000Z,RASPISHAKE,https://data.raspberryshake.org/fdsnws/dataselect/1/query,35.0,evaluator_event_reference,AM.R9F13.event.20251025T012054,3500,3500,0,3500,shared_event_window_across_target_snr_siblings
529,case-0529-noise-01,noise,1,AM,R9F13,00,EH?,2025-06-02T19:28:37.606000Z,2025-06-02T19:31:43.236000Z,RASPISHAKE,https://data.raspberryshake.org/fdsnws/dataselect/1/query,35.0,primary_noise_chunk,AM.R9F13.noise.20250602T192840,3500,3500,0,3500,shared_noise_sequence_across_target_snr_siblings
529,case-0529-noise-02,noise,2,AM,R9F13,00,EH?,2025-06-08T16:29:15.056000Z,2025-06-08T16:32:20.746000Z,RASPISHAKE,https://data.raspberryshake.org/fdsnws/dataselect/1/query,35.0,continuation_noise_chunk,AM.R9F13.noise.20250608T162917,3500,3500,3500,7000,shared_noise_sequence_across_target_snr_siblings
529,case-0529-noise-03,noise,3,AM,R9F13,00,EH?,2025-06-01T06:27:39.436000Z,2025-06-01T06:30:43.226000Z,RASPISHAKE,https://data.raspberryshake.org/fdsnws/dataselect/1/query,35.0,continuation_noise_chunk_truncated,AM.R9F13.noise.20250601T062741,3500,2000,7000,9000,shared_noise_sequence_across_target_snr_siblings
530,case-0530-event,event,0,AM,R9F13,00,EH?,2025-10-25T01:20:54.636000Z,2025-10-25T01:21:29.636000Z,RASPISHAKE,https://data.raspberryshake.org/fdsnws/dataselect/1/query,35.0,evaluator_event_reference,AM.R9F13.event.20251025T012054,3500,3500,0,3500,shared_event_window_across_target_snr_siblings
530,case-0530-noise-01,noise,1,AM,R9F13,00,EH?,2025-06-02T19:28:37.606000Z,2025-06-02T19:31:43.236000Z,RASPISHAKE,https://data.raspberryshake.org/fdsnws/dataselect/1/query,35.0,primary_noise_chunk,AM.R9F13.noise.20250602T192840,3500,3500,0,3500,shared_noise_sequence_across_target_snr_siblings
530,case-0530-noise-02,noise,2,AM,R9F13,00,EH?,2025-06-08T16:29:15.056000Z,2025-06-08T16:32:20.746000Z,RASPISHAKE,https://data.raspberryshake.org/fdsnws/dataselect/1/query,35.0,continuation_noise_chunk,AM.R9F13.noise.20250608T162917,3500,3500,3500,7000,shared_noise_sequence_across_target_snr_siblings
530,case-0530-noise-03,noise,3,AM,R9F13,00,EH?,2025-06-01T06:27:39.436000Z,2025-06-01T06:30:43.226000Z,RASPISHAKE,https://data.raspberryshake.org/fdsnws/dataselect/1/query,35.0,continuation_noise_chunk_truncated,AM.R9F13.noise.20250601T062741,3500,2000,7000,9000,shared_noise_sequence_across_target_snr_siblings
531,case-0531-event,event,0,AM,R9F13,00,EH?,2025-10-25T01:20:54.636000Z,2025-10-25T01:21:29.636000Z,RASPISHAKE,https://data.raspberryshake.org/fdsnws/dataselect/1/query,35.0,evaluator_event_reference,AM.R9F13.event.20251025T012054,3500,3500,0,3500,shared_event_window_across_target_snr_siblings
531,case-0531-noise-01,noise,1,AM,R9F13,00,EH?,2025-06-02T19:28:37.606000Z,2025-06-02T19:31:43.236000Z,RASPISHAKE,https://data.raspberryshake.org/fdsnws/dataselect/1/query,35.0,primary_noise_chunk,AM.R9F13.noise.20250602T192840,3500,3500,0,3500,shared_noise_sequence_across_target_snr_siblings
531,case-0531-noise-02,noise,2,AM,R9F13,00,EH?,2025-06-08T16:29:15.056000Z,2025-06-08T16:32:20.746000Z,RASPISHAKE,https://data.raspberryshake.org/fdsnws/dataselect/1/query,35.0,continuation_noise_chunk,AM.R9F13.noise.20250608T162917,3500,3500,3500,7000,shared_noise_sequence_across_target_snr_siblings
531,case-0531-noise-03,noise,3,AM,R9F13,00,EH?,2025-06-01T06:27:39.436000Z,2025-06-01T06:30:43.226000Z,RASPISHAKE,https://data.raspberryshake.org/fdsnws/dataselect/1/query,35.0,continuation_noise_chunk_truncated,AM.R9F13.noise.20250601T062741,3500,2000,7000,9000,shared_noise_sequence_across_target_snr_siblings
532,case-0532-event,event,0,AM,R9F13,00,EH?,2025-12-08T05:31:45.576000Z,2025-12-08T05:32:20.576000Z,RASPISHAKE,https://data.raspberryshake.org/fdsnws/dataselect/1/query,35.0,evaluator_event_reference,AM.R9F13.event.20251208T053145,3500,3500,0,3500,shared_event_window_across_target_snr_siblings
532,case-0532-noise-01,noise,1,AM,R9F13,00,EH?,2025-06-10T08:34:07.306000Z,2025-06-10T08:37:11.116000Z,RASPISHAKE,https://data.raspberryshake.org/fdsnws/dataselect/1/query,35.0,primary_noise_chunk,AM.R9F13.noise.20250610T083409,3500,3500,0,3500,shared_noise_sequence_across_target_snr_siblings
532,case-0532-noise-02,noise,2,AM,R9F13,00,EH?,2025-06-01T00:23:43.556000Z,2025-06-01T00:26:47.756000Z,RASPISHAKE,https://data.raspberryshake.org/fdsnws/dataselect/1/query,35.0,continuation_noise_chunk,AM.R9F13.noise.20250601T002345,3500,3500,3500,7000,shared_noise_sequence_across_target_snr_siblings
532,case-0532-noise-03,noise,3,AM,R9F13,00,EH?,2025-06-05T20:40:20.556000Z,2025-06-05T20:43:25.526000Z,RASPISHAKE,https://data.raspberryshake.org/fdsnws/dataselect/1/query,35.0,continuation_noise_chunk_truncated,AM.R9F13.noise.20250605T204023,3500,2000,7000,9000,shared_noise_sequence_across_target_snr_siblings
533,case-0533-event,event,0,AM,R9F13,00,EH?,2025-12-08T05:31:45.576000Z,2025-12-08T05:32:20.576000Z,RASPISHAKE,https://data.raspberryshake.org/fdsnws/dataselect/1/query,35.0,evaluator_event_reference,AM.R9F13.event.20251208T053145,3500,3500,0,3500,shared_event_window_across_target_snr_siblings
533,case-0533-noise-01,noise,1,AM,R9F13,00,EH?,2025-06-10T08:34:07.306000Z,2025-06-10T08:37:11.116000Z,RASPISHAKE,https://data.raspberryshake.org/fdsnws/dataselect/1/query,35.0,primary_noise_chunk,AM.R9F13.noise.20250610T083409,3500,3500,0,3500,shared_noise_sequence_across_target_snr_siblings
533,case-0533-noise-02,noise,2,AM,R9F13,00,EH?,2025-06-01T00:23:43.556000Z,2025-06-01T00:26:47.756000Z,RASPISHAKE,https://data.raspberryshake.org/fdsnws/dataselect/1/query,35.0,continuation_noise_chunk,AM.R9F13.noise.20250601T002345,3500,3500,3500,7000,shared_noise_sequence_across_target_snr_siblings
533,case-0533-noise-03,noise,3,AM,R9F13,00,EH?,2025-06-05T20:40:20.556000Z,2025-06-05T20:43:25.526000Z,RASPISHAKE,https://data.raspberryshake.org/fdsnws/dataselect/1/query,35.0,continuation_noise_chunk_truncated,AM.R9F13.noise.20250605T204023,3500,2000,7000,9000,shared_noise_sequence_across_target_snr_siblings
534,case-0534-event,event,0,AM,R9F13,00,EH?,2025-12-08T05:31:45.576000Z,2025-12-08T05:32:20.576000Z,RASPISHAKE,https://data.raspberryshake.org/fdsnws/dataselect/1/query,35.0,evaluator_event_reference,AM.R9F13.event.20251208T053145,3500,3500,0,3500,shared_event_window_across_target_snr_siblings
534,case-0534-noise-01,noise,1,AM,R9F13,00,EH?,2025-06-10T08:34:07.306000Z,2025-06-10T08:37:11.116000Z,RASPISHAKE,https://data.raspberryshake.org/fdsnws/dataselect/1/query,35.0,primary_noise_chunk,AM.R9F13.noise.20250610T083409,3500,3500,0,3500,shared_noise_sequence_across_target_snr_siblings
534,case-0534-noise-02,noise,2,AM,R9F13,00,EH?,2025-06-01T00:23:43.556000Z,2025-06-01T00:26:47.756000Z,RASPISHAKE,https://data.raspberryshake.org/fdsnws/dataselect/1/query,35.0,continuation_noise_chunk,AM.R9F13.noise.20250601T002345,3500,3500,3500,7000,shared_noise_sequence_across_target_snr_siblings
534,case-0534-noise-03,noise,3,AM,R9F13,00,EH?,2025-06-05T20:40:20.556000Z,2025-06-05T20:43:25.526000Z,RASPISHAKE,https://data.raspberryshake.org/fdsnws/dataselect/1/query,35.0,continuation_noise_chunk_truncated,AM.R9F13.noise.20250605T204023,3500,2000,7000,9000,shared_noise_sequence_across_target_snr_siblings
535,case-0535-event,event,0,AM,R9F13,00,EH?,2026-01-13T08:30:08.826000Z,2026-01-13T08:30:43.826000Z,RASPISHAKE,https://data.raspberryshake.org/fdsnws/dataselect/1/query,35.0,evaluator_event_reference,AM.R9F13.event.20260113T083008,3500,3500,0,3500,shared_event_window_across_target_snr_siblings
535,case-0535-noise-01,noise,1,AM,R9F13,00,EH?,2025-06-01T15:15:17.006000Z,2025-06-01T15:18:21.556000Z,RASPISHAKE,https://data.raspberryshake.org/fdsnws/dataselect/1/query,35.0,primary_noise_chunk,AM.R9F13.noise.20250601T151518,3500,3500,0,3500,shared_noise_sequence_across_target_snr_siblings
535,case-0535-noise-02,noise,2,AM,R9F13,00,EH?,2025-06-06T16:03:38.096000Z,2025-06-06T16:06:43.756000Z,RASPISHAKE,https://data.raspberryshake.org/fdsnws/dataselect/1/query,35.0,continuation_noise_chunk,AM.R9F13.noise.20250606T160341,3500,3500,3500,7000,shared_noise_sequence_across_target_snr_siblings
535,case-0535-noise-03,noise,3,AM,R9F13,00,EH?,2025-06-09T17:16:45.306000Z,2025-06-09T17:19:49.046000Z,RASPISHAKE,https://data.raspberryshake.org/fdsnws/dataselect/1/query,35.0,continuation_noise_chunk_truncated,AM.R9F13.noise.20250609T171646,3500,2000,7000,9000,shared_noise_sequence_across_target_snr_siblings
536,case-0536-event,event,0,AM,R9F13,00,EH?,2026-01-13T08:30:08.826000Z,2026-01-13T08:30:43.826000Z,RASPISHAKE,https://data.raspberryshake.org/fdsnws/dataselect/1/query,35.0,evaluator_event_reference,AM.R9F13.event.20260113T083008,3500,3500,0,3500,shared_event_window_across_target_snr_siblings
536,case-0536-noise-01,noise,1,AM,R9F13,00,EH?,2025-06-01T15:15:17.006000Z,2025-06-01T15:18:21.556000Z,RASPISHAKE,https://data.raspberryshake.org/fdsnws/dataselect/1/query,35.0,primary_noise_chunk,AM.R9F13.noise.20250601T151518,3500,3500,0,3500,shared_noise_sequence_across_target_snr_siblings
536,case-0536-noise-02,noise,2,AM,R9F13,00,EH?,2025-06-06T16:03:38.096000Z,2025-06-06T16:06:43.756000Z,RASPISHAKE,https://data.raspberryshake.org/fdsnws/dataselect/1/query,35.0,continuation_noise_chunk,AM.R9F13.noise.20250606T160341,3500,3500,3500,7000,shared_noise_sequence_across_target_snr_siblings
536,case-0536-noise-03,noise,3,AM,R9F13,00,EH?,2025-06-09T17:16:45.306000Z,2025-06-09T17:19:49.046000Z,RASPISHAKE,https://data.raspberryshake.org/fdsnws/dataselect/1/query,35.0,continuation_noise_chunk_truncated,AM.R9F13.noise.20250609T171646,3500,2000,7000,9000,shared_noise_sequence_across_target_snr_siblings
537,case-0537-event,event,0,AM,R9F13,00,EH?,2026-01-13T08:30:08.826000Z,2026-01-13T08:30:43.826000Z,RASPISHAKE,https://data.raspberryshake.org/fdsnws/dataselect/1/query,35.0,evaluator_event_reference,AM.R9F13.event.20260113T083008,3500,3500,0,3500,shared_event_window_across_target_snr_siblings
537,case-0537-noise-01,noise,1,AM,R9F13,00,EH?,2025-06-01T15:15:17.006000Z,2025-06-01T15:18:21.556000Z,RASPISHAKE,https://data.raspberryshake.org/fdsnws/dataselect/1/query,35.0,primary_noise_chunk,AM.R9F13.noise.20250601T151518,3500,3500,0,3500,shared_noise_sequence_across_target_snr_siblings
537,case-0537-noise-02,noise,2,AM,R9F13,00,EH?,2025-06-06T16:03:38.096000Z,2025-06-06T16:06:43.756000Z,RASPISHAKE,https://data.raspberryshake.org/fdsnws/dataselect/1/query,35.0,continuation_noise_chunk,AM.R9F13.noise.20250606T160341,3500,3500,3500,7000,shared_noise_sequence_across_target_snr_siblings
537,case-0537-noise-03,noise,3,AM,R9F13,00,EH?,2025-06-09T17:16:45.306000Z,2025-06-09T17:19:49.046000Z,RASPISHAKE,https://data.raspberryshake.org/fdsnws/dataselect/1/query,35.0,continuation_noise_chunk_truncated,AM.R9F13.noise.20250609T171646,3500,2000,7000,9000,shared_noise_sequence_across_target_snr_siblings
538,case-0538-event,event,0,AM,R9F13,00,EH?,2026-01-21T09:17:16.506000Z,2026-01-21T09:17:51.506000Z,RASPISHAKE,https://data.raspberryshake.org/fdsnws/dataselect/1/query,35.0,evaluator_event_reference,AM.R9F13.event.20260121T091716,3500,3500,0,3500,shared_event_window_across_target_snr_siblings
538,case-0538-noise-01,noise,1,AM,R9F13,00,EH?,2025-06-07T09:11:18.786000Z,2025-06-07T09:14:23.806000Z,RASPISHAKE,https://data.raspberryshake.org/fdsnws/dataselect/1/query,35.0,primary_noise_chunk,AM.R9F13.noise.20250607T091120,3500,3500,0,3500,shared_noise_sequence_across_target_snr_siblings
538,case-0538-noise-02,noise,2,AM,R9F13,00,EH?,2025-06-03T00:03:53.916000Z,2025-06-03T00:06:59.606000Z,RASPISHAKE,https://data.raspberryshake.org/fdsnws/dataselect/1/query,35.0,continuation_noise_chunk,AM.R9F13.noise.20250603T000356,3500,3500,3500,7000,shared_noise_sequence_across_target_snr_siblings
538,case-0538-noise-03,noise,3,AM,R9F13,00,EH?,2025-06-06T15:29:58.776000Z,2025-06-06T15:33:02.576000Z,RASPISHAKE,https://data.raspberryshake.org/fdsnws/dataselect/1/query,35.0,continuation_noise_chunk_truncated,AM.R9F13.noise.20250606T153000,3500,2000,7000,9000,shared_noise_sequence_across_target_snr_siblings
539,case-0539-event,event,0,AM,R9F13,00,EH?,2026-01-21T09:17:16.506000Z,2026-01-21T09:17:51.506000Z,RASPISHAKE,https://data.raspberryshake.org/fdsnws/dataselect/1/query,35.0,evaluator_event_reference,AM.R9F13.event.20260121T091716,3500,3500,0,3500,shared_event_window_across_target_snr_siblings
539,case-0539-noise-01,noise,1,AM,R9F13,00,EH?,2025-06-07T09:11:18.786000Z,2025-06-07T09:14:23.806000Z,RASPISHAKE,https://data.raspberryshake.org/fdsnws/dataselect/1/query,35.0,primary_noise_chunk,AM.R9F13.noise.20250607T091120,3500,3500,0,3500,shared_noise_sequence_across_target_snr_siblings
539,case-0539-noise-02,noise,2,AM,R9F13,00,EH?,2025-06-03T00:03:53.916000Z,2025-06-03T00:06:59.606000Z,RASPISHAKE,https://data.raspberryshake.org/fdsnws/dataselect/1/query,35.0,continuation_noise_chunk,AM.R9F13.noise.20250603T000356,3500,3500,3500,7000,shared_noise_sequence_across_target_snr_siblings
539,case-0539-noise-03,noise,3,AM,R9F13,00,EH?,2025-06-06T15:29:58.776000Z,2025-06-06T15:33:02.576000Z,RASPISHAKE,https://data.raspberryshake.org/fdsnws/dataselect/1/query,35.0,continuation_noise_chunk_truncated,AM.R9F13.noise.20250606T153000,3500,2000,7000,9000,shared_noise_sequence_across_target_snr_siblings
540,case-0540-event,event,0,AM,R9F13,00,EH?,2026-01-21T09:17:16.506000Z,2026-01-21T09:17:51.506000Z,RASPISHAKE,https://data.raspberryshake.org/fdsnws/dataselect/1/query,35.0,evaluator_event_reference,AM.R9F13.event.20260121T091716,3500,3500,0,3500,shared_event_window_across_target_snr_siblings
540,case-0540-noise-01,noise,1,AM,R9F13,00,EH?,2025-06-07T09:11:18.786000Z,2025-06-07T09:14:23.806000Z,RASPISHAKE,https://data.raspberryshake.org/fdsnws/dataselect/1/query,35.0,primary_noise_chunk,AM.R9F13.noise.20250607T091120,3500,3500,0,3500,shared_noise_sequence_across_target_snr_siblings
540,case-0540-noise-02,noise,2,AM,R9F13,00,EH?,2025-06-03T00:03:53.916000Z,2025-06-03T00:06:59.606000Z,RASPISHAKE,https://data.raspberryshake.org/fdsnws/dataselect/1/query,35.0,continuation_noise_chunk,AM.R9F13.noise.20250603T000356,3500,3500,3500,7000,shared_noise_sequence_across_target_snr_siblings
540,case-0540-noise-03,noise,3,AM,R9F13,00,EH?,2025-06-06T15:29:58.776000Z,2025-06-06T15:33:02.576000Z,RASPISHAKE,https://data.raspberryshake.org/fdsnws/dataselect/1/query,35.0,continuation_noise_chunk_truncated,AM.R9F13.noise.20250606T153000,3500,2000,7000,9000,shared_noise_sequence_across_target_snr_siblings
541,case-0541-event,event,0,AM,R9F13,00,EH?,2026-02-21T12:45:06.926000Z,2026-02-21T12:45:41.926000Z,RASPISHAKE,https://data.raspberryshake.org/fdsnws/dataselect/1/query,35.0,evaluator_event_reference,AM.R9F13.event.20260221T124506,3500,3500,0,3500,shared_event_window_across_target_snr_siblings
541,case-0541-noise-01,noise,1,AM,R9F13,00,EH?,2025-06-10T08:34:07.306000Z,2025-06-10T08:37:11.116000Z,RASPISHAKE,https://data.raspberryshake.org/fdsnws/dataselect/1/query,35.0,primary_noise_chunk,AM.R9F13.noise.20250610T083409,3500,3500,0,3500,shared_noise_sequence_across_target_snr_siblings
541,case-0541-noise-02,noise,2,AM,R9F13,00,EH?,2025-06-08T15:34:40.146000Z,2025-06-08T15:37:44.386000Z,RASPISHAKE,https://data.raspberryshake.org/fdsnws/dataselect/1/query,35.0,continuation_noise_chunk,AM.R9F13.noise.20250608T153442,3500,3500,3500,7000,shared_noise_sequence_across_target_snr_siblings
541,case-0541-noise-03,noise,3,AM,R9F13,00,EH?,2025-06-01T00:23:43.556000Z,2025-06-01T00:26:47.756000Z,RASPISHAKE,https://data.raspberryshake.org/fdsnws/dataselect/1/query,35.0,continuation_noise_chunk_truncated,AM.R9F13.noise.20250601T002345,3500,2000,7000,9000,shared_noise_sequence_across_target_snr_siblings
542,case-0542-event,event,0,AM,R9F13,00,EH?,2026-02-21T12:45:06.926000Z,2026-02-21T12:45:41.926000Z,RASPISHAKE,https://data.raspberryshake.org/fdsnws/dataselect/1/query,35.0,evaluator_event_reference,AM.R9F13.event.20260221T124506,3500,3500,0,3500,shared_event_window_across_target_snr_siblings
542,case-0542-noise-01,noise,1,AM,R9F13,00,EH?,2025-06-10T08:34:07.306000Z,2025-06-10T08:37:11.116000Z,RASPISHAKE,https://data.raspberryshake.org/fdsnws/dataselect/1/query,35.0,primary_noise_chunk,AM.R9F13.noise.20250610T083409,3500,3500,0,3500,shared_noise_sequence_across_target_snr_siblings
542,case-0542-noise-02,noise,2,AM,R9F13,00,EH?,2025-06-08T15:34:40.146000Z,2025-06-08T15:37:44.386000Z,RASPISHAKE,https://data.raspberryshake.org/fdsnws/dataselect/1/query,35.0,continuation_noise_chunk,AM.R9F13.noise.20250608T153442,3500,3500,3500,7000,shared_noise_sequence_across_target_snr_siblings
542,case-0542-noise-03,noise,3,AM,R9F13,00,EH?,2025-06-01T00:23:43.556000Z,2025-06-01T00:26:47.756000Z,RASPISHAKE,https://data.raspberryshake.org/fdsnws/dataselect/1/query,35.0,continuation_noise_chunk_truncated,AM.R9F13.noise.20250601T002345,3500,2000,7000,9000,shared_noise_sequence_across_target_snr_siblings
543,case-0543-event,event,0,AM,R9F13,00,EH?,2026-02-21T12:45:06.926000Z,2026-02-21T12:45:41.926000Z,RASPISHAKE,https://data.raspberryshake.org/fdsnws/dataselect/1/query,35.0,evaluator_event_reference,AM.R9F13.event.20260221T124506,3500,3500,0,3500,shared_event_window_across_target_snr_siblings
543,case-0543-noise-01,noise,1,AM,R9F13,00,EH?,2025-06-10T08:34:07.306000Z,2025-06-10T08:37:11.116000Z,RASPISHAKE,https://data.raspberryshake.org/fdsnws/dataselect/1/query,35.0,primary_noise_chunk,AM.R9F13.noise.20250610T083409,3500,3500,0,3500,shared_noise_sequence_across_target_snr_siblings
543,case-0543-noise-02,noise,2,AM,R9F13,00,EH?,2025-06-08T15:34:40.146000Z,2025-06-08T15:37:44.386000Z,RASPISHAKE,https://data.raspberryshake.org/fdsnws/dataselect/1/query,35.0,continuation_noise_chunk,AM.R9F13.noise.20250608T153442,3500,3500,3500,7000,shared_noise_sequence_across_target_snr_siblings
543,case-0543-noise-03,noise,3,AM,R9F13,00,EH?,2025-06-01T00:23:43.556000Z,2025-06-01T00:26:47.756000Z,RASPISHAKE,https://data.raspberryshake.org/fdsnws/dataselect/1/query,35.0,continuation_noise_chunk_truncated,AM.R9F13.noise.20250601T002345,3500,2000,7000,9000,shared_noise_sequence_across_target_snr_siblings
544,case-0544-event,event,0,AM,R9F13,00,EH?,2026-03-04T00:25:15.076000Z,2026-03-04T00:25:50.076000Z,RASPISHAKE,https://data.raspberryshake.org/fdsnws/dataselect/1/query,35.0,evaluator_event_reference,AM.R9F13.event.20260304T002515,3500,3500,0,3500,shared_event_window_across_target_snr_siblings
544,case-0544-noise-01,noise,1,AM,R9F13,00,EH?,2025-06-10T08:34:07.306000Z,2025-06-10T08:37:11.116000Z,RASPISHAKE,https://data.raspberryshake.org/fdsnws/dataselect/1/query,35.0,primary_noise_chunk,AM.R9F13.noise.20250610T083409,3500,3500,0,3500,shared_noise_sequence_across_target_snr_siblings
544,case-0544-noise-02,noise,2,AM,R9F13,00,EH?,2025-06-10T21:18:09.136000Z,2025-06-10T21:21:13.996000Z,RASPISHAKE,https://data.raspberryshake.org/fdsnws/dataselect/1/query,35.0,continuation_noise_chunk,AM.R9F13.noise.20250610T211811,3500,3500,3500,7000,shared_noise_sequence_across_target_snr_siblings
544,case-0544-noise-03,noise,3,AM,R9F13,00,EH?,2025-06-03T22:23:38.946000Z,2025-06-03T22:26:43.966000Z,RASPISHAKE,https://data.raspberryshake.org/fdsnws/dataselect/1/query,35.0,continuation_noise_chunk_truncated,AM.R9F13.noise.20250603T222341,3500,2000,7000,9000,shared_noise_sequence_across_target_snr_siblings
545,case-0545-event,event,0,AM,R9F13,00,EH?,2026-03-04T00:25:15.076000Z,2026-03-04T00:25:50.076000Z,RASPISHAKE,https://data.raspberryshake.org/fdsnws/dataselect/1/query,35.0,evaluator_event_reference,AM.R9F13.event.20260304T002515,3500,3500,0,3500,shared_event_window_across_target_snr_siblings
545,case-0545-noise-01,noise,1,AM,R9F13,00,EH?,2025-06-10T08:34:07.306000Z,2025-06-10T08:37:11.116000Z,RASPISHAKE,https://data.raspberryshake.org/fdsnws/dataselect/1/query,35.0,primary_noise_chunk,AM.R9F13.noise.20250610T083409,3500,3500,0,3500,shared_noise_sequence_across_target_snr_siblings
545,case-0545-noise-02,noise,2,AM,R9F13,00,EH?,2025-06-10T21:18:09.136000Z,2025-06-10T21:21:13.996000Z,RASPISHAKE,https://data.raspberryshake.org/fdsnws/dataselect/1/query,35.0,continuation_noise_chunk,AM.R9F13.noise.20250610T211811,3500,3500,3500,7000,shared_noise_sequence_across_target_snr_siblings
545,case-0545-noise-03,noise,3,AM,R9F13,00,EH?,2025-06-03T22:23:38.946000Z,2025-06-03T22:26:43.966000Z,RASPISHAKE,https://data.raspberryshake.org/fdsnws/dataselect/1/query,35.0,continuation_noise_chunk_truncated,AM.R9F13.noise.20250603T222341,3500,2000,7000,9000,shared_noise_sequence_across_target_snr_siblings
546,case-0546-event,event,0,AM,R9F13,00,EH?,2026-03-04T00:25:15.076000Z,2026-03-04T00:25:50.076000Z,RASPISHAKE,https://data.raspberryshake.org/fdsnws/dataselect/1/query,35.0,evaluator_event_reference,AM.R9F13.event.20260304T002515,3500,3500,0,3500,shared_event_window_across_target_snr_siblings
546,case-0546-noise-01,noise,1,AM,R9F13,00,EH?,2025-06-10T08:34:07.306000Z,2025-06-10T08:37:11.116000Z,RASPISHAKE,https://data.raspberryshake.org/fdsnws/dataselect/1/query,35.0,primary_noise_chunk,AM.R9F13.noise.20250610T083409,3500,3500,0,3500,shared_noise_sequence_across_target_snr_siblings
546,case-0546-noise-02,noise,2,AM,R9F13,00,EH?,2025-06-10T21:18:09.136000Z,2025-06-10T21:21:13.996000Z,RASPISHAKE,https://data.raspberryshake.org/fdsnws/dataselect/1/query,35.0,continuation_noise_chunk,AM.R9F13.noise.20250610T211811,3500,3500,3500,7000,shared_noise_sequence_across_target_snr_siblings
546,case-0546-noise-03,noise,3,AM,R9F13,00,EH?,2025-06-03T22:23:38.946000Z,2025-06-03T22:26:43.966000Z,RASPISHAKE,https://data.raspberryshake.org/fdsnws/dataselect/1/query,35.0,continuation_noise_chunk_truncated,AM.R9F13.noise.20250603T222341,3500,2000,7000,9000,shared_noise_sequence_across_target_snr_siblings
547,case-0547-event,event,0,AM,R9F13,00,EH?,2026-04-26T02:26:06.936000Z,2026-04-26T02:26:41.936000Z,RASPISHAKE,https://data.raspberryshake.org/fdsnws/dataselect/1/query,35.0,evaluator_event_reference,AM.R9F13.event.20260426T022606,3500,3500,0,3500,shared_event_window_across_target_snr_siblings
547,case-0547-noise-01,noise,1,AM,R9F13,00,EH?,2025-06-06T00:40:39.226000Z,2025-06-06T00:43:44.556000Z,RASPISHAKE,https://data.raspberryshake.org/fdsnws/dataselect/1/query,35.0,primary_noise_chunk,AM.R9F13.noise.20250606T004041,3500,3500,0,3500,shared_noise_sequence_across_target_snr_siblings
547,case-0547-noise-02,noise,2,AM,R9F13,00,EH?,2025-06-06T16:03:38.096000Z,2025-06-06T16:06:43.756000Z,RASPISHAKE,https://data.raspberryshake.org/fdsnws/dataselect/1/query,35.0,continuation_noise_chunk,AM.R9F13.noise.20250606T160341,3500,3500,3500,7000,shared_noise_sequence_across_target_snr_siblings
547,case-0547-noise-03,noise,3,AM,R9F13,00,EH?,2025-06-07T23:52:56.296000Z,2025-06-07T23:56:03.336000Z,RASPISHAKE,https://data.raspberryshake.org/fdsnws/dataselect/1/query,35.0,continuation_noise_chunk_truncated,AM.R9F13.noise.20250607T235259,3500,2000,7000,9000,shared_noise_sequence_across_target_snr_siblings
548,case-0548-event,event,0,AM,R9F13,00,EH?,2026-04-26T02:26:06.936000Z,2026-04-26T02:26:41.936000Z,RASPISHAKE,https://data.raspberryshake.org/fdsnws/dataselect/1/query,35.0,evaluator_event_reference,AM.R9F13.event.20260426T022606,3500,3500,0,3500,shared_event_window_across_target_snr_siblings
548,case-0548-noise-01,noise,1,AM,R9F13,00,EH?,2025-06-06T00:40:39.226000Z,2025-06-06T00:43:44.556000Z,RASPISHAKE,https://data.raspberryshake.org/fdsnws/dataselect/1/query,35.0,primary_noise_chunk,AM.R9F13.noise.20250606T004041,3500,3500,0,3500,shared_noise_sequence_across_target_snr_siblings
548,case-0548-noise-02,noise,2,AM,R9F13,00,EH?,2025-06-06T16:03:38.096000Z,2025-06-06T16:06:43.756000Z,RASPISHAKE,https://data.raspberryshake.org/fdsnws/dataselect/1/query,35.0,continuation_noise_chunk,AM.R9F13.noise.20250606T160341,3500,3500,3500,7000,shared_noise_sequence_across_target_snr_siblings
548,case-0548-noise-03,noise,3,AM,R9F13,00,EH?,2025-06-07T23:52:56.296000Z,2025-06-07T23:56:03.336000Z,RASPISHAKE,https://data.raspberryshake.org/fdsnws/dataselect/1/query,35.0,continuation_noise_chunk_truncated,AM.R9F13.noise.20250607T235259,3500,2000,7000,9000,shared_noise_sequence_across_target_snr_siblings
549,case-0549-event,event,0,AM,R9F13,00,EH?,2026-04-26T02:26:06.936000Z,2026-04-26T02:26:41.936000Z,RASPISHAKE,https://data.raspberryshake.org/fdsnws/dataselect/1/query,35.0,evaluator_event_reference,AM.R9F13.event.20260426T022606,3500,3500,0,3500,shared_event_window_across_target_snr_siblings
549,case-0549-noise-01,noise,1,AM,R9F13,00,EH?,2025-06-06T00:40:39.226000Z,2025-06-06T00:43:44.556000Z,RASPISHAKE,https://data.raspberryshake.org/fdsnws/dataselect/1/query,35.0,primary_noise_chunk,AM.R9F13.noise.20250606T004041,3500,3500,0,3500,shared_noise_sequence_across_target_snr_siblings
549,case-0549-noise-02,noise,2,AM,R9F13,00,EH?,2025-06-06T16:03:38.096000Z,2025-06-06T16:06:43.756000Z,RASPISHAKE,https://data.raspberryshake.org/fdsnws/dataselect/1/query,35.0,continuation_noise_chunk,AM.R9F13.noise.20250606T160341,3500,3500,3500,7000,shared_noise_sequence_across_target_snr_siblings
549,case-0549-noise-03,noise,3,AM,R9F13,00,EH?,2025-06-07T23:52:56.296000Z,2025-06-07T23:56:03.336000Z,RASPISHAKE,https://data.raspberryshake.org/fdsnws/dataselect/1/query,35.0,continuation_noise_chunk_truncated,AM.R9F13.noise.20250607T235259,3500,2000,7000,9000,shared_noise_sequence_across_target_snr_siblings
550,case-0550-event,event,0,AM,R9F13,00,EH?,2026-05-05T00:37:18.736000Z,2026-05-05T00:37:53.736000Z,RASPISHAKE,https://data.raspberryshake.org/fdsnws/dataselect/1/query,35.0,evaluator_event_reference,AM.R9F13.event.20260505T003718,3500,3500,0,3500,shared_event_window_across_target_snr_siblings
550,case-0550-noise-01,noise,1,AM,R9F13,00,EH?,2025-06-02T14:31:41.556000Z,2025-06-02T14:34:45.076000Z,RASPISHAKE,https://data.raspberryshake.org/fdsnws/dataselect/1/query,35.0,primary_noise_chunk,AM.R9F13.noise.20250602T143144,3500,3500,0,3500,shared_noise_sequence_across_target_snr_siblings
550,case-0550-noise-02,noise,2,AM,R9F13,00,EH?,2025-06-05T20:40:20.556000Z,2025-06-05T20:43:25.526000Z,RASPISHAKE,https://data.raspberryshake.org/fdsnws/dataselect/1/query,35.0,continuation_noise_chunk,AM.R9F13.noise.20250605T204023,3500,3500,3500,7000,shared_noise_sequence_across_target_snr_siblings
550,case-0550-noise-03,noise,3,AM,R9F13,00,EH?,2025-06-07T09:11:18.786000Z,2025-06-07T09:14:23.806000Z,RASPISHAKE,https://data.raspberryshake.org/fdsnws/dataselect/1/query,35.0,continuation_noise_chunk_truncated,AM.R9F13.noise.20250607T091120,3500,2000,7000,9000,shared_noise_sequence_across_target_snr_siblings
551,case-0551-event,event,0,AM,R9F13,00,EH?,2026-05-05T00:37:18.736000Z,2026-05-05T00:37:53.736000Z,RASPISHAKE,https://data.raspberryshake.org/fdsnws/dataselect/1/query,35.0,evaluator_event_reference,AM.R9F13.event.20260505T003718,3500,3500,0,3500,shared_event_window_across_target_snr_siblings
551,case-0551-noise-01,noise,1,AM,R9F13,00,EH?,2025-06-02T14:31:41.556000Z,2025-06-02T14:34:45.076000Z,RASPISHAKE,https://data.raspberryshake.org/fdsnws/dataselect/1/query,35.0,primary_noise_chunk,AM.R9F13.noise.20250602T143144,3500,3500,0,3500,shared_noise_sequence_across_target_snr_siblings
551,case-0551-noise-02,noise,2,AM,R9F13,00,EH?,2025-06-05T20:40:20.556000Z,2025-06-05T20:43:25.526000Z,RASPISHAKE,https://data.raspberryshake.org/fdsnws/dataselect/1/query,35.0,continuation_noise_chunk,AM.R9F13.noise.20250605T204023,3500,3500,3500,7000,shared_noise_sequence_across_target_snr_siblings
551,case-0551-noise-03,noise,3,AM,R9F13,00,EH?,2025-06-07T09:11:18.786000Z,2025-06-07T09:14:23.806000Z,RASPISHAKE,https://data.raspberryshake.org/fdsnws/dataselect/1/query,35.0,continuation_noise_chunk_truncated,AM.R9F13.noise.20250607T091120,3500,2000,7000,9000,shared_noise_sequence_across_target_snr_siblings
552,case-0552-event,event,0,AM,R9F13,00,EH?,2026-05-05T00:37:18.736000Z,2026-05-05T00:37:53.736000Z,RASPISHAKE,https://data.raspberryshake.org/fdsnws/dataselect/1/query,35.0,evaluator_event_reference,AM.R9F13.event.20260505T003718,3500,3500,0,3500,shared_event_window_across_target_snr_siblings
552,case-0552-noise-01,noise,1,AM,R9F13,00,EH?,2025-06-02T14:31:41.556000Z,2025-06-02T14:34:45.076000Z,RASPISHAKE,https://data.raspberryshake.org/fdsnws/dataselect/1/query,35.0,primary_noise_chunk,AM.R9F13.noise.20250602T143144,3500,3500,0,3500,shared_noise_sequence_across_target_snr_siblings
552,case-0552-noise-02,noise,2,AM,R9F13,00,EH?,2025-06-05T20:40:20.556000Z,2025-06-05T20:43:25.526000Z,RASPISHAKE,https://data.raspberryshake.org/fdsnws/dataselect/1/query,35.0,continuation_noise_chunk,AM.R9F13.noise.20250605T204023,3500,3500,3500,7000,shared_noise_sequence_across_target_snr_siblings
552,case-0552-noise-03,noise,3,AM,R9F13,00,EH?,2025-06-07T09:11:18.786000Z,2025-06-07T09:14:23.806000Z,RASPISHAKE,https://data.raspberryshake.org/fdsnws/dataselect/1/query,35.0,continuation_noise_chunk_truncated,AM.R9F13.noise.20250607T091120,3500,2000,7000,9000,shared_noise_sequence_across_target_snr_siblings
553,case-0553-event,event,0,AM,RA825,00,EH?,2026-04-20T22:44:13.429000Z,2026-04-20T22:44:48.429000Z,RASPISHAKE,https://data.raspberryshake.org/fdsnws/dataselect/1/query,35.0,evaluator_event_reference,AM.RA825.event.20260420T224413,3500,3500,0,3500,shared_event_window_across_target_snr_siblings
553,case-0553-noise-01,noise,1,AM,RA825,00,EH?,2025-06-05T10:07:20.379000Z,2025-06-05T10:10:26.919000Z,RASPISHAKE,https://data.raspberryshake.org/fdsnws/dataselect/1/query,35.0,primary_noise_chunk,AM.RA825.noise.20250605T100724,3500,3500,0,3500,shared_noise_sequence_across_target_snr_siblings
553,case-0553-noise-02,noise,2,AM,RA825,00,EH?,2025-06-07T23:29:25.119000Z,2025-06-07T23:32:30.579000Z,RASPISHAKE,https://data.raspberryshake.org/fdsnws/dataselect/1/query,35.0,continuation_noise_chunk,AM.RA825.noise.20250607T232927,3500,3500,3500,7000,shared_noise_sequence_across_target_snr_siblings
553,case-0553-noise-03,noise,3,AM,RA825,00,EH?,2025-06-07T09:11:20.399000Z,2025-06-07T09:14:22.149000Z,RASPISHAKE,https://data.raspberryshake.org/fdsnws/dataselect/1/query,35.0,continuation_noise_chunk_truncated,AM.RA825.noise.20250607T091120,3500,2000,7000,9000,shared_noise_sequence_across_target_snr_siblings
554,case-0554-event,event,0,AM,RA825,00,EH?,2026-04-20T22:44:13.429000Z,2026-04-20T22:44:48.429000Z,RASPISHAKE,https://data.raspberryshake.org/fdsnws/dataselect/1/query,35.0,evaluator_event_reference,AM.RA825.event.20260420T224413,3500,3500,0,3500,shared_event_window_across_target_snr_siblings
554,case-0554-noise-01,noise,1,AM,RA825,00,EH?,2025-06-05T10:07:20.379000Z,2025-06-05T10:10:26.919000Z,RASPISHAKE,https://data.raspberryshake.org/fdsnws/dataselect/1/query,35.0,primary_noise_chunk,AM.RA825.noise.20250605T100724,3500,3500,0,3500,shared_noise_sequence_across_target_snr_siblings
554,case-0554-noise-02,noise,2,AM,RA825,00,EH?,2025-06-07T23:29:25.119000Z,2025-06-07T23:32:30.579000Z,RASPISHAKE,https://data.raspberryshake.org/fdsnws/dataselect/1/query,35.0,continuation_noise_chunk,AM.RA825.noise.20250607T232927,3500,3500,3500,7000,shared_noise_sequence_across_target_snr_siblings
554,case-0554-noise-03,noise,3,AM,RA825,00,EH?,2025-06-07T09:11:20.399000Z,2025-06-07T09:14:22.149000Z,RASPISHAKE,https://data.raspberryshake.org/fdsnws/dataselect/1/query,35.0,continuation_noise_chunk_truncated,AM.RA825.noise.20250607T091120,3500,2000,7000,9000,shared_noise_sequence_across_target_snr_siblings
555,case-0555-event,event,0,AM,RA825,00,EH?,2026-04-20T22:44:13.429000Z,2026-04-20T22:44:48.429000Z,RASPISHAKE,https://data.raspberryshake.org/fdsnws/dataselect/1/query,35.0,evaluator_event_reference,AM.RA825.event.20260420T224413,3500,3500,0,3500,shared_event_window_across_target_snr_siblings
555,case-0555-noise-01,noise,1,AM,RA825,00,EH?,2025-06-05T10:07:20.379000Z,2025-06-05T10:10:26.919000Z,RASPISHAKE,https://data.raspberryshake.org/fdsnws/dataselect/1/query,35.0,primary_noise_chunk,AM.RA825.noise.20250605T100724,3500,3500,0,3500,shared_noise_sequence_across_target_snr_siblings
555,case-0555-noise-02,noise,2,AM,RA825,00,EH?,2025-06-07T23:29:25.119000Z,2025-06-07T23:32:30.579000Z,RASPISHAKE,https://data.raspberryshake.org/fdsnws/dataselect/1/query,35.0,continuation_noise_chunk,AM.RA825.noise.20250607T232927,3500,3500,3500,7000,shared_noise_sequence_across_target_snr_siblings
555,case-0555-noise-03,noise,3,AM,RA825,00,EH?,2025-06-07T09:11:20.399000Z,2025-06-07T09:14:22.149000Z,RASPISHAKE,https://data.raspberryshake.org/fdsnws/dataselect/1/query,35.0,continuation_noise_chunk_truncated,AM.RA825.noise.20250607T091120,3500,2000,7000,9000,shared_noise_sequence_across_target_snr_siblings
556,case-0556-event,event,0,AM,RA825,00,EH?,2026-04-22T17:24:16.329000Z,2026-04-22T17:24:51.329000Z,RASPISHAKE,https://data.raspberryshake.org/fdsnws/dataselect/1/query,35.0,evaluator_event_reference,AM.RA825.event.20260422T172416,3500,3500,0,3500,shared_event_window_across_target_snr_siblings
556,case-0556-noise-01,noise,1,AM,RA825,00,EH?,2025-06-10T22:22:10.999000Z,2025-06-10T22:25:13.709000Z,RASPISHAKE,https://data.raspberryshake.org/fdsnws/dataselect/1/query,35.0,primary_noise_chunk,AM.RA825.noise.20250610T222213,3500,3500,0,3500,shared_noise_sequence_across_target_snr_siblings
556,case-0556-noise-02,noise,2,AM,RA825,00,EH?,2025-06-06T16:03:38.359000Z,2025-06-06T16:06:43.729000Z,RASPISHAKE,https://data.raspberryshake.org/fdsnws/dataselect/1/query,35.0,continuation_noise_chunk,AM.RA825.noise.20250606T160341,3500,3500,3500,7000,shared_noise_sequence_across_target_snr_siblings
556,case-0556-noise-03,noise,3,AM,RA825,00,EH?,2025-06-06T15:29:58.229000Z,2025-06-06T15:33:02.579000Z,RASPISHAKE,https://data.raspberryshake.org/fdsnws/dataselect/1/query,35.0,continuation_noise_chunk_truncated,AM.RA825.noise.20250606T153000,3500,2000,7000,9000,shared_noise_sequence_across_target_snr_siblings
557,case-0557-event,event,0,AM,RA825,00,EH?,2026-04-22T17:24:16.329000Z,2026-04-22T17:24:51.329000Z,RASPISHAKE,https://data.raspberryshake.org/fdsnws/dataselect/1/query,35.0,evaluator_event_reference,AM.RA825.event.20260422T172416,3500,3500,0,3500,shared_event_window_across_target_snr_siblings
557,case-0557-noise-01,noise,1,AM,RA825,00,EH?,2025-06-10T22:22:10.999000Z,2025-06-10T22:25:13.709000Z,RASPISHAKE,https://data.raspberryshake.org/fdsnws/dataselect/1/query,35.0,primary_noise_chunk,AM.RA825.noise.20250610T222213,3500,3500,0,3500,shared_noise_sequence_across_target_snr_siblings
557,case-0557-noise-02,noise,2,AM,RA825,00,EH?,2025-06-06T16:03:38.359000Z,2025-06-06T16:06:43.729000Z,RASPISHAKE,https://data.raspberryshake.org/fdsnws/dataselect/1/query,35.0,continuation_noise_chunk,AM.RA825.noise.20250606T160341,3500,3500,3500,7000,shared_noise_sequence_across_target_snr_siblings
557,case-0557-noise-03,noise,3,AM,RA825,00,EH?,2025-06-06T15:29:58.229000Z,2025-06-06T15:33:02.579000Z,RASPISHAKE,https://data.raspberryshake.org/fdsnws/dataselect/1/query,35.0,continuation_noise_chunk_truncated,AM.RA825.noise.20250606T153000,3500,2000,7000,9000,shared_noise_sequence_across_target_snr_siblings
558,case-0558-event,event,0,AM,RA825,00,EH?,2026-04-22T17:24:16.329000Z,2026-04-22T17:24:51.329000Z,RASPISHAKE,https://data.raspberryshake.org/fdsnws/dataselect/1/query,35.0,evaluator_event_reference,AM.RA825.event.20260422T172416,3500,3500,0,3500,shared_event_window_across_target_snr_siblings
558,case-0558-noise-01,noise,1,AM,RA825,00,EH?,2025-06-10T22:22:10.999000Z,2025-06-10T22:25:13.709000Z,RASPISHAKE,https://data.raspberryshake.org/fdsnws/dataselect/1/query,35.0,primary_noise_chunk,AM.RA825.noise.20250610T222213,3500,3500,0,3500,shared_noise_sequence_across_target_snr_siblings
558,case-0558-noise-02,noise,2,AM,RA825,00,EH?,2025-06-06T16:03:38.359000Z,2025-06-06T16:06:43.729000Z,RASPISHAKE,https://data.raspberryshake.org/fdsnws/dataselect/1/query,35.0,continuation_noise_chunk,AM.RA825.noise.20250606T160341,3500,3500,3500,7000,shared_noise_sequence_across_target_snr_siblings
558,case-0558-noise-03,noise,3,AM,RA825,00,EH?,2025-06-06T15:29:58.229000Z,2025-06-06T15:33:02.579000Z,RASPISHAKE,https://data.raspberryshake.org/fdsnws/dataselect/1/query,35.0,continuation_noise_chunk_truncated,AM.RA825.noise.20250606T153000,3500,2000,7000,9000,shared_noise_sequence_across_target_snr_siblings
559,case-0559-event,event,0,AM,RA825,00,EH?,2026-04-22T17:25:39.219000Z,2026-04-22T17:26:14.219000Z,RASPISHAKE,https://data.raspberryshake.org/fdsnws/dataselect/1/query,35.0,evaluator_event_reference,AM.RA825.event.20260422T172539,3500,3500,0,3500,shared_event_window_across_target_snr_siblings
559,case-0559-noise-01,noise,1,AM,RA825,00,EH?,2025-06-05T10:07:20.379000Z,2025-06-05T10:10:26.919000Z,RASPISHAKE,https://data.raspberryshake.org/fdsnws/dataselect/1/query,35.0,primary_noise_chunk,AM.RA825.noise.20250605T100724,3500,3500,0,3500,shared_noise_sequence_across_target_snr_siblings
559,case-0559-noise-02,noise,2,AM,RA825,00,EH?,2025-06-03T22:23:39.019000Z,2025-06-03T22:26:43.709000Z,RASPISHAKE,https://data.raspberryshake.org/fdsnws/dataselect/1/query,35.0,continuation_noise_chunk,AM.RA825.noise.20250603T222341,3500,3500,3500,7000,shared_noise_sequence_across_target_snr_siblings
559,case-0559-noise-03,noise,3,AM,RA825,00,EH?,2025-06-06T00:40:39.859000Z,2025-06-06T00:43:43.459000Z,RASPISHAKE,https://data.raspberryshake.org/fdsnws/dataselect/1/query,35.0,continuation_noise_chunk_truncated,AM.RA825.noise.20250606T004041,3500,2000,7000,9000,shared_noise_sequence_across_target_snr_siblings
560,case-0560-event,event,0,AM,RA825,00,EH?,2026-04-22T17:25:39.219000Z,2026-04-22T17:26:14.219000Z,RASPISHAKE,https://data.raspberryshake.org/fdsnws/dataselect/1/query,35.0,evaluator_event_reference,AM.RA825.event.20260422T172539,3500,3500,0,3500,shared_event_window_across_target_snr_siblings
560,case-0560-noise-01,noise,1,AM,RA825,00,EH?,2025-06-05T10:07:20.379000Z,2025-06-05T10:10:26.919000Z,RASPISHAKE,https://data.raspberryshake.org/fdsnws/dataselect/1/query,35.0,primary_noise_chunk,AM.RA825.noise.20250605T100724,3500,3500,0,3500,shared_noise_sequence_across_target_snr_siblings
560,case-0560-noise-02,noise,2,AM,RA825,00,EH?,2025-06-03T22:23:39.019000Z,2025-06-03T22:26:43.709000Z,RASPISHAKE,https://data.raspberryshake.org/fdsnws/dataselect/1/query,35.0,continuation_noise_chunk,AM.RA825.noise.20250603T222341,3500,3500,3500,7000,shared_noise_sequence_across_target_snr_siblings
560,case-0560-noise-03,noise,3,AM,RA825,00,EH?,2025-06-06T00:40:39.859000Z,2025-06-06T00:43:43.459000Z,RASPISHAKE,https://data.raspberryshake.org/fdsnws/dataselect/1/query,35.0,continuation_noise_chunk_truncated,AM.RA825.noise.20250606T004041,3500,2000,7000,9000,shared_noise_sequence_across_target_snr_siblings
561,case-0561-event,event,0,AM,RA825,00,EH?,2026-04-22T17:25:39.219000Z,2026-04-22T17:26:14.219000Z,RASPISHAKE,https://data.raspberryshake.org/fdsnws/dataselect/1/query,35.0,evaluator_event_reference,AM.RA825.event.20260422T172539,3500,3500,0,3500,shared_event_window_across_target_snr_siblings
561,case-0561-noise-01,noise,1,AM,RA825,00,EH?,2025-06-05T10:07:20.379000Z,2025-06-05T10:10:26.919000Z,RASPISHAKE,https://data.raspberryshake.org/fdsnws/dataselect/1/query,35.0,primary_noise_chunk,AM.RA825.noise.20250605T100724,3500,3500,0,3500,shared_noise_sequence_across_target_snr_siblings
561,case-0561-noise-02,noise,2,AM,RA825,00,EH?,2025-06-03T22:23:39.019000Z,2025-06-03T22:26:43.709000Z,RASPISHAKE,https://data.raspberryshake.org/fdsnws/dataselect/1/query,35.0,continuation_noise_chunk,AM.RA825.noise.20250603T222341,3500,3500,3500,7000,shared_noise_sequence_across_target_snr_siblings
561,case-0561-noise-03,noise,3,AM,RA825,00,EH?,2025-06-06T00:40:39.859000Z,2025-06-06T00:43:43.459000Z,RASPISHAKE,https://data.raspberryshake.org/fdsnws/dataselect/1/query,35.0,continuation_noise_chunk_truncated,AM.RA825.noise.20250606T004041,3500,2000,7000,9000,shared_noise_sequence_across_target_snr_siblings
562,case-0562-event,event,0,AM,RA825,00,EH?,2026-04-24T19:31:41.309000Z,2026-04-24T19:32:16.309000Z,RASPISHAKE,https://data.raspberryshake.org/fdsnws/dataselect/1/query,35.0,evaluator_event_reference,AM.RA825.event.20260424T193141,3500,3500,0,3500,shared_event_window_across_target_snr_siblings
562,case-0562-noise-01,noise,1,AM,RA825,00,EH?,2025-06-10T11:38:04.999000Z,2025-06-10T11:41:10.269000Z,RASPISHAKE,https://data.raspberryshake.org/fdsnws/dataselect/1/query,35.0,primary_noise_chunk,AM.RA825.noise.20250610T113808,3500,3500,0,3500,shared_noise_sequence_across_target_snr_siblings
562,case-0562-noise-02,noise,2,AM,RA825,00,EH?,2025-06-07T14:44:15.759000Z,2025-06-07T14:47:20.149000Z,RASPISHAKE,https://data.raspberryshake.org/fdsnws/dataselect/1/query,35.0,continuation_noise_chunk,AM.RA825.noise.20250607T144418,3500,3500,3500,7000,shared_noise_sequence_across_target_snr_siblings
562,case-0562-noise-03,noise,3,AM,RA825,00,EH?,2025-06-07T23:52:57.109000Z,2025-06-07T23:56:01.509000Z,RASPISHAKE,https://data.raspberryshake.org/fdsnws/dataselect/1/query,35.0,continuation_noise_chunk_truncated,AM.RA825.noise.20250607T235259,3500,2000,7000,9000,shared_noise_sequence_across_target_snr_siblings
563,case-0563-event,event,0,AM,RA825,00,EH?,2026-04-24T19:31:41.309000Z,2026-04-24T19:32:16.309000Z,RASPISHAKE,https://data.raspberryshake.org/fdsnws/dataselect/1/query,35.0,evaluator_event_reference,AM.RA825.event.20260424T193141,3500,3500,0,3500,shared_event_window_across_target_snr_siblings
563,case-0563-noise-01,noise,1,AM,RA825,00,EH?,2025-06-10T11:38:04.999000Z,2025-06-10T11:41:10.269000Z,RASPISHAKE,https://data.raspberryshake.org/fdsnws/dataselect/1/query,35.0,primary_noise_chunk,AM.RA825.noise.20250610T113808,3500,3500,0,3500,shared_noise_sequence_across_target_snr_siblings
563,case-0563-noise-02,noise,2,AM,RA825,00,EH?,2025-06-07T14:44:15.759000Z,2025-06-07T14:47:20.149000Z,RASPISHAKE,https://data.raspberryshake.org/fdsnws/dataselect/1/query,35.0,continuation_noise_chunk,AM.RA825.noise.20250607T144418,3500,3500,3500,7000,shared_noise_sequence_across_target_snr_siblings
563,case-0563-noise-03,noise,3,AM,RA825,00,EH?,2025-06-07T23:52:57.109000Z,2025-06-07T23:56:01.509000Z,RASPISHAKE,https://data.raspberryshake.org/fdsnws/dataselect/1/query,35.0,continuation_noise_chunk_truncated,AM.RA825.noise.20250607T235259,3500,2000,7000,9000,shared_noise_sequence_across_target_snr_siblings
564,case-0564-event,event,0,AM,RA825,00,EH?,2026-04-24T19:31:41.309000Z,2026-04-24T19:32:16.309000Z,RASPISHAKE,https://data.raspberryshake.org/fdsnws/dataselect/1/query,35.0,evaluator_event_reference,AM.RA825.event.20260424T193141,3500,3500,0,3500,shared_event_window_across_target_snr_siblings
564,case-0564-noise-01,noise,1,AM,RA825,00,EH?,2025-06-10T11:38:04.999000Z,2025-06-10T11:41:10.269000Z,RASPISHAKE,https://data.raspberryshake.org/fdsnws/dataselect/1/query,35.0,primary_noise_chunk,AM.RA825.noise.20250610T113808,3500,3500,0,3500,shared_noise_sequence_across_target_snr_siblings
564,case-0564-noise-02,noise,2,AM,RA825,00,EH?,2025-06-07T14:44:15.759000Z,2025-06-07T14:47:20.149000Z,RASPISHAKE,https://data.raspberryshake.org/fdsnws/dataselect/1/query,35.0,continuation_noise_chunk,AM.RA825.noise.20250607T144418,3500,3500,3500,7000,shared_noise_sequence_across_target_snr_siblings
564,case-0564-noise-03,noise,3,AM,RA825,00,EH?,2025-06-07T23:52:57.109000Z,2025-06-07T23:56:01.509000Z,RASPISHAKE,https://data.raspberryshake.org/fdsnws/dataselect/1/query,35.0,continuation_noise_chunk_truncated,AM.RA825.noise.20250607T235259,3500,2000,7000,9000,shared_noise_sequence_across_target_snr_siblings
565,case-0565-event,event,0,AM,RA825,00,EH?,2026-04-25T19:21:59.439000Z,2026-04-25T19:22:34.439000Z,RASPISHAKE,https://data.raspberryshake.org/fdsnws/dataselect/1/query,35.0,evaluator_event_reference,AM.RA825.event.20260425T192159,3500,3500,0,3500,shared_event_window_across_target_snr_siblings
565,case-0565-noise-01,noise,1,AM,RA825,00,EH?,2025-06-04T04:12:22.859000Z,2025-06-04T04:15:28.749000Z,RASPISHAKE,https://data.raspberryshake.org/fdsnws/dataselect/1/query,35.0,primary_noise_chunk,AM.RA825.noise.20250604T041225,3500,3500,0,3500,shared_noise_sequence_across_target_snr_siblings
565,case-0565-noise-02,noise,2,AM,RA825,00,EH?,2025-06-03T22:23:39.019000Z,2025-06-03T22:26:43.709000Z,RASPISHAKE,https://data.raspberryshake.org/fdsnws/dataselect/1/query,35.0,continuation_noise_chunk,AM.RA825.noise.20250603T222341,3500,3500,3500,7000,shared_noise_sequence_across_target_snr_siblings
565,case-0565-noise-03,noise,3,AM,RA825,00,EH?,2025-06-03T00:03:52.889000Z,2025-06-03T00:06:58.329000Z,RASPISHAKE,https://data.raspberryshake.org/fdsnws/dataselect/1/query,35.0,continuation_noise_chunk_truncated,AM.RA825.noise.20250603T000356,3500,2000,7000,9000,shared_noise_sequence_across_target_snr_siblings
566,case-0566-event,event,0,AM,RA825,00,EH?,2026-04-25T19:21:59.439000Z,2026-04-25T19:22:34.439000Z,RASPISHAKE,https://data.raspberryshake.org/fdsnws/dataselect/1/query,35.0,evaluator_event_reference,AM.RA825.event.20260425T192159,3500,3500,0,3500,shared_event_window_across_target_snr_siblings
566,case-0566-noise-01,noise,1,AM,RA825,00,EH?,2025-06-04T04:12:22.859000Z,2025-06-04T04:15:28.749000Z,RASPISHAKE,https://data.raspberryshake.org/fdsnws/dataselect/1/query,35.0,primary_noise_chunk,AM.RA825.noise.20250604T041225,3500,3500,0,3500,shared_noise_sequence_across_target_snr_siblings
566,case-0566-noise-02,noise,2,AM,RA825,00,EH?,2025-06-03T22:23:39.019000Z,2025-06-03T22:26:43.709000Z,RASPISHAKE,https://data.raspberryshake.org/fdsnws/dataselect/1/query,35.0,continuation_noise_chunk,AM.RA825.noise.20250603T222341,3500,3500,3500,7000,shared_noise_sequence_across_target_snr_siblings
566,case-0566-noise-03,noise,3,AM,RA825,00,EH?,2025-06-03T00:03:52.889000Z,2025-06-03T00:06:58.329000Z,RASPISHAKE,https://data.raspberryshake.org/fdsnws/dataselect/1/query,35.0,continuation_noise_chunk_truncated,AM.RA825.noise.20250603T000356,3500,2000,7000,9000,shared_noise_sequence_across_target_snr_siblings
567,case-0567-event,event,0,AM,RA825,00,EH?,2026-04-25T19:21:59.439000Z,2026-04-25T19:22:34.439000Z,RASPISHAKE,https://data.raspberryshake.org/fdsnws/dataselect/1/query,35.0,evaluator_event_reference,AM.RA825.event.20260425T192159,3500,3500,0,3500,shared_event_window_across_target_snr_siblings
567,case-0567-noise-01,noise,1,AM,RA825,00,EH?,2025-06-04T04:12:22.859000Z,2025-06-04T04:15:28.749000Z,RASPISHAKE,https://data.raspberryshake.org/fdsnws/dataselect/1/query,35.0,primary_noise_chunk,AM.RA825.noise.20250604T041225,3500,3500,0,3500,shared_noise_sequence_across_target_snr_siblings
567,case-0567-noise-02,noise,2,AM,RA825,00,EH?,2025-06-03T22:23:39.019000Z,2025-06-03T22:26:43.709000Z,RASPISHAKE,https://data.raspberryshake.org/fdsnws/dataselect/1/query,35.0,continuation_noise_chunk,AM.RA825.noise.20250603T222341,3500,3500,3500,7000,shared_noise_sequence_across_target_snr_siblings
567,case-0567-noise-03,noise,3,AM,RA825,00,EH?,2025-06-03T00:03:52.889000Z,2025-06-03T00:06:58.329000Z,RASPISHAKE,https://data.raspberryshake.org/fdsnws/dataselect/1/query,35.0,continuation_noise_chunk_truncated,AM.RA825.noise.20250603T000356,3500,2000,7000,9000,shared_noise_sequence_across_target_snr_siblings
568,case-0568-event,event,0,AM,RA825,00,EH?,2026-05-09T04:59:30.099000Z,2026-05-09T05:00:05.099000Z,RASPISHAKE,https://data.raspberryshake.org/fdsnws/dataselect/1/query,35.0,evaluator_event_reference,AM.RA825.event.20260509T045930,3500,3500,0,3500,shared_event_window_across_target_snr_siblings
568,case-0568-noise-01,noise,1,AM,RA825,00,EH?,2025-06-05T07:10:38.699000Z,2025-06-05T07:13:44.199000Z,RASPISHAKE,https://data.raspberryshake.org/fdsnws/dataselect/1/query,35.0,primary_noise_chunk,AM.RA825.noise.20250605T071041,3500,3500,0,3500,shared_noise_sequence_across_target_snr_siblings
568,case-0568-noise-02,noise,2,AM,RA825,00,EH?,2025-06-06T00:40:39.859000Z,2025-06-06T00:43:43.459000Z,RASPISHAKE,https://data.raspberryshake.org/fdsnws/dataselect/1/query,35.0,continuation_noise_chunk,AM.RA825.noise.20250606T004041,3500,3500,3500,7000,shared_noise_sequence_across_target_snr_siblings
568,case-0568-noise-03,noise,3,AM,RA825,00,EH?,2025-06-06T02:58:32.209000Z,2025-06-06T03:01:38.789000Z,RASPISHAKE,https://data.raspberryshake.org/fdsnws/dataselect/1/query,35.0,continuation_noise_chunk_truncated,AM.RA825.noise.20250606T025835,3500,2000,7000,9000,shared_noise_sequence_across_target_snr_siblings
569,case-0569-event,event,0,AM,RA825,00,EH?,2026-05-09T04:59:30.099000Z,2026-05-09T05:00:05.099000Z,RASPISHAKE,https://data.raspberryshake.org/fdsnws/dataselect/1/query,35.0,evaluator_event_reference,AM.RA825.event.20260509T045930,3500,3500,0,3500,shared_event_window_across_target_snr_siblings
569,case-0569-noise-01,noise,1,AM,RA825,00,EH?,2025-06-05T07:10:38.699000Z,2025-06-05T07:13:44.199000Z,RASPISHAKE,https://data.raspberryshake.org/fdsnws/dataselect/1/query,35.0,primary_noise_chunk,AM.RA825.noise.20250605T071041,3500,3500,0,3500,shared_noise_sequence_across_target_snr_siblings
569,case-0569-noise-02,noise,2,AM,RA825,00,EH?,2025-06-06T00:40:39.859000Z,2025-06-06T00:43:43.459000Z,RASPISHAKE,https://data.raspberryshake.org/fdsnws/dataselect/1/query,35.0,continuation_noise_chunk,AM.RA825.noise.20250606T004041,3500,3500,3500,7000,shared_noise_sequence_across_target_snr_siblings
569,case-0569-noise-03,noise,3,AM,RA825,00,EH?,2025-06-06T02:58:32.209000Z,2025-06-06T03:01:38.789000Z,RASPISHAKE,https://data.raspberryshake.org/fdsnws/dataselect/1/query,35.0,continuation_noise_chunk_truncated,AM.RA825.noise.20250606T025835,3500,2000,7000,9000,shared_noise_sequence_across_target_snr_siblings
570,case-0570-event,event,0,AM,RA825,00,EH?,2026-05-09T04:59:30.099000Z,2026-05-09T05:00:05.099000Z,RASPISHAKE,https://data.raspberryshake.org/fdsnws/dataselect/1/query,35.0,evaluator_event_reference,AM.RA825.event.20260509T045930,3500,3500,0,3500,shared_event_window_across_target_snr_siblings
570,case-0570-noise-01,noise,1,AM,RA825,00,EH?,2025-06-05T07:10:38.699000Z,2025-06-05T07:13:44.199000Z,RASPISHAKE,https://data.raspberryshake.org/fdsnws/dataselect/1/query,35.0,primary_noise_chunk,AM.RA825.noise.20250605T071041,3500,3500,0,3500,shared_noise_sequence_across_target_snr_siblings
570,case-0570-noise-02,noise,2,AM,RA825,00,EH?,2025-06-06T00:40:39.859000Z,2025-06-06T00:43:43.459000Z,RASPISHAKE,https://data.raspberryshake.org/fdsnws/dataselect/1/query,35.0,continuation_noise_chunk,AM.RA825.noise.20250606T004041,3500,3500,3500,7000,shared_noise_sequence_across_target_snr_siblings
570,case-0570-noise-03,noise,3,AM,RA825,00,EH?,2025-06-06T02:58:32.209000Z,2025-06-06T03:01:38.789000Z,RASPISHAKE,https://data.raspberryshake.org/fdsnws/dataselect/1/query,35.0,continuation_noise_chunk_truncated,AM.RA825.noise.20250606T025835,3500,2000,7000,9000,shared_noise_sequence_across_target_snr_siblings
571,case-0571-event,event,0,AM,RA825,00,EH?,2026-05-09T15:07:00.849000Z,2026-05-09T15:07:35.849000Z,RASPISHAKE,https://data.raspberryshake.org/fdsnws/dataselect/1/query,35.0,evaluator_event_reference,AM.RA825.event.20260509T150700,3500,3500,0,3500,shared_event_window_across_target_snr_siblings
571,case-0571-noise-01,noise,1,AM,RA825,00,EH?,2025-06-04T20:32:03.309000Z,2025-06-04T20:35:06.689000Z,RASPISHAKE,https://data.raspberryshake.org/fdsnws/dataselect/1/query,35.0,primary_noise_chunk,AM.RA825.noise.20250604T203205,3500,3500,0,3500,shared_noise_sequence_across_target_snr_siblings
571,case-0571-noise-02,noise,2,AM,RA825,00,EH?,2025-06-06T16:03:38.359000Z,2025-06-06T16:06:43.729000Z,RASPISHAKE,https://data.raspberryshake.org/fdsnws/dataselect/1/query,35.0,continuation_noise_chunk,AM.RA825.noise.20250606T160341,3500,3500,3500,7000,shared_noise_sequence_across_target_snr_siblings
571,case-0571-noise-03,noise,3,AM,RA825,00,EH?,2025-06-04T04:12:22.859000Z,2025-06-04T04:15:28.749000Z,RASPISHAKE,https://data.raspberryshake.org/fdsnws/dataselect/1/query,35.0,continuation_noise_chunk_truncated,AM.RA825.noise.20250604T041225,3500,2000,7000,9000,shared_noise_sequence_across_target_snr_siblings
572,case-0572-event,event,0,AM,RA825,00,EH?,2026-05-09T15:07:00.849000Z,2026-05-09T15:07:35.849000Z,RASPISHAKE,https://data.raspberryshake.org/fdsnws/dataselect/1/query,35.0,evaluator_event_reference,AM.RA825.event.20260509T150700,3500,3500,0,3500,shared_event_window_across_target_snr_siblings
572,case-0572-noise-01,noise,1,AM,RA825,00,EH?,2025-06-04T20:32:03.309000Z,2025-06-04T20:35:06.689000Z,RASPISHAKE,https://data.raspberryshake.org/fdsnws/dataselect/1/query,35.0,primary_noise_chunk,AM.RA825.noise.20250604T203205,3500,3500,0,3500,shared_noise_sequence_across_target_snr_siblings
572,case-0572-noise-02,noise,2,AM,RA825,00,EH?,2025-06-06T16:03:38.359000Z,2025-06-06T16:06:43.729000Z,RASPISHAKE,https://data.raspberryshake.org/fdsnws/dataselect/1/query,35.0,continuation_noise_chunk,AM.RA825.noise.20250606T160341,3500,3500,3500,7000,shared_noise_sequence_across_target_snr_siblings
572,case-0572-noise-03,noise,3,AM,RA825,00,EH?,2025-06-04T04:12:22.859000Z,2025-06-04T04:15:28.749000Z,RASPISHAKE,https://data.raspberryshake.org/fdsnws/dataselect/1/query,35.0,continuation_noise_chunk_truncated,AM.RA825.noise.20250604T041225,3500,2000,7000,9000,shared_noise_sequence_across_target_snr_siblings
573,case-0573-event,event,0,AM,RA825,00,EH?,2026-05-09T15:07:00.849000Z,2026-05-09T15:07:35.849000Z,RASPISHAKE,https://data.raspberryshake.org/fdsnws/dataselect/1/query,35.0,evaluator_event_reference,AM.RA825.event.20260509T150700,3500,3500,0,3500,shared_event_window_across_target_snr_siblings
573,case-0573-noise-01,noise,1,AM,RA825,00,EH?,2025-06-04T20:32:03.309000Z,2025-06-04T20:35:06.689000Z,RASPISHAKE,https://data.raspberryshake.org/fdsnws/dataselect/1/query,35.0,primary_noise_chunk,AM.RA825.noise.20250604T203205,3500,3500,0,3500,shared_noise_sequence_across_target_snr_siblings
573,case-0573-noise-02,noise,2,AM,RA825,00,EH?,2025-06-06T16:03:38.359000Z,2025-06-06T16:06:43.729000Z,RASPISHAKE,https://data.raspberryshake.org/fdsnws/dataselect/1/query,35.0,continuation_noise_chunk,AM.RA825.noise.20250606T160341,3500,3500,3500,7000,shared_noise_sequence_across_target_snr_siblings
573,case-0573-noise-03,noise,3,AM,RA825,00,EH?,2025-06-04T04:12:22.859000Z,2025-06-04T04:15:28.749000Z,RASPISHAKE,https://data.raspberryshake.org/fdsnws/dataselect/1/query,35.0,continuation_noise_chunk_truncated,AM.RA825.noise.20250604T041225,3500,2000,7000,9000,shared_noise_sequence_across_target_snr_siblings
574,case-0574-event,event,0,AM,RA825,00,EH?,2026-05-21T19:01:54.429000Z,2026-05-21T19:02:29.429000Z,RASPISHAKE,https://data.raspberryshake.org/fdsnws/dataselect/1/query,35.0,evaluator_event_reference,AM.RA825.event.20260521T190154,3500,3500,0,3500,shared_event_window_across_target_snr_siblings
574,case-0574-noise-01,noise,1,AM,RA825,00,EH?,2025-06-01T06:27:37.759000Z,2025-06-01T06:30:43.989000Z,RASPISHAKE,https://data.raspberryshake.org/fdsnws/dataselect/1/query,35.0,primary_noise_chunk,AM.RA825.noise.20250601T062741,3500,3500,0,3500,shared_noise_sequence_across_target_snr_siblings
574,case-0574-noise-02,noise,2,AM,RA825,00,EH?,2025-06-04T04:12:22.859000Z,2025-06-04T04:15:28.749000Z,RASPISHAKE,https://data.raspberryshake.org/fdsnws/dataselect/1/query,35.0,continuation_noise_chunk,AM.RA825.noise.20250604T041225,3500,3500,3500,7000,shared_noise_sequence_across_target_snr_siblings
574,case-0574-noise-03,noise,3,AM,RA825,00,EH?,2025-06-08T16:25:04.549000Z,2025-06-08T16:28:10.669000Z,RASPISHAKE,https://data.raspberryshake.org/fdsnws/dataselect/1/query,35.0,continuation_noise_chunk_truncated,AM.RA825.noise.20250608T162507,3500,2000,7000,9000,shared_noise_sequence_across_target_snr_siblings
575,case-0575-event,event,0,AM,RA825,00,EH?,2026-05-21T19:01:54.429000Z,2026-05-21T19:02:29.429000Z,RASPISHAKE,https://data.raspberryshake.org/fdsnws/dataselect/1/query,35.0,evaluator_event_reference,AM.RA825.event.20260521T190154,3500,3500,0,3500,shared_event_window_across_target_snr_siblings
575,case-0575-noise-01,noise,1,AM,RA825,00,EH?,2025-06-01T06:27:37.759000Z,2025-06-01T06:30:43.989000Z,RASPISHAKE,https://data.raspberryshake.org/fdsnws/dataselect/1/query,35.0,primary_noise_chunk,AM.RA825.noise.20250601T062741,3500,3500,0,3500,shared_noise_sequence_across_target_snr_siblings
575,case-0575-noise-02,noise,2,AM,RA825,00,EH?,2025-06-04T04:12:22.859000Z,2025-06-04T04:15:28.749000Z,RASPISHAKE,https://data.raspberryshake.org/fdsnws/dataselect/1/query,35.0,continuation_noise_chunk,AM.RA825.noise.20250604T041225,3500,3500,3500,7000,shared_noise_sequence_across_target_snr_siblings
575,case-0575-noise-03,noise,3,AM,RA825,00,EH?,2025-06-08T16:25:04.549000Z,2025-06-08T16:28:10.669000Z,RASPISHAKE,https://data.raspberryshake.org/fdsnws/dataselect/1/query,35.0,continuation_noise_chunk_truncated,AM.RA825.noise.20250608T162507,3500,2000,7000,9000,shared_noise_sequence_across_target_snr_siblings
576,case-0576-event,event,0,AM,RA825,00,EH?,2026-05-21T19:01:54.429000Z,2026-05-21T19:02:29.429000Z,RASPISHAKE,https://data.raspberryshake.org/fdsnws/dataselect/1/query,35.0,evaluator_event_reference,AM.RA825.event.20260521T190154,3500,3500,0,3500,shared_event_window_across_target_snr_siblings
576,case-0576-noise-01,noise,1,AM,RA825,00,EH?,2025-06-01T06:27:37.759000Z,2025-06-01T06:30:43.989000Z,RASPISHAKE,https://data.raspberryshake.org/fdsnws/dataselect/1/query,35.0,primary_noise_chunk,AM.RA825.noise.20250601T062741,3500,3500,0,3500,shared_noise_sequence_across_target_snr_siblings
576,case-0576-noise-02,noise,2,AM,RA825,00,EH?,2025-06-04T04:12:22.859000Z,2025-06-04T04:15:28.749000Z,RASPISHAKE,https://data.raspberryshake.org/fdsnws/dataselect/1/query,35.0,continuation_noise_chunk,AM.RA825.noise.20250604T041225,3500,3500,3500,7000,shared_noise_sequence_across_target_snr_siblings
576,case-0576-noise-03,noise,3,AM,RA825,00,EH?,2025-06-08T16:25:04.549000Z,2025-06-08T16:28:10.669000Z,RASPISHAKE,https://data.raspberryshake.org/fdsnws/dataselect/1/query,35.0,continuation_noise_chunk_truncated,AM.RA825.noise.20250608T162507,3500,2000,7000,9000,shared_noise_sequence_across_target_snr_siblings
577,case-0577-event,event,0,AM,RAB7F,00,EH?,2025-06-02T23:18:52.364000Z,2025-06-02T23:19:27.364000Z,RASPISHAKE,https://data.raspberryshake.org/fdsnws/dataselect/1/query,35.0,evaluator_event_reference,AM.RAB7F.event.20250602T231852,3500,3500,0,3500,shared_event_window_across_target_snr_siblings
577,case-0577-noise-01,noise,1,AM,RAB7F,00,EH?,2025-06-01T15:15:15.905000Z,2025-06-01T15:18:21.875000Z,RASPISHAKE,https://data.raspberryshake.org/fdsnws/dataselect/1/query,35.0,primary_noise_chunk,AM.RAB7F.noise.20250601T151518,3500,3500,0,3500,shared_noise_sequence_across_target_snr_siblings
577,case-0577-noise-02,noise,2,AM,RAB7F,00,EH?,2025-07-01T10:18:19.238000Z,2025-07-01T10:21:22.578000Z,RASPISHAKE,https://data.raspberryshake.org/fdsnws/dataselect/1/query,35.0,continuation_noise_chunk,AM.RAB7F.noise.20250701T101820,3500,3500,3500,7000,shared_noise_sequence_across_target_snr_siblings
577,case-0577-noise-03,noise,3,AM,RAB7F,00,EH?,2025-06-02T21:51:37.254000Z,2025-06-02T21:54:39.414000Z,RASPISHAKE,https://data.raspberryshake.org/fdsnws/dataselect/1/query,35.0,continuation_noise_chunk_truncated,AM.RAB7F.noise.20250602T215137,3500,2000,7000,9000,shared_noise_sequence_across_target_snr_siblings
578,case-0578-event,event,0,AM,RAB7F,00,EH?,2025-06-02T23:18:52.364000Z,2025-06-02T23:19:27.364000Z,RASPISHAKE,https://data.raspberryshake.org/fdsnws/dataselect/1/query,35.0,evaluator_event_reference,AM.RAB7F.event.20250602T231852,3500,3500,0,3500,shared_event_window_across_target_snr_siblings
578,case-0578-noise-01,noise,1,AM,RAB7F,00,EH?,2025-06-01T15:15:15.905000Z,2025-06-01T15:18:21.875000Z,RASPISHAKE,https://data.raspberryshake.org/fdsnws/dataselect/1/query,35.0,primary_noise_chunk,AM.RAB7F.noise.20250601T151518,3500,3500,0,3500,shared_noise_sequence_across_target_snr_siblings
578,case-0578-noise-02,noise,2,AM,RAB7F,00,EH?,2025-07-01T10:18:19.238000Z,2025-07-01T10:21:22.578000Z,RASPISHAKE,https://data.raspberryshake.org/fdsnws/dataselect/1/query,35.0,continuation_noise_chunk,AM.RAB7F.noise.20250701T101820,3500,3500,3500,7000,shared_noise_sequence_across_target_snr_siblings
578,case-0578-noise-03,noise,3,AM,RAB7F,00,EH?,2025-06-02T21:51:37.254000Z,2025-06-02T21:54:39.414000Z,RASPISHAKE,https://data.raspberryshake.org/fdsnws/dataselect/1/query,35.0,continuation_noise_chunk_truncated,AM.RAB7F.noise.20250602T215137,3500,2000,7000,9000,shared_noise_sequence_across_target_snr_siblings
579,case-0579-event,event,0,AM,RAB7F,00,EH?,2025-06-02T23:18:52.364000Z,2025-06-02T23:19:27.364000Z,RASPISHAKE,https://data.raspberryshake.org/fdsnws/dataselect/1/query,35.0,evaluator_event_reference,AM.RAB7F.event.20250602T231852,3500,3500,0,3500,shared_event_window_across_target_snr_siblings
579,case-0579-noise-01,noise,1,AM,RAB7F,00,EH?,2025-06-01T15:15:15.905000Z,2025-06-01T15:18:21.875000Z,RASPISHAKE,https://data.raspberryshake.org/fdsnws/dataselect/1/query,35.0,primary_noise_chunk,AM.RAB7F.noise.20250601T151518,3500,3500,0,3500,shared_noise_sequence_across_target_snr_siblings
579,case-0579-noise-02,noise,2,AM,RAB7F,00,EH?,2025-07-01T10:18:19.238000Z,2025-07-01T10:21:22.578000Z,RASPISHAKE,https://data.raspberryshake.org/fdsnws/dataselect/1/query,35.0,continuation_noise_chunk,AM.RAB7F.noise.20250701T101820,3500,3500,3500,7000,shared_noise_sequence_across_target_snr_siblings
579,case-0579-noise-03,noise,3,AM,RAB7F,00,EH?,2025-06-02T21:51:37.254000Z,2025-06-02T21:54:39.414000Z,RASPISHAKE,https://data.raspberryshake.org/fdsnws/dataselect/1/query,35.0,continuation_noise_chunk_truncated,AM.RAB7F.noise.20250602T215137,3500,2000,7000,9000,shared_noise_sequence_across_target_snr_siblings
580,case-0580-event,event,0,AM,RAB7F,00,EH?,2025-09-07T09:36:55.115000Z,2025-09-07T09:37:30.115000Z,RASPISHAKE,https://data.raspberryshake.org/fdsnws/dataselect/1/query,35.0,evaluator_event_reference,AM.RAB7F.event.20250907T093655,3500,3500,0,3500,shared_event_window_across_target_snr_siblings
580,case-0580-noise-01,noise,1,AM,RAB7F,00,EH?,2025-06-24T23:29:56.199000Z,2025-06-24T23:33:01.309000Z,RASPISHAKE,https://data.raspberryshake.org/fdsnws/dataselect/1/query,35.0,primary_noise_chunk,AM.RAB7F.noise.20250624T232958,3500,3500,0,3500,shared_noise_sequence_across_target_snr_siblings
580,case-0580-noise-02,noise,2,AM,RAB7F,00,EH?,2025-06-01T00:23:42.268000Z,2025-06-01T00:26:47.368000Z,RASPISHAKE,https://data.raspberryshake.org/fdsnws/dataselect/1/query,35.0,continuation_noise_chunk,AM.RAB7F.noise.20250601T002345,3500,3500,3500,7000,shared_noise_sequence_across_target_snr_siblings
580,case-0580-noise-03,noise,3,AM,RAB7F,00,EH?,2025-06-25T21:18:47.512000Z,2025-06-25T21:21:51.772000Z,RASPISHAKE,https://data.raspberryshake.org/fdsnws/dataselect/1/query,35.0,continuation_noise_chunk_truncated,AM.RAB7F.noise.20250625T211850,3500,2000,7000,9000,shared_noise_sequence_across_target_snr_siblings
581,case-0581-event,event,0,AM,RAB7F,00,EH?,2025-09-07T09:36:55.115000Z,2025-09-07T09:37:30.115000Z,RASPISHAKE,https://data.raspberryshake.org/fdsnws/dataselect/1/query,35.0,evaluator_event_reference,AM.RAB7F.event.20250907T093655,3500,3500,0,3500,shared_event_window_across_target_snr_siblings
581,case-0581-noise-01,noise,1,AM,RAB7F,00,EH?,2025-06-24T23:29:56.199000Z,2025-06-24T23:33:01.309000Z,RASPISHAKE,https://data.raspberryshake.org/fdsnws/dataselect/1/query,35.0,primary_noise_chunk,AM.RAB7F.noise.20250624T232958,3500,3500,0,3500,shared_noise_sequence_across_target_snr_siblings
581,case-0581-noise-02,noise,2,AM,RAB7F,00,EH?,2025-06-01T00:23:42.268000Z,2025-06-01T00:26:47.368000Z,RASPISHAKE,https://data.raspberryshake.org/fdsnws/dataselect/1/query,35.0,continuation_noise_chunk,AM.RAB7F.noise.20250601T002345,3500,3500,3500,7000,shared_noise_sequence_across_target_snr_siblings
581,case-0581-noise-03,noise,3,AM,RAB7F,00,EH?,2025-06-25T21:18:47.512000Z,2025-06-25T21:21:51.772000Z,RASPISHAKE,https://data.raspberryshake.org/fdsnws/dataselect/1/query,35.0,continuation_noise_chunk_truncated,AM.RAB7F.noise.20250625T211850,3500,2000,7000,9000,shared_noise_sequence_across_target_snr_siblings
582,case-0582-event,event,0,AM,RAB7F,00,EH?,2025-09-07T09:36:55.115000Z,2025-09-07T09:37:30.115000Z,RASPISHAKE,https://data.raspberryshake.org/fdsnws/dataselect/1/query,35.0,evaluator_event_reference,AM.RAB7F.event.20250907T093655,3500,3500,0,3500,shared_event_window_across_target_snr_siblings
582,case-0582-noise-01,noise,1,AM,RAB7F,00,EH?,2025-06-24T23:29:56.199000Z,2025-06-24T23:33:01.309000Z,RASPISHAKE,https://data.raspberryshake.org/fdsnws/dataselect/1/query,35.0,primary_noise_chunk,AM.RAB7F.noise.20250624T232958,3500,3500,0,3500,shared_noise_sequence_across_target_snr_siblings
582,case-0582-noise-02,noise,2,AM,RAB7F,00,EH?,2025-06-01T00:23:42.268000Z,2025-06-01T00:26:47.368000Z,RASPISHAKE,https://data.raspberryshake.org/fdsnws/dataselect/1/query,35.0,continuation_noise_chunk,AM.RAB7F.noise.20250601T002345,3500,3500,3500,7000,shared_noise_sequence_across_target_snr_siblings
582,case-0582-noise-03,noise,3,AM,RAB7F,00,EH?,2025-06-25T21:18:47.512000Z,2025-06-25T21:21:51.772000Z,RASPISHAKE,https://data.raspberryshake.org/fdsnws/dataselect/1/query,35.0,continuation_noise_chunk_truncated,AM.RAB7F.noise.20250625T211850,3500,2000,7000,9000,shared_noise_sequence_across_target_snr_siblings
583,case-0583-event,event,0,AM,RAB7F,00,EH?,2026-02-20T03:11:27.588000Z,2026-02-20T03:12:02.588000Z,RASPISHAKE,https://data.raspberryshake.org/fdsnws/dataselect/1/query,35.0,evaluator_event_reference,AM.RAB7F.event.20260220T031127,3500,3500,0,3500,shared_event_window_across_target_snr_siblings
583,case-0583-noise-01,noise,1,AM,RAB7F,00,EH?,2025-06-02T14:31:41.825000Z,2025-06-02T14:34:46.825000Z,RASPISHAKE,https://data.raspberryshake.org/fdsnws/dataselect/1/query,35.0,primary_noise_chunk,AM.RAB7F.noise.20250602T143144,3500,3500,0,3500,shared_noise_sequence_across_target_snr_siblings
583,case-0583-noise-02,noise,2,AM,RAB7F,00,EH?,2025-07-01T23:08:11.251000Z,2025-07-01T23:11:15.831000Z,RASPISHAKE,https://data.raspberryshake.org/fdsnws/dataselect/1/query,35.0,continuation_noise_chunk,AM.RAB7F.noise.20250701T230813,3500,3500,3500,7000,shared_noise_sequence_across_target_snr_siblings
583,case-0583-noise-03,noise,3,AM,RAB7F,00,EH?,2025-06-28T17:31:52.407000Z,2025-06-28T17:34:55.867000Z,RASPISHAKE,https://data.raspberryshake.org/fdsnws/dataselect/1/query,35.0,continuation_noise_chunk_truncated,AM.RAB7F.noise.20250628T173153,3500,2000,7000,9000,shared_noise_sequence_across_target_snr_siblings
584,case-0584-event,event,0,AM,RAB7F,00,EH?,2026-02-20T03:11:27.588000Z,2026-02-20T03:12:02.588000Z,RASPISHAKE,https://data.raspberryshake.org/fdsnws/dataselect/1/query,35.0,evaluator_event_reference,AM.RAB7F.event.20260220T031127,3500,3500,0,3500,shared_event_window_across_target_snr_siblings
584,case-0584-noise-01,noise,1,AM,RAB7F,00,EH?,2025-06-02T14:31:41.825000Z,2025-06-02T14:34:46.825000Z,RASPISHAKE,https://data.raspberryshake.org/fdsnws/dataselect/1/query,35.0,primary_noise_chunk,AM.RAB7F.noise.20250602T143144,3500,3500,0,3500,shared_noise_sequence_across_target_snr_siblings
584,case-0584-noise-02,noise,2,AM,RAB7F,00,EH?,2025-07-01T23:08:11.251000Z,2025-07-01T23:11:15.831000Z,RASPISHAKE,https://data.raspberryshake.org/fdsnws/dataselect/1/query,35.0,continuation_noise_chunk,AM.RAB7F.noise.20250701T230813,3500,3500,3500,7000,shared_noise_sequence_across_target_snr_siblings
584,case-0584-noise-03,noise,3,AM,RAB7F,00,EH?,2025-06-28T17:31:52.407000Z,2025-06-28T17:34:55.867000Z,RASPISHAKE,https://data.raspberryshake.org/fdsnws/dataselect/1/query,35.0,continuation_noise_chunk_truncated,AM.RAB7F.noise.20250628T173153,3500,2000,7000,9000,shared_noise_sequence_across_target_snr_siblings
585,case-0585-event,event,0,AM,RAB7F,00,EH?,2026-02-20T03:11:27.588000Z,2026-02-20T03:12:02.588000Z,RASPISHAKE,https://data.raspberryshake.org/fdsnws/dataselect/1/query,35.0,evaluator_event_reference,AM.RAB7F.event.20260220T031127,3500,3500,0,3500,shared_event_window_across_target_snr_siblings
585,case-0585-noise-01,noise,1,AM,RAB7F,00,EH?,2025-06-02T14:31:41.825000Z,2025-06-02T14:34:46.825000Z,RASPISHAKE,https://data.raspberryshake.org/fdsnws/dataselect/1/query,35.0,primary_noise_chunk,AM.RAB7F.noise.20250602T143144,3500,3500,0,3500,shared_noise_sequence_across_target_snr_siblings
585,case-0585-noise-02,noise,2,AM,RAB7F,00,EH?,2025-07-01T23:08:11.251000Z,2025-07-01T23:11:15.831000Z,RASPISHAKE,https://data.raspberryshake.org/fdsnws/dataselect/1/query,35.0,continuation_noise_chunk,AM.RAB7F.noise.20250701T230813,3500,3500,3500,7000,shared_noise_sequence_across_target_snr_siblings
585,case-0585-noise-03,noise,3,AM,RAB7F,00,EH?,2025-06-28T17:31:52.407000Z,2025-06-28T17:34:55.867000Z,RASPISHAKE,https://data.raspberryshake.org/fdsnws/dataselect/1/query,35.0,continuation_noise_chunk_truncated,AM.RAB7F.noise.20250628T173153,3500,2000,7000,9000,shared_noise_sequence_across_target_snr_siblings
586,case-0586-event,event,0,AM,RAB7F,00,EH?,2026-04-06T07:52:18.144000Z,2026-04-06T07:52:53.144000Z,RASPISHAKE,https://data.raspberryshake.org/fdsnws/dataselect/1/query,35.0,evaluator_event_reference,AM.RAB7F.event.20260406T075218,3500,3500,0,3500,shared_event_window_across_target_snr_siblings
586,case-0586-noise-01,noise,1,AM,RAB7F,00,EH?,2025-07-01T10:18:19.238000Z,2025-07-01T10:21:22.578000Z,RASPISHAKE,https://data.raspberryshake.org/fdsnws/dataselect/1/query,35.0,primary_noise_chunk,AM.RAB7F.noise.20250701T101820,3500,3500,0,3500,shared_noise_sequence_across_target_snr_siblings
586,case-0586-noise-02,noise,2,AM,RAB7F,00,EH?,2025-06-29T00:22:57.965000Z,2025-06-29T00:26:01.005000Z,RASPISHAKE,https://data.raspberryshake.org/fdsnws/dataselect/1/query,35.0,continuation_noise_chunk,AM.RAB7F.noise.20250629T002258,3500,3500,3500,7000,shared_noise_sequence_across_target_snr_siblings
586,case-0586-noise-03,noise,3,AM,RAB7F,00,EH?,2025-06-27T10:36:12.469000Z,2025-06-27T10:39:16.209000Z,RASPISHAKE,https://data.raspberryshake.org/fdsnws/dataselect/1/query,35.0,continuation_noise_chunk_truncated,AM.RAB7F.noise.20250627T103614,3500,2000,7000,9000,shared_noise_sequence_across_target_snr_siblings
587,case-0587-event,event,0,AM,RAB7F,00,EH?,2026-04-06T07:52:18.144000Z,2026-04-06T07:52:53.144000Z,RASPISHAKE,https://data.raspberryshake.org/fdsnws/dataselect/1/query,35.0,evaluator_event_reference,AM.RAB7F.event.20260406T075218,3500,3500,0,3500,shared_event_window_across_target_snr_siblings
587,case-0587-noise-01,noise,1,AM,RAB7F,00,EH?,2025-07-01T10:18:19.238000Z,2025-07-01T10:21:22.578000Z,RASPISHAKE,https://data.raspberryshake.org/fdsnws/dataselect/1/query,35.0,primary_noise_chunk,AM.RAB7F.noise.20250701T101820,3500,3500,0,3500,shared_noise_sequence_across_target_snr_siblings
587,case-0587-noise-02,noise,2,AM,RAB7F,00,EH?,2025-06-29T00:22:57.965000Z,2025-06-29T00:26:01.005000Z,RASPISHAKE,https://data.raspberryshake.org/fdsnws/dataselect/1/query,35.0,continuation_noise_chunk,AM.RAB7F.noise.20250629T002258,3500,3500,3500,7000,shared_noise_sequence_across_target_snr_siblings
587,case-0587-noise-03,noise,3,AM,RAB7F,00,EH?,2025-06-27T10:36:12.469000Z,2025-06-27T10:39:16.209000Z,RASPISHAKE,https://data.raspberryshake.org/fdsnws/dataselect/1/query,35.0,continuation_noise_chunk_truncated,AM.RAB7F.noise.20250627T103614,3500,2000,7000,9000,shared_noise_sequence_across_target_snr_siblings
588,case-0588-event,event,0,AM,RAB7F,00,EH?,2026-04-06T07:52:18.144000Z,2026-04-06T07:52:53.144000Z,RASPISHAKE,https://data.raspberryshake.org/fdsnws/dataselect/1/query,35.0,evaluator_event_reference,AM.RAB7F.event.20260406T075218,3500,3500,0,3500,shared_event_window_across_target_snr_siblings
588,case-0588-noise-01,noise,1,AM,RAB7F,00,EH?,2025-07-01T10:18:19.238000Z,2025-07-01T10:21:22.578000Z,RASPISHAKE,https://data.raspberryshake.org/fdsnws/dataselect/1/query,35.0,primary_noise_chunk,AM.RAB7F.noise.20250701T101820,3500,3500,0,3500,shared_noise_sequence_across_target_snr_siblings
588,case-0588-noise-02,noise,2,AM,RAB7F,00,EH?,2025-06-29T00:22:57.965000Z,2025-06-29T00:26:01.005000Z,RASPISHAKE,https://data.raspberryshake.org/fdsnws/dataselect/1/query,35.0,continuation_noise_chunk,AM.RAB7F.noise.20250629T002258,3500,3500,3500,7000,shared_noise_sequence_across_target_snr_siblings
588,case-0588-noise-03,noise,3,AM,RAB7F,00,EH?,2025-06-27T10:36:12.469000Z,2025-06-27T10:39:16.209000Z,RASPISHAKE,https://data.raspberryshake.org/fdsnws/dataselect/1/query,35.0,continuation_noise_chunk_truncated,AM.RAB7F.noise.20250627T103614,3500,2000,7000,9000,shared_noise_sequence_across_target_snr_siblings
589,case-0589-event,event,0,AM,RAB7F,00,EH?,2026-04-24T12:11:38.744000Z,2026-04-24T12:12:13.744000Z,RASPISHAKE,https://data.raspberryshake.org/fdsnws/dataselect/1/query,35.0,evaluator_event_reference,AM.RAB7F.event.20260424T121138,3500,3500,0,3500,shared_event_window_across_target_snr_siblings
589,case-0589-noise-01,noise,1,AM,RAB7F,00,EH?,2025-06-01T00:23:42.268000Z,2025-06-01T00:26:47.368000Z,RASPISHAKE,https://data.raspberryshake.org/fdsnws/dataselect/1/query,35.0,primary_noise_chunk,AM.RAB7F.noise.20250601T002345,3500,3500,0,3500,shared_noise_sequence_across_target_snr_siblings
589,case-0589-noise-02,noise,2,AM,RAB7F,00,EH?,2025-06-01T00:58:49.998000Z,2025-06-01T01:01:55.668000Z,RASPISHAKE,https://data.raspberryshake.org/fdsnws/dataselect/1/query,35.0,continuation_noise_chunk,AM.RAB7F.noise.20250601T005852,3500,3500,3500,7000,shared_noise_sequence_across_target_snr_siblings
589,case-0589-noise-03,noise,3,AM,RAB7F,00,EH?,2025-06-27T12:54:24.918000Z,2025-06-27T12:57:29.078000Z,RASPISHAKE,https://data.raspberryshake.org/fdsnws/dataselect/1/query,35.0,continuation_noise_chunk_truncated,AM.RAB7F.noise.20250627T125426,3500,2000,7000,9000,shared_noise_sequence_across_target_snr_siblings
590,case-0590-event,event,0,AM,RAB7F,00,EH?,2026-04-24T12:11:38.744000Z,2026-04-24T12:12:13.744000Z,RASPISHAKE,https://data.raspberryshake.org/fdsnws/dataselect/1/query,35.0,evaluator_event_reference,AM.RAB7F.event.20260424T121138,3500,3500,0,3500,shared_event_window_across_target_snr_siblings
590,case-0590-noise-01,noise,1,AM,RAB7F,00,EH?,2025-06-01T00:23:42.268000Z,2025-06-01T00:26:47.368000Z,RASPISHAKE,https://data.raspberryshake.org/fdsnws/dataselect/1/query,35.0,primary_noise_chunk,AM.RAB7F.noise.20250601T002345,3500,3500,0,3500,shared_noise_sequence_across_target_snr_siblings
590,case-0590-noise-02,noise,2,AM,RAB7F,00,EH?,2025-06-01T00:58:49.998000Z,2025-06-01T01:01:55.668000Z,RASPISHAKE,https://data.raspberryshake.org/fdsnws/dataselect/1/query,35.0,continuation_noise_chunk,AM.RAB7F.noise.20250601T005852,3500,3500,3500,7000,shared_noise_sequence_across_target_snr_siblings
590,case-0590-noise-03,noise,3,AM,RAB7F,00,EH?,2025-06-27T12:54:24.918000Z,2025-06-27T12:57:29.078000Z,RASPISHAKE,https://data.raspberryshake.org/fdsnws/dataselect/1/query,35.0,continuation_noise_chunk_truncated,AM.RAB7F.noise.20250627T125426,3500,2000,7000,9000,shared_noise_sequence_across_target_snr_siblings
591,case-0591-event,event,0,AM,RAB7F,00,EH?,2026-04-24T12:11:38.744000Z,2026-04-24T12:12:13.744000Z,RASPISHAKE,https://data.raspberryshake.org/fdsnws/dataselect/1/query,35.0,evaluator_event_reference,AM.RAB7F.event.20260424T121138,3500,3500,0,3500,shared_event_window_across_target_snr_siblings
591,case-0591-noise-01,noise,1,AM,RAB7F,00,EH?,2025-06-01T00:23:42.268000Z,2025-06-01T00:26:47.368000Z,RASPISHAKE,https://data.raspberryshake.org/fdsnws/dataselect/1/query,35.0,primary_noise_chunk,AM.RAB7F.noise.20250601T002345,3500,3500,0,3500,shared_noise_sequence_across_target_snr_siblings
591,case-0591-noise-02,noise,2,AM,RAB7F,00,EH?,2025-06-01T00:58:49.998000Z,2025-06-01T01:01:55.668000Z,RASPISHAKE,https://data.raspberryshake.org/fdsnws/dataselect/1/query,35.0,continuation_noise_chunk,AM.RAB7F.noise.20250601T005852,3500,3500,3500,7000,shared_noise_sequence_across_target_snr_siblings
591,case-0591-noise-03,noise,3,AM,RAB7F,00,EH?,2025-06-27T12:54:24.918000Z,2025-06-27T12:57:29.078000Z,RASPISHAKE,https://data.raspberryshake.org/fdsnws/dataselect/1/query,35.0,continuation_noise_chunk_truncated,AM.RAB7F.noise.20250627T125426,3500,2000,7000,9000,shared_noise_sequence_across_target_snr_siblings
592,case-0592-event,event,0,AM,RAB7F,00,EH?,2026-05-16T15:02:29.658000Z,2026-05-16T15:03:04.658000Z,RASPISHAKE,https://data.raspberryshake.org/fdsnws/dataselect/1/query,35.0,evaluator_event_reference,AM.RAB7F.event.20260516T150229,3500,3500,0,3500,shared_event_window_across_target_snr_siblings
592,case-0592-noise-01,noise,1,AM,RAB7F,00,EH?,2025-06-24T23:29:56.199000Z,2025-06-24T23:33:01.309000Z,RASPISHAKE,https://data.raspberryshake.org/fdsnws/dataselect/1/query,35.0,primary_noise_chunk,AM.RAB7F.noise.20250624T232958,3500,3500,0,3500,shared_noise_sequence_across_target_snr_siblings
592,case-0592-noise-02,noise,2,AM,RAB7F,00,EH?,2025-06-01T15:15:15.905000Z,2025-06-01T15:18:21.875000Z,RASPISHAKE,https://data.raspberryshake.org/fdsnws/dataselect/1/query,35.0,continuation_noise_chunk,AM.RAB7F.noise.20250601T151518,3500,3500,3500,7000,shared_noise_sequence_across_target_snr_siblings
592,case-0592-noise-03,noise,3,AM,RAB7F,00,EH?,2025-07-01T23:08:11.251000Z,2025-07-01T23:11:15.831000Z,RASPISHAKE,https://data.raspberryshake.org/fdsnws/dataselect/1/query,35.0,continuation_noise_chunk_truncated,AM.RAB7F.noise.20250701T230813,3500,2000,7000,9000,shared_noise_sequence_across_target_snr_siblings
593,case-0593-event,event,0,AM,RAB7F,00,EH?,2026-05-16T15:02:29.658000Z,2026-05-16T15:03:04.658000Z,RASPISHAKE,https://data.raspberryshake.org/fdsnws/dataselect/1/query,35.0,evaluator_event_reference,AM.RAB7F.event.20260516T150229,3500,3500,0,3500,shared_event_window_across_target_snr_siblings
593,case-0593-noise-01,noise,1,AM,RAB7F,00,EH?,2025-06-24T23:29:56.199000Z,2025-06-24T23:33:01.309000Z,RASPISHAKE,https://data.raspberryshake.org/fdsnws/dataselect/1/query,35.0,primary_noise_chunk,AM.RAB7F.noise.20250624T232958,3500,3500,0,3500,shared_noise_sequence_across_target_snr_siblings
593,case-0593-noise-02,noise,2,AM,RAB7F,00,EH?,2025-06-01T15:15:15.905000Z,2025-06-01T15:18:21.875000Z,RASPISHAKE,https://data.raspberryshake.org/fdsnws/dataselect/1/query,35.0,continuation_noise_chunk,AM.RAB7F.noise.20250601T151518,3500,3500,3500,7000,shared_noise_sequence_across_target_snr_siblings
593,case-0593-noise-03,noise,3,AM,RAB7F,00,EH?,2025-07-01T23:08:11.251000Z,2025-07-01T23:11:15.831000Z,RASPISHAKE,https://data.raspberryshake.org/fdsnws/dataselect/1/query,35.0,continuation_noise_chunk_truncated,AM.RAB7F.noise.20250701T230813,3500,2000,7000,9000,shared_noise_sequence_across_target_snr_siblings
594,case-0594-event,event,0,AM,RAB7F,00,EH?,2026-05-16T15:02:29.658000Z,2026-05-16T15:03:04.658000Z,RASPISHAKE,https://data.raspberryshake.org/fdsnws/dataselect/1/query,35.0,evaluator_event_reference,AM.RAB7F.event.20260516T150229,3500,3500,0,3500,shared_event_window_across_target_snr_siblings
594,case-0594-noise-01,noise,1,AM,RAB7F,00,EH?,2025-06-24T23:29:56.199000Z,2025-06-24T23:33:01.309000Z,RASPISHAKE,https://data.raspberryshake.org/fdsnws/dataselect/1/query,35.0,primary_noise_chunk,AM.RAB7F.noise.20250624T232958,3500,3500,0,3500,shared_noise_sequence_across_target_snr_siblings
594,case-0594-noise-02,noise,2,AM,RAB7F,00,EH?,2025-06-01T15:15:15.905000Z,2025-06-01T15:18:21.875000Z,RASPISHAKE,https://data.raspberryshake.org/fdsnws/dataselect/1/query,35.0,continuation_noise_chunk,AM.RAB7F.noise.20250601T151518,3500,3500,3500,7000,shared_noise_sequence_across_target_snr_siblings
594,case-0594-noise-03,noise,3,AM,RAB7F,00,EH?,2025-07-01T23:08:11.251000Z,2025-07-01T23:11:15.831000Z,RASPISHAKE,https://data.raspberryshake.org/fdsnws/dataselect/1/query,35.0,continuation_noise_chunk_truncated,AM.RAB7F.noise.20250701T230813,3500,2000,7000,9000,shared_noise_sequence_across_target_snr_siblings
595,case-0595-event,event,0,AM,RAB7F,00,EH?,2026-05-20T06:01:20.948000Z,2026-05-20T06:01:55.948000Z,RASPISHAKE,https://data.raspberryshake.org/fdsnws/dataselect/1/query,35.0,evaluator_event_reference,AM.RAB7F.event.20260520T060120,3500,3500,0,3500,shared_event_window_across_target_snr_siblings
595,case-0595-noise-01,noise,1,AM,RAB7F,00,EH?,2025-06-02T17:28:14.375000Z,2025-06-02T17:31:19.855000Z,RASPISHAKE,https://data.raspberryshake.org/fdsnws/dataselect/1/query,35.0,primary_noise_chunk,AM.RAB7F.noise.20250602T172817,3500,3500,0,3500,shared_noise_sequence_across_target_snr_siblings
595,case-0595-noise-02,noise,2,AM,RAB7F,00,EH?,2025-06-03T00:03:53.034000Z,2025-06-03T00:06:58.104000Z,RASPISHAKE,https://data.raspberryshake.org/fdsnws/dataselect/1/query,35.0,continuation_noise_chunk,AM.RAB7F.noise.20250603T000356,3500,3500,3500,7000,shared_noise_sequence_across_target_snr_siblings
595,case-0595-noise-03,noise,3,AM,RAB7F,00,EH?,2025-06-24T22:55:28.199000Z,2025-06-24T22:58:33.259000Z,RASPISHAKE,https://data.raspberryshake.org/fdsnws/dataselect/1/query,35.0,continuation_noise_chunk_truncated,AM.RAB7F.noise.20250624T225530,3500,2000,7000,9000,shared_noise_sequence_across_target_snr_siblings
596,case-0596-event,event,0,AM,RAB7F,00,EH?,2026-05-20T06:01:20.948000Z,2026-05-20T06:01:55.948000Z,RASPISHAKE,https://data.raspberryshake.org/fdsnws/dataselect/1/query,35.0,evaluator_event_reference,AM.RAB7F.event.20260520T060120,3500,3500,0,3500,shared_event_window_across_target_snr_siblings
596,case-0596-noise-01,noise,1,AM,RAB7F,00,EH?,2025-06-02T17:28:14.375000Z,2025-06-02T17:31:19.855000Z,RASPISHAKE,https://data.raspberryshake.org/fdsnws/dataselect/1/query,35.0,primary_noise_chunk,AM.RAB7F.noise.20250602T172817,3500,3500,0,3500,shared_noise_sequence_across_target_snr_siblings
596,case-0596-noise-02,noise,2,AM,RAB7F,00,EH?,2025-06-03T00:03:53.034000Z,2025-06-03T00:06:58.104000Z,RASPISHAKE,https://data.raspberryshake.org/fdsnws/dataselect/1/query,35.0,continuation_noise_chunk,AM.RAB7F.noise.20250603T000356,3500,3500,3500,7000,shared_noise_sequence_across_target_snr_siblings
596,case-0596-noise-03,noise,3,AM,RAB7F,00,EH?,2025-06-24T22:55:28.199000Z,2025-06-24T22:58:33.259000Z,RASPISHAKE,https://data.raspberryshake.org/fdsnws/dataselect/1/query,35.0,continuation_noise_chunk_truncated,AM.RAB7F.noise.20250624T225530,3500,2000,7000,9000,shared_noise_sequence_across_target_snr_siblings
597,case-0597-event,event,0,AM,RAB7F,00,EH?,2026-05-20T06:01:20.948000Z,2026-05-20T06:01:55.948000Z,RASPISHAKE,https://data.raspberryshake.org/fdsnws/dataselect/1/query,35.0,evaluator_event_reference,AM.RAB7F.event.20260520T060120,3500,3500,0,3500,shared_event_window_across_target_snr_siblings
597,case-0597-noise-01,noise,1,AM,RAB7F,00,EH?,2025-06-02T17:28:14.375000Z,2025-06-02T17:31:19.855000Z,RASPISHAKE,https://data.raspberryshake.org/fdsnws/dataselect/1/query,35.0,primary_noise_chunk,AM.RAB7F.noise.20250602T172817,3500,3500,0,3500,shared_noise_sequence_across_target_snr_siblings
597,case-0597-noise-02,noise,2,AM,RAB7F,00,EH?,2025-06-03T00:03:53.034000Z,2025-06-03T00:06:58.104000Z,RASPISHAKE,https://data.raspberryshake.org/fdsnws/dataselect/1/query,35.0,continuation_noise_chunk,AM.RAB7F.noise.20250603T000356,3500,3500,3500,7000,shared_noise_sequence_across_target_snr_siblings
597,case-0597-noise-03,noise,3,AM,RAB7F,00,EH?,2025-06-24T22:55:28.199000Z,2025-06-24T22:58:33.259000Z,RASPISHAKE,https://data.raspberryshake.org/fdsnws/dataselect/1/query,35.0,continuation_noise_chunk_truncated,AM.RAB7F.noise.20250624T225530,3500,2000,7000,9000,shared_noise_sequence_across_target_snr_siblings
598,case-0598-event,event,0,AM,RAB7F,00,EH?,2026-05-29T14:38:45.778000Z,2026-05-29T14:39:20.778000Z,RASPISHAKE,https://data.raspberryshake.org/fdsnws/dataselect/1/query,35.0,evaluator_event_reference,AM.RAB7F.event.20260529T143845,3500,3500,0,3500,shared_event_window_across_target_snr_siblings
598,case-0598-noise-01,noise,1,AM,RAB7F,00,EH?,2025-07-01T08:14:44.268000Z,2025-07-01T08:17:48.618000Z,RASPISHAKE,https://data.raspberryshake.org/fdsnws/dataselect/1/query,35.0,primary_noise_chunk,AM.RAB7F.noise.20250701T081446,3500,3500,0,3500,shared_noise_sequence_across_target_snr_siblings
598,case-0598-noise-02,noise,2,AM,RAB7F,00,EH?,2025-06-28T00:40:44.128000Z,2025-06-28T00:43:47.958000Z,RASPISHAKE,https://data.raspberryshake.org/fdsnws/dataselect/1/query,35.0,continuation_noise_chunk,AM.RAB7F.noise.20250628T004045,3500,3500,3500,7000,shared_noise_sequence_across_target_snr_siblings
598,case-0598-noise-03,noise,3,AM,RAB7F,00,EH?,2025-06-27T22:17:51.223000Z,2025-06-27T22:20:54.703000Z,RASPISHAKE,https://data.raspberryshake.org/fdsnws/dataselect/1/query,35.0,continuation_noise_chunk_truncated,AM.RAB7F.noise.20250627T221752,3500,2000,7000,9000,shared_noise_sequence_across_target_snr_siblings
599,case-0599-event,event,0,AM,RAB7F,00,EH?,2026-05-29T14:38:45.778000Z,2026-05-29T14:39:20.778000Z,RASPISHAKE,https://data.raspberryshake.org/fdsnws/dataselect/1/query,35.0,evaluator_event_reference,AM.RAB7F.event.20260529T143845,3500,3500,0,3500,shared_event_window_across_target_snr_siblings
599,case-0599-noise-01,noise,1,AM,RAB7F,00,EH?,2025-07-01T08:14:44.268000Z,2025-07-01T08:17:48.618000Z,RASPISHAKE,https://data.raspberryshake.org/fdsnws/dataselect/1/query,35.0,primary_noise_chunk,AM.RAB7F.noise.20250701T081446,3500,3500,0,3500,shared_noise_sequence_across_target_snr_siblings
599,case-0599-noise-02,noise,2,AM,RAB7F,00,EH?,2025-06-28T00:40:44.128000Z,2025-06-28T00:43:47.958000Z,RASPISHAKE,https://data.raspberryshake.org/fdsnws/dataselect/1/query,35.0,continuation_noise_chunk,AM.RAB7F.noise.20250628T004045,3500,3500,3500,7000,shared_noise_sequence_across_target_snr_siblings
599,case-0599-noise-03,noise,3,AM,RAB7F,00,EH?,2025-06-27T22:17:51.223000Z,2025-06-27T22:20:54.703000Z,RASPISHAKE,https://data.raspberryshake.org/fdsnws/dataselect/1/query,35.0,continuation_noise_chunk_truncated,AM.RAB7F.noise.20250627T221752,3500,2000,7000,9000,shared_noise_sequence_across_target_snr_siblings
600,case-0600-event,event,0,AM,RAB7F,00,EH?,2026-05-29T14:38:45.778000Z,2026-05-29T14:39:20.778000Z,RASPISHAKE,https://data.raspberryshake.org/fdsnws/dataselect/1/query,35.0,evaluator_event_reference,AM.RAB7F.event.20260529T143845,3500,3500,0,3500,shared_event_window_across_target_snr_siblings
600,case-0600-noise-01,noise,1,AM,RAB7F,00,EH?,2025-07-01T08:14:44.268000Z,2025-07-01T08:17:48.618000Z,RASPISHAKE,https://data.raspberryshake.org/fdsnws/dataselect/1/query,35.0,primary_noise_chunk,AM.RAB7F.noise.20250701T081446,3500,3500,0,3500,shared_noise_sequence_across_target_snr_siblings
600,case-0600-noise-02,noise,2,AM,RAB7F,00,EH?,2025-06-28T00:40:44.128000Z,2025-06-28T00:43:47.958000Z,RASPISHAKE,https://data.raspberryshake.org/fdsnws/dataselect/1/query,35.0,continuation_noise_chunk,AM.RAB7F.noise.20250628T004045,3500,3500,3500,7000,shared_noise_sequence_across_target_snr_siblings
600,case-0600-noise-03,noise,3,AM,RAB7F,00,EH?,2025-06-27T22:17:51.223000Z,2025-06-27T22:20:54.703000Z,RASPISHAKE,https://data.raspberryshake.org/fdsnws/dataselect/1/query,35.0,continuation_noise_chunk_truncated,AM.RAB7F.noise.20250627T221752,3500,2000,7000,9000,shared_noise_sequence_across_target_snr_siblings
601,case-0601-event,event,0,AM,RAC20,00,EH?,2026-04-25T07:39:30.091000Z,2026-04-25T07:40:05.091000Z,RASPISHAKE,https://data.raspberryshake.org/fdsnws/dataselect/1/query,35.0,evaluator_event_reference,AM.RAC20.event.20260425T073930,3500,3500,0,3500,shared_event_window_across_target_snr_siblings
601,case-0601-noise-01,noise,1,AM,RAC20,00,EH?,2025-06-03T13:01:07.382000Z,2025-06-03T13:04:15.022000Z,RASPISHAKE,https://data.raspberryshake.org/fdsnws/dataselect/1/query,35.0,primary_noise_chunk,AM.RAC20.noise.20250603T130111,3500,3500,0,3500,shared_noise_sequence_across_target_snr_siblings
601,case-0601-noise-02,noise,2,AM,RAC20,00,EH?,2025-06-05T12:58:02.302000Z,2025-06-05T13:01:07.982000Z,RASPISHAKE,https://data.raspberryshake.org/fdsnws/dataselect/1/query,35.0,continuation_noise_chunk,AM.RAC20.noise.20250605T125804,3500,3500,3500,7000,shared_noise_sequence_across_target_snr_siblings
601,case-0601-noise-03,noise,3,AM,RAC20,00,EH?,2025-06-05T07:10:38.492000Z,2025-06-05T07:13:43.452000Z,RASPISHAKE,https://data.raspberryshake.org/fdsnws/dataselect/1/query,35.0,continuation_noise_chunk_truncated,AM.RAC20.noise.20250605T071041,3500,2000,7000,9000,shared_noise_sequence_across_target_snr_siblings
602,case-0602-event,event,0,AM,RAC20,00,EH?,2026-04-25T07:39:30.091000Z,2026-04-25T07:40:05.091000Z,RASPISHAKE,https://data.raspberryshake.org/fdsnws/dataselect/1/query,35.0,evaluator_event_reference,AM.RAC20.event.20260425T073930,3500,3500,0,3500,shared_event_window_across_target_snr_siblings
602,case-0602-noise-01,noise,1,AM,RAC20,00,EH?,2025-06-03T13:01:07.382000Z,2025-06-03T13:04:15.022000Z,RASPISHAKE,https://data.raspberryshake.org/fdsnws/dataselect/1/query,35.0,primary_noise_chunk,AM.RAC20.noise.20250603T130111,3500,3500,0,3500,shared_noise_sequence_across_target_snr_siblings
602,case-0602-noise-02,noise,2,AM,RAC20,00,EH?,2025-06-05T12:58:02.302000Z,2025-06-05T13:01:07.982000Z,RASPISHAKE,https://data.raspberryshake.org/fdsnws/dataselect/1/query,35.0,continuation_noise_chunk,AM.RAC20.noise.20250605T125804,3500,3500,3500,7000,shared_noise_sequence_across_target_snr_siblings
602,case-0602-noise-03,noise,3,AM,RAC20,00,EH?,2025-06-05T07:10:38.492000Z,2025-06-05T07:13:43.452000Z,RASPISHAKE,https://data.raspberryshake.org/fdsnws/dataselect/1/query,35.0,continuation_noise_chunk_truncated,AM.RAC20.noise.20250605T071041,3500,2000,7000,9000,shared_noise_sequence_across_target_snr_siblings
603,case-0603-event,event,0,AM,RAC20,00,EH?,2026-04-25T07:39:30.091000Z,2026-04-25T07:40:05.091000Z,RASPISHAKE,https://data.raspberryshake.org/fdsnws/dataselect/1/query,35.0,evaluator_event_reference,AM.RAC20.event.20260425T073930,3500,3500,0,3500,shared_event_window_across_target_snr_siblings
603,case-0603-noise-01,noise,1,AM,RAC20,00,EH?,2025-06-03T13:01:07.382000Z,2025-06-03T13:04:15.022000Z,RASPISHAKE,https://data.raspberryshake.org/fdsnws/dataselect/1/query,35.0,primary_noise_chunk,AM.RAC20.noise.20250603T130111,3500,3500,0,3500,shared_noise_sequence_across_target_snr_siblings
603,case-0603-noise-02,noise,2,AM,RAC20,00,EH?,2025-06-05T12:58:02.302000Z,2025-06-05T13:01:07.982000Z,RASPISHAKE,https://data.raspberryshake.org/fdsnws/dataselect/1/query,35.0,continuation_noise_chunk,AM.RAC20.noise.20250605T125804,3500,3500,3500,7000,shared_noise_sequence_across_target_snr_siblings
603,case-0603-noise-03,noise,3,AM,RAC20,00,EH?,2025-06-05T07:10:38.492000Z,2025-06-05T07:13:43.452000Z,RASPISHAKE,https://data.raspberryshake.org/fdsnws/dataselect/1/query,35.0,continuation_noise_chunk_truncated,AM.RAC20.noise.20250605T071041,3500,2000,7000,9000,shared_noise_sequence_across_target_snr_siblings
604,case-0604-event,event,0,AM,RAC20,00,EH?,2026-04-25T12:12:22.591000Z,2026-04-25T12:12:57.591000Z,RASPISHAKE,https://data.raspberryshake.org/fdsnws/dataselect/1/query,35.0,evaluator_event_reference,AM.RAC20.event.20260425T121222,3500,3500,0,3500,shared_event_window_across_target_snr_siblings
604,case-0604-noise-01,noise,1,AM,RAC20,00,EH?,2025-06-09T12:34:52.302000Z,2025-06-09T12:37:58.672000Z,RASPISHAKE,https://data.raspberryshake.org/fdsnws/dataselect/1/query,35.0,primary_noise_chunk,AM.RAC20.noise.20250609T123456,3500,3500,0,3500,shared_noise_sequence_across_target_snr_siblings
604,case-0604-noise-02,noise,2,AM,RAC20,00,EH?,2025-06-10T21:18:08.532000Z,2025-06-10T21:21:14.882000Z,RASPISHAKE,https://data.raspberryshake.org/fdsnws/dataselect/1/query,35.0,continuation_noise_chunk,AM.RAC20.noise.20250610T211811,3500,3500,3500,7000,shared_noise_sequence_across_target_snr_siblings
604,case-0604-noise-03,noise,3,AM,RAC20,00,EH?,2025-06-09T17:16:42.772000Z,2025-06-09T17:19:50.292000Z,RASPISHAKE,https://data.raspberryshake.org/fdsnws/dataselect/1/query,35.0,continuation_noise_chunk_truncated,AM.RAC20.noise.20250609T171646,3500,2000,7000,9000,shared_noise_sequence_across_target_snr_siblings
605,case-0605-event,event,0,AM,RAC20,00,EH?,2026-04-25T12:12:22.591000Z,2026-04-25T12:12:57.591000Z,RASPISHAKE,https://data.raspberryshake.org/fdsnws/dataselect/1/query,35.0,evaluator_event_reference,AM.RAC20.event.20260425T121222,3500,3500,0,3500,shared_event_window_across_target_snr_siblings
605,case-0605-noise-01,noise,1,AM,RAC20,00,EH?,2025-06-09T12:34:52.302000Z,2025-06-09T12:37:58.672000Z,RASPISHAKE,https://data.raspberryshake.org/fdsnws/dataselect/1/query,35.0,primary_noise_chunk,AM.RAC20.noise.20250609T123456,3500,3500,0,3500,shared_noise_sequence_across_target_snr_siblings
605,case-0605-noise-02,noise,2,AM,RAC20,00,EH?,2025-06-10T21:18:08.532000Z,2025-06-10T21:21:14.882000Z,RASPISHAKE,https://data.raspberryshake.org/fdsnws/dataselect/1/query,35.0,continuation_noise_chunk,AM.RAC20.noise.20250610T211811,3500,3500,3500,7000,shared_noise_sequence_across_target_snr_siblings
605,case-0605-noise-03,noise,3,AM,RAC20,00,EH?,2025-06-09T17:16:42.772000Z,2025-06-09T17:19:50.292000Z,RASPISHAKE,https://data.raspberryshake.org/fdsnws/dataselect/1/query,35.0,continuation_noise_chunk_truncated,AM.RAC20.noise.20250609T171646,3500,2000,7000,9000,shared_noise_sequence_across_target_snr_siblings
606,case-0606-event,event,0,AM,RAC20,00,EH?,2026-04-25T12:12:22.591000Z,2026-04-25T12:12:57.591000Z,RASPISHAKE,https://data.raspberryshake.org/fdsnws/dataselect/1/query,35.0,evaluator_event_reference,AM.RAC20.event.20260425T121222,3500,3500,0,3500,shared_event_window_across_target_snr_siblings
606,case-0606-noise-01,noise,1,AM,RAC20,00,EH?,2025-06-09T12:34:52.302000Z,2025-06-09T12:37:58.672000Z,RASPISHAKE,https://data.raspberryshake.org/fdsnws/dataselect/1/query,35.0,primary_noise_chunk,AM.RAC20.noise.20250609T123456,3500,3500,0,3500,shared_noise_sequence_across_target_snr_siblings
606,case-0606-noise-02,noise,2,AM,RAC20,00,EH?,2025-06-10T21:18:08.532000Z,2025-06-10T21:21:14.882000Z,RASPISHAKE,https://data.raspberryshake.org/fdsnws/dataselect/1/query,35.0,continuation_noise_chunk,AM.RAC20.noise.20250610T211811,3500,3500,3500,7000,shared_noise_sequence_across_target_snr_siblings
606,case-0606-noise-03,noise,3,AM,RAC20,00,EH?,2025-06-09T17:16:42.772000Z,2025-06-09T17:19:50.292000Z,RASPISHAKE,https://data.raspberryshake.org/fdsnws/dataselect/1/query,35.0,continuation_noise_chunk_truncated,AM.RAC20.noise.20250609T171646,3500,2000,7000,9000,shared_noise_sequence_across_target_snr_siblings
607,case-0607-event,event,0,AM,RAC20,00,EH?,2026-05-01T08:18:41.041000Z,2026-05-01T08:19:16.041000Z,RASPISHAKE,https://data.raspberryshake.org/fdsnws/dataselect/1/query,35.0,evaluator_event_reference,AM.RAC20.event.20260501T081841,3500,3500,0,3500,shared_event_window_across_target_snr_siblings
607,case-0607-noise-01,noise,1,AM,RAC20,00,EH?,2025-06-09T03:14:06.582000Z,2025-06-09T03:17:11.762000Z,RASPISHAKE,https://data.raspberryshake.org/fdsnws/dataselect/1/query,35.0,primary_noise_chunk,AM.RAC20.noise.20250609T031408,3500,3500,0,3500,shared_noise_sequence_across_target_snr_siblings
607,case-0607-noise-02,noise,2,AM,RAC20,00,EH?,2025-06-09T07:25:45.002000Z,2025-06-09T07:28:51.292000Z,RASPISHAKE,https://data.raspberryshake.org/fdsnws/dataselect/1/query,35.0,continuation_noise_chunk,AM.RAC20.noise.20250609T072549,3500,3500,3500,7000,shared_noise_sequence_across_target_snr_siblings
607,case-0607-noise-03,noise,3,AM,RAC20,00,EH?,2025-06-01T00:58:49.772000Z,2025-06-01T01:01:55.292000Z,RASPISHAKE,https://data.raspberryshake.org/fdsnws/dataselect/1/query,35.0,continuation_noise_chunk_truncated,AM.RAC20.noise.20250601T005852,3500,2000,7000,9000,shared_noise_sequence_across_target_snr_siblings
608,case-0608-event,event,0,AM,RAC20,00,EH?,2026-05-01T08:18:41.041000Z,2026-05-01T08:19:16.041000Z,RASPISHAKE,https://data.raspberryshake.org/fdsnws/dataselect/1/query,35.0,evaluator_event_reference,AM.RAC20.event.20260501T081841,3500,3500,0,3500,shared_event_window_across_target_snr_siblings
608,case-0608-noise-01,noise,1,AM,RAC20,00,EH?,2025-06-09T03:14:06.582000Z,2025-06-09T03:17:11.762000Z,RASPISHAKE,https://data.raspberryshake.org/fdsnws/dataselect/1/query,35.0,primary_noise_chunk,AM.RAC20.noise.20250609T031408,3500,3500,0,3500,shared_noise_sequence_across_target_snr_siblings
608,case-0608-noise-02,noise,2,AM,RAC20,00,EH?,2025-06-09T07:25:45.002000Z,2025-06-09T07:28:51.292000Z,RASPISHAKE,https://data.raspberryshake.org/fdsnws/dataselect/1/query,35.0,continuation_noise_chunk,AM.RAC20.noise.20250609T072549,3500,3500,3500,7000,shared_noise_sequence_across_target_snr_siblings
608,case-0608-noise-03,noise,3,AM,RAC20,00,EH?,2025-06-01T00:58:49.772000Z,2025-06-01T01:01:55.292000Z,RASPISHAKE,https://data.raspberryshake.org/fdsnws/dataselect/1/query,35.0,continuation_noise_chunk_truncated,AM.RAC20.noise.20250601T005852,3500,2000,7000,9000,shared_noise_sequence_across_target_snr_siblings
609,case-0609-event,event,0,AM,RAC20,00,EH?,2026-05-01T08:18:41.041000Z,2026-05-01T08:19:16.041000Z,RASPISHAKE,https://data.raspberryshake.org/fdsnws/dataselect/1/query,35.0,evaluator_event_reference,AM.RAC20.event.20260501T081841,3500,3500,0,3500,shared_event_window_across_target_snr_siblings
609,case-0609-noise-01,noise,1,AM,RAC20,00,EH?,2025-06-09T03:14:06.582000Z,2025-06-09T03:17:11.762000Z,RASPISHAKE,https://data.raspberryshake.org/fdsnws/dataselect/1/query,35.0,primary_noise_chunk,AM.RAC20.noise.20250609T031408,3500,3500,0,3500,shared_noise_sequence_across_target_snr_siblings
609,case-0609-noise-02,noise,2,AM,RAC20,00,EH?,2025-06-09T07:25:45.002000Z,2025-06-09T07:28:51.292000Z,RASPISHAKE,https://data.raspberryshake.org/fdsnws/dataselect/1/query,35.0,continuation_noise_chunk,AM.RAC20.noise.20250609T072549,3500,3500,3500,7000,shared_noise_sequence_across_target_snr_siblings
609,case-0609-noise-03,noise,3,AM,RAC20,00,EH?,2025-06-01T00:58:49.772000Z,2025-06-01T01:01:55.292000Z,RASPISHAKE,https://data.raspberryshake.org/fdsnws/dataselect/1/query,35.0,continuation_noise_chunk_truncated,AM.RAC20.noise.20250601T005852,3500,2000,7000,9000,shared_noise_sequence_across_target_snr_siblings
610,case-0610-event,event,0,AM,RAC20,00,EH?,2026-05-04T03:13:25.541000Z,2026-05-04T03:14:00.541000Z,RASPISHAKE,https://data.raspberryshake.org/fdsnws/dataselect/1/query,35.0,evaluator_event_reference,AM.RAC20.event.20260504T031325,3500,3500,0,3500,shared_event_window_across_target_snr_siblings
610,case-0610-noise-01,noise,1,AM,RAC20,00,EH?,2025-06-04T00:48:13.772000Z,2025-06-04T00:51:18.792000Z,RASPISHAKE,https://data.raspberryshake.org/fdsnws/dataselect/1/query,35.0,primary_noise_chunk,AM.RAC20.noise.20250604T004815,3500,3500,0,3500,shared_noise_sequence_across_target_snr_siblings
610,case-0610-noise-02,noise,2,AM,RAC20,00,EH?,2025-06-10T21:18:08.532000Z,2025-06-10T21:21:14.882000Z,RASPISHAKE,https://data.raspberryshake.org/fdsnws/dataselect/1/query,35.0,continuation_noise_chunk,AM.RAC20.noise.20250610T211811,3500,3500,3500,7000,shared_noise_sequence_across_target_snr_siblings
610,case-0610-noise-03,noise,3,AM,RAC20,00,EH?,2025-06-02T19:28:36.952000Z,2025-06-02T19:31:42.562000Z,RASPISHAKE,https://data.raspberryshake.org/fdsnws/dataselect/1/query,35.0,continuation_noise_chunk_truncated,AM.RAC20.noise.20250602T192840,3500,2000,7000,9000,shared_noise_sequence_across_target_snr_siblings
611,case-0611-event,event,0,AM,RAC20,00,EH?,2026-05-04T03:13:25.541000Z,2026-05-04T03:14:00.541000Z,RASPISHAKE,https://data.raspberryshake.org/fdsnws/dataselect/1/query,35.0,evaluator_event_reference,AM.RAC20.event.20260504T031325,3500,3500,0,3500,shared_event_window_across_target_snr_siblings
611,case-0611-noise-01,noise,1,AM,RAC20,00,EH?,2025-06-04T00:48:13.772000Z,2025-06-04T00:51:18.792000Z,RASPISHAKE,https://data.raspberryshake.org/fdsnws/dataselect/1/query,35.0,primary_noise_chunk,AM.RAC20.noise.20250604T004815,3500,3500,0,3500,shared_noise_sequence_across_target_snr_siblings
611,case-0611-noise-02,noise,2,AM,RAC20,00,EH?,2025-06-10T21:18:08.532000Z,2025-06-10T21:21:14.882000Z,RASPISHAKE,https://data.raspberryshake.org/fdsnws/dataselect/1/query,35.0,continuation_noise_chunk,AM.RAC20.noise.20250610T211811,3500,3500,3500,7000,shared_noise_sequence_across_target_snr_siblings
611,case-0611-noise-03,noise,3,AM,RAC20,00,EH?,2025-06-02T19:28:36.952000Z,2025-06-02T19:31:42.562000Z,RASPISHAKE,https://data.raspberryshake.org/fdsnws/dataselect/1/query,35.0,continuation_noise_chunk_truncated,AM.RAC20.noise.20250602T192840,3500,2000,7000,9000,shared_noise_sequence_across_target_snr_siblings
612,case-0612-event,event,0,AM,RAC20,00,EH?,2026-05-04T03:13:25.541000Z,2026-05-04T03:14:00.541000Z,RASPISHAKE,https://data.raspberryshake.org/fdsnws/dataselect/1/query,35.0,evaluator_event_reference,AM.RAC20.event.20260504T031325,3500,3500,0,3500,shared_event_window_across_target_snr_siblings
612,case-0612-noise-01,noise,1,AM,RAC20,00,EH?,2025-06-04T00:48:13.772000Z,2025-06-04T00:51:18.792000Z,RASPISHAKE,https://data.raspberryshake.org/fdsnws/dataselect/1/query,35.0,primary_noise_chunk,AM.RAC20.noise.20250604T004815,3500,3500,0,3500,shared_noise_sequence_across_target_snr_siblings
612,case-0612-noise-02,noise,2,AM,RAC20,00,EH?,2025-06-10T21:18:08.532000Z,2025-06-10T21:21:14.882000Z,RASPISHAKE,https://data.raspberryshake.org/fdsnws/dataselect/1/query,35.0,continuation_noise_chunk,AM.RAC20.noise.20250610T211811,3500,3500,3500,7000,shared_noise_sequence_across_target_snr_siblings
612,case-0612-noise-03,noise,3,AM,RAC20,00,EH?,2025-06-02T19:28:36.952000Z,2025-06-02T19:31:42.562000Z,RASPISHAKE,https://data.raspberryshake.org/fdsnws/dataselect/1/query,35.0,continuation_noise_chunk_truncated,AM.RAC20.noise.20250602T192840,3500,2000,7000,9000,shared_noise_sequence_across_target_snr_siblings
613,case-0613-event,event,0,AM,RAC20,00,EH?,2026-05-09T04:58:48.581000Z,2026-05-09T04:59:23.581000Z,RASPISHAKE,https://data.raspberryshake.org/fdsnws/dataselect/1/query,35.0,evaluator_event_reference,AM.RAC20.event.20260509T045848,3500,3500,0,3500,shared_event_window_across_target_snr_siblings
613,case-0613-noise-01,noise,1,AM,RAC20,00,EH?,2025-06-10T11:38:05.692000Z,2025-06-10T11:41:09.992000Z,RASPISHAKE,https://data.raspberryshake.org/fdsnws/dataselect/1/query,35.0,primary_noise_chunk,AM.RAC20.noise.20250610T113808,3500,3500,0,3500,shared_noise_sequence_across_target_snr_siblings
613,case-0613-noise-02,noise,2,AM,RAC20,00,EH?,2025-06-09T07:25:45.002000Z,2025-06-09T07:28:51.292000Z,RASPISHAKE,https://data.raspberryshake.org/fdsnws/dataselect/1/query,35.0,continuation_noise_chunk,AM.RAC20.noise.20250609T072549,3500,3500,3500,7000,shared_noise_sequence_across_target_snr_siblings
613,case-0613-noise-03,noise,3,AM,RAC20,00,EH?,2025-06-05T10:07:21.562000Z,2025-06-05T10:10:26.742000Z,RASPISHAKE,https://data.raspberryshake.org/fdsnws/dataselect/1/query,35.0,continuation_noise_chunk_truncated,AM.RAC20.noise.20250605T100724,3500,2000,7000,9000,shared_noise_sequence_across_target_snr_siblings
614,case-0614-event,event,0,AM,RAC20,00,EH?,2026-05-09T04:58:48.581000Z,2026-05-09T04:59:23.581000Z,RASPISHAKE,https://data.raspberryshake.org/fdsnws/dataselect/1/query,35.0,evaluator_event_reference,AM.RAC20.event.20260509T045848,3500,3500,0,3500,shared_event_window_across_target_snr_siblings
614,case-0614-noise-01,noise,1,AM,RAC20,00,EH?,2025-06-10T11:38:05.692000Z,2025-06-10T11:41:09.992000Z,RASPISHAKE,https://data.raspberryshake.org/fdsnws/dataselect/1/query,35.0,primary_noise_chunk,AM.RAC20.noise.20250610T113808,3500,3500,0,3500,shared_noise_sequence_across_target_snr_siblings
614,case-0614-noise-02,noise,2,AM,RAC20,00,EH?,2025-06-09T07:25:45.002000Z,2025-06-09T07:28:51.292000Z,RASPISHAKE,https://data.raspberryshake.org/fdsnws/dataselect/1/query,35.0,continuation_noise_chunk,AM.RAC20.noise.20250609T072549,3500,3500,3500,7000,shared_noise_sequence_across_target_snr_siblings
614,case-0614-noise-03,noise,3,AM,RAC20,00,EH?,2025-06-05T10:07:21.562000Z,2025-06-05T10:10:26.742000Z,RASPISHAKE,https://data.raspberryshake.org/fdsnws/dataselect/1/query,35.0,continuation_noise_chunk_truncated,AM.RAC20.noise.20250605T100724,3500,2000,7000,9000,shared_noise_sequence_across_target_snr_siblings
615,case-0615-event,event,0,AM,RAC20,00,EH?,2026-05-09T04:58:48.581000Z,2026-05-09T04:59:23.581000Z,RASPISHAKE,https://data.raspberryshake.org/fdsnws/dataselect/1/query,35.0,evaluator_event_reference,AM.RAC20.event.20260509T045848,3500,3500,0,3500,shared_event_window_across_target_snr_siblings
615,case-0615-noise-01,noise,1,AM,RAC20,00,EH?,2025-06-10T11:38:05.692000Z,2025-06-10T11:41:09.992000Z,RASPISHAKE,https://data.raspberryshake.org/fdsnws/dataselect/1/query,35.0,primary_noise_chunk,AM.RAC20.noise.20250610T113808,3500,3500,0,3500,shared_noise_sequence_across_target_snr_siblings
615,case-0615-noise-02,noise,2,AM,RAC20,00,EH?,2025-06-09T07:25:45.002000Z,2025-06-09T07:28:51.292000Z,RASPISHAKE,https://data.raspberryshake.org/fdsnws/dataselect/1/query,35.0,continuation_noise_chunk,AM.RAC20.noise.20250609T072549,3500,3500,3500,7000,shared_noise_sequence_across_target_snr_siblings
615,case-0615-noise-03,noise,3,AM,RAC20,00,EH?,2025-06-05T10:07:21.562000Z,2025-06-05T10:10:26.742000Z,RASPISHAKE,https://data.raspberryshake.org/fdsnws/dataselect/1/query,35.0,continuation_noise_chunk_truncated,AM.RAC20.noise.20250605T100724,3500,2000,7000,9000,shared_noise_sequence_across_target_snr_siblings
616,case-0616-event,event,0,AM,RAC20,00,EH?,2026-05-15T11:07:39.571000Z,2026-05-15T11:08:14.571000Z,RASPISHAKE,https://data.raspberryshake.org/fdsnws/dataselect/1/query,35.0,evaluator_event_reference,AM.RAC20.event.20260515T110739,3500,3500,0,3500,shared_event_window_across_target_snr_siblings
616,case-0616-noise-01,noise,1,AM,RAC20,00,EH?,2025-06-09T07:25:45.002000Z,2025-06-09T07:28:51.292000Z,RASPISHAKE,https://data.raspberryshake.org/fdsnws/dataselect/1/query,35.0,primary_noise_chunk,AM.RAC20.noise.20250609T072549,3500,3500,0,3500,shared_noise_sequence_across_target_snr_siblings
616,case-0616-noise-02,noise,2,AM,RAC20,00,EH?,2025-06-09T03:14:06.582000Z,2025-06-09T03:17:11.762000Z,RASPISHAKE,https://data.raspberryshake.org/fdsnws/dataselect/1/query,35.0,continuation_noise_chunk,AM.RAC20.noise.20250609T031408,3500,3500,3500,7000,shared_noise_sequence_across_target_snr_siblings
616,case-0616-noise-03,noise,3,AM,RAC20,00,EH?,2025-06-10T21:18:08.532000Z,2025-06-10T21:21:14.882000Z,RASPISHAKE,https://data.raspberryshake.org/fdsnws/dataselect/1/query,35.0,continuation_noise_chunk_truncated,AM.RAC20.noise.20250610T211811,3500,2000,7000,9000,shared_noise_sequence_across_target_snr_siblings
617,case-0617-event,event,0,AM,RAC20,00,EH?,2026-05-15T11:07:39.571000Z,2026-05-15T11:08:14.571000Z,RASPISHAKE,https://data.raspberryshake.org/fdsnws/dataselect/1/query,35.0,evaluator_event_reference,AM.RAC20.event.20260515T110739,3500,3500,0,3500,shared_event_window_across_target_snr_siblings
617,case-0617-noise-01,noise,1,AM,RAC20,00,EH?,2025-06-09T07:25:45.002000Z,2025-06-09T07:28:51.292000Z,RASPISHAKE,https://data.raspberryshake.org/fdsnws/dataselect/1/query,35.0,primary_noise_chunk,AM.RAC20.noise.20250609T072549,3500,3500,0,3500,shared_noise_sequence_across_target_snr_siblings
617,case-0617-noise-02,noise,2,AM,RAC20,00,EH?,2025-06-09T03:14:06.582000Z,2025-06-09T03:17:11.762000Z,RASPISHAKE,https://data.raspberryshake.org/fdsnws/dataselect/1/query,35.0,continuation_noise_chunk,AM.RAC20.noise.20250609T031408,3500,3500,3500,7000,shared_noise_sequence_across_target_snr_siblings
617,case-0617-noise-03,noise,3,AM,RAC20,00,EH?,2025-06-10T21:18:08.532000Z,2025-06-10T21:21:14.882000Z,RASPISHAKE,https://data.raspberryshake.org/fdsnws/dataselect/1/query,35.0,continuation_noise_chunk_truncated,AM.RAC20.noise.20250610T211811,3500,2000,7000,9000,shared_noise_sequence_across_target_snr_siblings
618,case-0618-event,event,0,AM,RAC20,00,EH?,2026-05-15T11:07:39.571000Z,2026-05-15T11:08:14.571000Z,RASPISHAKE,https://data.raspberryshake.org/fdsnws/dataselect/1/query,35.0,evaluator_event_reference,AM.RAC20.event.20260515T110739,3500,3500,0,3500,shared_event_window_across_target_snr_siblings
618,case-0618-noise-01,noise,1,AM,RAC20,00,EH?,2025-06-09T07:25:45.002000Z,2025-06-09T07:28:51.292000Z,RASPISHAKE,https://data.raspberryshake.org/fdsnws/dataselect/1/query,35.0,primary_noise_chunk,AM.RAC20.noise.20250609T072549,3500,3500,0,3500,shared_noise_sequence_across_target_snr_siblings
618,case-0618-noise-02,noise,2,AM,RAC20,00,EH?,2025-06-09T03:14:06.582000Z,2025-06-09T03:17:11.762000Z,RASPISHAKE,https://data.raspberryshake.org/fdsnws/dataselect/1/query,35.0,continuation_noise_chunk,AM.RAC20.noise.20250609T031408,3500,3500,3500,7000,shared_noise_sequence_across_target_snr_siblings
618,case-0618-noise-03,noise,3,AM,RAC20,00,EH?,2025-06-10T21:18:08.532000Z,2025-06-10T21:21:14.882000Z,RASPISHAKE,https://data.raspberryshake.org/fdsnws/dataselect/1/query,35.0,continuation_noise_chunk_truncated,AM.RAC20.noise.20250610T211811,3500,2000,7000,9000,shared_noise_sequence_across_target_snr_siblings
619,case-0619-event,event,0,AM,RAC20,00,EH?,2026-05-25T08:54:23.591000Z,2026-05-25T08:54:58.591000Z,RASPISHAKE,https://data.raspberryshake.org/fdsnws/dataselect/1/query,35.0,evaluator_event_reference,AM.RAC20.event.20260525T085423,3500,3500,0,3500,shared_event_window_across_target_snr_siblings
619,case-0619-noise-01,noise,1,AM,RAC20,00,EH?,2025-06-02T17:28:13.182000Z,2025-06-02T17:31:18.762000Z,RASPISHAKE,https://data.raspberryshake.org/fdsnws/dataselect/1/query,35.0,primary_noise_chunk,AM.RAC20.noise.20250602T172817,3500,3500,0,3500,shared_noise_sequence_across_target_snr_siblings
619,case-0619-noise-02,noise,2,AM,RAC20,00,EH?,2025-06-08T16:29:14.392000Z,2025-06-08T16:32:19.742000Z,RASPISHAKE,https://data.raspberryshake.org/fdsnws/dataselect/1/query,35.0,continuation_noise_chunk,AM.RAC20.noise.20250608T162917,3500,3500,3500,7000,shared_noise_sequence_across_target_snr_siblings
619,case-0619-noise-03,noise,3,AM,RAC20,00,EH?,2025-06-07T23:52:57.452000Z,2025-06-07T23:56:02.582000Z,RASPISHAKE,https://data.raspberryshake.org/fdsnws/dataselect/1/query,35.0,continuation_noise_chunk_truncated,AM.RAC20.noise.20250607T235259,3500,2000,7000,9000,shared_noise_sequence_across_target_snr_siblings
620,case-0620-event,event,0,AM,RAC20,00,EH?,2026-05-25T08:54:23.591000Z,2026-05-25T08:54:58.591000Z,RASPISHAKE,https://data.raspberryshake.org/fdsnws/dataselect/1/query,35.0,evaluator_event_reference,AM.RAC20.event.20260525T085423,3500,3500,0,3500,shared_event_window_across_target_snr_siblings
620,case-0620-noise-01,noise,1,AM,RAC20,00,EH?,2025-06-02T17:28:13.182000Z,2025-06-02T17:31:18.762000Z,RASPISHAKE,https://data.raspberryshake.org/fdsnws/dataselect/1/query,35.0,primary_noise_chunk,AM.RAC20.noise.20250602T172817,3500,3500,0,3500,shared_noise_sequence_across_target_snr_siblings
620,case-0620-noise-02,noise,2,AM,RAC20,00,EH?,2025-06-08T16:29:14.392000Z,2025-06-08T16:32:19.742000Z,RASPISHAKE,https://data.raspberryshake.org/fdsnws/dataselect/1/query,35.0,continuation_noise_chunk,AM.RAC20.noise.20250608T162917,3500,3500,3500,7000,shared_noise_sequence_across_target_snr_siblings
620,case-0620-noise-03,noise,3,AM,RAC20,00,EH?,2025-06-07T23:52:57.452000Z,2025-06-07T23:56:02.582000Z,RASPISHAKE,https://data.raspberryshake.org/fdsnws/dataselect/1/query,35.0,continuation_noise_chunk_truncated,AM.RAC20.noise.20250607T235259,3500,2000,7000,9000,shared_noise_sequence_across_target_snr_siblings
621,case-0621-event,event,0,AM,RAC20,00,EH?,2026-05-25T08:54:23.591000Z,2026-05-25T08:54:58.591000Z,RASPISHAKE,https://data.raspberryshake.org/fdsnws/dataselect/1/query,35.0,evaluator_event_reference,AM.RAC20.event.20260525T085423,3500,3500,0,3500,shared_event_window_across_target_snr_siblings
621,case-0621-noise-01,noise,1,AM,RAC20,00,EH?,2025-06-02T17:28:13.182000Z,2025-06-02T17:31:18.762000Z,RASPISHAKE,https://data.raspberryshake.org/fdsnws/dataselect/1/query,35.0,primary_noise_chunk,AM.RAC20.noise.20250602T172817,3500,3500,0,3500,shared_noise_sequence_across_target_snr_siblings
621,case-0621-noise-02,noise,2,AM,RAC20,00,EH?,2025-06-08T16:29:14.392000Z,2025-06-08T16:32:19.742000Z,RASPISHAKE,https://data.raspberryshake.org/fdsnws/dataselect/1/query,35.0,continuation_noise_chunk,AM.RAC20.noise.20250608T162917,3500,3500,3500,7000,shared_noise_sequence_across_target_snr_siblings
621,case-0621-noise-03,noise,3,AM,RAC20,00,EH?,2025-06-07T23:52:57.452000Z,2025-06-07T23:56:02.582000Z,RASPISHAKE,https://data.raspberryshake.org/fdsnws/dataselect/1/query,35.0,continuation_noise_chunk_truncated,AM.RAC20.noise.20250607T235259,3500,2000,7000,9000,shared_noise_sequence_across_target_snr_siblings
622,case-0622-event,event,0,AM,RAC20,00,EH?,2026-05-28T11:49:56.261000Z,2026-05-28T11:50:31.261000Z,RASPISHAKE,https://data.raspberryshake.org/fdsnws/dataselect/1/query,35.0,evaluator_event_reference,AM.RAC20.event.20260528T114956,3500,3500,0,3500,shared_event_window_across_target_snr_siblings
622,case-0622-noise-01,noise,1,AM,RAC20,00,EH?,2025-06-09T12:34:52.302000Z,2025-06-09T12:37:58.672000Z,RASPISHAKE,https://data.raspberryshake.org/fdsnws/dataselect/1/query,35.0,primary_noise_chunk,AM.RAC20.noise.20250609T123456,3500,3500,0,3500,shared_noise_sequence_across_target_snr_siblings
622,case-0622-noise-02,noise,2,AM,RAC20,00,EH?,2025-06-06T02:58:34.562000Z,2025-06-06T03:01:37.732000Z,RASPISHAKE,https://data.raspberryshake.org/fdsnws/dataselect/1/query,35.0,continuation_noise_chunk,AM.RAC20.noise.20250606T025835,3500,3500,3500,7000,shared_noise_sequence_across_target_snr_siblings
622,case-0622-noise-03,noise,3,AM,RAC20,00,EH?,2025-06-05T10:07:21.562000Z,2025-06-05T10:10:26.742000Z,RASPISHAKE,https://data.raspberryshake.org/fdsnws/dataselect/1/query,35.0,continuation_noise_chunk_truncated,AM.RAC20.noise.20250605T100724,3500,2000,7000,9000,shared_noise_sequence_across_target_snr_siblings
623,case-0623-event,event,0,AM,RAC20,00,EH?,2026-05-28T11:49:56.261000Z,2026-05-28T11:50:31.261000Z,RASPISHAKE,https://data.raspberryshake.org/fdsnws/dataselect/1/query,35.0,evaluator_event_reference,AM.RAC20.event.20260528T114956,3500,3500,0,3500,shared_event_window_across_target_snr_siblings
623,case-0623-noise-01,noise,1,AM,RAC20,00,EH?,2025-06-09T12:34:52.302000Z,2025-06-09T12:37:58.672000Z,RASPISHAKE,https://data.raspberryshake.org/fdsnws/dataselect/1/query,35.0,primary_noise_chunk,AM.RAC20.noise.20250609T123456,3500,3500,0,3500,shared_noise_sequence_across_target_snr_siblings
623,case-0623-noise-02,noise,2,AM,RAC20,00,EH?,2025-06-06T02:58:34.562000Z,2025-06-06T03:01:37.732000Z,RASPISHAKE,https://data.raspberryshake.org/fdsnws/dataselect/1/query,35.0,continuation_noise_chunk,AM.RAC20.noise.20250606T025835,3500,3500,3500,7000,shared_noise_sequence_across_target_snr_siblings
623,case-0623-noise-03,noise,3,AM,RAC20,00,EH?,2025-06-05T10:07:21.562000Z,2025-06-05T10:10:26.742000Z,RASPISHAKE,https://data.raspberryshake.org/fdsnws/dataselect/1/query,35.0,continuation_noise_chunk_truncated,AM.RAC20.noise.20250605T100724,3500,2000,7000,9000,shared_noise_sequence_across_target_snr_siblings
624,case-0624-event,event,0,AM,RAC20,00,EH?,2026-05-28T11:49:56.261000Z,2026-05-28T11:50:31.261000Z,RASPISHAKE,https://data.raspberryshake.org/fdsnws/dataselect/1/query,35.0,evaluator_event_reference,AM.RAC20.event.20260528T114956,3500,3500,0,3500,shared_event_window_across_target_snr_siblings
624,case-0624-noise-01,noise,1,AM,RAC20,00,EH?,2025-06-09T12:34:52.302000Z,2025-06-09T12:37:58.672000Z,RASPISHAKE,https://data.raspberryshake.org/fdsnws/dataselect/1/query,35.0,primary_noise_chunk,AM.RAC20.noise.20250609T123456,3500,3500,0,3500,shared_noise_sequence_across_target_snr_siblings
624,case-0624-noise-02,noise,2,AM,RAC20,00,EH?,2025-06-06T02:58:34.562000Z,2025-06-06T03:01:37.732000Z,RASPISHAKE,https://data.raspberryshake.org/fdsnws/dataselect/1/query,35.0,continuation_noise_chunk,AM.RAC20.noise.20250606T025835,3500,3500,3500,7000,shared_noise_sequence_across_target_snr_siblings
624,case-0624-noise-03,noise,3,AM,RAC20,00,EH?,2025-06-05T10:07:21.562000Z,2025-06-05T10:10:26.742000Z,RASPISHAKE,https://data.raspberryshake.org/fdsnws/dataselect/1/query,35.0,continuation_noise_chunk_truncated,AM.RAC20.noise.20250605T100724,3500,2000,7000,9000,shared_noise_sequence_across_target_snr_siblings
625,case-0625-event,event,0,AM,RB0FB,00,EH?,2026-04-20T08:09:58.049000Z,2026-04-20T08:10:33.049000Z,RASPISHAKE,https://data.raspberryshake.org/fdsnws/dataselect/1/query,35.0,evaluator_event_reference,AM.RB0FB.event.20260420T080958,3500,3500,0,3500,shared_event_window_across_target_snr_siblings
625,case-0625-noise-01,noise,1,AM,RB0FB,00,EH?,2025-06-06T16:03:39.132000Z,2025-06-06T16:06:44.692000Z,RASPISHAKE,https://data.raspberryshake.org/fdsnws/dataselect/1/query,35.0,primary_noise_chunk,AM.RB0FB.noise.20250606T160341,3500,3500,0,3500,shared_noise_sequence_across_target_snr_siblings
625,case-0625-noise-02,noise,2,AM,RB0FB,00,EH?,2025-06-07T23:52:56.932000Z,2025-06-07T23:56:02.102000Z,RASPISHAKE,https://data.raspberryshake.org/fdsnws/dataselect/1/query,35.0,continuation_noise_chunk,AM.RB0FB.noise.20250607T235259,3500,3500,3500,7000,shared_noise_sequence_across_target_snr_siblings
625,case-0625-noise-03,noise,3,AM,RB0FB,00,EH?,2025-06-08T16:25:04.262000Z,2025-06-08T16:28:10.362000Z,RASPISHAKE,https://data.raspberryshake.org/fdsnws/dataselect/1/query,35.0,continuation_noise_chunk_truncated,AM.RB0FB.noise.20250608T162507,3500,2000,7000,9000,shared_noise_sequence_across_target_snr_siblings
626,case-0626-event,event,0,AM,RB0FB,00,EH?,2026-04-20T08:09:58.049000Z,2026-04-20T08:10:33.049000Z,RASPISHAKE,https://data.raspberryshake.org/fdsnws/dataselect/1/query,35.0,evaluator_event_reference,AM.RB0FB.event.20260420T080958,3500,3500,0,3500,shared_event_window_across_target_snr_siblings
626,case-0626-noise-01,noise,1,AM,RB0FB,00,EH?,2025-06-06T16:03:39.132000Z,2025-06-06T16:06:44.692000Z,RASPISHAKE,https://data.raspberryshake.org/fdsnws/dataselect/1/query,35.0,primary_noise_chunk,AM.RB0FB.noise.20250606T160341,3500,3500,0,3500,shared_noise_sequence_across_target_snr_siblings
626,case-0626-noise-02,noise,2,AM,RB0FB,00,EH?,2025-06-07T23:52:56.932000Z,2025-06-07T23:56:02.102000Z,RASPISHAKE,https://data.raspberryshake.org/fdsnws/dataselect/1/query,35.0,continuation_noise_chunk,AM.RB0FB.noise.20250607T235259,3500,3500,3500,7000,shared_noise_sequence_across_target_snr_siblings
626,case-0626-noise-03,noise,3,AM,RB0FB,00,EH?,2025-06-08T16:25:04.262000Z,2025-06-08T16:28:10.362000Z,RASPISHAKE,https://data.raspberryshake.org/fdsnws/dataselect/1/query,35.0,continuation_noise_chunk_truncated,AM.RB0FB.noise.20250608T162507,3500,2000,7000,9000,shared_noise_sequence_across_target_snr_siblings
627,case-0627-event,event,0,AM,RB0FB,00,EH?,2026-04-20T08:09:58.049000Z,2026-04-20T08:10:33.049000Z,RASPISHAKE,https://data.raspberryshake.org/fdsnws/dataselect/1/query,35.0,evaluator_event_reference,AM.RB0FB.event.20260420T080958,3500,3500,0,3500,shared_event_window_across_target_snr_siblings
627,case-0627-noise-01,noise,1,AM,RB0FB,00,EH?,2025-06-06T16:03:39.132000Z,2025-06-06T16:06:44.692000Z,RASPISHAKE,https://data.raspberryshake.org/fdsnws/dataselect/1/query,35.0,primary_noise_chunk,AM.RB0FB.noise.20250606T160341,3500,3500,0,3500,shared_noise_sequence_across_target_snr_siblings
627,case-0627-noise-02,noise,2,AM,RB0FB,00,EH?,2025-06-07T23:52:56.932000Z,2025-06-07T23:56:02.102000Z,RASPISHAKE,https://data.raspberryshake.org/fdsnws/dataselect/1/query,35.0,continuation_noise_chunk,AM.RB0FB.noise.20250607T235259,3500,3500,3500,7000,shared_noise_sequence_across_target_snr_siblings
627,case-0627-noise-03,noise,3,AM,RB0FB,00,EH?,2025-06-08T16:25:04.262000Z,2025-06-08T16:28:10.362000Z,RASPISHAKE,https://data.raspberryshake.org/fdsnws/dataselect/1/query,35.0,continuation_noise_chunk_truncated,AM.RB0FB.noise.20250608T162507,3500,2000,7000,9000,shared_noise_sequence_across_target_snr_siblings
628,case-0628-event,event,0,AM,RB0FB,00,EH?,2026-04-25T08:15:43.309000Z,2026-04-25T08:16:18.309000Z,RASPISHAKE,https://data.raspberryshake.org/fdsnws/dataselect/1/query,35.0,evaluator_event_reference,AM.RB0FB.event.20260425T081543,3500,3500,0,3500,shared_event_window_across_target_snr_siblings
628,case-0628-noise-01,noise,1,AM,RB0FB,00,EH?,2025-06-05T20:40:20.442000Z,2025-06-05T20:43:26.362000Z,RASPISHAKE,https://data.raspberryshake.org/fdsnws/dataselect/1/query,35.0,primary_noise_chunk,AM.RB0FB.noise.20250605T204023,3500,3500,0,3500,shared_noise_sequence_across_target_snr_siblings
628,case-0628-noise-02,noise,2,AM,RB0FB,00,EH?,2025-06-09T03:14:05.932000Z,2025-06-09T03:17:11.192000Z,RASPISHAKE,https://data.raspberryshake.org/fdsnws/dataselect/1/query,35.0,continuation_noise_chunk,AM.RB0FB.noise.20250609T031408,3500,3500,3500,7000,shared_noise_sequence_across_target_snr_siblings
628,case-0628-noise-03,noise,3,AM,RB0FB,00,EH?,2025-06-08T16:25:04.262000Z,2025-06-08T16:28:10.362000Z,RASPISHAKE,https://data.raspberryshake.org/fdsnws/dataselect/1/query,35.0,continuation_noise_chunk_truncated,AM.RB0FB.noise.20250608T162507,3500,2000,7000,9000,shared_noise_sequence_across_target_snr_siblings
629,case-0629-event,event,0,AM,RB0FB,00,EH?,2026-04-25T08:15:43.309000Z,2026-04-25T08:16:18.309000Z,RASPISHAKE,https://data.raspberryshake.org/fdsnws/dataselect/1/query,35.0,evaluator_event_reference,AM.RB0FB.event.20260425T081543,3500,3500,0,3500,shared_event_window_across_target_snr_siblings
629,case-0629-noise-01,noise,1,AM,RB0FB,00,EH?,2025-06-05T20:40:20.442000Z,2025-06-05T20:43:26.362000Z,RASPISHAKE,https://data.raspberryshake.org/fdsnws/dataselect/1/query,35.0,primary_noise_chunk,AM.RB0FB.noise.20250605T204023,3500,3500,0,3500,shared_noise_sequence_across_target_snr_siblings
629,case-0629-noise-02,noise,2,AM,RB0FB,00,EH?,2025-06-09T03:14:05.932000Z,2025-06-09T03:17:11.192000Z,RASPISHAKE,https://data.raspberryshake.org/fdsnws/dataselect/1/query,35.0,continuation_noise_chunk,AM.RB0FB.noise.20250609T031408,3500,3500,3500,7000,shared_noise_sequence_across_target_snr_siblings
629,case-0629-noise-03,noise,3,AM,RB0FB,00,EH?,2025-06-08T16:25:04.262000Z,2025-06-08T16:28:10.362000Z,RASPISHAKE,https://data.raspberryshake.org/fdsnws/dataselect/1/query,35.0,continuation_noise_chunk_truncated,AM.RB0FB.noise.20250608T162507,3500,2000,7000,9000,shared_noise_sequence_across_target_snr_siblings
630,case-0630-event,event,0,AM,RB0FB,00,EH?,2026-04-25T08:15:43.309000Z,2026-04-25T08:16:18.309000Z,RASPISHAKE,https://data.raspberryshake.org/fdsnws/dataselect/1/query,35.0,evaluator_event_reference,AM.RB0FB.event.20260425T081543,3500,3500,0,3500,shared_event_window_across_target_snr_siblings
630,case-0630-noise-01,noise,1,AM,RB0FB,00,EH?,2025-06-05T20:40:20.442000Z,2025-06-05T20:43:26.362000Z,RASPISHAKE,https://data.raspberryshake.org/fdsnws/dataselect/1/query,35.0,primary_noise_chunk,AM.RB0FB.noise.20250605T204023,3500,3500,0,3500,shared_noise_sequence_across_target_snr_siblings
630,case-0630-noise-02,noise,2,AM,RB0FB,00,EH?,2025-06-09T03:14:05.932000Z,2025-06-09T03:17:11.192000Z,RASPISHAKE,https://data.raspberryshake.org/fdsnws/dataselect/1/query,35.0,continuation_noise_chunk,AM.RB0FB.noise.20250609T031408,3500,3500,3500,7000,shared_noise_sequence_across_target_snr_siblings
630,case-0630-noise-03,noise,3,AM,RB0FB,00,EH?,2025-06-08T16:25:04.262000Z,2025-06-08T16:28:10.362000Z,RASPISHAKE,https://data.raspberryshake.org/fdsnws/dataselect/1/query,35.0,continuation_noise_chunk_truncated,AM.RB0FB.noise.20250608T162507,3500,2000,7000,9000,shared_noise_sequence_across_target_snr_siblings
631,case-0631-event,event,0,AM,RB0FB,00,EH?,2026-05-04T15:24:30.869000Z,2026-05-04T15:25:05.869000Z,RASPISHAKE,https://data.raspberryshake.org/fdsnws/dataselect/1/query,35.0,evaluator_event_reference,AM.RB0FB.event.20260504T152430,3500,3500,0,3500,shared_event_window_across_target_snr_siblings
631,case-0631-noise-01,noise,1,AM,RB0FB,00,EH?,2025-06-03T00:03:53.452000Z,2025-06-03T00:06:58.922000Z,RASPISHAKE,https://data.raspberryshake.org/fdsnws/dataselect/1/query,35.0,primary_noise_chunk,AM.RB0FB.noise.20250603T000356,3500,3500,0,3500,shared_noise_sequence_across_target_snr_siblings
631,case-0631-noise-02,noise,2,AM,RB0FB,00,EH?,2025-06-08T09:18:50.652000Z,2025-06-08T09:21:56.142000Z,RASPISHAKE,https://data.raspberryshake.org/fdsnws/dataselect/1/query,35.0,continuation_noise_chunk,AM.RB0FB.noise.20250608T091852,3500,3500,3500,7000,shared_noise_sequence_across_target_snr_siblings
631,case-0631-noise-03,noise,3,AM,RB0FB,00,EH?,2025-06-08T16:29:15.052000Z,2025-06-08T16:32:19.712000Z,RASPISHAKE,https://data.raspberryshake.org/fdsnws/dataselect/1/query,35.0,continuation_noise_chunk_truncated,AM.RB0FB.noise.20250608T162917,3500,2000,7000,9000,shared_noise_sequence_across_target_snr_siblings
632,case-0632-event,event,0,AM,RB0FB,00,EH?,2026-05-04T15:24:30.869000Z,2026-05-04T15:25:05.869000Z,RASPISHAKE,https://data.raspberryshake.org/fdsnws/dataselect/1/query,35.0,evaluator_event_reference,AM.RB0FB.event.20260504T152430,3500,3500,0,3500,shared_event_window_across_target_snr_siblings
632,case-0632-noise-01,noise,1,AM,RB0FB,00,EH?,2025-06-03T00:03:53.452000Z,2025-06-03T00:06:58.922000Z,RASPISHAKE,https://data.raspberryshake.org/fdsnws/dataselect/1/query,35.0,primary_noise_chunk,AM.RB0FB.noise.20250603T000356,3500,3500,0,3500,shared_noise_sequence_across_target_snr_siblings
632,case-0632-noise-02,noise,2,AM,RB0FB,00,EH?,2025-06-08T09:18:50.652000Z,2025-06-08T09:21:56.142000Z,RASPISHAKE,https://data.raspberryshake.org/fdsnws/dataselect/1/query,35.0,continuation_noise_chunk,AM.RB0FB.noise.20250608T091852,3500,3500,3500,7000,shared_noise_sequence_across_target_snr_siblings
632,case-0632-noise-03,noise,3,AM,RB0FB,00,EH?,2025-06-08T16:29:15.052000Z,2025-06-08T16:32:19.712000Z,RASPISHAKE,https://data.raspberryshake.org/fdsnws/dataselect/1/query,35.0,continuation_noise_chunk_truncated,AM.RB0FB.noise.20250608T162917,3500,2000,7000,9000,shared_noise_sequence_across_target_snr_siblings
633,case-0633-event,event,0,AM,RB0FB,00,EH?,2026-05-04T15:24:30.869000Z,2026-05-04T15:25:05.869000Z,RASPISHAKE,https://data.raspberryshake.org/fdsnws/dataselect/1/query,35.0,evaluator_event_reference,AM.RB0FB.event.20260504T152430,3500,3500,0,3500,shared_event_window_across_target_snr_siblings
633,case-0633-noise-01,noise,1,AM,RB0FB,00,EH?,2025-06-03T00:03:53.452000Z,2025-06-03T00:06:58.922000Z,RASPISHAKE,https://data.raspberryshake.org/fdsnws/dataselect/1/query,35.0,primary_noise_chunk,AM.RB0FB.noise.20250603T000356,3500,3500,0,3500,shared_noise_sequence_across_target_snr_siblings
633,case-0633-noise-02,noise,2,AM,RB0FB,00,EH?,2025-06-08T09:18:50.652000Z,2025-06-08T09:21:56.142000Z,RASPISHAKE,https://data.raspberryshake.org/fdsnws/dataselect/1/query,35.0,continuation_noise_chunk,AM.RB0FB.noise.20250608T091852,3500,3500,3500,7000,shared_noise_sequence_across_target_snr_siblings
633,case-0633-noise-03,noise,3,AM,RB0FB,00,EH?,2025-06-08T16:29:15.052000Z,2025-06-08T16:32:19.712000Z,RASPISHAKE,https://data.raspberryshake.org/fdsnws/dataselect/1/query,35.0,continuation_noise_chunk_truncated,AM.RB0FB.noise.20250608T162917,3500,2000,7000,9000,shared_noise_sequence_across_target_snr_siblings
634,case-0634-event,event,0,AM,RB0FB,00,EH?,2026-05-09T04:53:17.109000Z,2026-05-09T04:53:52.109000Z,RASPISHAKE,https://data.raspberryshake.org/fdsnws/dataselect/1/query,35.0,evaluator_event_reference,AM.RB0FB.event.20260509T045317,3500,3500,0,3500,shared_event_window_across_target_snr_siblings
634,case-0634-noise-01,noise,1,AM,RB0FB,00,EH?,2025-06-07T23:29:25.282000Z,2025-06-07T23:32:30.142000Z,RASPISHAKE,https://data.raspberryshake.org/fdsnws/dataselect/1/query,35.0,primary_noise_chunk,AM.RB0FB.noise.20250607T232927,3500,3500,0,3500,shared_noise_sequence_across_target_snr_siblings
634,case-0634-noise-02,noise,2,AM,RB0FB,00,EH?,2025-06-06T00:40:40.422000Z,2025-06-06T00:43:45.002000Z,RASPISHAKE,https://data.raspberryshake.org/fdsnws/dataselect/1/query,35.0,continuation_noise_chunk,AM.RB0FB.noise.20250606T004041,3500,3500,3500,7000,shared_noise_sequence_across_target_snr_siblings
634,case-0634-noise-03,noise,3,AM,RB0FB,00,EH?,2025-06-10T11:38:06.472000Z,2025-06-10T11:41:11.952000Z,RASPISHAKE,https://data.raspberryshake.org/fdsnws/dataselect/1/query,35.0,continuation_noise_chunk_truncated,AM.RB0FB.noise.20250610T113808,3500,2000,7000,9000,shared_noise_sequence_across_target_snr_siblings
635,case-0635-event,event,0,AM,RB0FB,00,EH?,2026-05-09T04:53:17.109000Z,2026-05-09T04:53:52.109000Z,RASPISHAKE,https://data.raspberryshake.org/fdsnws/dataselect/1/query,35.0,evaluator_event_reference,AM.RB0FB.event.20260509T045317,3500,3500,0,3500,shared_event_window_across_target_snr_siblings
635,case-0635-noise-01,noise,1,AM,RB0FB,00,EH?,2025-06-07T23:29:25.282000Z,2025-06-07T23:32:30.142000Z,RASPISHAKE,https://data.raspberryshake.org/fdsnws/dataselect/1/query,35.0,primary_noise_chunk,AM.RB0FB.noise.20250607T232927,3500,3500,0,3500,shared_noise_sequence_across_target_snr_siblings
635,case-0635-noise-02,noise,2,AM,RB0FB,00,EH?,2025-06-06T00:40:40.422000Z,2025-06-06T00:43:45.002000Z,RASPISHAKE,https://data.raspberryshake.org/fdsnws/dataselect/1/query,35.0,continuation_noise_chunk,AM.RB0FB.noise.20250606T004041,3500,3500,3500,7000,shared_noise_sequence_across_target_snr_siblings
635,case-0635-noise-03,noise,3,AM,RB0FB,00,EH?,2025-06-10T11:38:06.472000Z,2025-06-10T11:41:11.952000Z,RASPISHAKE,https://data.raspberryshake.org/fdsnws/dataselect/1/query,35.0,continuation_noise_chunk_truncated,AM.RB0FB.noise.20250610T113808,3500,2000,7000,9000,shared_noise_sequence_across_target_snr_siblings
636,case-0636-event,event,0,AM,RB0FB,00,EH?,2026-05-09T04:53:17.109000Z,2026-05-09T04:53:52.109000Z,RASPISHAKE,https://data.raspberryshake.org/fdsnws/dataselect/1/query,35.0,evaluator_event_reference,AM.RB0FB.event.20260509T045317,3500,3500,0,3500,shared_event_window_across_target_snr_siblings
636,case-0636-noise-01,noise,1,AM,RB0FB,00,EH?,2025-06-07T23:29:25.282000Z,2025-06-07T23:32:30.142000Z,RASPISHAKE,https://data.raspberryshake.org/fdsnws/dataselect/1/query,35.0,primary_noise_chunk,AM.RB0FB.noise.20250607T232927,3500,3500,0,3500,shared_noise_sequence_across_target_snr_siblings
636,case-0636-noise-02,noise,2,AM,RB0FB,00,EH?,2025-06-06T00:40:40.422000Z,2025-06-06T00:43:45.002000Z,RASPISHAKE,https://data.raspberryshake.org/fdsnws/dataselect/1/query,35.0,continuation_noise_chunk,AM.RB0FB.noise.20250606T004041,3500,3500,3500,7000,shared_noise_sequence_across_target_snr_siblings
636,case-0636-noise-03,noise,3,AM,RB0FB,00,EH?,2025-06-10T11:38:06.472000Z,2025-06-10T11:41:11.952000Z,RASPISHAKE,https://data.raspberryshake.org/fdsnws/dataselect/1/query,35.0,continuation_noise_chunk_truncated,AM.RB0FB.noise.20250610T113808,3500,2000,7000,9000,shared_noise_sequence_across_target_snr_siblings
637,case-0637-event,event,0,AM,RB0FB,00,EH?,2026-05-16T14:55:12.289000Z,2026-05-16T14:55:47.289000Z,RASPISHAKE,https://data.raspberryshake.org/fdsnws/dataselect/1/query,35.0,evaluator_event_reference,AM.RB0FB.event.20260516T145512,3500,3500,0,3500,shared_event_window_across_target_snr_siblings
637,case-0637-noise-01,noise,1,AM,RB0FB,00,EH?,2025-06-03T13:01:10.632000Z,2025-06-03T13:04:14.572000Z,RASPISHAKE,https://data.raspberryshake.org/fdsnws/dataselect/1/query,35.0,primary_noise_chunk,AM.RB0FB.noise.20250603T130111,3500,3500,0,3500,shared_noise_sequence_across_target_snr_siblings
637,case-0637-noise-02,noise,2,AM,RB0FB,00,EH?,2025-06-04T20:32:02.832000Z,2025-06-04T20:35:07.192000Z,RASPISHAKE,https://data.raspberryshake.org/fdsnws/dataselect/1/query,35.0,continuation_noise_chunk,AM.RB0FB.noise.20250604T203205,3500,3500,3500,7000,shared_noise_sequence_across_target_snr_siblings
637,case-0637-noise-03,noise,3,AM,RB0FB,00,EH?,2025-06-05T12:58:02.412000Z,2025-06-05T13:01:08.212000Z,RASPISHAKE,https://data.raspberryshake.org/fdsnws/dataselect/1/query,35.0,continuation_noise_chunk_truncated,AM.RB0FB.noise.20250605T125804,3500,2000,7000,9000,shared_noise_sequence_across_target_snr_siblings
638,case-0638-event,event,0,AM,RB0FB,00,EH?,2026-05-16T14:55:12.289000Z,2026-05-16T14:55:47.289000Z,RASPISHAKE,https://data.raspberryshake.org/fdsnws/dataselect/1/query,35.0,evaluator_event_reference,AM.RB0FB.event.20260516T145512,3500,3500,0,3500,shared_event_window_across_target_snr_siblings
638,case-0638-noise-01,noise,1,AM,RB0FB,00,EH?,2025-06-03T13:01:10.632000Z,2025-06-03T13:04:14.572000Z,RASPISHAKE,https://data.raspberryshake.org/fdsnws/dataselect/1/query,35.0,primary_noise_chunk,AM.RB0FB.noise.20250603T130111,3500,3500,0,3500,shared_noise_sequence_across_target_snr_siblings
638,case-0638-noise-02,noise,2,AM,RB0FB,00,EH?,2025-06-04T20:32:02.832000Z,2025-06-04T20:35:07.192000Z,RASPISHAKE,https://data.raspberryshake.org/fdsnws/dataselect/1/query,35.0,continuation_noise_chunk,AM.RB0FB.noise.20250604T203205,3500,3500,3500,7000,shared_noise_sequence_across_target_snr_siblings
638,case-0638-noise-03,noise,3,AM,RB0FB,00,EH?,2025-06-05T12:58:02.412000Z,2025-06-05T13:01:08.212000Z,RASPISHAKE,https://data.raspberryshake.org/fdsnws/dataselect/1/query,35.0,continuation_noise_chunk_truncated,AM.RB0FB.noise.20250605T125804,3500,2000,7000,9000,shared_noise_sequence_across_target_snr_siblings
639,case-0639-event,event,0,AM,RB0FB,00,EH?,2026-05-16T14:55:12.289000Z,2026-05-16T14:55:47.289000Z,RASPISHAKE,https://data.raspberryshake.org/fdsnws/dataselect/1/query,35.0,evaluator_event_reference,AM.RB0FB.event.20260516T145512,3500,3500,0,3500,shared_event_window_across_target_snr_siblings
639,case-0639-noise-01,noise,1,AM,RB0FB,00,EH?,2025-06-03T13:01:10.632000Z,2025-06-03T13:04:14.572000Z,RASPISHAKE,https://data.raspberryshake.org/fdsnws/dataselect/1/query,35.0,primary_noise_chunk,AM.RB0FB.noise.20250603T130111,3500,3500,0,3500,shared_noise_sequence_across_target_snr_siblings
639,case-0639-noise-02,noise,2,AM,RB0FB,00,EH?,2025-06-04T20:32:02.832000Z,2025-06-04T20:35:07.192000Z,RASPISHAKE,https://data.raspberryshake.org/fdsnws/dataselect/1/query,35.0,continuation_noise_chunk,AM.RB0FB.noise.20250604T203205,3500,3500,3500,7000,shared_noise_sequence_across_target_snr_siblings
639,case-0639-noise-03,noise,3,AM,RB0FB,00,EH?,2025-06-05T12:58:02.412000Z,2025-06-05T13:01:08.212000Z,RASPISHAKE,https://data.raspberryshake.org/fdsnws/dataselect/1/query,35.0,continuation_noise_chunk_truncated,AM.RB0FB.noise.20250605T125804,3500,2000,7000,9000,shared_noise_sequence_across_target_snr_siblings
640,case-0640-event,event,0,AM,RB0FB,00,EH?,2026-05-19T18:06:29.459000Z,2026-05-19T18:07:04.459000Z,RASPISHAKE,https://data.raspberryshake.org/fdsnws/dataselect/1/query,35.0,evaluator_event_reference,AM.RB0FB.event.20260519T180629,3500,3500,0,3500,shared_event_window_across_target_snr_siblings
640,case-0640-noise-01,noise,1,AM,RB0FB,00,EH?,2025-06-01T00:23:42.612000Z,2025-06-01T00:26:47.032000Z,RASPISHAKE,https://data.raspberryshake.org/fdsnws/dataselect/1/query,35.0,primary_noise_chunk,AM.RB0FB.noise.20250601T002345,3500,3500,0,3500,shared_noise_sequence_across_target_snr_siblings
640,case-0640-noise-02,noise,2,AM,RB0FB,00,EH?,2025-06-02T14:31:41.522000Z,2025-06-02T14:34:46.812000Z,RASPISHAKE,https://data.raspberryshake.org/fdsnws/dataselect/1/query,35.0,continuation_noise_chunk,AM.RB0FB.noise.20250602T143144,3500,3500,3500,7000,shared_noise_sequence_across_target_snr_siblings
640,case-0640-noise-03,noise,3,AM,RB0FB,00,EH?,2025-06-06T02:58:33.802000Z,2025-06-06T03:01:37.932000Z,RASPISHAKE,https://data.raspberryshake.org/fdsnws/dataselect/1/query,35.0,continuation_noise_chunk_truncated,AM.RB0FB.noise.20250606T025835,3500,2000,7000,9000,shared_noise_sequence_across_target_snr_siblings
641,case-0641-event,event,0,AM,RB0FB,00,EH?,2026-05-19T18:06:29.459000Z,2026-05-19T18:07:04.459000Z,RASPISHAKE,https://data.raspberryshake.org/fdsnws/dataselect/1/query,35.0,evaluator_event_reference,AM.RB0FB.event.20260519T180629,3500,3500,0,3500,shared_event_window_across_target_snr_siblings
641,case-0641-noise-01,noise,1,AM,RB0FB,00,EH?,2025-06-01T00:23:42.612000Z,2025-06-01T00:26:47.032000Z,RASPISHAKE,https://data.raspberryshake.org/fdsnws/dataselect/1/query,35.0,primary_noise_chunk,AM.RB0FB.noise.20250601T002345,3500,3500,0,3500,shared_noise_sequence_across_target_snr_siblings
641,case-0641-noise-02,noise,2,AM,RB0FB,00,EH?,2025-06-02T14:31:41.522000Z,2025-06-02T14:34:46.812000Z,RASPISHAKE,https://data.raspberryshake.org/fdsnws/dataselect/1/query,35.0,continuation_noise_chunk,AM.RB0FB.noise.20250602T143144,3500,3500,3500,7000,shared_noise_sequence_across_target_snr_siblings
641,case-0641-noise-03,noise,3,AM,RB0FB,00,EH?,2025-06-06T02:58:33.802000Z,2025-06-06T03:01:37.932000Z,RASPISHAKE,https://data.raspberryshake.org/fdsnws/dataselect/1/query,35.0,continuation_noise_chunk_truncated,AM.RB0FB.noise.20250606T025835,3500,2000,7000,9000,shared_noise_sequence_across_target_snr_siblings
642,case-0642-event,event,0,AM,RB0FB,00,EH?,2026-05-19T18:06:29.459000Z,2026-05-19T18:07:04.459000Z,RASPISHAKE,https://data.raspberryshake.org/fdsnws/dataselect/1/query,35.0,evaluator_event_reference,AM.RB0FB.event.20260519T180629,3500,3500,0,3500,shared_event_window_across_target_snr_siblings
642,case-0642-noise-01,noise,1,AM,RB0FB,00,EH?,2025-06-01T00:23:42.612000Z,2025-06-01T00:26:47.032000Z,RASPISHAKE,https://data.raspberryshake.org/fdsnws/dataselect/1/query,35.0,primary_noise_chunk,AM.RB0FB.noise.20250601T002345,3500,3500,0,3500,shared_noise_sequence_across_target_snr_siblings
642,case-0642-noise-02,noise,2,AM,RB0FB,00,EH?,2025-06-02T14:31:41.522000Z,2025-06-02T14:34:46.812000Z,RASPISHAKE,https://data.raspberryshake.org/fdsnws/dataselect/1/query,35.0,continuation_noise_chunk,AM.RB0FB.noise.20250602T143144,3500,3500,3500,7000,shared_noise_sequence_across_target_snr_siblings
642,case-0642-noise-03,noise,3,AM,RB0FB,00,EH?,2025-06-06T02:58:33.802000Z,2025-06-06T03:01:37.932000Z,RASPISHAKE,https://data.raspberryshake.org/fdsnws/dataselect/1/query,35.0,continuation_noise_chunk_truncated,AM.RB0FB.noise.20250606T025835,3500,2000,7000,9000,shared_noise_sequence_across_target_snr_siblings
643,case-0643-event,event,0,AM,RB0FB,00,EH?,2026-05-25T22:01:55.919000Z,2026-05-25T22:02:30.919000Z,RASPISHAKE,https://data.raspberryshake.org/fdsnws/dataselect/1/query,35.0,evaluator_event_reference,AM.RB0FB.event.20260525T220155,3500,3500,0,3500,shared_event_window_across_target_snr_siblings
643,case-0643-noise-01,noise,1,AM,RB0FB,00,EH?,2025-06-03T19:32:21.022000Z,2025-06-03T19:35:23.832000Z,RASPISHAKE,https://data.raspberryshake.org/fdsnws/dataselect/1/query,35.0,primary_noise_chunk,AM.RB0FB.noise.20250603T193222,3500,3500,0,3500,shared_noise_sequence_across_target_snr_siblings
643,case-0643-noise-02,noise,2,AM,RB0FB,00,EH?,2025-06-09T03:14:05.932000Z,2025-06-09T03:17:11.192000Z,RASPISHAKE,https://data.raspberryshake.org/fdsnws/dataselect/1/query,35.0,continuation_noise_chunk,AM.RB0FB.noise.20250609T031408,3500,3500,3500,7000,shared_noise_sequence_across_target_snr_siblings
643,case-0643-noise-03,noise,3,AM,RB0FB,00,EH?,2025-06-09T17:16:43.352000Z,2025-06-09T17:19:48.192000Z,RASPISHAKE,https://data.raspberryshake.org/fdsnws/dataselect/1/query,35.0,continuation_noise_chunk_truncated,AM.RB0FB.noise.20250609T171646,3500,2000,7000,9000,shared_noise_sequence_across_target_snr_siblings
644,case-0644-event,event,0,AM,RB0FB,00,EH?,2026-05-25T22:01:55.919000Z,2026-05-25T22:02:30.919000Z,RASPISHAKE,https://data.raspberryshake.org/fdsnws/dataselect/1/query,35.0,evaluator_event_reference,AM.RB0FB.event.20260525T220155,3500,3500,0,3500,shared_event_window_across_target_snr_siblings
644,case-0644-noise-01,noise,1,AM,RB0FB,00,EH?,2025-06-03T19:32:21.022000Z,2025-06-03T19:35:23.832000Z,RASPISHAKE,https://data.raspberryshake.org/fdsnws/dataselect/1/query,35.0,primary_noise_chunk,AM.RB0FB.noise.20250603T193222,3500,3500,0,3500,shared_noise_sequence_across_target_snr_siblings
644,case-0644-noise-02,noise,2,AM,RB0FB,00,EH?,2025-06-09T03:14:05.932000Z,2025-06-09T03:17:11.192000Z,RASPISHAKE,https://data.raspberryshake.org/fdsnws/dataselect/1/query,35.0,continuation_noise_chunk,AM.RB0FB.noise.20250609T031408,3500,3500,3500,7000,shared_noise_sequence_across_target_snr_siblings
644,case-0644-noise-03,noise,3,AM,RB0FB,00,EH?,2025-06-09T17:16:43.352000Z,2025-06-09T17:19:48.192000Z,RASPISHAKE,https://data.raspberryshake.org/fdsnws/dataselect/1/query,35.0,continuation_noise_chunk_truncated,AM.RB0FB.noise.20250609T171646,3500,2000,7000,9000,shared_noise_sequence_across_target_snr_siblings
645,case-0645-event,event,0,AM,RB0FB,00,EH?,2026-05-25T22:01:55.919000Z,2026-05-25T22:02:30.919000Z,RASPISHAKE,https://data.raspberryshake.org/fdsnws/dataselect/1/query,35.0,evaluator_event_reference,AM.RB0FB.event.20260525T220155,3500,3500,0,3500,shared_event_window_across_target_snr_siblings
645,case-0645-noise-01,noise,1,AM,RB0FB,00,EH?,2025-06-03T19:32:21.022000Z,2025-06-03T19:35:23.832000Z,RASPISHAKE,https://data.raspberryshake.org/fdsnws/dataselect/1/query,35.0,primary_noise_chunk,AM.RB0FB.noise.20250603T193222,3500,3500,0,3500,shared_noise_sequence_across_target_snr_siblings
645,case-0645-noise-02,noise,2,AM,RB0FB,00,EH?,2025-06-09T03:14:05.932000Z,2025-06-09T03:17:11.192000Z,RASPISHAKE,https://data.raspberryshake.org/fdsnws/dataselect/1/query,35.0,continuation_noise_chunk,AM.RB0FB.noise.20250609T031408,3500,3500,3500,7000,shared_noise_sequence_across_target_snr_siblings
645,case-0645-noise-03,noise,3,AM,RB0FB,00,EH?,2025-06-09T17:16:43.352000Z,2025-06-09T17:19:48.192000Z,RASPISHAKE,https://data.raspberryshake.org/fdsnws/dataselect/1/query,35.0,continuation_noise_chunk_truncated,AM.RB0FB.noise.20250609T171646,3500,2000,7000,9000,shared_noise_sequence_across_target_snr_siblings
646,case-0646-event,event,0,AM,RB0FB,00,EH?,2026-05-31T21:45:08.029000Z,2026-05-31T21:45:43.029000Z,RASPISHAKE,https://data.raspberryshake.org/fdsnws/dataselect/1/query,35.0,evaluator_event_reference,AM.RB0FB.event.20260531T214508,3500,3500,0,3500,shared_event_window_across_target_snr_siblings
646,case-0646-noise-01,noise,1,AM,RB0FB,00,EH?,2025-06-09T17:16:43.352000Z,2025-06-09T17:19:48.192000Z,RASPISHAKE,https://data.raspberryshake.org/fdsnws/dataselect/1/query,35.0,primary_noise_chunk,AM.RB0FB.noise.20250609T171646,3500,3500,0,3500,shared_noise_sequence_across_target_snr_siblings
646,case-0646-noise-02,noise,2,AM,RB0FB,00,EH?,2025-06-04T04:12:23.122000Z,2025-06-04T04:15:27.282000Z,RASPISHAKE,https://data.raspberryshake.org/fdsnws/dataselect/1/query,35.0,continuation_noise_chunk,AM.RB0FB.noise.20250604T041225,3500,3500,3500,7000,shared_noise_sequence_across_target_snr_siblings
646,case-0646-noise-03,noise,3,AM,RB0FB,00,EH?,2025-06-08T16:25:04.262000Z,2025-06-08T16:28:10.362000Z,RASPISHAKE,https://data.raspberryshake.org/fdsnws/dataselect/1/query,35.0,continuation_noise_chunk_truncated,AM.RB0FB.noise.20250608T162507,3500,2000,7000,9000,shared_noise_sequence_across_target_snr_siblings
647,case-0647-event,event,0,AM,RB0FB,00,EH?,2026-05-31T21:45:08.029000Z,2026-05-31T21:45:43.029000Z,RASPISHAKE,https://data.raspberryshake.org/fdsnws/dataselect/1/query,35.0,evaluator_event_reference,AM.RB0FB.event.20260531T214508,3500,3500,0,3500,shared_event_window_across_target_snr_siblings
647,case-0647-noise-01,noise,1,AM,RB0FB,00,EH?,2025-06-09T17:16:43.352000Z,2025-06-09T17:19:48.192000Z,RASPISHAKE,https://data.raspberryshake.org/fdsnws/dataselect/1/query,35.0,primary_noise_chunk,AM.RB0FB.noise.20250609T171646,3500,3500,0,3500,shared_noise_sequence_across_target_snr_siblings
647,case-0647-noise-02,noise,2,AM,RB0FB,00,EH?,2025-06-04T04:12:23.122000Z,2025-06-04T04:15:27.282000Z,RASPISHAKE,https://data.raspberryshake.org/fdsnws/dataselect/1/query,35.0,continuation_noise_chunk,AM.RB0FB.noise.20250604T041225,3500,3500,3500,7000,shared_noise_sequence_across_target_snr_siblings
647,case-0647-noise-03,noise,3,AM,RB0FB,00,EH?,2025-06-08T16:25:04.262000Z,2025-06-08T16:28:10.362000Z,RASPISHAKE,https://data.raspberryshake.org/fdsnws/dataselect/1/query,35.0,continuation_noise_chunk_truncated,AM.RB0FB.noise.20250608T162507,3500,2000,7000,9000,shared_noise_sequence_across_target_snr_siblings
648,case-0648-event,event,0,AM,RB0FB,00,EH?,2026-05-31T21:45:08.029000Z,2026-05-31T21:45:43.029000Z,RASPISHAKE,https://data.raspberryshake.org/fdsnws/dataselect/1/query,35.0,evaluator_event_reference,AM.RB0FB.event.20260531T214508,3500,3500,0,3500,shared_event_window_across_target_snr_siblings
648,case-0648-noise-01,noise,1,AM,RB0FB,00,EH?,2025-06-09T17:16:43.352000Z,2025-06-09T17:19:48.192000Z,RASPISHAKE,https://data.raspberryshake.org/fdsnws/dataselect/1/query,35.0,primary_noise_chunk,AM.RB0FB.noise.20250609T171646,3500,3500,0,3500,shared_noise_sequence_across_target_snr_siblings
648,case-0648-noise-02,noise,2,AM,RB0FB,00,EH?,2025-06-04T04:12:23.122000Z,2025-06-04T04:15:27.282000Z,RASPISHAKE,https://data.raspberryshake.org/fdsnws/dataselect/1/query,35.0,continuation_noise_chunk,AM.RB0FB.noise.20250604T041225,3500,3500,3500,7000,shared_noise_sequence_across_target_snr_siblings
648,case-0648-noise-03,noise,3,AM,RB0FB,00,EH?,2025-06-08T16:25:04.262000Z,2025-06-08T16:28:10.362000Z,RASPISHAKE,https://data.raspberryshake.org/fdsnws/dataselect/1/query,35.0,continuation_noise_chunk_truncated,AM.RB0FB.noise.20250608T162507,3500,2000,7000,9000,shared_noise_sequence_across_target_snr_siblings
649,case-0649-event,event,0,AM,RB53D,00,EH?,2026-04-14T16:37:31.611000Z,2026-04-14T16:38:06.611000Z,RASPISHAKE,https://data.raspberryshake.org/fdsnws/dataselect/1/query,35.0,evaluator_event_reference,AM.RB53D.event.20260414T163731,3500,3500,0,3500,shared_event_window_across_target_snr_siblings
649,case-0649-noise-01,noise,1,AM,RB53D,00,EH?,2025-06-07T14:44:15.546000Z,2025-06-07T14:47:22.036000Z,RASPISHAKE,https://data.raspberryshake.org/fdsnws/dataselect/1/query,35.0,primary_noise_chunk,AM.RB53D.noise.20250607T144418,3500,3500,0,3500,shared_noise_sequence_across_target_snr_siblings
649,case-0649-noise-02,noise,2,AM,RB53D,00,EH?,2025-06-09T07:25:45.566000Z,2025-06-09T07:28:51.686000Z,RASPISHAKE,https://data.raspberryshake.org/fdsnws/dataselect/1/query,35.0,continuation_noise_chunk,AM.RB53D.noise.20250609T072549,3500,3500,3500,7000,shared_noise_sequence_across_target_snr_siblings
649,case-0649-noise-03,noise,3,AM,RB53D,00,EH?,2025-06-08T09:18:48.826000Z,2025-06-08T09:21:56.336000Z,RASPISHAKE,https://data.raspberryshake.org/fdsnws/dataselect/1/query,35.0,continuation_noise_chunk_truncated,AM.RB53D.noise.20250608T091852,3500,2000,7000,9000,shared_noise_sequence_across_target_snr_siblings
650,case-0650-event,event,0,AM,RB53D,00,EH?,2026-04-14T16:37:31.611000Z,2026-04-14T16:38:06.611000Z,RASPISHAKE,https://data.raspberryshake.org/fdsnws/dataselect/1/query,35.0,evaluator_event_reference,AM.RB53D.event.20260414T163731,3500,3500,0,3500,shared_event_window_across_target_snr_siblings
650,case-0650-noise-01,noise,1,AM,RB53D,00,EH?,2025-06-07T14:44:15.546000Z,2025-06-07T14:47:22.036000Z,RASPISHAKE,https://data.raspberryshake.org/fdsnws/dataselect/1/query,35.0,primary_noise_chunk,AM.RB53D.noise.20250607T144418,3500,3500,0,3500,shared_noise_sequence_across_target_snr_siblings
650,case-0650-noise-02,noise,2,AM,RB53D,00,EH?,2025-06-09T07:25:45.566000Z,2025-06-09T07:28:51.686000Z,RASPISHAKE,https://data.raspberryshake.org/fdsnws/dataselect/1/query,35.0,continuation_noise_chunk,AM.RB53D.noise.20250609T072549,3500,3500,3500,7000,shared_noise_sequence_across_target_snr_siblings
650,case-0650-noise-03,noise,3,AM,RB53D,00,EH?,2025-06-08T09:18:48.826000Z,2025-06-08T09:21:56.336000Z,RASPISHAKE,https://data.raspberryshake.org/fdsnws/dataselect/1/query,35.0,continuation_noise_chunk_truncated,AM.RB53D.noise.20250608T091852,3500,2000,7000,9000,shared_noise_sequence_across_target_snr_siblings
651,case-0651-event,event,0,AM,RB53D,00,EH?,2026-04-14T16:37:31.611000Z,2026-04-14T16:38:06.611000Z,RASPISHAKE,https://data.raspberryshake.org/fdsnws/dataselect/1/query,35.0,evaluator_event_reference,AM.RB53D.event.20260414T163731,3500,3500,0,3500,shared_event_window_across_target_snr_siblings
651,case-0651-noise-01,noise,1,AM,RB53D,00,EH?,2025-06-07T14:44:15.546000Z,2025-06-07T14:47:22.036000Z,RASPISHAKE,https://data.raspberryshake.org/fdsnws/dataselect/1/query,35.0,primary_noise_chunk,AM.RB53D.noise.20250607T144418,3500,3500,0,3500,shared_noise_sequence_across_target_snr_siblings
651,case-0651-noise-02,noise,2,AM,RB53D,00,EH?,2025-06-09T07:25:45.566000Z,2025-06-09T07:28:51.686000Z,RASPISHAKE,https://data.raspberryshake.org/fdsnws/dataselect/1/query,35.0,continuation_noise_chunk,AM.RB53D.noise.20250609T072549,3500,3500,3500,7000,shared_noise_sequence_across_target_snr_siblings
651,case-0651-noise-03,noise,3,AM,RB53D,00,EH?,2025-06-08T09:18:48.826000Z,2025-06-08T09:21:56.336000Z,RASPISHAKE,https://data.raspberryshake.org/fdsnws/dataselect/1/query,35.0,continuation_noise_chunk_truncated,AM.RB53D.noise.20250608T091852,3500,2000,7000,9000,shared_noise_sequence_across_target_snr_siblings
652,case-0652-event,event,0,AM,RB53D,00,EH?,2026-04-20T08:09:41.131000Z,2026-04-20T08:10:16.131000Z,RASPISHAKE,https://data.raspberryshake.org/fdsnws/dataselect/1/query,35.0,evaluator_event_reference,AM.RB53D.event.20260420T080941,3500,3500,0,3500,shared_event_window_across_target_snr_siblings
652,case-0652-noise-01,noise,1,AM,RB53D,00,EH?,2025-06-06T00:40:38.416000Z,2025-06-06T00:43:43.396000Z,RASPISHAKE,https://data.raspberryshake.org/fdsnws/dataselect/1/query,35.0,primary_noise_chunk,AM.RB53D.noise.20250606T004041,3500,3500,0,3500,shared_noise_sequence_across_target_snr_siblings
652,case-0652-noise-02,noise,2,AM,RB53D,00,EH?,2025-06-07T23:29:24.946000Z,2025-06-07T23:32:30.736000Z,RASPISHAKE,https://data.raspberryshake.org/fdsnws/dataselect/1/query,35.0,continuation_noise_chunk,AM.RB53D.noise.20250607T232927,3500,3500,3500,7000,shared_noise_sequence_across_target_snr_siblings
652,case-0652-noise-03,noise,3,AM,RB53D,00,EH?,2025-06-06T16:03:39.106000Z,2025-06-06T16:06:44.456000Z,RASPISHAKE,https://data.raspberryshake.org/fdsnws/dataselect/1/query,35.0,continuation_noise_chunk_truncated,AM.RB53D.noise.20250606T160341,3500,2000,7000,9000,shared_noise_sequence_across_target_snr_siblings
653,case-0653-event,event,0,AM,RB53D,00,EH?,2026-04-20T08:09:41.131000Z,2026-04-20T08:10:16.131000Z,RASPISHAKE,https://data.raspberryshake.org/fdsnws/dataselect/1/query,35.0,evaluator_event_reference,AM.RB53D.event.20260420T080941,3500,3500,0,3500,shared_event_window_across_target_snr_siblings
653,case-0653-noise-01,noise,1,AM,RB53D,00,EH?,2025-06-06T00:40:38.416000Z,2025-06-06T00:43:43.396000Z,RASPISHAKE,https://data.raspberryshake.org/fdsnws/dataselect/1/query,35.0,primary_noise_chunk,AM.RB53D.noise.20250606T004041,3500,3500,0,3500,shared_noise_sequence_across_target_snr_siblings
653,case-0653-noise-02,noise,2,AM,RB53D,00,EH?,2025-06-07T23:29:24.946000Z,2025-06-07T23:32:30.736000Z,RASPISHAKE,https://data.raspberryshake.org/fdsnws/dataselect/1/query,35.0,continuation_noise_chunk,AM.RB53D.noise.20250607T232927,3500,3500,3500,7000,shared_noise_sequence_across_target_snr_siblings
653,case-0653-noise-03,noise,3,AM,RB53D,00,EH?,2025-06-06T16:03:39.106000Z,2025-06-06T16:06:44.456000Z,RASPISHAKE,https://data.raspberryshake.org/fdsnws/dataselect/1/query,35.0,continuation_noise_chunk_truncated,AM.RB53D.noise.20250606T160341,3500,2000,7000,9000,shared_noise_sequence_across_target_snr_siblings
654,case-0654-event,event,0,AM,RB53D,00,EH?,2026-04-20T08:09:41.131000Z,2026-04-20T08:10:16.131000Z,RASPISHAKE,https://data.raspberryshake.org/fdsnws/dataselect/1/query,35.0,evaluator_event_reference,AM.RB53D.event.20260420T080941,3500,3500,0,3500,shared_event_window_across_target_snr_siblings
654,case-0654-noise-01,noise,1,AM,RB53D,00,EH?,2025-06-06T00:40:38.416000Z,2025-06-06T00:43:43.396000Z,RASPISHAKE,https://data.raspberryshake.org/fdsnws/dataselect/1/query,35.0,primary_noise_chunk,AM.RB53D.noise.20250606T004041,3500,3500,0,3500,shared_noise_sequence_across_target_snr_siblings
654,case-0654-noise-02,noise,2,AM,RB53D,00,EH?,2025-06-07T23:29:24.946000Z,2025-06-07T23:32:30.736000Z,RASPISHAKE,https://data.raspberryshake.org/fdsnws/dataselect/1/query,35.0,continuation_noise_chunk,AM.RB53D.noise.20250607T232927,3500,3500,3500,7000,shared_noise_sequence_across_target_snr_siblings
654,case-0654-noise-03,noise,3,AM,RB53D,00,EH?,2025-06-06T16:03:39.106000Z,2025-06-06T16:06:44.456000Z,RASPISHAKE,https://data.raspberryshake.org/fdsnws/dataselect/1/query,35.0,continuation_noise_chunk_truncated,AM.RB53D.noise.20250606T160341,3500,2000,7000,9000,shared_noise_sequence_across_target_snr_siblings
655,case-0655-event,event,0,AM,RB53D,00,EH?,2026-05-04T15:25:54.641000Z,2026-05-04T15:26:29.641000Z,RASPISHAKE,https://data.raspberryshake.org/fdsnws/dataselect/1/query,35.0,evaluator_event_reference,AM.RB53D.event.20260504T152554,3500,3500,0,3500,shared_event_window_across_target_snr_siblings
655,case-0655-noise-01,noise,1,AM,RB53D,00,EH?,2025-06-02T21:51:35.076000Z,2025-06-02T21:54:40.226000Z,RASPISHAKE,https://data.raspberryshake.org/fdsnws/dataselect/1/query,35.0,primary_noise_chunk,AM.RB53D.noise.20250602T215137,3500,3500,0,3500,shared_noise_sequence_across_target_snr_siblings
655,case-0655-noise-02,noise,2,AM,RB53D,00,EH?,2025-06-02T17:28:13.586000Z,2025-06-02T17:31:20.326000Z,RASPISHAKE,https://data.raspberryshake.org/fdsnws/dataselect/1/query,35.0,continuation_noise_chunk,AM.RB53D.noise.20250602T172817,3500,3500,3500,7000,shared_noise_sequence_across_target_snr_siblings
655,case-0655-noise-03,noise,3,AM,RB53D,00,EH?,2025-06-10T21:18:11.056000Z,2025-06-10T21:21:15.646000Z,RASPISHAKE,https://data.raspberryshake.org/fdsnws/dataselect/1/query,35.0,continuation_noise_chunk_truncated,AM.RB53D.noise.20250610T211811,3500,2000,7000,9000,shared_noise_sequence_across_target_snr_siblings
656,case-0656-event,event,0,AM,RB53D,00,EH?,2026-05-04T15:25:54.641000Z,2026-05-04T15:26:29.641000Z,RASPISHAKE,https://data.raspberryshake.org/fdsnws/dataselect/1/query,35.0,evaluator_event_reference,AM.RB53D.event.20260504T152554,3500,3500,0,3500,shared_event_window_across_target_snr_siblings
656,case-0656-noise-01,noise,1,AM,RB53D,00,EH?,2025-06-02T21:51:35.076000Z,2025-06-02T21:54:40.226000Z,RASPISHAKE,https://data.raspberryshake.org/fdsnws/dataselect/1/query,35.0,primary_noise_chunk,AM.RB53D.noise.20250602T215137,3500,3500,0,3500,shared_noise_sequence_across_target_snr_siblings
656,case-0656-noise-02,noise,2,AM,RB53D,00,EH?,2025-06-02T17:28:13.586000Z,2025-06-02T17:31:20.326000Z,RASPISHAKE,https://data.raspberryshake.org/fdsnws/dataselect/1/query,35.0,continuation_noise_chunk,AM.RB53D.noise.20250602T172817,3500,3500,3500,7000,shared_noise_sequence_across_target_snr_siblings
656,case-0656-noise-03,noise,3,AM,RB53D,00,EH?,2025-06-10T21:18:11.056000Z,2025-06-10T21:21:15.646000Z,RASPISHAKE,https://data.raspberryshake.org/fdsnws/dataselect/1/query,35.0,continuation_noise_chunk_truncated,AM.RB53D.noise.20250610T211811,3500,2000,7000,9000,shared_noise_sequence_across_target_snr_siblings
657,case-0657-event,event,0,AM,RB53D,00,EH?,2026-05-04T15:25:54.641000Z,2026-05-04T15:26:29.641000Z,RASPISHAKE,https://data.raspberryshake.org/fdsnws/dataselect/1/query,35.0,evaluator_event_reference,AM.RB53D.event.20260504T152554,3500,3500,0,3500,shared_event_window_across_target_snr_siblings
657,case-0657-noise-01,noise,1,AM,RB53D,00,EH?,2025-06-02T21:51:35.076000Z,2025-06-02T21:54:40.226000Z,RASPISHAKE,https://data.raspberryshake.org/fdsnws/dataselect/1/query,35.0,primary_noise_chunk,AM.RB53D.noise.20250602T215137,3500,3500,0,3500,shared_noise_sequence_across_target_snr_siblings
657,case-0657-noise-02,noise,2,AM,RB53D,00,EH?,2025-06-02T17:28:13.586000Z,2025-06-02T17:31:20.326000Z,RASPISHAKE,https://data.raspberryshake.org/fdsnws/dataselect/1/query,35.0,continuation_noise_chunk,AM.RB53D.noise.20250602T172817,3500,3500,3500,7000,shared_noise_sequence_across_target_snr_siblings
657,case-0657-noise-03,noise,3,AM,RB53D,00,EH?,2025-06-10T21:18:11.056000Z,2025-06-10T21:21:15.646000Z,RASPISHAKE,https://data.raspberryshake.org/fdsnws/dataselect/1/query,35.0,continuation_noise_chunk_truncated,AM.RB53D.noise.20250610T211811,3500,2000,7000,9000,shared_noise_sequence_across_target_snr_siblings
658,case-0658-event,event,0,AM,RB53D,00,EH?,2026-05-15T11:34:57.161000Z,2026-05-15T11:35:32.161000Z,RASPISHAKE,https://data.raspberryshake.org/fdsnws/dataselect/1/query,35.0,evaluator_event_reference,AM.RB53D.event.20260515T113457,3500,3500,0,3500,shared_event_window_across_target_snr_siblings
658,case-0658-noise-01,noise,1,AM,RB53D,00,EH?,2025-06-06T16:03:39.106000Z,2025-06-06T16:06:44.456000Z,RASPISHAKE,https://data.raspberryshake.org/fdsnws/dataselect/1/query,35.0,primary_noise_chunk,AM.RB53D.noise.20250606T160341,3500,3500,0,3500,shared_noise_sequence_across_target_snr_siblings
658,case-0658-noise-02,noise,2,AM,RB53D,00,EH?,2025-06-02T21:51:35.076000Z,2025-06-02T21:54:40.226000Z,RASPISHAKE,https://data.raspberryshake.org/fdsnws/dataselect/1/query,35.0,continuation_noise_chunk,AM.RB53D.noise.20250602T215137,3500,3500,3500,7000,shared_noise_sequence_across_target_snr_siblings
658,case-0658-noise-03,noise,3,AM,RB53D,00,EH?,2025-06-08T16:25:03.556000Z,2025-06-08T16:28:10.016000Z,RASPISHAKE,https://data.raspberryshake.org/fdsnws/dataselect/1/query,35.0,continuation_noise_chunk_truncated,AM.RB53D.noise.20250608T162507,3500,2000,7000,9000,shared_noise_sequence_across_target_snr_siblings
659,case-0659-event,event,0,AM,RB53D,00,EH?,2026-05-15T11:34:57.161000Z,2026-05-15T11:35:32.161000Z,RASPISHAKE,https://data.raspberryshake.org/fdsnws/dataselect/1/query,35.0,evaluator_event_reference,AM.RB53D.event.20260515T113457,3500,3500,0,3500,shared_event_window_across_target_snr_siblings
659,case-0659-noise-01,noise,1,AM,RB53D,00,EH?,2025-06-06T16:03:39.106000Z,2025-06-06T16:06:44.456000Z,RASPISHAKE,https://data.raspberryshake.org/fdsnws/dataselect/1/query,35.0,primary_noise_chunk,AM.RB53D.noise.20250606T160341,3500,3500,0,3500,shared_noise_sequence_across_target_snr_siblings
659,case-0659-noise-02,noise,2,AM,RB53D,00,EH?,2025-06-02T21:51:35.076000Z,2025-06-02T21:54:40.226000Z,RASPISHAKE,https://data.raspberryshake.org/fdsnws/dataselect/1/query,35.0,continuation_noise_chunk,AM.RB53D.noise.20250602T215137,3500,3500,3500,7000,shared_noise_sequence_across_target_snr_siblings
659,case-0659-noise-03,noise,3,AM,RB53D,00,EH?,2025-06-08T16:25:03.556000Z,2025-06-08T16:28:10.016000Z,RASPISHAKE,https://data.raspberryshake.org/fdsnws/dataselect/1/query,35.0,continuation_noise_chunk_truncated,AM.RB53D.noise.20250608T162507,3500,2000,7000,9000,shared_noise_sequence_across_target_snr_siblings
660,case-0660-event,event,0,AM,RB53D,00,EH?,2026-05-15T11:34:57.161000Z,2026-05-15T11:35:32.161000Z,RASPISHAKE,https://data.raspberryshake.org/fdsnws/dataselect/1/query,35.0,evaluator_event_reference,AM.RB53D.event.20260515T113457,3500,3500,0,3500,shared_event_window_across_target_snr_siblings
660,case-0660-noise-01,noise,1,AM,RB53D,00,EH?,2025-06-06T16:03:39.106000Z,2025-06-06T16:06:44.456000Z,RASPISHAKE,https://data.raspberryshake.org/fdsnws/dataselect/1/query,35.0,primary_noise_chunk,AM.RB53D.noise.20250606T160341,3500,3500,0,3500,shared_noise_sequence_across_target_snr_siblings
660,case-0660-noise-02,noise,2,AM,RB53D,00,EH?,2025-06-02T21:51:35.076000Z,2025-06-02T21:54:40.226000Z,RASPISHAKE,https://data.raspberryshake.org/fdsnws/dataselect/1/query,35.0,continuation_noise_chunk,AM.RB53D.noise.20250602T215137,3500,3500,3500,7000,shared_noise_sequence_across_target_snr_siblings
660,case-0660-noise-03,noise,3,AM,RB53D,00,EH?,2025-06-08T16:25:03.556000Z,2025-06-08T16:28:10.016000Z,RASPISHAKE,https://data.raspberryshake.org/fdsnws/dataselect/1/query,35.0,continuation_noise_chunk_truncated,AM.RB53D.noise.20250608T162507,3500,2000,7000,9000,shared_noise_sequence_across_target_snr_siblings
661,case-0661-event,event,0,AM,RB53D,00,EH?,2026-05-16T14:55:35.051000Z,2026-05-16T14:56:10.051000Z,RASPISHAKE,https://data.raspberryshake.org/fdsnws/dataselect/1/query,35.0,evaluator_event_reference,AM.RB53D.event.20260516T145535,3500,3500,0,3500,shared_event_window_across_target_snr_siblings
661,case-0661-noise-01,noise,1,AM,RB53D,00,EH?,2025-06-02T21:51:35.076000Z,2025-06-02T21:54:40.226000Z,RASPISHAKE,https://data.raspberryshake.org/fdsnws/dataselect/1/query,35.0,primary_noise_chunk,AM.RB53D.noise.20250602T215137,3500,3500,0,3500,shared_noise_sequence_across_target_snr_siblings
661,case-0661-noise-02,noise,2,AM,RB53D,00,EH?,2025-06-01T15:15:15.596000Z,2025-06-01T15:18:22.646000Z,RASPISHAKE,https://data.raspberryshake.org/fdsnws/dataselect/1/query,35.0,continuation_noise_chunk,AM.RB53D.noise.20250601T151518,3500,3500,3500,7000,shared_noise_sequence_across_target_snr_siblings
661,case-0661-noise-03,noise,3,AM,RB53D,00,EH?,2025-06-08T16:29:14.506000Z,2025-06-08T16:32:21.446000Z,RASPISHAKE,https://data.raspberryshake.org/fdsnws/dataselect/1/query,35.0,continuation_noise_chunk_truncated,AM.RB53D.noise.20250608T162917,3500,2000,7000,9000,shared_noise_sequence_across_target_snr_siblings
662,case-0662-event,event,0,AM,RB53D,00,EH?,2026-05-16T14:55:35.051000Z,2026-05-16T14:56:10.051000Z,RASPISHAKE,https://data.raspberryshake.org/fdsnws/dataselect/1/query,35.0,evaluator_event_reference,AM.RB53D.event.20260516T145535,3500,3500,0,3500,shared_event_window_across_target_snr_siblings
662,case-0662-noise-01,noise,1,AM,RB53D,00,EH?,2025-06-02T21:51:35.076000Z,2025-06-02T21:54:40.226000Z,RASPISHAKE,https://data.raspberryshake.org/fdsnws/dataselect/1/query,35.0,primary_noise_chunk,AM.RB53D.noise.20250602T215137,3500,3500,0,3500,shared_noise_sequence_across_target_snr_siblings
662,case-0662-noise-02,noise,2,AM,RB53D,00,EH?,2025-06-01T15:15:15.596000Z,2025-06-01T15:18:22.646000Z,RASPISHAKE,https://data.raspberryshake.org/fdsnws/dataselect/1/query,35.0,continuation_noise_chunk,AM.RB53D.noise.20250601T151518,3500,3500,3500,7000,shared_noise_sequence_across_target_snr_siblings
662,case-0662-noise-03,noise,3,AM,RB53D,00,EH?,2025-06-08T16:29:14.506000Z,2025-06-08T16:32:21.446000Z,RASPISHAKE,https://data.raspberryshake.org/fdsnws/dataselect/1/query,35.0,continuation_noise_chunk_truncated,AM.RB53D.noise.20250608T162917,3500,2000,7000,9000,shared_noise_sequence_across_target_snr_siblings
663,case-0663-event,event,0,AM,RB53D,00,EH?,2026-05-16T14:55:35.051000Z,2026-05-16T14:56:10.051000Z,RASPISHAKE,https://data.raspberryshake.org/fdsnws/dataselect/1/query,35.0,evaluator_event_reference,AM.RB53D.event.20260516T145535,3500,3500,0,3500,shared_event_window_across_target_snr_siblings
663,case-0663-noise-01,noise,1,AM,RB53D,00,EH?,2025-06-02T21:51:35.076000Z,2025-06-02T21:54:40.226000Z,RASPISHAKE,https://data.raspberryshake.org/fdsnws/dataselect/1/query,35.0,primary_noise_chunk,AM.RB53D.noise.20250602T215137,3500,3500,0,3500,shared_noise_sequence_across_target_snr_siblings
663,case-0663-noise-02,noise,2,AM,RB53D,00,EH?,2025-06-01T15:15:15.596000Z,2025-06-01T15:18:22.646000Z,RASPISHAKE,https://data.raspberryshake.org/fdsnws/dataselect/1/query,35.0,continuation_noise_chunk,AM.RB53D.noise.20250601T151518,3500,3500,3500,7000,shared_noise_sequence_across_target_snr_siblings
663,case-0663-noise-03,noise,3,AM,RB53D,00,EH?,2025-06-08T16:29:14.506000Z,2025-06-08T16:32:21.446000Z,RASPISHAKE,https://data.raspberryshake.org/fdsnws/dataselect/1/query,35.0,continuation_noise_chunk_truncated,AM.RB53D.noise.20250608T162917,3500,2000,7000,9000,shared_noise_sequence_across_target_snr_siblings
664,case-0664-event,event,0,AM,RB53D,00,EH?,2026-05-25T22:02:39.901000Z,2026-05-25T22:03:14.901000Z,RASPISHAKE,https://data.raspberryshake.org/fdsnws/dataselect/1/query,35.0,evaluator_event_reference,AM.RB53D.event.20260525T220239,3500,3500,0,3500,shared_event_window_across_target_snr_siblings
664,case-0664-noise-01,noise,1,AM,RB53D,00,EH?,2025-06-05T10:07:20.746000Z,2025-06-05T10:10:26.816000Z,RASPISHAKE,https://data.raspberryshake.org/fdsnws/dataselect/1/query,35.0,primary_noise_chunk,AM.RB53D.noise.20250605T100724,3500,3500,0,3500,shared_noise_sequence_across_target_snr_siblings
664,case-0664-noise-02,noise,2,AM,RB53D,00,EH?,2025-06-08T16:25:03.556000Z,2025-06-08T16:28:10.016000Z,RASPISHAKE,https://data.raspberryshake.org/fdsnws/dataselect/1/query,35.0,continuation_noise_chunk,AM.RB53D.noise.20250608T162507,3500,3500,3500,7000,shared_noise_sequence_across_target_snr_siblings
664,case-0664-noise-03,noise,3,AM,RB53D,00,EH?,2025-06-10T08:34:05.726000Z,2025-06-10T08:37:12.796000Z,RASPISHAKE,https://data.raspberryshake.org/fdsnws/dataselect/1/query,35.0,continuation_noise_chunk_truncated,AM.RB53D.noise.20250610T083409,3500,2000,7000,9000,shared_noise_sequence_across_target_snr_siblings
665,case-0665-event,event,0,AM,RB53D,00,EH?,2026-05-25T22:02:39.901000Z,2026-05-25T22:03:14.901000Z,RASPISHAKE,https://data.raspberryshake.org/fdsnws/dataselect/1/query,35.0,evaluator_event_reference,AM.RB53D.event.20260525T220239,3500,3500,0,3500,shared_event_window_across_target_snr_siblings
665,case-0665-noise-01,noise,1,AM,RB53D,00,EH?,2025-06-05T10:07:20.746000Z,2025-06-05T10:10:26.816000Z,RASPISHAKE,https://data.raspberryshake.org/fdsnws/dataselect/1/query,35.0,primary_noise_chunk,AM.RB53D.noise.20250605T100724,3500,3500,0,3500,shared_noise_sequence_across_target_snr_siblings
665,case-0665-noise-02,noise,2,AM,RB53D,00,EH?,2025-06-08T16:25:03.556000Z,2025-06-08T16:28:10.016000Z,RASPISHAKE,https://data.raspberryshake.org/fdsnws/dataselect/1/query,35.0,continuation_noise_chunk,AM.RB53D.noise.20250608T162507,3500,3500,3500,7000,shared_noise_sequence_across_target_snr_siblings
665,case-0665-noise-03,noise,3,AM,RB53D,00,EH?,2025-06-10T08:34:05.726000Z,2025-06-10T08:37:12.796000Z,RASPISHAKE,https://data.raspberryshake.org/fdsnws/dataselect/1/query,35.0,continuation_noise_chunk_truncated,AM.RB53D.noise.20250610T083409,3500,2000,7000,9000,shared_noise_sequence_across_target_snr_siblings
666,case-0666-event,event,0,AM,RB53D,00,EH?,2026-05-25T22:02:39.901000Z,2026-05-25T22:03:14.901000Z,RASPISHAKE,https://data.raspberryshake.org/fdsnws/dataselect/1/query,35.0,evaluator_event_reference,AM.RB53D.event.20260525T220239,3500,3500,0,3500,shared_event_window_across_target_snr_siblings
666,case-0666-noise-01,noise,1,AM,RB53D,00,EH?,2025-06-05T10:07:20.746000Z,2025-06-05T10:10:26.816000Z,RASPISHAKE,https://data.raspberryshake.org/fdsnws/dataselect/1/query,35.0,primary_noise_chunk,AM.RB53D.noise.20250605T100724,3500,3500,0,3500,shared_noise_sequence_across_target_snr_siblings
666,case-0666-noise-02,noise,2,AM,RB53D,00,EH?,2025-06-08T16:25:03.556000Z,2025-06-08T16:28:10.016000Z,RASPISHAKE,https://data.raspberryshake.org/fdsnws/dataselect/1/query,35.0,continuation_noise_chunk,AM.RB53D.noise.20250608T162507,3500,3500,3500,7000,shared_noise_sequence_across_target_snr_siblings
666,case-0666-noise-03,noise,3,AM,RB53D,00,EH?,2025-06-10T08:34:05.726000Z,2025-06-10T08:37:12.796000Z,RASPISHAKE,https://data.raspberryshake.org/fdsnws/dataselect/1/query,35.0,continuation_noise_chunk_truncated,AM.RB53D.noise.20250610T083409,3500,2000,7000,9000,shared_noise_sequence_across_target_snr_siblings
667,case-0667-event,event,0,AM,RB53D,00,EH?,2026-05-30T21:33:48.541000Z,2026-05-30T21:34:23.541000Z,RASPISHAKE,https://data.raspberryshake.org/fdsnws/dataselect/1/query,35.0,evaluator_event_reference,AM.RB53D.event.20260530T213348,3500,3500,0,3500,shared_event_window_across_target_snr_siblings
667,case-0667-noise-01,noise,1,AM,RB53D,00,EH?,2025-06-09T17:16:42.896000Z,2025-06-09T17:19:50.106000Z,RASPISHAKE,https://data.raspberryshake.org/fdsnws/dataselect/1/query,35.0,primary_noise_chunk,AM.RB53D.noise.20250609T171646,3500,3500,0,3500,shared_noise_sequence_across_target_snr_siblings
667,case-0667-noise-02,noise,2,AM,RB53D,00,EH?,2025-06-01T06:27:37.416000Z,2025-06-01T06:30:43.796000Z,RASPISHAKE,https://data.raspberryshake.org/fdsnws/dataselect/1/query,35.0,continuation_noise_chunk,AM.RB53D.noise.20250601T062741,3500,3500,3500,7000,shared_noise_sequence_across_target_snr_siblings
667,case-0667-noise-03,noise,3,AM,RB53D,00,EH?,2025-06-04T04:12:23.026000Z,2025-06-04T04:15:28.096000Z,RASPISHAKE,https://data.raspberryshake.org/fdsnws/dataselect/1/query,35.0,continuation_noise_chunk_truncated,AM.RB53D.noise.20250604T041225,3500,2000,7000,9000,shared_noise_sequence_across_target_snr_siblings
668,case-0668-event,event,0,AM,RB53D,00,EH?,2026-05-30T21:33:48.541000Z,2026-05-30T21:34:23.541000Z,RASPISHAKE,https://data.raspberryshake.org/fdsnws/dataselect/1/query,35.0,evaluator_event_reference,AM.RB53D.event.20260530T213348,3500,3500,0,3500,shared_event_window_across_target_snr_siblings
668,case-0668-noise-01,noise,1,AM,RB53D,00,EH?,2025-06-09T17:16:42.896000Z,2025-06-09T17:19:50.106000Z,RASPISHAKE,https://data.raspberryshake.org/fdsnws/dataselect/1/query,35.0,primary_noise_chunk,AM.RB53D.noise.20250609T171646,3500,3500,0,3500,shared_noise_sequence_across_target_snr_siblings
668,case-0668-noise-02,noise,2,AM,RB53D,00,EH?,2025-06-01T06:27:37.416000Z,2025-06-01T06:30:43.796000Z,RASPISHAKE,https://data.raspberryshake.org/fdsnws/dataselect/1/query,35.0,continuation_noise_chunk,AM.RB53D.noise.20250601T062741,3500,3500,3500,7000,shared_noise_sequence_across_target_snr_siblings
668,case-0668-noise-03,noise,3,AM,RB53D,00,EH?,2025-06-04T04:12:23.026000Z,2025-06-04T04:15:28.096000Z,RASPISHAKE,https://data.raspberryshake.org/fdsnws/dataselect/1/query,35.0,continuation_noise_chunk_truncated,AM.RB53D.noise.20250604T041225,3500,2000,7000,9000,shared_noise_sequence_across_target_snr_siblings
669,case-0669-event,event,0,AM,RB53D,00,EH?,2026-05-30T21:33:48.541000Z,2026-05-30T21:34:23.541000Z,RASPISHAKE,https://data.raspberryshake.org/fdsnws/dataselect/1/query,35.0,evaluator_event_reference,AM.RB53D.event.20260530T213348,3500,3500,0,3500,shared_event_window_across_target_snr_siblings
669,case-0669-noise-01,noise,1,AM,RB53D,00,EH?,2025-06-09T17:16:42.896000Z,2025-06-09T17:19:50.106000Z,RASPISHAKE,https://data.raspberryshake.org/fdsnws/dataselect/1/query,35.0,primary_noise_chunk,AM.RB53D.noise.20250609T171646,3500,3500,0,3500,shared_noise_sequence_across_target_snr_siblings
669,case-0669-noise-02,noise,2,AM,RB53D,00,EH?,2025-06-01T06:27:37.416000Z,2025-06-01T06:30:43.796000Z,RASPISHAKE,https://data.raspberryshake.org/fdsnws/dataselect/1/query,35.0,continuation_noise_chunk,AM.RB53D.noise.20250601T062741,3500,3500,3500,7000,shared_noise_sequence_across_target_snr_siblings
669,case-0669-noise-03,noise,3,AM,RB53D,00,EH?,2025-06-04T04:12:23.026000Z,2025-06-04T04:15:28.096000Z,RASPISHAKE,https://data.raspberryshake.org/fdsnws/dataselect/1/query,35.0,continuation_noise_chunk_truncated,AM.RB53D.noise.20250604T041225,3500,2000,7000,9000,shared_noise_sequence_across_target_snr_siblings
670,case-0670-event,event,0,AM,RB53D,00,EH?,2026-05-31T21:45:50.331000Z,2026-05-31T21:46:25.331000Z,RASPISHAKE,https://data.raspberryshake.org/fdsnws/dataselect/1/query,35.0,evaluator_event_reference,AM.RB53D.event.20260531T214550,3500,3500,0,3500,shared_event_window_across_target_snr_siblings
670,case-0670-noise-01,noise,1,AM,RB53D,00,EH?,2025-06-09T12:34:53.066000Z,2025-06-09T12:37:59.726000Z,RASPISHAKE,https://data.raspberryshake.org/fdsnws/dataselect/1/query,35.0,primary_noise_chunk,AM.RB53D.noise.20250609T123456,3500,3500,0,3500,shared_noise_sequence_across_target_snr_siblings
670,case-0670-noise-02,noise,2,AM,RB53D,00,EH?,2025-06-05T20:40:21.056000Z,2025-06-05T20:43:25.756000Z,RASPISHAKE,https://data.raspberryshake.org/fdsnws/dataselect/1/query,35.0,continuation_noise_chunk,AM.RB53D.noise.20250605T204023,3500,3500,3500,7000,shared_noise_sequence_across_target_snr_siblings
670,case-0670-noise-03,noise,3,AM,RB53D,00,EH?,2025-06-10T21:18:11.056000Z,2025-06-10T21:21:15.646000Z,RASPISHAKE,https://data.raspberryshake.org/fdsnws/dataselect/1/query,35.0,continuation_noise_chunk_truncated,AM.RB53D.noise.20250610T211811,3500,2000,7000,9000,shared_noise_sequence_across_target_snr_siblings
671,case-0671-event,event,0,AM,RB53D,00,EH?,2026-05-31T21:45:50.331000Z,2026-05-31T21:46:25.331000Z,RASPISHAKE,https://data.raspberryshake.org/fdsnws/dataselect/1/query,35.0,evaluator_event_reference,AM.RB53D.event.20260531T214550,3500,3500,0,3500,shared_event_window_across_target_snr_siblings
671,case-0671-noise-01,noise,1,AM,RB53D,00,EH?,2025-06-09T12:34:53.066000Z,2025-06-09T12:37:59.726000Z,RASPISHAKE,https://data.raspberryshake.org/fdsnws/dataselect/1/query,35.0,primary_noise_chunk,AM.RB53D.noise.20250609T123456,3500,3500,0,3500,shared_noise_sequence_across_target_snr_siblings
671,case-0671-noise-02,noise,2,AM,RB53D,00,EH?,2025-06-05T20:40:21.056000Z,2025-06-05T20:43:25.756000Z,RASPISHAKE,https://data.raspberryshake.org/fdsnws/dataselect/1/query,35.0,continuation_noise_chunk,AM.RB53D.noise.20250605T204023,3500,3500,3500,7000,shared_noise_sequence_across_target_snr_siblings
671,case-0671-noise-03,noise,3,AM,RB53D,00,EH?,2025-06-10T21:18:11.056000Z,2025-06-10T21:21:15.646000Z,RASPISHAKE,https://data.raspberryshake.org/fdsnws/dataselect/1/query,35.0,continuation_noise_chunk_truncated,AM.RB53D.noise.20250610T211811,3500,2000,7000,9000,shared_noise_sequence_across_target_snr_siblings
672,case-0672-event,event,0,AM,RB53D,00,EH?,2026-05-31T21:45:50.331000Z,2026-05-31T21:46:25.331000Z,RASPISHAKE,https://data.raspberryshake.org/fdsnws/dataselect/1/query,35.0,evaluator_event_reference,AM.RB53D.event.20260531T214550,3500,3500,0,3500,shared_event_window_across_target_snr_siblings
672,case-0672-noise-01,noise,1,AM,RB53D,00,EH?,2025-06-09T12:34:53.066000Z,2025-06-09T12:37:59.726000Z,RASPISHAKE,https://data.raspberryshake.org/fdsnws/dataselect/1/query,35.0,primary_noise_chunk,AM.RB53D.noise.20250609T123456,3500,3500,0,3500,shared_noise_sequence_across_target_snr_siblings
672,case-0672-noise-02,noise,2,AM,RB53D,00,EH?,2025-06-05T20:40:21.056000Z,2025-06-05T20:43:25.756000Z,RASPISHAKE,https://data.raspberryshake.org/fdsnws/dataselect/1/query,35.0,continuation_noise_chunk,AM.RB53D.noise.20250605T204023,3500,3500,3500,7000,shared_noise_sequence_across_target_snr_siblings
672,case-0672-noise-03,noise,3,AM,RB53D,00,EH?,2025-06-10T21:18:11.056000Z,2025-06-10T21:21:15.646000Z,RASPISHAKE,https://data.raspberryshake.org/fdsnws/dataselect/1/query,35.0,continuation_noise_chunk_truncated,AM.RB53D.noise.20250610T211811,3500,2000,7000,9000,shared_noise_sequence_across_target_snr_siblings
673,case-0673-event,event,0,AM,RC131,00,EH?,2025-10-20T17:08:27.601000Z,2025-10-20T17:09:02.601000Z,RASPISHAKE,https://data.raspberryshake.org/fdsnws/dataselect/1/query,35.0,evaluator_event_reference,AM.RC131.event.20251020T170827,3500,3500,0,3500,shared_event_window_across_target_snr_siblings
673,case-0673-noise-01,noise,1,AM,RC131,00,EH?,2025-06-08T15:34:38.824000Z,2025-06-08T15:37:45.694000Z,RASPISHAKE,https://data.raspberryshake.org/fdsnws/dataselect/1/query,35.0,primary_noise_chunk,AM.RC131.noise.20250608T153442,3500,3500,0,3500,shared_noise_sequence_across_target_snr_siblings
673,case-0673-noise-02,noise,2,AM,RC131,00,EH?,2025-06-06T16:03:40.274000Z,2025-06-06T16:06:44.734000Z,RASPISHAKE,https://data.raspberryshake.org/fdsnws/dataselect/1/query,35.0,continuation_noise_chunk,AM.RC131.noise.20250606T160341,3500,3500,3500,7000,shared_noise_sequence_across_target_snr_siblings
673,case-0673-noise-03,noise,3,AM,RC131,00,EH?,2025-06-03T19:32:18.864000Z,2025-06-03T19:35:25.374000Z,RASPISHAKE,https://data.raspberryshake.org/fdsnws/dataselect/1/query,35.0,continuation_noise_chunk_truncated,AM.RC131.noise.20250603T193222,3500,2000,7000,9000,shared_noise_sequence_across_target_snr_siblings
674,case-0674-event,event,0,AM,RC131,00,EH?,2025-10-20T17:08:27.601000Z,2025-10-20T17:09:02.601000Z,RASPISHAKE,https://data.raspberryshake.org/fdsnws/dataselect/1/query,35.0,evaluator_event_reference,AM.RC131.event.20251020T170827,3500,3500,0,3500,shared_event_window_across_target_snr_siblings
674,case-0674-noise-01,noise,1,AM,RC131,00,EH?,2025-06-08T15:34:38.824000Z,2025-06-08T15:37:45.694000Z,RASPISHAKE,https://data.raspberryshake.org/fdsnws/dataselect/1/query,35.0,primary_noise_chunk,AM.RC131.noise.20250608T153442,3500,3500,0,3500,shared_noise_sequence_across_target_snr_siblings
674,case-0674-noise-02,noise,2,AM,RC131,00,EH?,2025-06-06T16:03:40.274000Z,2025-06-06T16:06:44.734000Z,RASPISHAKE,https://data.raspberryshake.org/fdsnws/dataselect/1/query,35.0,continuation_noise_chunk,AM.RC131.noise.20250606T160341,3500,3500,3500,7000,shared_noise_sequence_across_target_snr_siblings
674,case-0674-noise-03,noise,3,AM,RC131,00,EH?,2025-06-03T19:32:18.864000Z,2025-06-03T19:35:25.374000Z,RASPISHAKE,https://data.raspberryshake.org/fdsnws/dataselect/1/query,35.0,continuation_noise_chunk_truncated,AM.RC131.noise.20250603T193222,3500,2000,7000,9000,shared_noise_sequence_across_target_snr_siblings
675,case-0675-event,event,0,AM,RC131,00,EH?,2025-10-20T17:08:27.601000Z,2025-10-20T17:09:02.601000Z,RASPISHAKE,https://data.raspberryshake.org/fdsnws/dataselect/1/query,35.0,evaluator_event_reference,AM.RC131.event.20251020T170827,3500,3500,0,3500,shared_event_window_across_target_snr_siblings
675,case-0675-noise-01,noise,1,AM,RC131,00,EH?,2025-06-08T15:34:38.824000Z,2025-06-08T15:37:45.694000Z,RASPISHAKE,https://data.raspberryshake.org/fdsnws/dataselect/1/query,35.0,primary_noise_chunk,AM.RC131.noise.20250608T153442,3500,3500,0,3500,shared_noise_sequence_across_target_snr_siblings
675,case-0675-noise-02,noise,2,AM,RC131,00,EH?,2025-06-06T16:03:40.274000Z,2025-06-06T16:06:44.734000Z,RASPISHAKE,https://data.raspberryshake.org/fdsnws/dataselect/1/query,35.0,continuation_noise_chunk,AM.RC131.noise.20250606T160341,3500,3500,3500,7000,shared_noise_sequence_across_target_snr_siblings
675,case-0675-noise-03,noise,3,AM,RC131,00,EH?,2025-06-03T19:32:18.864000Z,2025-06-03T19:35:25.374000Z,RASPISHAKE,https://data.raspberryshake.org/fdsnws/dataselect/1/query,35.0,continuation_noise_chunk_truncated,AM.RC131.noise.20250603T193222,3500,2000,7000,9000,shared_noise_sequence_across_target_snr_siblings
676,case-0676-event,event,0,AM,RC131,00,EH?,2025-11-14T00:17:58.981000Z,2025-11-14T00:18:33.981000Z,RASPISHAKE,https://data.raspberryshake.org/fdsnws/dataselect/1/query,35.0,evaluator_event_reference,AM.RC131.event.20251114T001758,3500,3500,0,3500,shared_event_window_across_target_snr_siblings
676,case-0676-noise-01,noise,1,AM,RC131,00,EH?,2025-06-05T07:10:38.114000Z,2025-06-05T07:13:44.724000Z,RASPISHAKE,https://data.raspberryshake.org/fdsnws/dataselect/1/query,35.0,primary_noise_chunk,AM.RC131.noise.20250605T071041,3500,3500,0,3500,shared_noise_sequence_across_target_snr_siblings
676,case-0676-noise-02,noise,2,AM,RC131,00,EH?,2025-06-07T23:52:56.554000Z,2025-06-07T23:56:03.364000Z,RASPISHAKE,https://data.raspberryshake.org/fdsnws/dataselect/1/query,35.0,continuation_noise_chunk,AM.RC131.noise.20250607T235259,3500,3500,3500,7000,shared_noise_sequence_across_target_snr_siblings
676,case-0676-noise-03,noise,3,AM,RC131,00,EH?,2025-06-10T11:38:05.544000Z,2025-06-10T11:41:12.744000Z,RASPISHAKE,https://data.raspberryshake.org/fdsnws/dataselect/1/query,35.0,continuation_noise_chunk_truncated,AM.RC131.noise.20250610T113808,3500,2000,7000,9000,shared_noise_sequence_across_target_snr_siblings
677,case-0677-event,event,0,AM,RC131,00,EH?,2025-11-14T00:17:58.981000Z,2025-11-14T00:18:33.981000Z,RASPISHAKE,https://data.raspberryshake.org/fdsnws/dataselect/1/query,35.0,evaluator_event_reference,AM.RC131.event.20251114T001758,3500,3500,0,3500,shared_event_window_across_target_snr_siblings
677,case-0677-noise-01,noise,1,AM,RC131,00,EH?,2025-06-05T07:10:38.114000Z,2025-06-05T07:13:44.724000Z,RASPISHAKE,https://data.raspberryshake.org/fdsnws/dataselect/1/query,35.0,primary_noise_chunk,AM.RC131.noise.20250605T071041,3500,3500,0,3500,shared_noise_sequence_across_target_snr_siblings
677,case-0677-noise-02,noise,2,AM,RC131,00,EH?,2025-06-07T23:52:56.554000Z,2025-06-07T23:56:03.364000Z,RASPISHAKE,https://data.raspberryshake.org/fdsnws/dataselect/1/query,35.0,continuation_noise_chunk,AM.RC131.noise.20250607T235259,3500,3500,3500,7000,shared_noise_sequence_across_target_snr_siblings
677,case-0677-noise-03,noise,3,AM,RC131,00,EH?,2025-06-10T11:38:05.544000Z,2025-06-10T11:41:12.744000Z,RASPISHAKE,https://data.raspberryshake.org/fdsnws/dataselect/1/query,35.0,continuation_noise_chunk_truncated,AM.RC131.noise.20250610T113808,3500,2000,7000,9000,shared_noise_sequence_across_target_snr_siblings
678,case-0678-event,event,0,AM,RC131,00,EH?,2025-11-14T00:17:58.981000Z,2025-11-14T00:18:33.981000Z,RASPISHAKE,https://data.raspberryshake.org/fdsnws/dataselect/1/query,35.0,evaluator_event_reference,AM.RC131.event.20251114T001758,3500,3500,0,3500,shared_event_window_across_target_snr_siblings
678,case-0678-noise-01,noise,1,AM,RC131,00,EH?,2025-06-05T07:10:38.114000Z,2025-06-05T07:13:44.724000Z,RASPISHAKE,https://data.raspberryshake.org/fdsnws/dataselect/1/query,35.0,primary_noise_chunk,AM.RC131.noise.20250605T071041,3500,3500,0,3500,shared_noise_sequence_across_target_snr_siblings
678,case-0678-noise-02,noise,2,AM,RC131,00,EH?,2025-06-07T23:52:56.554000Z,2025-06-07T23:56:03.364000Z,RASPISHAKE,https://data.raspberryshake.org/fdsnws/dataselect/1/query,35.0,continuation_noise_chunk,AM.RC131.noise.20250607T235259,3500,3500,3500,7000,shared_noise_sequence_across_target_snr_siblings
678,case-0678-noise-03,noise,3,AM,RC131,00,EH?,2025-06-10T11:38:05.544000Z,2025-06-10T11:41:12.744000Z,RASPISHAKE,https://data.raspberryshake.org/fdsnws/dataselect/1/query,35.0,continuation_noise_chunk_truncated,AM.RC131.noise.20250610T113808,3500,2000,7000,9000,shared_noise_sequence_across_target_snr_siblings
679,case-0679-event,event,0,AM,RC131,00,EH?,2026-01-21T09:18:30.485000Z,2026-01-21T09:19:05.485000Z,RASPISHAKE,https://data.raspberryshake.org/fdsnws/dataselect/1/query,35.0,evaluator_event_reference,AM.RC131.event.20260121T091830,3500,3500,0,3500,shared_event_window_across_target_snr_siblings
679,case-0679-noise-01,noise,1,AM,RC131,00,EH?,2025-06-09T03:14:05.714000Z,2025-06-09T03:17:11.384000Z,RASPISHAKE,https://data.raspberryshake.org/fdsnws/dataselect/1/query,35.0,primary_noise_chunk,AM.RC131.noise.20250609T031408,3500,3500,0,3500,shared_noise_sequence_across_target_snr_siblings
679,case-0679-noise-02,noise,2,AM,RC131,00,EH?,2025-06-08T15:34:38.824000Z,2025-06-08T15:37:45.694000Z,RASPISHAKE,https://data.raspberryshake.org/fdsnws/dataselect/1/query,35.0,continuation_noise_chunk,AM.RC131.noise.20250608T153442,3500,3500,3500,7000,shared_noise_sequence_across_target_snr_siblings
679,case-0679-noise-03,noise,3,AM,RC131,00,EH?,2025-06-01T00:58:48.954000Z,2025-06-01T01:01:54.704000Z,RASPISHAKE,https://data.raspberryshake.org/fdsnws/dataselect/1/query,35.0,continuation_noise_chunk_truncated,AM.RC131.noise.20250601T005852,3500,2000,7000,9000,shared_noise_sequence_across_target_snr_siblings
680,case-0680-event,event,0,AM,RC131,00,EH?,2026-01-21T09:18:30.485000Z,2026-01-21T09:19:05.485000Z,RASPISHAKE,https://data.raspberryshake.org/fdsnws/dataselect/1/query,35.0,evaluator_event_reference,AM.RC131.event.20260121T091830,3500,3500,0,3500,shared_event_window_across_target_snr_siblings
680,case-0680-noise-01,noise,1,AM,RC131,00,EH?,2025-06-09T03:14:05.714000Z,2025-06-09T03:17:11.384000Z,RASPISHAKE,https://data.raspberryshake.org/fdsnws/dataselect/1/query,35.0,primary_noise_chunk,AM.RC131.noise.20250609T031408,3500,3500,0,3500,shared_noise_sequence_across_target_snr_siblings
680,case-0680-noise-02,noise,2,AM,RC131,00,EH?,2025-06-08T15:34:38.824000Z,2025-06-08T15:37:45.694000Z,RASPISHAKE,https://data.raspberryshake.org/fdsnws/dataselect/1/query,35.0,continuation_noise_chunk,AM.RC131.noise.20250608T153442,3500,3500,3500,7000,shared_noise_sequence_across_target_snr_siblings
680,case-0680-noise-03,noise,3,AM,RC131,00,EH?,2025-06-01T00:58:48.954000Z,2025-06-01T01:01:54.704000Z,RASPISHAKE,https://data.raspberryshake.org/fdsnws/dataselect/1/query,35.0,continuation_noise_chunk_truncated,AM.RC131.noise.20250601T005852,3500,2000,7000,9000,shared_noise_sequence_across_target_snr_siblings
681,case-0681-event,event,0,AM,RC131,00,EH?,2026-01-21T09:18:30.485000Z,2026-01-21T09:19:05.485000Z,RASPISHAKE,https://data.raspberryshake.org/fdsnws/dataselect/1/query,35.0,evaluator_event_reference,AM.RC131.event.20260121T091830,3500,3500,0,3500,shared_event_window_across_target_snr_siblings
681,case-0681-noise-01,noise,1,AM,RC131,00,EH?,2025-06-09T03:14:05.714000Z,2025-06-09T03:17:11.384000Z,RASPISHAKE,https://data.raspberryshake.org/fdsnws/dataselect/1/query,35.0,primary_noise_chunk,AM.RC131.noise.20250609T031408,3500,3500,0,3500,shared_noise_sequence_across_target_snr_siblings
681,case-0681-noise-02,noise,2,AM,RC131,00,EH?,2025-06-08T15:34:38.824000Z,2025-06-08T15:37:45.694000Z,RASPISHAKE,https://data.raspberryshake.org/fdsnws/dataselect/1/query,35.0,continuation_noise_chunk,AM.RC131.noise.20250608T153442,3500,3500,3500,7000,shared_noise_sequence_across_target_snr_siblings
681,case-0681-noise-03,noise,3,AM,RC131,00,EH?,2025-06-01T00:58:48.954000Z,2025-06-01T01:01:54.704000Z,RASPISHAKE,https://data.raspberryshake.org/fdsnws/dataselect/1/query,35.0,continuation_noise_chunk_truncated,AM.RC131.noise.20250601T005852,3500,2000,7000,9000,shared_noise_sequence_across_target_snr_siblings
682,case-0682-event,event,0,AM,RC131,00,EH?,2026-04-26T07:25:06.340000Z,2026-04-26T07:25:41.340000Z,RASPISHAKE,https://data.raspberryshake.org/fdsnws/dataselect/1/query,35.0,evaluator_event_reference,AM.RC131.event.20260426T072506,3500,3500,0,3500,shared_event_window_across_target_snr_siblings
682,case-0682-noise-01,noise,1,AM,RC131,00,EH?,2025-06-04T17:28:27.164000Z,2025-06-04T17:31:32.964000Z,RASPISHAKE,https://data.raspberryshake.org/fdsnws/dataselect/1/query,35.0,primary_noise_chunk,AM.RC131.noise.20250604T172830,3500,3500,0,3500,shared_noise_sequence_across_target_snr_siblings
682,case-0682-noise-02,noise,2,AM,RC131,00,EH?,2025-06-03T19:32:18.864000Z,2025-06-03T19:35:25.374000Z,RASPISHAKE,https://data.raspberryshake.org/fdsnws/dataselect/1/query,35.0,continuation_noise_chunk,AM.RC131.noise.20250603T193222,3500,3500,3500,7000,shared_noise_sequence_across_target_snr_siblings
682,case-0682-noise-03,noise,3,AM,RC131,00,EH?,2025-06-07T23:52:56.554000Z,2025-06-07T23:56:03.364000Z,RASPISHAKE,https://data.raspberryshake.org/fdsnws/dataselect/1/query,35.0,continuation_noise_chunk_truncated,AM.RC131.noise.20250607T235259,3500,2000,7000,9000,shared_noise_sequence_across_target_snr_siblings
683,case-0683-event,event,0,AM,RC131,00,EH?,2026-04-26T07:25:06.340000Z,2026-04-26T07:25:41.340000Z,RASPISHAKE,https://data.raspberryshake.org/fdsnws/dataselect/1/query,35.0,evaluator_event_reference,AM.RC131.event.20260426T072506,3500,3500,0,3500,shared_event_window_across_target_snr_siblings
683,case-0683-noise-01,noise,1,AM,RC131,00,EH?,2025-06-04T17:28:27.164000Z,2025-06-04T17:31:32.964000Z,RASPISHAKE,https://data.raspberryshake.org/fdsnws/dataselect/1/query,35.0,primary_noise_chunk,AM.RC131.noise.20250604T172830,3500,3500,0,3500,shared_noise_sequence_across_target_snr_siblings
683,case-0683-noise-02,noise,2,AM,RC131,00,EH?,2025-06-03T19:32:18.864000Z,2025-06-03T19:35:25.374000Z,RASPISHAKE,https://data.raspberryshake.org/fdsnws/dataselect/1/query,35.0,continuation_noise_chunk,AM.RC131.noise.20250603T193222,3500,3500,3500,7000,shared_noise_sequence_across_target_snr_siblings
683,case-0683-noise-03,noise,3,AM,RC131,00,EH?,2025-06-07T23:52:56.554000Z,2025-06-07T23:56:03.364000Z,RASPISHAKE,https://data.raspberryshake.org/fdsnws/dataselect/1/query,35.0,continuation_noise_chunk_truncated,AM.RC131.noise.20250607T235259,3500,2000,7000,9000,shared_noise_sequence_across_target_snr_siblings
684,case-0684-event,event,0,AM,RC131,00,EH?,2026-04-26T07:25:06.340000Z,2026-04-26T07:25:41.340000Z,RASPISHAKE,https://data.raspberryshake.org/fdsnws/dataselect/1/query,35.0,evaluator_event_reference,AM.RC131.event.20260426T072506,3500,3500,0,3500,shared_event_window_across_target_snr_siblings
684,case-0684-noise-01,noise,1,AM,RC131,00,EH?,2025-06-04T17:28:27.164000Z,2025-06-04T17:31:32.964000Z,RASPISHAKE,https://data.raspberryshake.org/fdsnws/dataselect/1/query,35.0,primary_noise_chunk,AM.RC131.noise.20250604T172830,3500,3500,0,3500,shared_noise_sequence_across_target_snr_siblings
684,case-0684-noise-02,noise,2,AM,RC131,00,EH?,2025-06-03T19:32:18.864000Z,2025-06-03T19:35:25.374000Z,RASPISHAKE,https://data.raspberryshake.org/fdsnws/dataselect/1/query,35.0,continuation_noise_chunk,AM.RC131.noise.20250603T193222,3500,3500,3500,7000,shared_noise_sequence_across_target_snr_siblings
684,case-0684-noise-03,noise,3,AM,RC131,00,EH?,2025-06-07T23:52:56.554000Z,2025-06-07T23:56:03.364000Z,RASPISHAKE,https://data.raspberryshake.org/fdsnws/dataselect/1/query,35.0,continuation_noise_chunk_truncated,AM.RC131.noise.20250607T235259,3500,2000,7000,9000,shared_noise_sequence_across_target_snr_siblings
685,case-0685-event,event,0,AM,RC131,00,EH?,2026-05-04T06:22:43.410000Z,2026-05-04T06:23:18.410000Z,RASPISHAKE,https://data.raspberryshake.org/fdsnws/dataselect/1/query,35.0,evaluator_event_reference,AM.RC131.event.20260504T062243,3500,3500,0,3500,shared_event_window_across_target_snr_siblings
685,case-0685-noise-01,noise,1,AM,RC131,00,EH?,2025-06-06T02:58:31.564000Z,2025-06-06T03:01:38.654000Z,RASPISHAKE,https://data.raspberryshake.org/fdsnws/dataselect/1/query,35.0,primary_noise_chunk,AM.RC131.noise.20250606T025835,3500,3500,0,3500,shared_noise_sequence_across_target_snr_siblings
685,case-0685-noise-02,noise,2,AM,RC131,00,EH?,2025-06-07T14:44:16.434000Z,2025-06-07T14:47:21.074000Z,RASPISHAKE,https://data.raspberryshake.org/fdsnws/dataselect/1/query,35.0,continuation_noise_chunk,AM.RC131.noise.20250607T144418,3500,3500,3500,7000,shared_noise_sequence_across_target_snr_siblings
685,case-0685-noise-03,noise,3,AM,RC131,00,EH?,2025-06-02T14:31:39.944000Z,2025-06-02T14:34:47.974000Z,RASPISHAKE,https://data.raspberryshake.org/fdsnws/dataselect/1/query,35.0,continuation_noise_chunk_truncated,AM.RC131.noise.20250602T143144,3500,2000,7000,9000,shared_noise_sequence_across_target_snr_siblings
686,case-0686-event,event,0,AM,RC131,00,EH?,2026-05-04T06:22:43.410000Z,2026-05-04T06:23:18.410000Z,RASPISHAKE,https://data.raspberryshake.org/fdsnws/dataselect/1/query,35.0,evaluator_event_reference,AM.RC131.event.20260504T062243,3500,3500,0,3500,shared_event_window_across_target_snr_siblings
686,case-0686-noise-01,noise,1,AM,RC131,00,EH?,2025-06-06T02:58:31.564000Z,2025-06-06T03:01:38.654000Z,RASPISHAKE,https://data.raspberryshake.org/fdsnws/dataselect/1/query,35.0,primary_noise_chunk,AM.RC131.noise.20250606T025835,3500,3500,0,3500,shared_noise_sequence_across_target_snr_siblings
686,case-0686-noise-02,noise,2,AM,RC131,00,EH?,2025-06-07T14:44:16.434000Z,2025-06-07T14:47:21.074000Z,RASPISHAKE,https://data.raspberryshake.org/fdsnws/dataselect/1/query,35.0,continuation_noise_chunk,AM.RC131.noise.20250607T144418,3500,3500,3500,7000,shared_noise_sequence_across_target_snr_siblings
686,case-0686-noise-03,noise,3,AM,RC131,00,EH?,2025-06-02T14:31:39.944000Z,2025-06-02T14:34:47.974000Z,RASPISHAKE,https://data.raspberryshake.org/fdsnws/dataselect/1/query,35.0,continuation_noise_chunk_truncated,AM.RC131.noise.20250602T143144,3500,2000,7000,9000,shared_noise_sequence_across_target_snr_siblings
687,case-0687-event,event,0,AM,RC131,00,EH?,2026-05-04T06:22:43.410000Z,2026-05-04T06:23:18.410000Z,RASPISHAKE,https://data.raspberryshake.org/fdsnws/dataselect/1/query,35.0,evaluator_event_reference,AM.RC131.event.20260504T062243,3500,3500,0,3500,shared_event_window_across_target_snr_siblings
687,case-0687-noise-01,noise,1,AM,RC131,00,EH?,2025-06-06T02:58:31.564000Z,2025-06-06T03:01:38.654000Z,RASPISHAKE,https://data.raspberryshake.org/fdsnws/dataselect/1/query,35.0,primary_noise_chunk,AM.RC131.noise.20250606T025835,3500,3500,0,3500,shared_noise_sequence_across_target_snr_siblings
687,case-0687-noise-02,noise,2,AM,RC131,00,EH?,2025-06-07T14:44:16.434000Z,2025-06-07T14:47:21.074000Z,RASPISHAKE,https://data.raspberryshake.org/fdsnws/dataselect/1/query,35.0,continuation_noise_chunk,AM.RC131.noise.20250607T144418,3500,3500,3500,7000,shared_noise_sequence_across_target_snr_siblings
687,case-0687-noise-03,noise,3,AM,RC131,00,EH?,2025-06-02T14:31:39.944000Z,2025-06-02T14:34:47.974000Z,RASPISHAKE,https://data.raspberryshake.org/fdsnws/dataselect/1/query,35.0,continuation_noise_chunk_truncated,AM.RC131.noise.20250602T143144,3500,2000,7000,9000,shared_noise_sequence_across_target_snr_siblings
688,case-0688-event,event,0,AM,RC131,00,EH?,2026-05-09T04:53:19.640000Z,2026-05-09T04:53:54.640000Z,RASPISHAKE,https://data.raspberryshake.org/fdsnws/dataselect/1/query,35.0,evaluator_event_reference,AM.RC131.event.20260509T045319,3500,3500,0,3500,shared_event_window_across_target_snr_siblings
688,case-0688-noise-01,noise,1,AM,RC131,00,EH?,2025-06-06T02:58:31.564000Z,2025-06-06T03:01:38.654000Z,RASPISHAKE,https://data.raspberryshake.org/fdsnws/dataselect/1/query,35.0,primary_noise_chunk,AM.RC131.noise.20250606T025835,3500,3500,0,3500,shared_noise_sequence_across_target_snr_siblings
688,case-0688-noise-02,noise,2,AM,RC131,00,EH?,2025-06-08T16:25:03.784000Z,2025-06-08T16:28:10.424000Z,RASPISHAKE,https://data.raspberryshake.org/fdsnws/dataselect/1/query,35.0,continuation_noise_chunk,AM.RC131.noise.20250608T162507,3500,3500,3500,7000,shared_noise_sequence_across_target_snr_siblings
688,case-0688-noise-03,noise,3,AM,RC131,00,EH?,2025-06-04T20:32:04.624000Z,2025-06-04T20:35:08.784000Z,RASPISHAKE,https://data.raspberryshake.org/fdsnws/dataselect/1/query,35.0,continuation_noise_chunk_truncated,AM.RC131.noise.20250604T203205,3500,2000,7000,9000,shared_noise_sequence_across_target_snr_siblings
689,case-0689-event,event,0,AM,RC131,00,EH?,2026-05-09T04:53:19.640000Z,2026-05-09T04:53:54.640000Z,RASPISHAKE,https://data.raspberryshake.org/fdsnws/dataselect/1/query,35.0,evaluator_event_reference,AM.RC131.event.20260509T045319,3500,3500,0,3500,shared_event_window_across_target_snr_siblings
689,case-0689-noise-01,noise,1,AM,RC131,00,EH?,2025-06-06T02:58:31.564000Z,2025-06-06T03:01:38.654000Z,RASPISHAKE,https://data.raspberryshake.org/fdsnws/dataselect/1/query,35.0,primary_noise_chunk,AM.RC131.noise.20250606T025835,3500,3500,0,3500,shared_noise_sequence_across_target_snr_siblings
689,case-0689-noise-02,noise,2,AM,RC131,00,EH?,2025-06-08T16:25:03.784000Z,2025-06-08T16:28:10.424000Z,RASPISHAKE,https://data.raspberryshake.org/fdsnws/dataselect/1/query,35.0,continuation_noise_chunk,AM.RC131.noise.20250608T162507,3500,3500,3500,7000,shared_noise_sequence_across_target_snr_siblings
689,case-0689-noise-03,noise,3,AM,RC131,00,EH?,2025-06-04T20:32:04.624000Z,2025-06-04T20:35:08.784000Z,RASPISHAKE,https://data.raspberryshake.org/fdsnws/dataselect/1/query,35.0,continuation_noise_chunk_truncated,AM.RC131.noise.20250604T203205,3500,2000,7000,9000,shared_noise_sequence_across_target_snr_siblings
690,case-0690-event,event,0,AM,RC131,00,EH?,2026-05-09T04:53:19.640000Z,2026-05-09T04:53:54.640000Z,RASPISHAKE,https://data.raspberryshake.org/fdsnws/dataselect/1/query,35.0,evaluator_event_reference,AM.RC131.event.20260509T045319,3500,3500,0,3500,shared_event_window_across_target_snr_siblings
690,case-0690-noise-01,noise,1,AM,RC131,00,EH?,2025-06-06T02:58:31.564000Z,2025-06-06T03:01:38.654000Z,RASPISHAKE,https://data.raspberryshake.org/fdsnws/dataselect/1/query,35.0,primary_noise_chunk,AM.RC131.noise.20250606T025835,3500,3500,0,3500,shared_noise_sequence_across_target_snr_siblings
690,case-0690-noise-02,noise,2,AM,RC131,00,EH?,2025-06-08T16:25:03.784000Z,2025-06-08T16:28:10.424000Z,RASPISHAKE,https://data.raspberryshake.org/fdsnws/dataselect/1/query,35.0,continuation_noise_chunk,AM.RC131.noise.20250608T162507,3500,3500,3500,7000,shared_noise_sequence_across_target_snr_siblings
690,case-0690-noise-03,noise,3,AM,RC131,00,EH?,2025-06-04T20:32:04.624000Z,2025-06-04T20:35:08.784000Z,RASPISHAKE,https://data.raspberryshake.org/fdsnws/dataselect/1/query,35.0,continuation_noise_chunk_truncated,AM.RC131.noise.20250604T203205,3500,2000,7000,9000,shared_noise_sequence_across_target_snr_siblings
691,case-0691-event,event,0,AM,RC131,00,EH?,2026-05-15T11:33:24.770000Z,2026-05-15T11:33:59.770000Z,RASPISHAKE,https://data.raspberryshake.org/fdsnws/dataselect/1/query,35.0,evaluator_event_reference,AM.RC131.event.20260515T113324,3500,3500,0,3500,shared_event_window_across_target_snr_siblings
691,case-0691-noise-01,noise,1,AM,RC131,00,EH?,2025-06-06T00:40:39.974000Z,2025-06-06T00:43:46.214000Z,RASPISHAKE,https://data.raspberryshake.org/fdsnws/dataselect/1/query,35.0,primary_noise_chunk,AM.RC131.noise.20250606T004041,3500,3500,0,3500,shared_noise_sequence_across_target_snr_siblings
691,case-0691-noise-02,noise,2,AM,RC131,00,EH?,2025-06-04T17:28:27.164000Z,2025-06-04T17:31:32.964000Z,RASPISHAKE,https://data.raspberryshake.org/fdsnws/dataselect/1/query,35.0,continuation_noise_chunk,AM.RC131.noise.20250604T172830,3500,3500,3500,7000,shared_noise_sequence_across_target_snr_siblings
691,case-0691-noise-03,noise,3,AM,RC131,00,EH?,2025-06-01T15:15:15.054000Z,2025-06-01T15:18:20.254000Z,RASPISHAKE,https://data.raspberryshake.org/fdsnws/dataselect/1/query,35.0,continuation_noise_chunk_truncated,AM.RC131.noise.20250601T151518,3500,2000,7000,9000,shared_noise_sequence_across_target_snr_siblings
692,case-0692-event,event,0,AM,RC131,00,EH?,2026-05-15T11:33:24.770000Z,2026-05-15T11:33:59.770000Z,RASPISHAKE,https://data.raspberryshake.org/fdsnws/dataselect/1/query,35.0,evaluator_event_reference,AM.RC131.event.20260515T113324,3500,3500,0,3500,shared_event_window_across_target_snr_siblings
692,case-0692-noise-01,noise,1,AM,RC131,00,EH?,2025-06-06T00:40:39.974000Z,2025-06-06T00:43:46.214000Z,RASPISHAKE,https://data.raspberryshake.org/fdsnws/dataselect/1/query,35.0,primary_noise_chunk,AM.RC131.noise.20250606T004041,3500,3500,0,3500,shared_noise_sequence_across_target_snr_siblings
692,case-0692-noise-02,noise,2,AM,RC131,00,EH?,2025-06-04T17:28:27.164000Z,2025-06-04T17:31:32.964000Z,RASPISHAKE,https://data.raspberryshake.org/fdsnws/dataselect/1/query,35.0,continuation_noise_chunk,AM.RC131.noise.20250604T172830,3500,3500,3500,7000,shared_noise_sequence_across_target_snr_siblings
692,case-0692-noise-03,noise,3,AM,RC131,00,EH?,2025-06-01T15:15:15.054000Z,2025-06-01T15:18:20.254000Z,RASPISHAKE,https://data.raspberryshake.org/fdsnws/dataselect/1/query,35.0,continuation_noise_chunk_truncated,AM.RC131.noise.20250601T151518,3500,2000,7000,9000,shared_noise_sequence_across_target_snr_siblings
693,case-0693-event,event,0,AM,RC131,00,EH?,2026-05-15T11:33:24.770000Z,2026-05-15T11:33:59.770000Z,RASPISHAKE,https://data.raspberryshake.org/fdsnws/dataselect/1/query,35.0,evaluator_event_reference,AM.RC131.event.20260515T113324,3500,3500,0,3500,shared_event_window_across_target_snr_siblings
693,case-0693-noise-01,noise,1,AM,RC131,00,EH?,2025-06-06T00:40:39.974000Z,2025-06-06T00:43:46.214000Z,RASPISHAKE,https://data.raspberryshake.org/fdsnws/dataselect/1/query,35.0,primary_noise_chunk,AM.RC131.noise.20250606T004041,3500,3500,0,3500,shared_noise_sequence_across_target_snr_siblings
693,case-0693-noise-02,noise,2,AM,RC131,00,EH?,2025-06-04T17:28:27.164000Z,2025-06-04T17:31:32.964000Z,RASPISHAKE,https://data.raspberryshake.org/fdsnws/dataselect/1/query,35.0,continuation_noise_chunk,AM.RC131.noise.20250604T172830,3500,3500,3500,7000,shared_noise_sequence_across_target_snr_siblings
693,case-0693-noise-03,noise,3,AM,RC131,00,EH?,2025-06-01T15:15:15.054000Z,2025-06-01T15:18:20.254000Z,RASPISHAKE,https://data.raspberryshake.org/fdsnws/dataselect/1/query,35.0,continuation_noise_chunk_truncated,AM.RC131.noise.20250601T151518,3500,2000,7000,9000,shared_noise_sequence_across_target_snr_siblings
694,case-0694-event,event,0,AM,RC131,00,EH?,2026-05-16T15:00:32.740000Z,2026-05-16T15:01:07.740000Z,RASPISHAKE,https://data.raspberryshake.org/fdsnws/dataselect/1/query,35.0,evaluator_event_reference,AM.RC131.event.20260516T150032,3500,3500,0,3500,shared_event_window_across_target_snr_siblings
694,case-0694-noise-01,noise,1,AM,RC131,00,EH?,2025-06-08T09:18:48.914000Z,2025-06-08T09:21:56.094000Z,RASPISHAKE,https://data.raspberryshake.org/fdsnws/dataselect/1/query,35.0,primary_noise_chunk,AM.RC131.noise.20250608T091852,3500,3500,0,3500,shared_noise_sequence_across_target_snr_siblings
694,case-0694-noise-02,noise,2,AM,RC131,00,EH?,2025-06-02T21:51:36.054000Z,2025-06-02T21:54:41.594000Z,RASPISHAKE,https://data.raspberryshake.org/fdsnws/dataselect/1/query,35.0,continuation_noise_chunk,AM.RC131.noise.20250602T215137,3500,3500,3500,7000,shared_noise_sequence_across_target_snr_siblings
694,case-0694-noise-03,noise,3,AM,RC131,00,EH?,2025-06-10T21:18:09.474000Z,2025-06-10T21:21:15.814000Z,RASPISHAKE,https://data.raspberryshake.org/fdsnws/dataselect/1/query,35.0,continuation_noise_chunk_truncated,AM.RC131.noise.20250610T211811,3500,2000,7000,9000,shared_noise_sequence_across_target_snr_siblings
695,case-0695-event,event,0,AM,RC131,00,EH?,2026-05-16T15:00:32.740000Z,2026-05-16T15:01:07.740000Z,RASPISHAKE,https://data.raspberryshake.org/fdsnws/dataselect/1/query,35.0,evaluator_event_reference,AM.RC131.event.20260516T150032,3500,3500,0,3500,shared_event_window_across_target_snr_siblings
695,case-0695-noise-01,noise,1,AM,RC131,00,EH?,2025-06-08T09:18:48.914000Z,2025-06-08T09:21:56.094000Z,RASPISHAKE,https://data.raspberryshake.org/fdsnws/dataselect/1/query,35.0,primary_noise_chunk,AM.RC131.noise.20250608T091852,3500,3500,0,3500,shared_noise_sequence_across_target_snr_siblings
695,case-0695-noise-02,noise,2,AM,RC131,00,EH?,2025-06-02T21:51:36.054000Z,2025-06-02T21:54:41.594000Z,RASPISHAKE,https://data.raspberryshake.org/fdsnws/dataselect/1/query,35.0,continuation_noise_chunk,AM.RC131.noise.20250602T215137,3500,3500,3500,7000,shared_noise_sequence_across_target_snr_siblings
695,case-0695-noise-03,noise,3,AM,RC131,00,EH?,2025-06-10T21:18:09.474000Z,2025-06-10T21:21:15.814000Z,RASPISHAKE,https://data.raspberryshake.org/fdsnws/dataselect/1/query,35.0,continuation_noise_chunk_truncated,AM.RC131.noise.20250610T211811,3500,2000,7000,9000,shared_noise_sequence_across_target_snr_siblings
696,case-0696-event,event,0,AM,RC131,00,EH?,2026-05-16T15:00:32.740000Z,2026-05-16T15:01:07.740000Z,RASPISHAKE,https://data.raspberryshake.org/fdsnws/dataselect/1/query,35.0,evaluator_event_reference,AM.RC131.event.20260516T150032,3500,3500,0,3500,shared_event_window_across_target_snr_siblings
696,case-0696-noise-01,noise,1,AM,RC131,00,EH?,2025-06-08T09:18:48.914000Z,2025-06-08T09:21:56.094000Z,RASPISHAKE,https://data.raspberryshake.org/fdsnws/dataselect/1/query,35.0,primary_noise_chunk,AM.RC131.noise.20250608T091852,3500,3500,0,3500,shared_noise_sequence_across_target_snr_siblings
696,case-0696-noise-02,noise,2,AM,RC131,00,EH?,2025-06-02T21:51:36.054000Z,2025-06-02T21:54:41.594000Z,RASPISHAKE,https://data.raspberryshake.org/fdsnws/dataselect/1/query,35.0,continuation_noise_chunk,AM.RC131.noise.20250602T215137,3500,3500,3500,7000,shared_noise_sequence_across_target_snr_siblings
696,case-0696-noise-03,noise,3,AM,RC131,00,EH?,2025-06-10T21:18:09.474000Z,2025-06-10T21:21:15.814000Z,RASPISHAKE,https://data.raspberryshake.org/fdsnws/dataselect/1/query,35.0,continuation_noise_chunk_truncated,AM.RC131.noise.20250610T211811,3500,2000,7000,9000,shared_noise_sequence_across_target_snr_siblings
697,case-0697-event,event,0,AM,RC2BF,00,EH?,2026-04-14T02:06:42.820000Z,2026-04-14T02:07:17.820000Z,RASPISHAKE,https://data.raspberryshake.org/fdsnws/dataselect/1/query,35.0,evaluator_event_reference,AM.RC2BF.event.20260414T020642,3500,3500,0,3500,shared_event_window_across_target_snr_siblings
697,case-0697-noise-01,noise,1,AM,RC2BF,00,EH?,2025-06-04T00:48:13.136000Z,2025-06-04T00:51:19.716000Z,RASPISHAKE,https://data.raspberryshake.org/fdsnws/dataselect/1/query,35.0,primary_noise_chunk,AM.RC2BF.noise.20250604T004815,3500,3500,0,3500,shared_noise_sequence_across_target_snr_siblings
697,case-0697-noise-02,noise,2,AM,RC2BF,00,EH?,2025-06-05T07:10:37.466000Z,2025-06-05T07:13:44.496000Z,RASPISHAKE,https://data.raspberryshake.org/fdsnws/dataselect/1/query,35.0,continuation_noise_chunk,AM.RC2BF.noise.20250605T071041,3500,3500,3500,7000,shared_noise_sequence_across_target_snr_siblings
697,case-0697-noise-03,noise,3,AM,RC2BF,00,EH?,2025-06-10T08:34:05.896000Z,2025-06-10T08:37:12.566000Z,RASPISHAKE,https://data.raspberryshake.org/fdsnws/dataselect/1/query,35.0,continuation_noise_chunk_truncated,AM.RC2BF.noise.20250610T083409,3500,2000,7000,9000,shared_noise_sequence_across_target_snr_siblings
698,case-0698-event,event,0,AM,RC2BF,00,EH?,2026-04-14T02:06:42.820000Z,2026-04-14T02:07:17.820000Z,RASPISHAKE,https://data.raspberryshake.org/fdsnws/dataselect/1/query,35.0,evaluator_event_reference,AM.RC2BF.event.20260414T020642,3500,3500,0,3500,shared_event_window_across_target_snr_siblings
698,case-0698-noise-01,noise,1,AM,RC2BF,00,EH?,2025-06-04T00:48:13.136000Z,2025-06-04T00:51:19.716000Z,RASPISHAKE,https://data.raspberryshake.org/fdsnws/dataselect/1/query,35.0,primary_noise_chunk,AM.RC2BF.noise.20250604T004815,3500,3500,0,3500,shared_noise_sequence_across_target_snr_siblings
698,case-0698-noise-02,noise,2,AM,RC2BF,00,EH?,2025-06-05T07:10:37.466000Z,2025-06-05T07:13:44.496000Z,RASPISHAKE,https://data.raspberryshake.org/fdsnws/dataselect/1/query,35.0,continuation_noise_chunk,AM.RC2BF.noise.20250605T071041,3500,3500,3500,7000,shared_noise_sequence_across_target_snr_siblings
698,case-0698-noise-03,noise,3,AM,RC2BF,00,EH?,2025-06-10T08:34:05.896000Z,2025-06-10T08:37:12.566000Z,RASPISHAKE,https://data.raspberryshake.org/fdsnws/dataselect/1/query,35.0,continuation_noise_chunk_truncated,AM.RC2BF.noise.20250610T083409,3500,2000,7000,9000,shared_noise_sequence_across_target_snr_siblings
699,case-0699-event,event,0,AM,RC2BF,00,EH?,2026-04-14T02:06:42.820000Z,2026-04-14T02:07:17.820000Z,RASPISHAKE,https://data.raspberryshake.org/fdsnws/dataselect/1/query,35.0,evaluator_event_reference,AM.RC2BF.event.20260414T020642,3500,3500,0,3500,shared_event_window_across_target_snr_siblings
699,case-0699-noise-01,noise,1,AM,RC2BF,00,EH?,2025-06-04T00:48:13.136000Z,2025-06-04T00:51:19.716000Z,RASPISHAKE,https://data.raspberryshake.org/fdsnws/dataselect/1/query,35.0,primary_noise_chunk,AM.RC2BF.noise.20250604T004815,3500,3500,0,3500,shared_noise_sequence_across_target_snr_siblings
699,case-0699-noise-02,noise,2,AM,RC2BF,00,EH?,2025-06-05T07:10:37.466000Z,2025-06-05T07:13:44.496000Z,RASPISHAKE,https://data.raspberryshake.org/fdsnws/dataselect/1/query,35.0,continuation_noise_chunk,AM.RC2BF.noise.20250605T071041,3500,3500,3500,7000,shared_noise_sequence_across_target_snr_siblings
699,case-0699-noise-03,noise,3,AM,RC2BF,00,EH?,2025-06-10T08:34:05.896000Z,2025-06-10T08:37:12.566000Z,RASPISHAKE,https://data.raspberryshake.org/fdsnws/dataselect/1/query,35.0,continuation_noise_chunk_truncated,AM.RC2BF.noise.20250610T083409,3500,2000,7000,9000,shared_noise_sequence_across_target_snr_siblings
700,case-0700-event,event,0,AM,RC2BF,00,EH?,2026-04-19T14:44:53.460000Z,2026-04-19T14:45:28.460000Z,RASPISHAKE,https://data.raspberryshake.org/fdsnws/dataselect/1/query,35.0,evaluator_event_reference,AM.RC2BF.event.20260419T144453,3500,3500,0,3500,shared_event_window_across_target_snr_siblings
700,case-0700-noise-01,noise,1,AM,RC2BF,00,EH?,2025-06-10T11:38:05.786000Z,2025-06-10T11:41:13.166000Z,RASPISHAKE,https://data.raspberryshake.org/fdsnws/dataselect/1/query,35.0,primary_noise_chunk,AM.RC2BF.noise.20250610T113808,3500,3500,0,3500,shared_noise_sequence_across_target_snr_siblings
700,case-0700-noise-02,noise,2,AM,RC2BF,00,EH?,2025-06-01T15:15:16.146000Z,2025-06-01T15:18:20.506000Z,RASPISHAKE,https://data.raspberryshake.org/fdsnws/dataselect/1/query,35.0,continuation_noise_chunk,AM.RC2BF.noise.20250601T151518,3500,3500,3500,7000,shared_noise_sequence_across_target_snr_siblings
700,case-0700-noise-03,noise,3,AM,RC2BF,00,EH?,2025-06-10T22:22:09.396000Z,2025-06-10T22:25:17.266000Z,RASPISHAKE,https://data.raspberryshake.org/fdsnws/dataselect/1/query,35.0,continuation_noise_chunk_truncated,AM.RC2BF.noise.20250610T222213,3500,2000,7000,9000,shared_noise_sequence_across_target_snr_siblings
701,case-0701-event,event,0,AM,RC2BF,00,EH?,2026-04-19T14:44:53.460000Z,2026-04-19T14:45:28.460000Z,RASPISHAKE,https://data.raspberryshake.org/fdsnws/dataselect/1/query,35.0,evaluator_event_reference,AM.RC2BF.event.20260419T144453,3500,3500,0,3500,shared_event_window_across_target_snr_siblings
701,case-0701-noise-01,noise,1,AM,RC2BF,00,EH?,2025-06-10T11:38:05.786000Z,2025-06-10T11:41:13.166000Z,RASPISHAKE,https://data.raspberryshake.org/fdsnws/dataselect/1/query,35.0,primary_noise_chunk,AM.RC2BF.noise.20250610T113808,3500,3500,0,3500,shared_noise_sequence_across_target_snr_siblings
701,case-0701-noise-02,noise,2,AM,RC2BF,00,EH?,2025-06-01T15:15:16.146000Z,2025-06-01T15:18:20.506000Z,RASPISHAKE,https://data.raspberryshake.org/fdsnws/dataselect/1/query,35.0,continuation_noise_chunk,AM.RC2BF.noise.20250601T151518,3500,3500,3500,7000,shared_noise_sequence_across_target_snr_siblings
701,case-0701-noise-03,noise,3,AM,RC2BF,00,EH?,2025-06-10T22:22:09.396000Z,2025-06-10T22:25:17.266000Z,RASPISHAKE,https://data.raspberryshake.org/fdsnws/dataselect/1/query,35.0,continuation_noise_chunk_truncated,AM.RC2BF.noise.20250610T222213,3500,2000,7000,9000,shared_noise_sequence_across_target_snr_siblings
702,case-0702-event,event,0,AM,RC2BF,00,EH?,2026-04-19T14:44:53.460000Z,2026-04-19T14:45:28.460000Z,RASPISHAKE,https://data.raspberryshake.org/fdsnws/dataselect/1/query,35.0,evaluator_event_reference,AM.RC2BF.event.20260419T144453,3500,3500,0,3500,shared_event_window_across_target_snr_siblings
702,case-0702-noise-01,noise,1,AM,RC2BF,00,EH?,2025-06-10T11:38:05.786000Z,2025-06-10T11:41:13.166000Z,RASPISHAKE,https://data.raspberryshake.org/fdsnws/dataselect/1/query,35.0,primary_noise_chunk,AM.RC2BF.noise.20250610T113808,3500,3500,0,3500,shared_noise_sequence_across_target_snr_siblings
702,case-0702-noise-02,noise,2,AM,RC2BF,00,EH?,2025-06-01T15:15:16.146000Z,2025-06-01T15:18:20.506000Z,RASPISHAKE,https://data.raspberryshake.org/fdsnws/dataselect/1/query,35.0,continuation_noise_chunk,AM.RC2BF.noise.20250601T151518,3500,3500,3500,7000,shared_noise_sequence_across_target_snr_siblings
702,case-0702-noise-03,noise,3,AM,RC2BF,00,EH?,2025-06-10T22:22:09.396000Z,2025-06-10T22:25:17.266000Z,RASPISHAKE,https://data.raspberryshake.org/fdsnws/dataselect/1/query,35.0,continuation_noise_chunk_truncated,AM.RC2BF.noise.20250610T222213,3500,2000,7000,9000,shared_noise_sequence_across_target_snr_siblings
703,case-0703-event,event,0,AM,RC2BF,00,EH?,2026-05-01T02:00:30.800000Z,2026-05-01T02:01:05.800000Z,RASPISHAKE,https://data.raspberryshake.org/fdsnws/dataselect/1/query,35.0,evaluator_event_reference,AM.RC2BF.event.20260501T020030,3500,3500,0,3500,shared_event_window_across_target_snr_siblings
703,case-0703-noise-01,noise,1,AM,RC2BF,00,EH?,2025-06-10T11:38:05.786000Z,2025-06-10T11:41:13.166000Z,RASPISHAKE,https://data.raspberryshake.org/fdsnws/dataselect/1/query,35.0,primary_noise_chunk,AM.RC2BF.noise.20250610T113808,3500,3500,0,3500,shared_noise_sequence_across_target_snr_siblings
703,case-0703-noise-02,noise,2,AM,RC2BF,00,EH?,2025-06-05T10:07:20.756000Z,2025-06-05T10:10:27.276000Z,RASPISHAKE,https://data.raspberryshake.org/fdsnws/dataselect/1/query,35.0,continuation_noise_chunk,AM.RC2BF.noise.20250605T100724,3500,3500,3500,7000,shared_noise_sequence_across_target_snr_siblings
703,case-0703-noise-03,noise,3,AM,RC2BF,00,EH?,2025-06-08T09:18:50.026000Z,2025-06-08T09:21:55.616000Z,RASPISHAKE,https://data.raspberryshake.org/fdsnws/dataselect/1/query,35.0,continuation_noise_chunk_truncated,AM.RC2BF.noise.20250608T091852,3500,2000,7000,9000,shared_noise_sequence_across_target_snr_siblings
704,case-0704-event,event,0,AM,RC2BF,00,EH?,2026-05-01T02:00:30.800000Z,2026-05-01T02:01:05.800000Z,RASPISHAKE,https://data.raspberryshake.org/fdsnws/dataselect/1/query,35.0,evaluator_event_reference,AM.RC2BF.event.20260501T020030,3500,3500,0,3500,shared_event_window_across_target_snr_siblings
704,case-0704-noise-01,noise,1,AM,RC2BF,00,EH?,2025-06-10T11:38:05.786000Z,2025-06-10T11:41:13.166000Z,RASPISHAKE,https://data.raspberryshake.org/fdsnws/dataselect/1/query,35.0,primary_noise_chunk,AM.RC2BF.noise.20250610T113808,3500,3500,0,3500,shared_noise_sequence_across_target_snr_siblings
704,case-0704-noise-02,noise,2,AM,RC2BF,00,EH?,2025-06-05T10:07:20.756000Z,2025-06-05T10:10:27.276000Z,RASPISHAKE,https://data.raspberryshake.org/fdsnws/dataselect/1/query,35.0,continuation_noise_chunk,AM.RC2BF.noise.20250605T100724,3500,3500,3500,7000,shared_noise_sequence_across_target_snr_siblings
704,case-0704-noise-03,noise,3,AM,RC2BF,00,EH?,2025-06-08T09:18:50.026000Z,2025-06-08T09:21:55.616000Z,RASPISHAKE,https://data.raspberryshake.org/fdsnws/dataselect/1/query,35.0,continuation_noise_chunk_truncated,AM.RC2BF.noise.20250608T091852,3500,2000,7000,9000,shared_noise_sequence_across_target_snr_siblings
705,case-0705-event,event,0,AM,RC2BF,00,EH?,2026-05-01T02:00:30.800000Z,2026-05-01T02:01:05.800000Z,RASPISHAKE,https://data.raspberryshake.org/fdsnws/dataselect/1/query,35.0,evaluator_event_reference,AM.RC2BF.event.20260501T020030,3500,3500,0,3500,shared_event_window_across_target_snr_siblings
705,case-0705-noise-01,noise,1,AM,RC2BF,00,EH?,2025-06-10T11:38:05.786000Z,2025-06-10T11:41:13.166000Z,RASPISHAKE,https://data.raspberryshake.org/fdsnws/dataselect/1/query,35.0,primary_noise_chunk,AM.RC2BF.noise.20250610T113808,3500,3500,0,3500,shared_noise_sequence_across_target_snr_siblings
705,case-0705-noise-02,noise,2,AM,RC2BF,00,EH?,2025-06-05T10:07:20.756000Z,2025-06-05T10:10:27.276000Z,RASPISHAKE,https://data.raspberryshake.org/fdsnws/dataselect/1/query,35.0,continuation_noise_chunk,AM.RC2BF.noise.20250605T100724,3500,3500,3500,7000,shared_noise_sequence_across_target_snr_siblings
705,case-0705-noise-03,noise,3,AM,RC2BF,00,EH?,2025-06-08T09:18:50.026000Z,2025-06-08T09:21:55.616000Z,RASPISHAKE,https://data.raspberryshake.org/fdsnws/dataselect/1/query,35.0,continuation_noise_chunk_truncated,AM.RC2BF.noise.20250608T091852,3500,2000,7000,9000,shared_noise_sequence_across_target_snr_siblings
706,case-0706-event,event,0,AM,RC2BF,00,EH?,2026-05-01T08:18:05.610000Z,2026-05-01T08:18:40.610000Z,RASPISHAKE,https://data.raspberryshake.org/fdsnws/dataselect/1/query,35.0,evaluator_event_reference,AM.RC2BF.event.20260501T081805,3500,3500,0,3500,shared_event_window_across_target_snr_siblings
706,case-0706-noise-01,noise,1,AM,RC2BF,00,EH?,2025-06-08T09:18:50.026000Z,2025-06-08T09:21:55.616000Z,RASPISHAKE,https://data.raspberryshake.org/fdsnws/dataselect/1/query,35.0,primary_noise_chunk,AM.RC2BF.noise.20250608T091852,3500,3500,0,3500,shared_noise_sequence_across_target_snr_siblings
706,case-0706-noise-02,noise,2,AM,RC2BF,00,EH?,2025-06-03T19:32:20.866000Z,2025-06-03T19:35:25.796000Z,RASPISHAKE,https://data.raspberryshake.org/fdsnws/dataselect/1/query,35.0,continuation_noise_chunk,AM.RC2BF.noise.20250603T193222,3500,3500,3500,7000,shared_noise_sequence_across_target_snr_siblings
706,case-0706-noise-03,noise,3,AM,RC2BF,00,EH?,2025-06-06T00:40:38.506000Z,2025-06-06T00:43:43.776000Z,RASPISHAKE,https://data.raspberryshake.org/fdsnws/dataselect/1/query,35.0,continuation_noise_chunk_truncated,AM.RC2BF.noise.20250606T004041,3500,2000,7000,9000,shared_noise_sequence_across_target_snr_siblings
707,case-0707-event,event,0,AM,RC2BF,00,EH?,2026-05-01T08:18:05.610000Z,2026-05-01T08:18:40.610000Z,RASPISHAKE,https://data.raspberryshake.org/fdsnws/dataselect/1/query,35.0,evaluator_event_reference,AM.RC2BF.event.20260501T081805,3500,3500,0,3500,shared_event_window_across_target_snr_siblings
707,case-0707-noise-01,noise,1,AM,RC2BF,00,EH?,2025-06-08T09:18:50.026000Z,2025-06-08T09:21:55.616000Z,RASPISHAKE,https://data.raspberryshake.org/fdsnws/dataselect/1/query,35.0,primary_noise_chunk,AM.RC2BF.noise.20250608T091852,3500,3500,0,3500,shared_noise_sequence_across_target_snr_siblings
707,case-0707-noise-02,noise,2,AM,RC2BF,00,EH?,2025-06-03T19:32:20.866000Z,2025-06-03T19:35:25.796000Z,RASPISHAKE,https://data.raspberryshake.org/fdsnws/dataselect/1/query,35.0,continuation_noise_chunk,AM.RC2BF.noise.20250603T193222,3500,3500,3500,7000,shared_noise_sequence_across_target_snr_siblings
707,case-0707-noise-03,noise,3,AM,RC2BF,00,EH?,2025-06-06T00:40:38.506000Z,2025-06-06T00:43:43.776000Z,RASPISHAKE,https://data.raspberryshake.org/fdsnws/dataselect/1/query,35.0,continuation_noise_chunk_truncated,AM.RC2BF.noise.20250606T004041,3500,2000,7000,9000,shared_noise_sequence_across_target_snr_siblings
708,case-0708-event,event,0,AM,RC2BF,00,EH?,2026-05-01T08:18:05.610000Z,2026-05-01T08:18:40.610000Z,RASPISHAKE,https://data.raspberryshake.org/fdsnws/dataselect/1/query,35.0,evaluator_event_reference,AM.RC2BF.event.20260501T081805,3500,3500,0,3500,shared_event_window_across_target_snr_siblings
708,case-0708-noise-01,noise,1,AM,RC2BF,00,EH?,2025-06-08T09:18:50.026000Z,2025-06-08T09:21:55.616000Z,RASPISHAKE,https://data.raspberryshake.org/fdsnws/dataselect/1/query,35.0,primary_noise_chunk,AM.RC2BF.noise.20250608T091852,3500,3500,0,3500,shared_noise_sequence_across_target_snr_siblings
708,case-0708-noise-02,noise,2,AM,RC2BF,00,EH?,2025-06-03T19:32:20.866000Z,2025-06-03T19:35:25.796000Z,RASPISHAKE,https://data.raspberryshake.org/fdsnws/dataselect/1/query,35.0,continuation_noise_chunk,AM.RC2BF.noise.20250603T193222,3500,3500,3500,7000,shared_noise_sequence_across_target_snr_siblings
708,case-0708-noise-03,noise,3,AM,RC2BF,00,EH?,2025-06-06T00:40:38.506000Z,2025-06-06T00:43:43.776000Z,RASPISHAKE,https://data.raspberryshake.org/fdsnws/dataselect/1/query,35.0,continuation_noise_chunk_truncated,AM.RC2BF.noise.20250606T004041,3500,2000,7000,9000,shared_noise_sequence_across_target_snr_siblings
709,case-0709-event,event,0,AM,RC2BF,00,EH?,2026-05-10T18:24:23.850000Z,2026-05-10T18:24:58.850000Z,RASPISHAKE,https://data.raspberryshake.org/fdsnws/dataselect/1/query,35.0,evaluator_event_reference,AM.RC2BF.event.20260510T182423,3500,3500,0,3500,shared_event_window_across_target_snr_siblings
709,case-0709-noise-01,noise,1,AM,RC2BF,00,EH?,2025-06-09T03:14:05.766000Z,2025-06-09T03:17:10.566000Z,RASPISHAKE,https://data.raspberryshake.org/fdsnws/dataselect/1/query,35.0,primary_noise_chunk,AM.RC2BF.noise.20250609T031408,3500,3500,0,3500,shared_noise_sequence_across_target_snr_siblings
709,case-0709-noise-02,noise,2,AM,RC2BF,00,EH?,2025-06-05T07:10:37.466000Z,2025-06-05T07:13:44.496000Z,RASPISHAKE,https://data.raspberryshake.org/fdsnws/dataselect/1/query,35.0,continuation_noise_chunk,AM.RC2BF.noise.20250605T071041,3500,3500,3500,7000,shared_noise_sequence_across_target_snr_siblings
709,case-0709-noise-03,noise,3,AM,RC2BF,00,EH?,2025-06-03T22:23:39.536000Z,2025-06-03T22:26:44.986000Z,RASPISHAKE,https://data.raspberryshake.org/fdsnws/dataselect/1/query,35.0,continuation_noise_chunk_truncated,AM.RC2BF.noise.20250603T222341,3500,2000,7000,9000,shared_noise_sequence_across_target_snr_siblings
710,case-0710-event,event,0,AM,RC2BF,00,EH?,2026-05-10T18:24:23.850000Z,2026-05-10T18:24:58.850000Z,RASPISHAKE,https://data.raspberryshake.org/fdsnws/dataselect/1/query,35.0,evaluator_event_reference,AM.RC2BF.event.20260510T182423,3500,3500,0,3500,shared_event_window_across_target_snr_siblings
710,case-0710-noise-01,noise,1,AM,RC2BF,00,EH?,2025-06-09T03:14:05.766000Z,2025-06-09T03:17:10.566000Z,RASPISHAKE,https://data.raspberryshake.org/fdsnws/dataselect/1/query,35.0,primary_noise_chunk,AM.RC2BF.noise.20250609T031408,3500,3500,0,3500,shared_noise_sequence_across_target_snr_siblings
710,case-0710-noise-02,noise,2,AM,RC2BF,00,EH?,2025-06-05T07:10:37.466000Z,2025-06-05T07:13:44.496000Z,RASPISHAKE,https://data.raspberryshake.org/fdsnws/dataselect/1/query,35.0,continuation_noise_chunk,AM.RC2BF.noise.20250605T071041,3500,3500,3500,7000,shared_noise_sequence_across_target_snr_siblings
710,case-0710-noise-03,noise,3,AM,RC2BF,00,EH?,2025-06-03T22:23:39.536000Z,2025-06-03T22:26:44.986000Z,RASPISHAKE,https://data.raspberryshake.org/fdsnws/dataselect/1/query,35.0,continuation_noise_chunk_truncated,AM.RC2BF.noise.20250603T222341,3500,2000,7000,9000,shared_noise_sequence_across_target_snr_siblings
711,case-0711-event,event,0,AM,RC2BF,00,EH?,2026-05-10T18:24:23.850000Z,2026-05-10T18:24:58.850000Z,RASPISHAKE,https://data.raspberryshake.org/fdsnws/dataselect/1/query,35.0,evaluator_event_reference,AM.RC2BF.event.20260510T182423,3500,3500,0,3500,shared_event_window_across_target_snr_siblings
711,case-0711-noise-01,noise,1,AM,RC2BF,00,EH?,2025-06-09T03:14:05.766000Z,2025-06-09T03:17:10.566000Z,RASPISHAKE,https://data.raspberryshake.org/fdsnws/dataselect/1/query,35.0,primary_noise_chunk,AM.RC2BF.noise.20250609T031408,3500,3500,0,3500,shared_noise_sequence_across_target_snr_siblings
711,case-0711-noise-02,noise,2,AM,RC2BF,00,EH?,2025-06-05T07:10:37.466000Z,2025-06-05T07:13:44.496000Z,RASPISHAKE,https://data.raspberryshake.org/fdsnws/dataselect/1/query,35.0,continuation_noise_chunk,AM.RC2BF.noise.20250605T071041,3500,3500,3500,7000,shared_noise_sequence_across_target_snr_siblings
711,case-0711-noise-03,noise,3,AM,RC2BF,00,EH?,2025-06-03T22:23:39.536000Z,2025-06-03T22:26:44.986000Z,RASPISHAKE,https://data.raspberryshake.org/fdsnws/dataselect/1/query,35.0,continuation_noise_chunk_truncated,AM.RC2BF.noise.20250603T222341,3500,2000,7000,9000,shared_noise_sequence_across_target_snr_siblings
712,case-0712-event,event,0,AM,RC2BF,00,EH?,2026-05-12T11:37:48.360000Z,2026-05-12T11:38:23.360000Z,RASPISHAKE,https://data.raspberryshake.org/fdsnws/dataselect/1/query,35.0,evaluator_event_reference,AM.RC2BF.event.20260512T113748,3500,3500,0,3500,shared_event_window_across_target_snr_siblings
712,case-0712-noise-01,noise,1,AM,RC2BF,00,EH?,2025-06-04T04:12:22.196000Z,2025-06-04T04:15:28.166000Z,RASPISHAKE,https://data.raspberryshake.org/fdsnws/dataselect/1/query,35.0,primary_noise_chunk,AM.RC2BF.noise.20250604T041225,3500,3500,0,3500,shared_noise_sequence_across_target_snr_siblings
712,case-0712-noise-02,noise,2,AM,RC2BF,00,EH?,2025-06-05T07:10:37.466000Z,2025-06-05T07:13:44.496000Z,RASPISHAKE,https://data.raspberryshake.org/fdsnws/dataselect/1/query,35.0,continuation_noise_chunk,AM.RC2BF.noise.20250605T071041,3500,3500,3500,7000,shared_noise_sequence_across_target_snr_siblings
712,case-0712-noise-03,noise,3,AM,RC2BF,00,EH?,2025-06-04T00:48:13.136000Z,2025-06-04T00:51:19.716000Z,RASPISHAKE,https://data.raspberryshake.org/fdsnws/dataselect/1/query,35.0,continuation_noise_chunk_truncated,AM.RC2BF.noise.20250604T004815,3500,2000,7000,9000,shared_noise_sequence_across_target_snr_siblings
713,case-0713-event,event,0,AM,RC2BF,00,EH?,2026-05-12T11:37:48.360000Z,2026-05-12T11:38:23.360000Z,RASPISHAKE,https://data.raspberryshake.org/fdsnws/dataselect/1/query,35.0,evaluator_event_reference,AM.RC2BF.event.20260512T113748,3500,3500,0,3500,shared_event_window_across_target_snr_siblings
713,case-0713-noise-01,noise,1,AM,RC2BF,00,EH?,2025-06-04T04:12:22.196000Z,2025-06-04T04:15:28.166000Z,RASPISHAKE,https://data.raspberryshake.org/fdsnws/dataselect/1/query,35.0,primary_noise_chunk,AM.RC2BF.noise.20250604T041225,3500,3500,0,3500,shared_noise_sequence_across_target_snr_siblings
713,case-0713-noise-02,noise,2,AM,RC2BF,00,EH?,2025-06-05T07:10:37.466000Z,2025-06-05T07:13:44.496000Z,RASPISHAKE,https://data.raspberryshake.org/fdsnws/dataselect/1/query,35.0,continuation_noise_chunk,AM.RC2BF.noise.20250605T071041,3500,3500,3500,7000,shared_noise_sequence_across_target_snr_siblings
713,case-0713-noise-03,noise,3,AM,RC2BF,00,EH?,2025-06-04T00:48:13.136000Z,2025-06-04T00:51:19.716000Z,RASPISHAKE,https://data.raspberryshake.org/fdsnws/dataselect/1/query,35.0,continuation_noise_chunk_truncated,AM.RC2BF.noise.20250604T004815,3500,2000,7000,9000,shared_noise_sequence_across_target_snr_siblings
714,case-0714-event,event,0,AM,RC2BF,00,EH?,2026-05-12T11:37:48.360000Z,2026-05-12T11:38:23.360000Z,RASPISHAKE,https://data.raspberryshake.org/fdsnws/dataselect/1/query,35.0,evaluator_event_reference,AM.RC2BF.event.20260512T113748,3500,3500,0,3500,shared_event_window_across_target_snr_siblings
714,case-0714-noise-01,noise,1,AM,RC2BF,00,EH?,2025-06-04T04:12:22.196000Z,2025-06-04T04:15:28.166000Z,RASPISHAKE,https://data.raspberryshake.org/fdsnws/dataselect/1/query,35.0,primary_noise_chunk,AM.RC2BF.noise.20250604T041225,3500,3500,0,3500,shared_noise_sequence_across_target_snr_siblings
714,case-0714-noise-02,noise,2,AM,RC2BF,00,EH?,2025-06-05T07:10:37.466000Z,2025-06-05T07:13:44.496000Z,RASPISHAKE,https://data.raspberryshake.org/fdsnws/dataselect/1/query,35.0,continuation_noise_chunk,AM.RC2BF.noise.20250605T071041,3500,3500,3500,7000,shared_noise_sequence_across_target_snr_siblings
714,case-0714-noise-03,noise,3,AM,RC2BF,00,EH?,2025-06-04T00:48:13.136000Z,2025-06-04T00:51:19.716000Z,RASPISHAKE,https://data.raspberryshake.org/fdsnws/dataselect/1/query,35.0,continuation_noise_chunk_truncated,AM.RC2BF.noise.20250604T004815,3500,2000,7000,9000,shared_noise_sequence_across_target_snr_siblings
715,case-0715-event,event,0,AM,RC2BF,00,EH?,2026-05-13T10:45:10.860000Z,2026-05-13T10:45:45.860000Z,RASPISHAKE,https://data.raspberryshake.org/fdsnws/dataselect/1/query,35.0,evaluator_event_reference,AM.RC2BF.event.20260513T104510,3500,3500,0,3500,shared_event_window_across_target_snr_siblings
715,case-0715-noise-01,noise,1,AM,RC2BF,00,EH?,2025-06-06T02:58:32.756000Z,2025-06-06T03:01:38.316000Z,RASPISHAKE,https://data.raspberryshake.org/fdsnws/dataselect/1/query,35.0,primary_noise_chunk,AM.RC2BF.noise.20250606T025835,3500,3500,0,3500,shared_noise_sequence_across_target_snr_siblings
715,case-0715-noise-02,noise,2,AM,RC2BF,00,EH?,2025-06-05T07:10:37.466000Z,2025-06-05T07:13:44.496000Z,RASPISHAKE,https://data.raspberryshake.org/fdsnws/dataselect/1/query,35.0,continuation_noise_chunk,AM.RC2BF.noise.20250605T071041,3500,3500,3500,7000,shared_noise_sequence_across_target_snr_siblings
715,case-0715-noise-03,noise,3,AM,RC2BF,00,EH?,2025-06-02T21:51:34.086000Z,2025-06-02T21:54:41.886000Z,RASPISHAKE,https://data.raspberryshake.org/fdsnws/dataselect/1/query,35.0,continuation_noise_chunk_truncated,AM.RC2BF.noise.20250602T215137,3500,2000,7000,9000,shared_noise_sequence_across_target_snr_siblings
716,case-0716-event,event,0,AM,RC2BF,00,EH?,2026-05-13T10:45:10.860000Z,2026-05-13T10:45:45.860000Z,RASPISHAKE,https://data.raspberryshake.org/fdsnws/dataselect/1/query,35.0,evaluator_event_reference,AM.RC2BF.event.20260513T104510,3500,3500,0,3500,shared_event_window_across_target_snr_siblings
716,case-0716-noise-01,noise,1,AM,RC2BF,00,EH?,2025-06-06T02:58:32.756000Z,2025-06-06T03:01:38.316000Z,RASPISHAKE,https://data.raspberryshake.org/fdsnws/dataselect/1/query,35.0,primary_noise_chunk,AM.RC2BF.noise.20250606T025835,3500,3500,0,3500,shared_noise_sequence_across_target_snr_siblings
716,case-0716-noise-02,noise,2,AM,RC2BF,00,EH?,2025-06-05T07:10:37.466000Z,2025-06-05T07:13:44.496000Z,RASPISHAKE,https://data.raspberryshake.org/fdsnws/dataselect/1/query,35.0,continuation_noise_chunk,AM.RC2BF.noise.20250605T071041,3500,3500,3500,7000,shared_noise_sequence_across_target_snr_siblings
716,case-0716-noise-03,noise,3,AM,RC2BF,00,EH?,2025-06-02T21:51:34.086000Z,2025-06-02T21:54:41.886000Z,RASPISHAKE,https://data.raspberryshake.org/fdsnws/dataselect/1/query,35.0,continuation_noise_chunk_truncated,AM.RC2BF.noise.20250602T215137,3500,2000,7000,9000,shared_noise_sequence_across_target_snr_siblings
717,case-0717-event,event,0,AM,RC2BF,00,EH?,2026-05-13T10:45:10.860000Z,2026-05-13T10:45:45.860000Z,RASPISHAKE,https://data.raspberryshake.org/fdsnws/dataselect/1/query,35.0,evaluator_event_reference,AM.RC2BF.event.20260513T104510,3500,3500,0,3500,shared_event_window_across_target_snr_siblings
717,case-0717-noise-01,noise,1,AM,RC2BF,00,EH?,2025-06-06T02:58:32.756000Z,2025-06-06T03:01:38.316000Z,RASPISHAKE,https://data.raspberryshake.org/fdsnws/dataselect/1/query,35.0,primary_noise_chunk,AM.RC2BF.noise.20250606T025835,3500,3500,0,3500,shared_noise_sequence_across_target_snr_siblings
717,case-0717-noise-02,noise,2,AM,RC2BF,00,EH?,2025-06-05T07:10:37.466000Z,2025-06-05T07:13:44.496000Z,RASPISHAKE,https://data.raspberryshake.org/fdsnws/dataselect/1/query,35.0,continuation_noise_chunk,AM.RC2BF.noise.20250605T071041,3500,3500,3500,7000,shared_noise_sequence_across_target_snr_siblings
717,case-0717-noise-03,noise,3,AM,RC2BF,00,EH?,2025-06-02T21:51:34.086000Z,2025-06-02T21:54:41.886000Z,RASPISHAKE,https://data.raspberryshake.org/fdsnws/dataselect/1/query,35.0,continuation_noise_chunk_truncated,AM.RC2BF.noise.20250602T215137,3500,2000,7000,9000,shared_noise_sequence_across_target_snr_siblings
718,case-0718-event,event,0,AM,RC2BF,00,EH?,2026-05-21T19:01:58.980000Z,2026-05-21T19:02:33.980000Z,RASPISHAKE,https://data.raspberryshake.org/fdsnws/dataselect/1/query,35.0,evaluator_event_reference,AM.RC2BF.event.20260521T190158,3500,3500,0,3500,shared_event_window_across_target_snr_siblings
718,case-0718-noise-01,noise,1,AM,RC2BF,00,EH?,2025-06-07T23:52:55.936000Z,2025-06-07T23:56:03.506000Z,RASPISHAKE,https://data.raspberryshake.org/fdsnws/dataselect/1/query,35.0,primary_noise_chunk,AM.RC2BF.noise.20250607T235259,3500,3500,0,3500,shared_noise_sequence_across_target_snr_siblings
718,case-0718-noise-02,noise,2,AM,RC2BF,00,EH?,2025-06-06T00:40:38.506000Z,2025-06-06T00:43:43.776000Z,RASPISHAKE,https://data.raspberryshake.org/fdsnws/dataselect/1/query,35.0,continuation_noise_chunk,AM.RC2BF.noise.20250606T004041,3500,3500,3500,7000,shared_noise_sequence_across_target_snr_siblings
718,case-0718-noise-03,noise,3,AM,RC2BF,00,EH?,2025-06-03T19:32:20.866000Z,2025-06-03T19:35:25.796000Z,RASPISHAKE,https://data.raspberryshake.org/fdsnws/dataselect/1/query,35.0,continuation_noise_chunk_truncated,AM.RC2BF.noise.20250603T193222,3500,2000,7000,9000,shared_noise_sequence_across_target_snr_siblings
719,case-0719-event,event,0,AM,RC2BF,00,EH?,2026-05-21T19:01:58.980000Z,2026-05-21T19:02:33.980000Z,RASPISHAKE,https://data.raspberryshake.org/fdsnws/dataselect/1/query,35.0,evaluator_event_reference,AM.RC2BF.event.20260521T190158,3500,3500,0,3500,shared_event_window_across_target_snr_siblings
719,case-0719-noise-01,noise,1,AM,RC2BF,00,EH?,2025-06-07T23:52:55.936000Z,2025-06-07T23:56:03.506000Z,RASPISHAKE,https://data.raspberryshake.org/fdsnws/dataselect/1/query,35.0,primary_noise_chunk,AM.RC2BF.noise.20250607T235259,3500,3500,0,3500,shared_noise_sequence_across_target_snr_siblings
719,case-0719-noise-02,noise,2,AM,RC2BF,00,EH?,2025-06-06T00:40:38.506000Z,2025-06-06T00:43:43.776000Z,RASPISHAKE,https://data.raspberryshake.org/fdsnws/dataselect/1/query,35.0,continuation_noise_chunk,AM.RC2BF.noise.20250606T004041,3500,3500,3500,7000,shared_noise_sequence_across_target_snr_siblings
719,case-0719-noise-03,noise,3,AM,RC2BF,00,EH?,2025-06-03T19:32:20.866000Z,2025-06-03T19:35:25.796000Z,RASPISHAKE,https://data.raspberryshake.org/fdsnws/dataselect/1/query,35.0,continuation_noise_chunk_truncated,AM.RC2BF.noise.20250603T193222,3500,2000,7000,9000,shared_noise_sequence_across_target_snr_siblings
720,case-0720-event,event,0,AM,RC2BF,00,EH?,2026-05-21T19:01:58.980000Z,2026-05-21T19:02:33.980000Z,RASPISHAKE,https://data.raspberryshake.org/fdsnws/dataselect/1/query,35.0,evaluator_event_reference,AM.RC2BF.event.20260521T190158,3500,3500,0,3500,shared_event_window_across_target_snr_siblings
720,case-0720-noise-01,noise,1,AM,RC2BF,00,EH?,2025-06-07T23:52:55.936000Z,2025-06-07T23:56:03.506000Z,RASPISHAKE,https://data.raspberryshake.org/fdsnws/dataselect/1/query,35.0,primary_noise_chunk,AM.RC2BF.noise.20250607T235259,3500,3500,0,3500,shared_noise_sequence_across_target_snr_siblings
720,case-0720-noise-02,noise,2,AM,RC2BF,00,EH?,2025-06-06T00:40:38.506000Z,2025-06-06T00:43:43.776000Z,RASPISHAKE,https://data.raspberryshake.org/fdsnws/dataselect/1/query,35.0,continuation_noise_chunk,AM.RC2BF.noise.20250606T004041,3500,3500,3500,7000,shared_noise_sequence_across_target_snr_siblings
720,case-0720-noise-03,noise,3,AM,RC2BF,00,EH?,2025-06-03T19:32:20.866000Z,2025-06-03T19:35:25.796000Z,RASPISHAKE,https://data.raspberryshake.org/fdsnws/dataselect/1/query,35.0,continuation_noise_chunk_truncated,AM.RC2BF.noise.20250603T193222,3500,2000,7000,9000,shared_noise_sequence_across_target_snr_siblings
721,case-0721-event,event,0,AM,RCBF0,00,EH?,2026-03-04T00:24:52.290000Z,2026-03-04T00:25:27.290000Z,RASPISHAKE,https://data.raspberryshake.org/fdsnws/dataselect/1/query,35.0,evaluator_event_reference,AM.RCBF0.event.20260304T002452,3500,3500,0,3500,shared_event_window_across_target_snr_siblings
721,case-0721-noise-01,noise,1,AM,RCBF0,00,EH?,2025-06-01T00:23:41.456000Z,2025-06-01T00:26:47.776000Z,RASPISHAKE,https://data.raspberryshake.org/fdsnws/dataselect/1/query,35.0,primary_noise_chunk,AM.RCBF0.noise.20250601T002345,3500,3500,0,3500,shared_noise_sequence_across_target_snr_siblings
721,case-0721-noise-02,noise,2,AM,RCBF0,00,EH?,2025-06-10T21:18:07.426000Z,2025-06-10T21:21:15.606000Z,RASPISHAKE,https://data.raspberryshake.org/fdsnws/dataselect/1/query,35.0,continuation_noise_chunk,AM.RCBF0.noise.20250610T211811,3500,3500,3500,7000,shared_noise_sequence_across_target_snr_siblings
721,case-0721-noise-03,noise,3,AM,RCBF0,00,EH?,2025-06-05T10:07:21.736000Z,2025-06-05T10:10:25.706000Z,RASPISHAKE,https://data.raspberryshake.org/fdsnws/dataselect/1/query,35.0,continuation_noise_chunk_truncated,AM.RCBF0.noise.20250605T100724,3500,2000,7000,9000,shared_noise_sequence_across_target_snr_siblings
722,case-0722-event,event,0,AM,RCBF0,00,EH?,2026-03-04T00:24:52.290000Z,2026-03-04T00:25:27.290000Z,RASPISHAKE,https://data.raspberryshake.org/fdsnws/dataselect/1/query,35.0,evaluator_event_reference,AM.RCBF0.event.20260304T002452,3500,3500,0,3500,shared_event_window_across_target_snr_siblings
722,case-0722-noise-01,noise,1,AM,RCBF0,00,EH?,2025-06-01T00:23:41.456000Z,2025-06-01T00:26:47.776000Z,RASPISHAKE,https://data.raspberryshake.org/fdsnws/dataselect/1/query,35.0,primary_noise_chunk,AM.RCBF0.noise.20250601T002345,3500,3500,0,3500,shared_noise_sequence_across_target_snr_siblings
722,case-0722-noise-02,noise,2,AM,RCBF0,00,EH?,2025-06-10T21:18:07.426000Z,2025-06-10T21:21:15.606000Z,RASPISHAKE,https://data.raspberryshake.org/fdsnws/dataselect/1/query,35.0,continuation_noise_chunk,AM.RCBF0.noise.20250610T211811,3500,3500,3500,7000,shared_noise_sequence_across_target_snr_siblings
722,case-0722-noise-03,noise,3,AM,RCBF0,00,EH?,2025-06-05T10:07:21.736000Z,2025-06-05T10:10:25.706000Z,RASPISHAKE,https://data.raspberryshake.org/fdsnws/dataselect/1/query,35.0,continuation_noise_chunk_truncated,AM.RCBF0.noise.20250605T100724,3500,2000,7000,9000,shared_noise_sequence_across_target_snr_siblings
723,case-0723-event,event,0,AM,RCBF0,00,EH?,2026-03-04T00:24:52.290000Z,2026-03-04T00:25:27.290000Z,RASPISHAKE,https://data.raspberryshake.org/fdsnws/dataselect/1/query,35.0,evaluator_event_reference,AM.RCBF0.event.20260304T002452,3500,3500,0,3500,shared_event_window_across_target_snr_siblings
723,case-0723-noise-01,noise,1,AM,RCBF0,00,EH?,2025-06-01T00:23:41.456000Z,2025-06-01T00:26:47.776000Z,RASPISHAKE,https://data.raspberryshake.org/fdsnws/dataselect/1/query,35.0,primary_noise_chunk,AM.RCBF0.noise.20250601T002345,3500,3500,0,3500,shared_noise_sequence_across_target_snr_siblings
723,case-0723-noise-02,noise,2,AM,RCBF0,00,EH?,2025-06-10T21:18:07.426000Z,2025-06-10T21:21:15.606000Z,RASPISHAKE,https://data.raspberryshake.org/fdsnws/dataselect/1/query,35.0,continuation_noise_chunk,AM.RCBF0.noise.20250610T211811,3500,3500,3500,7000,shared_noise_sequence_across_target_snr_siblings
723,case-0723-noise-03,noise,3,AM,RCBF0,00,EH?,2025-06-05T10:07:21.736000Z,2025-06-05T10:10:25.706000Z,RASPISHAKE,https://data.raspberryshake.org/fdsnws/dataselect/1/query,35.0,continuation_noise_chunk_truncated,AM.RCBF0.noise.20250605T100724,3500,2000,7000,9000,shared_noise_sequence_across_target_snr_siblings
724,case-0724-event,event,0,AM,RCBF0,00,EH?,2026-03-09T23:05:46.250000Z,2026-03-09T23:06:21.250000Z,RASPISHAKE,https://data.raspberryshake.org/fdsnws/dataselect/1/query,35.0,evaluator_event_reference,AM.RCBF0.event.20260309T230546,3500,3500,0,3500,shared_event_window_across_target_snr_siblings
724,case-0724-noise-01,noise,1,AM,RCBF0,00,EH?,2025-06-10T22:22:08.976000Z,2025-06-10T22:25:16.176000Z,RASPISHAKE,https://data.raspberryshake.org/fdsnws/dataselect/1/query,35.0,primary_noise_chunk,AM.RCBF0.noise.20250610T222213,3500,3500,0,3500,shared_noise_sequence_across_target_snr_siblings
724,case-0724-noise-02,noise,2,AM,RCBF0,00,EH?,2025-06-03T19:32:20.716000Z,2025-06-03T19:35:26.336000Z,RASPISHAKE,https://data.raspberryshake.org/fdsnws/dataselect/1/query,35.0,continuation_noise_chunk,AM.RCBF0.noise.20250603T193222,3500,3500,3500,7000,shared_noise_sequence_across_target_snr_siblings
724,case-0724-noise-03,noise,3,AM,RCBF0,00,EH?,2025-06-01T15:15:17.496000Z,2025-06-01T15:18:22.396000Z,RASPISHAKE,https://data.raspberryshake.org/fdsnws/dataselect/1/query,35.0,continuation_noise_chunk_truncated,AM.RCBF0.noise.20250601T151518,3500,2000,7000,9000,shared_noise_sequence_across_target_snr_siblings
725,case-0725-event,event,0,AM,RCBF0,00,EH?,2026-03-09T23:05:46.250000Z,2026-03-09T23:06:21.250000Z,RASPISHAKE,https://data.raspberryshake.org/fdsnws/dataselect/1/query,35.0,evaluator_event_reference,AM.RCBF0.event.20260309T230546,3500,3500,0,3500,shared_event_window_across_target_snr_siblings
725,case-0725-noise-01,noise,1,AM,RCBF0,00,EH?,2025-06-10T22:22:08.976000Z,2025-06-10T22:25:16.176000Z,RASPISHAKE,https://data.raspberryshake.org/fdsnws/dataselect/1/query,35.0,primary_noise_chunk,AM.RCBF0.noise.20250610T222213,3500,3500,0,3500,shared_noise_sequence_across_target_snr_siblings
725,case-0725-noise-02,noise,2,AM,RCBF0,00,EH?,2025-06-03T19:32:20.716000Z,2025-06-03T19:35:26.336000Z,RASPISHAKE,https://data.raspberryshake.org/fdsnws/dataselect/1/query,35.0,continuation_noise_chunk,AM.RCBF0.noise.20250603T193222,3500,3500,3500,7000,shared_noise_sequence_across_target_snr_siblings
725,case-0725-noise-03,noise,3,AM,RCBF0,00,EH?,2025-06-01T15:15:17.496000Z,2025-06-01T15:18:22.396000Z,RASPISHAKE,https://data.raspberryshake.org/fdsnws/dataselect/1/query,35.0,continuation_noise_chunk_truncated,AM.RCBF0.noise.20250601T151518,3500,2000,7000,9000,shared_noise_sequence_across_target_snr_siblings
726,case-0726-event,event,0,AM,RCBF0,00,EH?,2026-03-09T23:05:46.250000Z,2026-03-09T23:06:21.250000Z,RASPISHAKE,https://data.raspberryshake.org/fdsnws/dataselect/1/query,35.0,evaluator_event_reference,AM.RCBF0.event.20260309T230546,3500,3500,0,3500,shared_event_window_across_target_snr_siblings
726,case-0726-noise-01,noise,1,AM,RCBF0,00,EH?,2025-06-10T22:22:08.976000Z,2025-06-10T22:25:16.176000Z,RASPISHAKE,https://data.raspberryshake.org/fdsnws/dataselect/1/query,35.0,primary_noise_chunk,AM.RCBF0.noise.20250610T222213,3500,3500,0,3500,shared_noise_sequence_across_target_snr_siblings
726,case-0726-noise-02,noise,2,AM,RCBF0,00,EH?,2025-06-03T19:32:20.716000Z,2025-06-03T19:35:26.336000Z,RASPISHAKE,https://data.raspberryshake.org/fdsnws/dataselect/1/query,35.0,continuation_noise_chunk,AM.RCBF0.noise.20250603T193222,3500,3500,3500,7000,shared_noise_sequence_across_target_snr_siblings
726,case-0726-noise-03,noise,3,AM,RCBF0,00,EH?,2025-06-01T15:15:17.496000Z,2025-06-01T15:18:22.396000Z,RASPISHAKE,https://data.raspberryshake.org/fdsnws/dataselect/1/query,35.0,continuation_noise_chunk_truncated,AM.RCBF0.noise.20250601T151518,3500,2000,7000,9000,shared_noise_sequence_across_target_snr_siblings
727,case-0727-event,event,0,AM,RCBF0,00,EH?,2026-03-25T07:14:36.127000Z,2026-03-25T07:15:11.127000Z,RASPISHAKE,https://data.raspberryshake.org/fdsnws/dataselect/1/query,35.0,evaluator_event_reference,AM.RCBF0.event.20260325T071436,3500,3500,0,3500,shared_event_window_across_target_snr_siblings
727,case-0727-noise-01,noise,1,AM,RCBF0,00,EH?,2025-06-10T21:18:07.426000Z,2025-06-10T21:21:15.606000Z,RASPISHAKE,https://data.raspberryshake.org/fdsnws/dataselect/1/query,35.0,primary_noise_chunk,AM.RCBF0.noise.20250610T211811,3500,3500,0,3500,shared_noise_sequence_across_target_snr_siblings
727,case-0727-noise-02,noise,2,AM,RCBF0,00,EH?,2025-06-05T12:58:03.776000Z,2025-06-05T13:01:08.506000Z,RASPISHAKE,https://data.raspberryshake.org/fdsnws/dataselect/1/query,35.0,continuation_noise_chunk,AM.RCBF0.noise.20250605T125804,3500,3500,3500,7000,shared_noise_sequence_across_target_snr_siblings
727,case-0727-noise-03,noise,3,AM,RCBF0,00,EH?,2025-06-08T09:18:50.036000Z,2025-06-08T09:21:55.736000Z,RASPISHAKE,https://data.raspberryshake.org/fdsnws/dataselect/1/query,35.0,continuation_noise_chunk_truncated,AM.RCBF0.noise.20250608T091852,3500,2000,7000,9000,shared_noise_sequence_across_target_snr_siblings
728,case-0728-event,event,0,AM,RCBF0,00,EH?,2026-03-25T07:14:36.127000Z,2026-03-25T07:15:11.127000Z,RASPISHAKE,https://data.raspberryshake.org/fdsnws/dataselect/1/query,35.0,evaluator_event_reference,AM.RCBF0.event.20260325T071436,3500,3500,0,3500,shared_event_window_across_target_snr_siblings
728,case-0728-noise-01,noise,1,AM,RCBF0,00,EH?,2025-06-10T21:18:07.426000Z,2025-06-10T21:21:15.606000Z,RASPISHAKE,https://data.raspberryshake.org/fdsnws/dataselect/1/query,35.0,primary_noise_chunk,AM.RCBF0.noise.20250610T211811,3500,3500,0,3500,shared_noise_sequence_across_target_snr_siblings
728,case-0728-noise-02,noise,2,AM,RCBF0,00,EH?,2025-06-05T12:58:03.776000Z,2025-06-05T13:01:08.506000Z,RASPISHAKE,https://data.raspberryshake.org/fdsnws/dataselect/1/query,35.0,continuation_noise_chunk,AM.RCBF0.noise.20250605T125804,3500,3500,3500,7000,shared_noise_sequence_across_target_snr_siblings
728,case-0728-noise-03,noise,3,AM,RCBF0,00,EH?,2025-06-08T09:18:50.036000Z,2025-06-08T09:21:55.736000Z,RASPISHAKE,https://data.raspberryshake.org/fdsnws/dataselect/1/query,35.0,continuation_noise_chunk_truncated,AM.RCBF0.noise.20250608T091852,3500,2000,7000,9000,shared_noise_sequence_across_target_snr_siblings
729,case-0729-event,event,0,AM,RCBF0,00,EH?,2026-03-25T07:14:36.127000Z,2026-03-25T07:15:11.127000Z,RASPISHAKE,https://data.raspberryshake.org/fdsnws/dataselect/1/query,35.0,evaluator_event_reference,AM.RCBF0.event.20260325T071436,3500,3500,0,3500,shared_event_window_across_target_snr_siblings
729,case-0729-noise-01,noise,1,AM,RCBF0,00,EH?,2025-06-10T21:18:07.426000Z,2025-06-10T21:21:15.606000Z,RASPISHAKE,https://data.raspberryshake.org/fdsnws/dataselect/1/query,35.0,primary_noise_chunk,AM.RCBF0.noise.20250610T211811,3500,3500,0,3500,shared_noise_sequence_across_target_snr_siblings
729,case-0729-noise-02,noise,2,AM,RCBF0,00,EH?,2025-06-05T12:58:03.776000Z,2025-06-05T13:01:08.506000Z,RASPISHAKE,https://data.raspberryshake.org/fdsnws/dataselect/1/query,35.0,continuation_noise_chunk,AM.RCBF0.noise.20250605T125804,3500,3500,3500,7000,shared_noise_sequence_across_target_snr_siblings
729,case-0729-noise-03,noise,3,AM,RCBF0,00,EH?,2025-06-08T09:18:50.036000Z,2025-06-08T09:21:55.736000Z,RASPISHAKE,https://data.raspberryshake.org/fdsnws/dataselect/1/query,35.0,continuation_noise_chunk_truncated,AM.RCBF0.noise.20250608T091852,3500,2000,7000,9000,shared_noise_sequence_across_target_snr_siblings
730,case-0730-event,event,0,AM,RCBF0,00,EH?,2026-03-26T08:41:26.867000Z,2026-03-26T08:42:01.867000Z,RASPISHAKE,https://data.raspberryshake.org/fdsnws/dataselect/1/query,35.0,evaluator_event_reference,AM.RCBF0.event.20260326T084126,3500,3500,0,3500,shared_event_window_across_target_snr_siblings
730,case-0730-noise-01,noise,1,AM,RCBF0,00,EH?,2025-06-05T12:58:03.776000Z,2025-06-05T13:01:08.506000Z,RASPISHAKE,https://data.raspberryshake.org/fdsnws/dataselect/1/query,35.0,primary_noise_chunk,AM.RCBF0.noise.20250605T125804,3500,3500,0,3500,shared_noise_sequence_across_target_snr_siblings
730,case-0730-noise-02,noise,2,AM,RCBF0,00,EH?,2025-06-05T10:07:21.736000Z,2025-06-05T10:10:25.706000Z,RASPISHAKE,https://data.raspberryshake.org/fdsnws/dataselect/1/query,35.0,continuation_noise_chunk,AM.RCBF0.noise.20250605T100724,3500,3500,3500,7000,shared_noise_sequence_across_target_snr_siblings
730,case-0730-noise-03,noise,3,AM,RCBF0,00,EH?,2025-06-02T14:31:40.896000Z,2025-06-02T14:34:46.886000Z,RASPISHAKE,https://data.raspberryshake.org/fdsnws/dataselect/1/query,35.0,continuation_noise_chunk_truncated,AM.RCBF0.noise.20250602T143144,3500,2000,7000,9000,shared_noise_sequence_across_target_snr_siblings
731,case-0731-event,event,0,AM,RCBF0,00,EH?,2026-03-26T08:41:26.867000Z,2026-03-26T08:42:01.867000Z,RASPISHAKE,https://data.raspberryshake.org/fdsnws/dataselect/1/query,35.0,evaluator_event_reference,AM.RCBF0.event.20260326T084126,3500,3500,0,3500,shared_event_window_across_target_snr_siblings
731,case-0731-noise-01,noise,1,AM,RCBF0,00,EH?,2025-06-05T12:58:03.776000Z,2025-06-05T13:01:08.506000Z,RASPISHAKE,https://data.raspberryshake.org/fdsnws/dataselect/1/query,35.0,primary_noise_chunk,AM.RCBF0.noise.20250605T125804,3500,3500,0,3500,shared_noise_sequence_across_target_snr_siblings
731,case-0731-noise-02,noise,2,AM,RCBF0,00,EH?,2025-06-05T10:07:21.736000Z,2025-06-05T10:10:25.706000Z,RASPISHAKE,https://data.raspberryshake.org/fdsnws/dataselect/1/query,35.0,continuation_noise_chunk,AM.RCBF0.noise.20250605T100724,3500,3500,3500,7000,shared_noise_sequence_across_target_snr_siblings
731,case-0731-noise-03,noise,3,AM,RCBF0,00,EH?,2025-06-02T14:31:40.896000Z,2025-06-02T14:34:46.886000Z,RASPISHAKE,https://data.raspberryshake.org/fdsnws/dataselect/1/query,35.0,continuation_noise_chunk_truncated,AM.RCBF0.noise.20250602T143144,3500,2000,7000,9000,shared_noise_sequence_across_target_snr_siblings
732,case-0732-event,event,0,AM,RCBF0,00,EH?,2026-03-26T08:41:26.867000Z,2026-03-26T08:42:01.867000Z,RASPISHAKE,https://data.raspberryshake.org/fdsnws/dataselect/1/query,35.0,evaluator_event_reference,AM.RCBF0.event.20260326T084126,3500,3500,0,3500,shared_event_window_across_target_snr_siblings
732,case-0732-noise-01,noise,1,AM,RCBF0,00,EH?,2025-06-05T12:58:03.776000Z,2025-06-05T13:01:08.506000Z,RASPISHAKE,https://data.raspberryshake.org/fdsnws/dataselect/1/query,35.0,primary_noise_chunk,AM.RCBF0.noise.20250605T125804,3500,3500,0,3500,shared_noise_sequence_across_target_snr_siblings
732,case-0732-noise-02,noise,2,AM,RCBF0,00,EH?,2025-06-05T10:07:21.736000Z,2025-06-05T10:10:25.706000Z,RASPISHAKE,https://data.raspberryshake.org/fdsnws/dataselect/1/query,35.0,continuation_noise_chunk,AM.RCBF0.noise.20250605T100724,3500,3500,3500,7000,shared_noise_sequence_across_target_snr_siblings
732,case-0732-noise-03,noise,3,AM,RCBF0,00,EH?,2025-06-02T14:31:40.896000Z,2025-06-02T14:34:46.886000Z,RASPISHAKE,https://data.raspberryshake.org/fdsnws/dataselect/1/query,35.0,continuation_noise_chunk_truncated,AM.RCBF0.noise.20250602T143144,3500,2000,7000,9000,shared_noise_sequence_across_target_snr_siblings
733,case-0733-event,event,0,AM,RCBF0,00,EH?,2026-04-26T02:24:20.467000Z,2026-04-26T02:24:55.467000Z,RASPISHAKE,https://data.raspberryshake.org/fdsnws/dataselect/1/query,35.0,evaluator_event_reference,AM.RCBF0.event.20260426T022420,3500,3500,0,3500,shared_event_window_across_target_snr_siblings
733,case-0733-noise-01,noise,1,AM,RCBF0,00,EH?,2025-06-04T04:12:22.066000Z,2025-06-04T04:15:26.466000Z,RASPISHAKE,https://data.raspberryshake.org/fdsnws/dataselect/1/query,35.0,primary_noise_chunk,AM.RCBF0.noise.20250604T041225,3500,3500,0,3500,shared_noise_sequence_across_target_snr_siblings
733,case-0733-noise-02,noise,2,AM,RCBF0,00,EH?,2025-06-08T09:18:50.036000Z,2025-06-08T09:21:55.736000Z,RASPISHAKE,https://data.raspberryshake.org/fdsnws/dataselect/1/query,35.0,continuation_noise_chunk,AM.RCBF0.noise.20250608T091852,3500,3500,3500,7000,shared_noise_sequence_across_target_snr_siblings
733,case-0733-noise-03,noise,3,AM,RCBF0,00,EH?,2025-06-10T11:38:05.716000Z,2025-06-10T11:41:09.946000Z,RASPISHAKE,https://data.raspberryshake.org/fdsnws/dataselect/1/query,35.0,continuation_noise_chunk_truncated,AM.RCBF0.noise.20250610T113808,3500,2000,7000,9000,shared_noise_sequence_across_target_snr_siblings
734,case-0734-event,event,0,AM,RCBF0,00,EH?,2026-04-26T02:24:20.467000Z,2026-04-26T02:24:55.467000Z,RASPISHAKE,https://data.raspberryshake.org/fdsnws/dataselect/1/query,35.0,evaluator_event_reference,AM.RCBF0.event.20260426T022420,3500,3500,0,3500,shared_event_window_across_target_snr_siblings
734,case-0734-noise-01,noise,1,AM,RCBF0,00,EH?,2025-06-04T04:12:22.066000Z,2025-06-04T04:15:26.466000Z,RASPISHAKE,https://data.raspberryshake.org/fdsnws/dataselect/1/query,35.0,primary_noise_chunk,AM.RCBF0.noise.20250604T041225,3500,3500,0,3500,shared_noise_sequence_across_target_snr_siblings
734,case-0734-noise-02,noise,2,AM,RCBF0,00,EH?,2025-06-08T09:18:50.036000Z,2025-06-08T09:21:55.736000Z,RASPISHAKE,https://data.raspberryshake.org/fdsnws/dataselect/1/query,35.0,continuation_noise_chunk,AM.RCBF0.noise.20250608T091852,3500,3500,3500,7000,shared_noise_sequence_across_target_snr_siblings
734,case-0734-noise-03,noise,3,AM,RCBF0,00,EH?,2025-06-10T11:38:05.716000Z,2025-06-10T11:41:09.946000Z,RASPISHAKE,https://data.raspberryshake.org/fdsnws/dataselect/1/query,35.0,continuation_noise_chunk_truncated,AM.RCBF0.noise.20250610T113808,3500,2000,7000,9000,shared_noise_sequence_across_target_snr_siblings
735,case-0735-event,event,0,AM,RCBF0,00,EH?,2026-04-26T02:24:20.467000Z,2026-04-26T02:24:55.467000Z,RASPISHAKE,https://data.raspberryshake.org/fdsnws/dataselect/1/query,35.0,evaluator_event_reference,AM.RCBF0.event.20260426T022420,3500,3500,0,3500,shared_event_window_across_target_snr_siblings
735,case-0735-noise-01,noise,1,AM,RCBF0,00,EH?,2025-06-04T04:12:22.066000Z,2025-06-04T04:15:26.466000Z,RASPISHAKE,https://data.raspberryshake.org/fdsnws/dataselect/1/query,35.0,primary_noise_chunk,AM.RCBF0.noise.20250604T041225,3500,3500,0,3500,shared_noise_sequence_across_target_snr_siblings
735,case-0735-noise-02,noise,2,AM,RCBF0,00,EH?,2025-06-08T09:18:50.036000Z,2025-06-08T09:21:55.736000Z,RASPISHAKE,https://data.raspberryshake.org/fdsnws/dataselect/1/query,35.0,continuation_noise_chunk,AM.RCBF0.noise.20250608T091852,3500,3500,3500,7000,shared_noise_sequence_across_target_snr_siblings
735,case-0735-noise-03,noise,3,AM,RCBF0,00,EH?,2025-06-10T11:38:05.716000Z,2025-06-10T11:41:09.946000Z,RASPISHAKE,https://data.raspberryshake.org/fdsnws/dataselect/1/query,35.0,continuation_noise_chunk_truncated,AM.RCBF0.noise.20250610T113808,3500,2000,7000,9000,shared_noise_sequence_across_target_snr_siblings
736,case-0736-event,event,0,AM,RCBF0,00,EH?,2026-05-20T14:16:21.367000Z,2026-05-20T14:16:56.367000Z,RASPISHAKE,https://data.raspberryshake.org/fdsnws/dataselect/1/query,35.0,evaluator_event_reference,AM.RCBF0.event.20260520T141621,3500,3500,0,3500,shared_event_window_across_target_snr_siblings
736,case-0736-noise-01,noise,1,AM,RCBF0,00,EH?,2025-06-04T00:48:11.866000Z,2025-06-04T00:51:19.076000Z,RASPISHAKE,https://data.raspberryshake.org/fdsnws/dataselect/1/query,35.0,primary_noise_chunk,AM.RCBF0.noise.20250604T004815,3500,3500,0,3500,shared_noise_sequence_across_target_snr_siblings
736,case-0736-noise-02,noise,2,AM,RCBF0,00,EH?,2025-06-03T22:23:37.836000Z,2025-06-03T22:26:43.686000Z,RASPISHAKE,https://data.raspberryshake.org/fdsnws/dataselect/1/query,35.0,continuation_noise_chunk,AM.RCBF0.noise.20250603T222341,3500,3500,3500,7000,shared_noise_sequence_across_target_snr_siblings
736,case-0736-noise-03,noise,3,AM,RCBF0,00,EH?,2025-06-02T21:51:33.316000Z,2025-06-02T21:54:41.966000Z,RASPISHAKE,https://data.raspberryshake.org/fdsnws/dataselect/1/query,35.0,continuation_noise_chunk_truncated,AM.RCBF0.noise.20250602T215137,3500,2000,7000,9000,shared_noise_sequence_across_target_snr_siblings
737,case-0737-event,event,0,AM,RCBF0,00,EH?,2026-05-20T14:16:21.367000Z,2026-05-20T14:16:56.367000Z,RASPISHAKE,https://data.raspberryshake.org/fdsnws/dataselect/1/query,35.0,evaluator_event_reference,AM.RCBF0.event.20260520T141621,3500,3500,0,3500,shared_event_window_across_target_snr_siblings
737,case-0737-noise-01,noise,1,AM,RCBF0,00,EH?,2025-06-04T00:48:11.866000Z,2025-06-04T00:51:19.076000Z,RASPISHAKE,https://data.raspberryshake.org/fdsnws/dataselect/1/query,35.0,primary_noise_chunk,AM.RCBF0.noise.20250604T004815,3500,3500,0,3500,shared_noise_sequence_across_target_snr_siblings
737,case-0737-noise-02,noise,2,AM,RCBF0,00,EH?,2025-06-03T22:23:37.836000Z,2025-06-03T22:26:43.686000Z,RASPISHAKE,https://data.raspberryshake.org/fdsnws/dataselect/1/query,35.0,continuation_noise_chunk,AM.RCBF0.noise.20250603T222341,3500,3500,3500,7000,shared_noise_sequence_across_target_snr_siblings
737,case-0737-noise-03,noise,3,AM,RCBF0,00,EH?,2025-06-02T21:51:33.316000Z,2025-06-02T21:54:41.966000Z,RASPISHAKE,https://data.raspberryshake.org/fdsnws/dataselect/1/query,35.0,continuation_noise_chunk_truncated,AM.RCBF0.noise.20250602T215137,3500,2000,7000,9000,shared_noise_sequence_across_target_snr_siblings
738,case-0738-event,event,0,AM,RCBF0,00,EH?,2026-05-20T14:16:21.367000Z,2026-05-20T14:16:56.367000Z,RASPISHAKE,https://data.raspberryshake.org/fdsnws/dataselect/1/query,35.0,evaluator_event_reference,AM.RCBF0.event.20260520T141621,3500,3500,0,3500,shared_event_window_across_target_snr_siblings
738,case-0738-noise-01,noise,1,AM,RCBF0,00,EH?,2025-06-04T00:48:11.866000Z,2025-06-04T00:51:19.076000Z,RASPISHAKE,https://data.raspberryshake.org/fdsnws/dataselect/1/query,35.0,primary_noise_chunk,AM.RCBF0.noise.20250604T004815,3500,3500,0,3500,shared_noise_sequence_across_target_snr_siblings
738,case-0738-noise-02,noise,2,AM,RCBF0,00,EH?,2025-06-03T22:23:37.836000Z,2025-06-03T22:26:43.686000Z,RASPISHAKE,https://data.raspberryshake.org/fdsnws/dataselect/1/query,35.0,continuation_noise_chunk,AM.RCBF0.noise.20250603T222341,3500,3500,3500,7000,shared_noise_sequence_across_target_snr_siblings
738,case-0738-noise-03,noise,3,AM,RCBF0,00,EH?,2025-06-02T21:51:33.316000Z,2025-06-02T21:54:41.966000Z,RASPISHAKE,https://data.raspberryshake.org/fdsnws/dataselect/1/query,35.0,continuation_noise_chunk_truncated,AM.RCBF0.noise.20250602T215137,3500,2000,7000,9000,shared_noise_sequence_across_target_snr_siblings
739,case-0739-event,event,0,AM,RCBF0,00,EH?,2026-05-23T00:14:57.127000Z,2026-05-23T00:15:32.127000Z,RASPISHAKE,https://data.raspberryshake.org/fdsnws/dataselect/1/query,35.0,evaluator_event_reference,AM.RCBF0.event.20260523T001457,3500,3500,0,3500,shared_event_window_across_target_snr_siblings
739,case-0739-noise-01,noise,1,AM,RCBF0,00,EH?,2025-06-09T17:16:44.726000Z,2025-06-09T17:19:49.816000Z,RASPISHAKE,https://data.raspberryshake.org/fdsnws/dataselect/1/query,35.0,primary_noise_chunk,AM.RCBF0.noise.20250609T171646,3500,3500,0,3500,shared_noise_sequence_across_target_snr_siblings
739,case-0739-noise-02,noise,2,AM,RCBF0,00,EH?,2025-06-06T00:40:37.536000Z,2025-06-06T00:43:44.656000Z,RASPISHAKE,https://data.raspberryshake.org/fdsnws/dataselect/1/query,35.0,continuation_noise_chunk,AM.RCBF0.noise.20250606T004041,3500,3500,3500,7000,shared_noise_sequence_across_target_snr_siblings
739,case-0739-noise-03,noise,3,AM,RCBF0,00,EH?,2025-06-05T10:07:21.736000Z,2025-06-05T10:10:25.706000Z,RASPISHAKE,https://data.raspberryshake.org/fdsnws/dataselect/1/query,35.0,continuation_noise_chunk_truncated,AM.RCBF0.noise.20250605T100724,3500,2000,7000,9000,shared_noise_sequence_across_target_snr_siblings
740,case-0740-event,event,0,AM,RCBF0,00,EH?,2026-05-23T00:14:57.127000Z,2026-05-23T00:15:32.127000Z,RASPISHAKE,https://data.raspberryshake.org/fdsnws/dataselect/1/query,35.0,evaluator_event_reference,AM.RCBF0.event.20260523T001457,3500,3500,0,3500,shared_event_window_across_target_snr_siblings
740,case-0740-noise-01,noise,1,AM,RCBF0,00,EH?,2025-06-09T17:16:44.726000Z,2025-06-09T17:19:49.816000Z,RASPISHAKE,https://data.raspberryshake.org/fdsnws/dataselect/1/query,35.0,primary_noise_chunk,AM.RCBF0.noise.20250609T171646,3500,3500,0,3500,shared_noise_sequence_across_target_snr_siblings
740,case-0740-noise-02,noise,2,AM,RCBF0,00,EH?,2025-06-06T00:40:37.536000Z,2025-06-06T00:43:44.656000Z,RASPISHAKE,https://data.raspberryshake.org/fdsnws/dataselect/1/query,35.0,continuation_noise_chunk,AM.RCBF0.noise.20250606T004041,3500,3500,3500,7000,shared_noise_sequence_across_target_snr_siblings
740,case-0740-noise-03,noise,3,AM,RCBF0,00,EH?,2025-06-05T10:07:21.736000Z,2025-06-05T10:10:25.706000Z,RASPISHAKE,https://data.raspberryshake.org/fdsnws/dataselect/1/query,35.0,continuation_noise_chunk_truncated,AM.RCBF0.noise.20250605T100724,3500,2000,7000,9000,shared_noise_sequence_across_target_snr_siblings
741,case-0741-event,event,0,AM,RCBF0,00,EH?,2026-05-23T00:14:57.127000Z,2026-05-23T00:15:32.127000Z,RASPISHAKE,https://data.raspberryshake.org/fdsnws/dataselect/1/query,35.0,evaluator_event_reference,AM.RCBF0.event.20260523T001457,3500,3500,0,3500,shared_event_window_across_target_snr_siblings
741,case-0741-noise-01,noise,1,AM,RCBF0,00,EH?,2025-06-09T17:16:44.726000Z,2025-06-09T17:19:49.816000Z,RASPISHAKE,https://data.raspberryshake.org/fdsnws/dataselect/1/query,35.0,primary_noise_chunk,AM.RCBF0.noise.20250609T171646,3500,3500,0,3500,shared_noise_sequence_across_target_snr_siblings
741,case-0741-noise-02,noise,2,AM,RCBF0,00,EH?,2025-06-06T00:40:37.536000Z,2025-06-06T00:43:44.656000Z,RASPISHAKE,https://data.raspberryshake.org/fdsnws/dataselect/1/query,35.0,continuation_noise_chunk,AM.RCBF0.noise.20250606T004041,3500,3500,3500,7000,shared_noise_sequence_across_target_snr_siblings
741,case-0741-noise-03,noise,3,AM,RCBF0,00,EH?,2025-06-05T10:07:21.736000Z,2025-06-05T10:10:25.706000Z,RASPISHAKE,https://data.raspberryshake.org/fdsnws/dataselect/1/query,35.0,continuation_noise_chunk_truncated,AM.RCBF0.noise.20250605T100724,3500,2000,7000,9000,shared_noise_sequence_across_target_snr_siblings
742,case-0742-event,event,0,AM,RCBF0,00,EH?,2026-05-25T15:27:10.747000Z,2026-05-25T15:27:45.747000Z,RASPISHAKE,https://data.raspberryshake.org/fdsnws/dataselect/1/query,35.0,evaluator_event_reference,AM.RCBF0.event.20260525T152710,3500,3500,0,3500,shared_event_window_across_target_snr_siblings
742,case-0742-noise-01,noise,1,AM,RCBF0,00,EH?,2025-06-05T20:40:20.206000Z,2025-06-05T20:43:26.616000Z,RASPISHAKE,https://data.raspberryshake.org/fdsnws/dataselect/1/query,35.0,primary_noise_chunk,AM.RCBF0.noise.20250605T204023,3500,3500,0,3500,shared_noise_sequence_across_target_snr_siblings
742,case-0742-noise-02,noise,2,AM,RCBF0,00,EH?,2025-06-06T16:03:38.016000Z,2025-06-06T16:06:44.366000Z,RASPISHAKE,https://data.raspberryshake.org/fdsnws/dataselect/1/query,35.0,continuation_noise_chunk,AM.RCBF0.noise.20250606T160341,3500,3500,3500,7000,shared_noise_sequence_across_target_snr_siblings
742,case-0742-noise-03,noise,3,AM,RCBF0,00,EH?,2025-06-04T00:48:11.866000Z,2025-06-04T00:51:19.076000Z,RASPISHAKE,https://data.raspberryshake.org/fdsnws/dataselect/1/query,35.0,continuation_noise_chunk_truncated,AM.RCBF0.noise.20250604T004815,3500,2000,7000,9000,shared_noise_sequence_across_target_snr_siblings
743,case-0743-event,event,0,AM,RCBF0,00,EH?,2026-05-25T15:27:10.747000Z,2026-05-25T15:27:45.747000Z,RASPISHAKE,https://data.raspberryshake.org/fdsnws/dataselect/1/query,35.0,evaluator_event_reference,AM.RCBF0.event.20260525T152710,3500,3500,0,3500,shared_event_window_across_target_snr_siblings
743,case-0743-noise-01,noise,1,AM,RCBF0,00,EH?,2025-06-05T20:40:20.206000Z,2025-06-05T20:43:26.616000Z,RASPISHAKE,https://data.raspberryshake.org/fdsnws/dataselect/1/query,35.0,primary_noise_chunk,AM.RCBF0.noise.20250605T204023,3500,3500,0,3500,shared_noise_sequence_across_target_snr_siblings
743,case-0743-noise-02,noise,2,AM,RCBF0,00,EH?,2025-06-06T16:03:38.016000Z,2025-06-06T16:06:44.366000Z,RASPISHAKE,https://data.raspberryshake.org/fdsnws/dataselect/1/query,35.0,continuation_noise_chunk,AM.RCBF0.noise.20250606T160341,3500,3500,3500,7000,shared_noise_sequence_across_target_snr_siblings
743,case-0743-noise-03,noise,3,AM,RCBF0,00,EH?,2025-06-04T00:48:11.866000Z,2025-06-04T00:51:19.076000Z,RASPISHAKE,https://data.raspberryshake.org/fdsnws/dataselect/1/query,35.0,continuation_noise_chunk_truncated,AM.RCBF0.noise.20250604T004815,3500,2000,7000,9000,shared_noise_sequence_across_target_snr_siblings
744,case-0744-event,event,0,AM,RCBF0,00,EH?,2026-05-25T15:27:10.747000Z,2026-05-25T15:27:45.747000Z,RASPISHAKE,https://data.raspberryshake.org/fdsnws/dataselect/1/query,35.0,evaluator_event_reference,AM.RCBF0.event.20260525T152710,3500,3500,0,3500,shared_event_window_across_target_snr_siblings
744,case-0744-noise-01,noise,1,AM,RCBF0,00,EH?,2025-06-05T20:40:20.206000Z,2025-06-05T20:43:26.616000Z,RASPISHAKE,https://data.raspberryshake.org/fdsnws/dataselect/1/query,35.0,primary_noise_chunk,AM.RCBF0.noise.20250605T204023,3500,3500,0,3500,shared_noise_sequence_across_target_snr_siblings
744,case-0744-noise-02,noise,2,AM,RCBF0,00,EH?,2025-06-06T16:03:38.016000Z,2025-06-06T16:06:44.366000Z,RASPISHAKE,https://data.raspberryshake.org/fdsnws/dataselect/1/query,35.0,continuation_noise_chunk,AM.RCBF0.noise.20250606T160341,3500,3500,3500,7000,shared_noise_sequence_across_target_snr_siblings
744,case-0744-noise-03,noise,3,AM,RCBF0,00,EH?,2025-06-04T00:48:11.866000Z,2025-06-04T00:51:19.076000Z,RASPISHAKE,https://data.raspberryshake.org/fdsnws/dataselect/1/query,35.0,continuation_noise_chunk_truncated,AM.RCBF0.noise.20250604T004815,3500,2000,7000,9000,shared_noise_sequence_across_target_snr_siblings
745,case-0745-event,event,0,AM,RCCE6,00,EH?,2026-05-27T04:17:36.819000Z,2026-05-27T04:18:11.819000Z,RASPISHAKE,https://data.raspberryshake.org/fdsnws/dataselect/1/query,35.0,evaluator_event_reference,AM.RCCE6.event.20260527T041736,3500,3500,0,3500,shared_event_window_across_target_snr_siblings
745,case-0745-noise-01,noise,1,AM,RCCE6,00,EH?,2025-08-28T07:29:09.048000Z,2025-08-28T07:32:13.988000Z,RASPISHAKE,https://data.raspberryshake.org/fdsnws/dataselect/1/query,35.0,primary_noise_chunk,AM.RCCE6.noise.20250828T072911,3500,3500,0,3500,shared_noise_sequence_across_target_snr_siblings
745,case-0745-noise-02,noise,2,AM,RCCE6,00,EH?,2025-09-03T01:58:58.042000Z,2025-09-03T02:02:02.232000Z,RASPISHAKE,https://data.raspberryshake.org/fdsnws/dataselect/1/query,35.0,continuation_noise_chunk,AM.RCCE6.noise.20250903T015859,3500,3500,3500,7000,shared_noise_sequence_across_target_snr_siblings
745,case-0745-noise-03,noise,3,AM,RCCE6,00,EH?,2025-09-05T09:22:14.393000Z,2025-09-05T09:25:18.773000Z,RASPISHAKE,https://data.raspberryshake.org/fdsnws/dataselect/1/query,35.0,continuation_noise_chunk_truncated,AM.RCCE6.noise.20250905T092217,3500,2000,7000,9000,shared_noise_sequence_across_target_snr_siblings
746,case-0746-event,event,0,AM,RCCE6,00,EH?,2026-05-27T04:17:36.819000Z,2026-05-27T04:18:11.819000Z,RASPISHAKE,https://data.raspberryshake.org/fdsnws/dataselect/1/query,35.0,evaluator_event_reference,AM.RCCE6.event.20260527T041736,3500,3500,0,3500,shared_event_window_across_target_snr_siblings
746,case-0746-noise-01,noise,1,AM,RCCE6,00,EH?,2025-08-28T07:29:09.048000Z,2025-08-28T07:32:13.988000Z,RASPISHAKE,https://data.raspberryshake.org/fdsnws/dataselect/1/query,35.0,primary_noise_chunk,AM.RCCE6.noise.20250828T072911,3500,3500,0,3500,shared_noise_sequence_across_target_snr_siblings
746,case-0746-noise-02,noise,2,AM,RCCE6,00,EH?,2025-09-03T01:58:58.042000Z,2025-09-03T02:02:02.232000Z,RASPISHAKE,https://data.raspberryshake.org/fdsnws/dataselect/1/query,35.0,continuation_noise_chunk,AM.RCCE6.noise.20250903T015859,3500,3500,3500,7000,shared_noise_sequence_across_target_snr_siblings
746,case-0746-noise-03,noise,3,AM,RCCE6,00,EH?,2025-09-05T09:22:14.393000Z,2025-09-05T09:25:18.773000Z,RASPISHAKE,https://data.raspberryshake.org/fdsnws/dataselect/1/query,35.0,continuation_noise_chunk_truncated,AM.RCCE6.noise.20250905T092217,3500,2000,7000,9000,shared_noise_sequence_across_target_snr_siblings
747,case-0747-event,event,0,AM,RCCE6,00,EH?,2026-05-27T04:17:36.819000Z,2026-05-27T04:18:11.819000Z,RASPISHAKE,https://data.raspberryshake.org/fdsnws/dataselect/1/query,35.0,evaluator_event_reference,AM.RCCE6.event.20260527T041736,3500,3500,0,3500,shared_event_window_across_target_snr_siblings
747,case-0747-noise-01,noise,1,AM,RCCE6,00,EH?,2025-08-28T07:29:09.048000Z,2025-08-28T07:32:13.988000Z,RASPISHAKE,https://data.raspberryshake.org/fdsnws/dataselect/1/query,35.0,primary_noise_chunk,AM.RCCE6.noise.20250828T072911,3500,3500,0,3500,shared_noise_sequence_across_target_snr_siblings
747,case-0747-noise-02,noise,2,AM,RCCE6,00,EH?,2025-09-03T01:58:58.042000Z,2025-09-03T02:02:02.232000Z,RASPISHAKE,https://data.raspberryshake.org/fdsnws/dataselect/1/query,35.0,continuation_noise_chunk,AM.RCCE6.noise.20250903T015859,3500,3500,3500,7000,shared_noise_sequence_across_target_snr_siblings
747,case-0747-noise-03,noise,3,AM,RCCE6,00,EH?,2025-09-05T09:22:14.393000Z,2025-09-05T09:25:18.773000Z,RASPISHAKE,https://data.raspberryshake.org/fdsnws/dataselect/1/query,35.0,continuation_noise_chunk_truncated,AM.RCCE6.noise.20250905T092217,3500,2000,7000,9000,shared_noise_sequence_across_target_snr_siblings
748,case-0748-event,event,0,AM,RCCE6,00,EH?,2026-05-31T05:51:04.899000Z,2026-05-31T05:51:39.899000Z,RASPISHAKE,https://data.raspberryshake.org/fdsnws/dataselect/1/query,35.0,evaluator_event_reference,AM.RCCE6.event.20260531T055104,3500,3500,0,3500,shared_event_window_across_target_snr_siblings
748,case-0748-noise-01,noise,1,AM,RCCE6,00,EH?,2025-08-28T07:29:09.048000Z,2025-08-28T07:32:13.988000Z,RASPISHAKE,https://data.raspberryshake.org/fdsnws/dataselect/1/query,35.0,primary_noise_chunk,AM.RCCE6.noise.20250828T072911,3500,3500,0,3500,shared_noise_sequence_across_target_snr_siblings
748,case-0748-noise-02,noise,2,AM,RCCE6,00,EH?,2025-09-05T09:22:14.393000Z,2025-09-05T09:25:18.773000Z,RASPISHAKE,https://data.raspberryshake.org/fdsnws/dataselect/1/query,35.0,continuation_noise_chunk,AM.RCCE6.noise.20250905T092217,3500,3500,3500,7000,shared_noise_sequence_across_target_snr_siblings
748,case-0748-noise-03,noise,3,AM,RCCE6,00,EH?,2025-09-02T05:33:48.372000Z,2025-09-02T05:36:52.182000Z,RASPISHAKE,https://data.raspberryshake.org/fdsnws/dataselect/1/query,35.0,continuation_noise_chunk_truncated,AM.RCCE6.noise.20250902T053349,3500,2000,7000,9000,shared_noise_sequence_across_target_snr_siblings
749,case-0749-event,event,0,AM,RCCE6,00,EH?,2026-05-31T05:51:04.899000Z,2026-05-31T05:51:39.899000Z,RASPISHAKE,https://data.raspberryshake.org/fdsnws/dataselect/1/query,35.0,evaluator_event_reference,AM.RCCE6.event.20260531T055104,3500,3500,0,3500,shared_event_window_across_target_snr_siblings
749,case-0749-noise-01,noise,1,AM,RCCE6,00,EH?,2025-08-28T07:29:09.048000Z,2025-08-28T07:32:13.988000Z,RASPISHAKE,https://data.raspberryshake.org/fdsnws/dataselect/1/query,35.0,primary_noise_chunk,AM.RCCE6.noise.20250828T072911,3500,3500,0,3500,shared_noise_sequence_across_target_snr_siblings
749,case-0749-noise-02,noise,2,AM,RCCE6,00,EH?,2025-09-05T09:22:14.393000Z,2025-09-05T09:25:18.773000Z,RASPISHAKE,https://data.raspberryshake.org/fdsnws/dataselect/1/query,35.0,continuation_noise_chunk,AM.RCCE6.noise.20250905T092217,3500,3500,3500,7000,shared_noise_sequence_across_target_snr_siblings
749,case-0749-noise-03,noise,3,AM,RCCE6,00,EH?,2025-09-02T05:33:48.372000Z,2025-09-02T05:36:52.182000Z,RASPISHAKE,https://data.raspberryshake.org/fdsnws/dataselect/1/query,35.0,continuation_noise_chunk_truncated,AM.RCCE6.noise.20250902T053349,3500,2000,7000,9000,shared_noise_sequence_across_target_snr_siblings
750,case-0750-event,event,0,AM,RCCE6,00,EH?,2026-05-31T05:51:04.899000Z,2026-05-31T05:51:39.899000Z,RASPISHAKE,https://data.raspberryshake.org/fdsnws/dataselect/1/query,35.0,evaluator_event_reference,AM.RCCE6.event.20260531T055104,3500,3500,0,3500,shared_event_window_across_target_snr_siblings
750,case-0750-noise-01,noise,1,AM,RCCE6,00,EH?,2025-08-28T07:29:09.048000Z,2025-08-28T07:32:13.988000Z,RASPISHAKE,https://data.raspberryshake.org/fdsnws/dataselect/1/query,35.0,primary_noise_chunk,AM.RCCE6.noise.20250828T072911,3500,3500,0,3500,shared_noise_sequence_across_target_snr_siblings
750,case-0750-noise-02,noise,2,AM,RCCE6,00,EH?,2025-09-05T09:22:14.393000Z,2025-09-05T09:25:18.773000Z,RASPISHAKE,https://data.raspberryshake.org/fdsnws/dataselect/1/query,35.0,continuation_noise_chunk,AM.RCCE6.noise.20250905T092217,3500,3500,3500,7000,shared_noise_sequence_across_target_snr_siblings
750,case-0750-noise-03,noise,3,AM,RCCE6,00,EH?,2025-09-02T05:33:48.372000Z,2025-09-02T05:36:52.182000Z,RASPISHAKE,https://data.raspberryshake.org/fdsnws/dataselect/1/query,35.0,continuation_noise_chunk_truncated,AM.RCCE6.noise.20250902T053349,3500,2000,7000,9000,shared_noise_sequence_across_target_snr_siblings
751,case-0751-event,event,0,AM,RCCE6,00,EH?,2026-05-31T07:41:14.589000Z,2026-05-31T07:41:49.589000Z,RASPISHAKE,https://data.raspberryshake.org/fdsnws/dataselect/1/query,35.0,evaluator_event_reference,AM.RCCE6.event.20260531T074114,3500,3500,0,3500,shared_event_window_across_target_snr_siblings
751,case-0751-noise-01,noise,1,AM,RCCE6,00,EH?,2025-09-04T00:58:19.893000Z,2025-09-04T01:01:24.483000Z,RASPISHAKE,https://data.raspberryshake.org/fdsnws/dataselect/1/query,35.0,primary_noise_chunk,AM.RCCE6.noise.20250904T005822,3500,3500,0,3500,shared_noise_sequence_across_target_snr_siblings
751,case-0751-noise-02,noise,2,AM,RCCE6,00,EH?,2025-08-31T13:53:22.422000Z,2025-08-31T13:56:26.502000Z,RASPISHAKE,https://data.raspberryshake.org/fdsnws/dataselect/1/query,35.0,continuation_noise_chunk,AM.RCCE6.noise.20250831T135325,3500,3500,3500,7000,shared_noise_sequence_across_target_snr_siblings
751,case-0751-noise-03,noise,3,AM,RCCE6,00,EH?,2025-09-06T18:08:36.813000Z,2025-09-06T18:11:41.873000Z,RASPISHAKE,https://data.raspberryshake.org/fdsnws/dataselect/1/query,35.0,continuation_noise_chunk_truncated,AM.RCCE6.noise.20250906T180839,3500,2000,7000,9000,shared_noise_sequence_across_target_snr_siblings
752,case-0752-event,event,0,AM,RCCE6,00,EH?,2026-05-31T07:41:14.589000Z,2026-05-31T07:41:49.589000Z,RASPISHAKE,https://data.raspberryshake.org/fdsnws/dataselect/1/query,35.0,evaluator_event_reference,AM.RCCE6.event.20260531T074114,3500,3500,0,3500,shared_event_window_across_target_snr_siblings
752,case-0752-noise-01,noise,1,AM,RCCE6,00,EH?,2025-09-04T00:58:19.893000Z,2025-09-04T01:01:24.483000Z,RASPISHAKE,https://data.raspberryshake.org/fdsnws/dataselect/1/query,35.0,primary_noise_chunk,AM.RCCE6.noise.20250904T005822,3500,3500,0,3500,shared_noise_sequence_across_target_snr_siblings
752,case-0752-noise-02,noise,2,AM,RCCE6,00,EH?,2025-08-31T13:53:22.422000Z,2025-08-31T13:56:26.502000Z,RASPISHAKE,https://data.raspberryshake.org/fdsnws/dataselect/1/query,35.0,continuation_noise_chunk,AM.RCCE6.noise.20250831T135325,3500,3500,3500,7000,shared_noise_sequence_across_target_snr_siblings
752,case-0752-noise-03,noise,3,AM,RCCE6,00,EH?,2025-09-06T18:08:36.813000Z,2025-09-06T18:11:41.873000Z,RASPISHAKE,https://data.raspberryshake.org/fdsnws/dataselect/1/query,35.0,continuation_noise_chunk_truncated,AM.RCCE6.noise.20250906T180839,3500,2000,7000,9000,shared_noise_sequence_across_target_snr_siblings
753,case-0753-event,event,0,AM,RCCE6,00,EH?,2026-05-31T07:41:14.589000Z,2026-05-31T07:41:49.589000Z,RASPISHAKE,https://data.raspberryshake.org/fdsnws/dataselect/1/query,35.0,evaluator_event_reference,AM.RCCE6.event.20260531T074114,3500,3500,0,3500,shared_event_window_across_target_snr_siblings
753,case-0753-noise-01,noise,1,AM,RCCE6,00,EH?,2025-09-04T00:58:19.893000Z,2025-09-04T01:01:24.483000Z,RASPISHAKE,https://data.raspberryshake.org/fdsnws/dataselect/1/query,35.0,primary_noise_chunk,AM.RCCE6.noise.20250904T005822,3500,3500,0,3500,shared_noise_sequence_across_target_snr_siblings
753,case-0753-noise-02,noise,2,AM,RCCE6,00,EH?,2025-08-31T13:53:22.422000Z,2025-08-31T13:56:26.502000Z,RASPISHAKE,https://data.raspberryshake.org/fdsnws/dataselect/1/query,35.0,continuation_noise_chunk,AM.RCCE6.noise.20250831T135325,3500,3500,3500,7000,shared_noise_sequence_across_target_snr_siblings
753,case-0753-noise-03,noise,3,AM,RCCE6,00,EH?,2025-09-06T18:08:36.813000Z,2025-09-06T18:11:41.873000Z,RASPISHAKE,https://data.raspberryshake.org/fdsnws/dataselect/1/query,35.0,continuation_noise_chunk_truncated,AM.RCCE6.noise.20250906T180839,3500,2000,7000,9000,shared_noise_sequence_across_target_snr_siblings
754,case-0754-event,event,0,AM,RCCE6,00,EH?,2026-05-31T21:34:30.389000Z,2026-05-31T21:35:05.389000Z,RASPISHAKE,https://data.raspberryshake.org/fdsnws/dataselect/1/query,35.0,evaluator_event_reference,AM.RCCE6.event.20260531T213430,3500,3500,0,3500,shared_event_window_across_target_snr_siblings
754,case-0754-noise-01,noise,1,AM,RCCE6,00,EH?,2025-08-27T22:07:23.278000Z,2025-08-27T22:10:27.058000Z,RASPISHAKE,https://data.raspberryshake.org/fdsnws/dataselect/1/query,35.0,primary_noise_chunk,AM.RCCE6.noise.20250827T220725,3500,3500,0,3500,shared_noise_sequence_across_target_snr_siblings
754,case-0754-noise-02,noise,2,AM,RCCE6,00,EH?,2025-09-06T16:18:05.923000Z,2025-09-06T16:21:10.473000Z,RASPISHAKE,https://data.raspberryshake.org/fdsnws/dataselect/1/query,35.0,continuation_noise_chunk,AM.RCCE6.noise.20250906T161808,3500,3500,3500,7000,shared_noise_sequence_across_target_snr_siblings
754,case-0754-noise-03,noise,3,AM,RCCE6,00,EH?,2025-09-04T03:53:33.333000Z,2025-09-04T03:56:40.473000Z,RASPISHAKE,https://data.raspberryshake.org/fdsnws/dataselect/1/query,35.0,continuation_noise_chunk_truncated,AM.RCCE6.noise.20250904T035336,3500,2000,7000,9000,shared_noise_sequence_across_target_snr_siblings
755,case-0755-event,event,0,AM,RCCE6,00,EH?,2026-05-31T21:34:30.389000Z,2026-05-31T21:35:05.389000Z,RASPISHAKE,https://data.raspberryshake.org/fdsnws/dataselect/1/query,35.0,evaluator_event_reference,AM.RCCE6.event.20260531T213430,3500,3500,0,3500,shared_event_window_across_target_snr_siblings
755,case-0755-noise-01,noise,1,AM,RCCE6,00,EH?,2025-08-27T22:07:23.278000Z,2025-08-27T22:10:27.058000Z,RASPISHAKE,https://data.raspberryshake.org/fdsnws/dataselect/1/query,35.0,primary_noise_chunk,AM.RCCE6.noise.20250827T220725,3500,3500,0,3500,shared_noise_sequence_across_target_snr_siblings
755,case-0755-noise-02,noise,2,AM,RCCE6,00,EH?,2025-09-06T16:18:05.923000Z,2025-09-06T16:21:10.473000Z,RASPISHAKE,https://data.raspberryshake.org/fdsnws/dataselect/1/query,35.0,continuation_noise_chunk,AM.RCCE6.noise.20250906T161808,3500,3500,3500,7000,shared_noise_sequence_across_target_snr_siblings
755,case-0755-noise-03,noise,3,AM,RCCE6,00,EH?,2025-09-04T03:53:33.333000Z,2025-09-04T03:56:40.473000Z,RASPISHAKE,https://data.raspberryshake.org/fdsnws/dataselect/1/query,35.0,continuation_noise_chunk_truncated,AM.RCCE6.noise.20250904T035336,3500,2000,7000,9000,shared_noise_sequence_across_target_snr_siblings
756,case-0756-event,event,0,AM,RCCE6,00,EH?,2026-05-31T21:34:30.389000Z,2026-05-31T21:35:05.389000Z,RASPISHAKE,https://data.raspberryshake.org/fdsnws/dataselect/1/query,35.0,evaluator_event_reference,AM.RCCE6.event.20260531T213430,3500,3500,0,3500,shared_event_window_across_target_snr_siblings
756,case-0756-noise-01,noise,1,AM,RCCE6,00,EH?,2025-08-27T22:07:23.278000Z,2025-08-27T22:10:27.058000Z,RASPISHAKE,https://data.raspberryshake.org/fdsnws/dataselect/1/query,35.0,primary_noise_chunk,AM.RCCE6.noise.20250827T220725,3500,3500,0,3500,shared_noise_sequence_across_target_snr_siblings
756,case-0756-noise-02,noise,2,AM,RCCE6,00,EH?,2025-09-06T16:18:05.923000Z,2025-09-06T16:21:10.473000Z,RASPISHAKE,https://data.raspberryshake.org/fdsnws/dataselect/1/query,35.0,continuation_noise_chunk,AM.RCCE6.noise.20250906T161808,3500,3500,3500,7000,shared_noise_sequence_across_target_snr_siblings
756,case-0756-noise-03,noise,3,AM,RCCE6,00,EH?,2025-09-04T03:53:33.333000Z,2025-09-04T03:56:40.473000Z,RASPISHAKE,https://data.raspberryshake.org/fdsnws/dataselect/1/query,35.0,continuation_noise_chunk_truncated,AM.RCCE6.noise.20250904T035336,3500,2000,7000,9000,shared_noise_sequence_across_target_snr_siblings
757,case-0757-event,event,0,AM,RCCE6,00,EH?,2026-05-31T21:47:07.539000Z,2026-05-31T21:47:42.539000Z,RASPISHAKE,https://data.raspberryshake.org/fdsnws/dataselect/1/query,35.0,evaluator_event_reference,AM.RCCE6.event.20260531T214707,3500,3500,0,3500,shared_event_window_across_target_snr_siblings
757,case-0757-noise-01,noise,1,AM,RCCE6,00,EH?,2025-09-04T22:37:58.633000Z,2025-09-04T22:41:02.073000Z,RASPISHAKE,https://data.raspberryshake.org/fdsnws/dataselect/1/query,35.0,primary_noise_chunk,AM.RCCE6.noise.20250904T223800,3500,3500,0,3500,shared_noise_sequence_across_target_snr_siblings
757,case-0757-noise-02,noise,2,AM,RCCE6,00,EH?,2025-09-07T21:51:54.153000Z,2025-09-07T21:54:58.813000Z,RASPISHAKE,https://data.raspberryshake.org/fdsnws/dataselect/1/query,35.0,continuation_noise_chunk,AM.RCCE6.noise.20250907T215156,3500,3500,3500,7000,shared_noise_sequence_across_target_snr_siblings
757,case-0757-noise-03,noise,3,AM,RCCE6,00,EH?,2025-09-04T00:58:19.893000Z,2025-09-04T01:01:24.483000Z,RASPISHAKE,https://data.raspberryshake.org/fdsnws/dataselect/1/query,35.0,continuation_noise_chunk_truncated,AM.RCCE6.noise.20250904T005822,3500,2000,7000,9000,shared_noise_sequence_across_target_snr_siblings
758,case-0758-event,event,0,AM,RCCE6,00,EH?,2026-05-31T21:47:07.539000Z,2026-05-31T21:47:42.539000Z,RASPISHAKE,https://data.raspberryshake.org/fdsnws/dataselect/1/query,35.0,evaluator_event_reference,AM.RCCE6.event.20260531T214707,3500,3500,0,3500,shared_event_window_across_target_snr_siblings
758,case-0758-noise-01,noise,1,AM,RCCE6,00,EH?,2025-09-04T22:37:58.633000Z,2025-09-04T22:41:02.073000Z,RASPISHAKE,https://data.raspberryshake.org/fdsnws/dataselect/1/query,35.0,primary_noise_chunk,AM.RCCE6.noise.20250904T223800,3500,3500,0,3500,shared_noise_sequence_across_target_snr_siblings
758,case-0758-noise-02,noise,2,AM,RCCE6,00,EH?,2025-09-07T21:51:54.153000Z,2025-09-07T21:54:58.813000Z,RASPISHAKE,https://data.raspberryshake.org/fdsnws/dataselect/1/query,35.0,continuation_noise_chunk,AM.RCCE6.noise.20250907T215156,3500,3500,3500,7000,shared_noise_sequence_across_target_snr_siblings
758,case-0758-noise-03,noise,3,AM,RCCE6,00,EH?,2025-09-04T00:58:19.893000Z,2025-09-04T01:01:24.483000Z,RASPISHAKE,https://data.raspberryshake.org/fdsnws/dataselect/1/query,35.0,continuation_noise_chunk_truncated,AM.RCCE6.noise.20250904T005822,3500,2000,7000,9000,shared_noise_sequence_across_target_snr_siblings
759,case-0759-event,event,0,AM,RCCE6,00,EH?,2026-05-31T21:47:07.539000Z,2026-05-31T21:47:42.539000Z,RASPISHAKE,https://data.raspberryshake.org/fdsnws/dataselect/1/query,35.0,evaluator_event_reference,AM.RCCE6.event.20260531T214707,3500,3500,0,3500,shared_event_window_across_target_snr_siblings
759,case-0759-noise-01,noise,1,AM,RCCE6,00,EH?,2025-09-04T22:37:58.633000Z,2025-09-04T22:41:02.073000Z,RASPISHAKE,https://data.raspberryshake.org/fdsnws/dataselect/1/query,35.0,primary_noise_chunk,AM.RCCE6.noise.20250904T223800,3500,3500,0,3500,shared_noise_sequence_across_target_snr_siblings
759,case-0759-noise-02,noise,2,AM,RCCE6,00,EH?,2025-09-07T21:51:54.153000Z,2025-09-07T21:54:58.813000Z,RASPISHAKE,https://data.raspberryshake.org/fdsnws/dataselect/1/query,35.0,continuation_noise_chunk,AM.RCCE6.noise.20250907T215156,3500,3500,3500,7000,shared_noise_sequence_across_target_snr_siblings
759,case-0759-noise-03,noise,3,AM,RCCE6,00,EH?,2025-09-04T00:58:19.893000Z,2025-09-04T01:01:24.483000Z,RASPISHAKE,https://data.raspberryshake.org/fdsnws/dataselect/1/query,35.0,continuation_noise_chunk_truncated,AM.RCCE6.noise.20250904T005822,3500,2000,7000,9000,shared_noise_sequence_across_target_snr_siblings
760,case-0760-event,event,0,AM,RCCE6,00,EH?,2026-05-31T21:52:22.999000Z,2026-05-31T21:52:57.999000Z,RASPISHAKE,https://data.raspberryshake.org/fdsnws/dataselect/1/query,35.0,evaluator_event_reference,AM.RCCE6.event.20260531T215223,3500,3500,0,3500,shared_event_window_across_target_snr_siblings
760,case-0760-noise-01,noise,1,AM,RCCE6,00,EH?,2025-09-05T11:10:43.423000Z,2025-09-05T11:13:48.863000Z,RASPISHAKE,https://data.raspberryshake.org/fdsnws/dataselect/1/query,35.0,primary_noise_chunk,AM.RCCE6.noise.20250905T111046,3500,3500,0,3500,shared_noise_sequence_across_target_snr_siblings
760,case-0760-noise-02,noise,2,AM,RCCE6,00,EH?,2025-09-02T15:24:58.452000Z,2025-09-02T15:28:01.462000Z,RASPISHAKE,https://data.raspberryshake.org/fdsnws/dataselect/1/query,35.0,continuation_noise_chunk,AM.RCCE6.noise.20250902T152500,3500,3500,3500,7000,shared_noise_sequence_across_target_snr_siblings
760,case-0760-noise-03,noise,3,AM,RCCE6,00,EH?,2025-09-08T10:11:55.243000Z,2025-09-08T10:14:59.773000Z,RASPISHAKE,https://data.raspberryshake.org/fdsnws/dataselect/1/query,35.0,continuation_noise_chunk_truncated,AM.RCCE6.noise.20250908T101157,3500,2000,7000,9000,shared_noise_sequence_across_target_snr_siblings
761,case-0761-event,event,0,AM,RCCE6,00,EH?,2026-05-31T21:52:22.999000Z,2026-05-31T21:52:57.999000Z,RASPISHAKE,https://data.raspberryshake.org/fdsnws/dataselect/1/query,35.0,evaluator_event_reference,AM.RCCE6.event.20260531T215223,3500,3500,0,3500,shared_event_window_across_target_snr_siblings
761,case-0761-noise-01,noise,1,AM,RCCE6,00,EH?,2025-09-05T11:10:43.423000Z,2025-09-05T11:13:48.863000Z,RASPISHAKE,https://data.raspberryshake.org/fdsnws/dataselect/1/query,35.0,primary_noise_chunk,AM.RCCE6.noise.20250905T111046,3500,3500,0,3500,shared_noise_sequence_across_target_snr_siblings
761,case-0761-noise-02,noise,2,AM,RCCE6,00,EH?,2025-09-02T15:24:58.452000Z,2025-09-02T15:28:01.462000Z,RASPISHAKE,https://data.raspberryshake.org/fdsnws/dataselect/1/query,35.0,continuation_noise_chunk,AM.RCCE6.noise.20250902T152500,3500,3500,3500,7000,shared_noise_sequence_across_target_snr_siblings
761,case-0761-noise-03,noise,3,AM,RCCE6,00,EH?,2025-09-08T10:11:55.243000Z,2025-09-08T10:14:59.773000Z,RASPISHAKE,https://data.raspberryshake.org/fdsnws/dataselect/1/query,35.0,continuation_noise_chunk_truncated,AM.RCCE6.noise.20250908T101157,3500,2000,7000,9000,shared_noise_sequence_across_target_snr_siblings
762,case-0762-event,event,0,AM,RCCE6,00,EH?,2026-05-31T21:52:22.999000Z,2026-05-31T21:52:57.999000Z,RASPISHAKE,https://data.raspberryshake.org/fdsnws/dataselect/1/query,35.0,evaluator_event_reference,AM.RCCE6.event.20260531T215223,3500,3500,0,3500,shared_event_window_across_target_snr_siblings
762,case-0762-noise-01,noise,1,AM,RCCE6,00,EH?,2025-09-05T11:10:43.423000Z,2025-09-05T11:13:48.863000Z,RASPISHAKE,https://data.raspberryshake.org/fdsnws/dataselect/1/query,35.0,primary_noise_chunk,AM.RCCE6.noise.20250905T111046,3500,3500,0,3500,shared_noise_sequence_across_target_snr_siblings
762,case-0762-noise-02,noise,2,AM,RCCE6,00,EH?,2025-09-02T15:24:58.452000Z,2025-09-02T15:28:01.462000Z,RASPISHAKE,https://data.raspberryshake.org/fdsnws/dataselect/1/query,35.0,continuation_noise_chunk,AM.RCCE6.noise.20250902T152500,3500,3500,3500,7000,shared_noise_sequence_across_target_snr_siblings
762,case-0762-noise-03,noise,3,AM,RCCE6,00,EH?,2025-09-08T10:11:55.243000Z,2025-09-08T10:14:59.773000Z,RASPISHAKE,https://data.raspberryshake.org/fdsnws/dataselect/1/query,35.0,continuation_noise_chunk_truncated,AM.RCCE6.noise.20250908T101157,3500,2000,7000,9000,shared_noise_sequence_across_target_snr_siblings
763,case-0763-event,event,0,AM,RCCE6,00,EH?,2026-05-31T22:10:10.699000Z,2026-05-31T22:10:45.699000Z,RASPISHAKE,https://data.raspberryshake.org/fdsnws/dataselect/1/query,35.0,evaluator_event_reference,AM.RCCE6.event.20260531T221010,3500,3500,0,3500,shared_event_window_across_target_snr_siblings
763,case-0763-noise-01,noise,1,AM,RCCE6,00,EH?,2025-09-06T19:44:04.963000Z,2025-09-06T19:47:08.213000Z,RASPISHAKE,https://data.raspberryshake.org/fdsnws/dataselect/1/query,35.0,primary_noise_chunk,AM.RCCE6.noise.20250906T194405,3500,3500,0,3500,shared_noise_sequence_across_target_snr_siblings
763,case-0763-noise-02,noise,2,AM,RCCE6,00,EH?,2025-09-02T17:22:53.102000Z,2025-09-02T17:25:56.642000Z,RASPISHAKE,https://data.raspberryshake.org/fdsnws/dataselect/1/query,35.0,continuation_noise_chunk,AM.RCCE6.noise.20250902T172254,3500,3500,3500,7000,shared_noise_sequence_across_target_snr_siblings
763,case-0763-noise-03,noise,3,AM,RCCE6,00,EH?,2025-09-02T17:55:55.872000Z,2025-09-02T17:58:59.712000Z,RASPISHAKE,https://data.raspberryshake.org/fdsnws/dataselect/1/query,35.0,continuation_noise_chunk_truncated,AM.RCCE6.noise.20250902T175557,3500,2000,7000,9000,shared_noise_sequence_across_target_snr_siblings
764,case-0764-event,event,0,AM,RCCE6,00,EH?,2026-05-31T22:10:10.699000Z,2026-05-31T22:10:45.699000Z,RASPISHAKE,https://data.raspberryshake.org/fdsnws/dataselect/1/query,35.0,evaluator_event_reference,AM.RCCE6.event.20260531T221010,3500,3500,0,3500,shared_event_window_across_target_snr_siblings
764,case-0764-noise-01,noise,1,AM,RCCE6,00,EH?,2025-09-06T19:44:04.963000Z,2025-09-06T19:47:08.213000Z,RASPISHAKE,https://data.raspberryshake.org/fdsnws/dataselect/1/query,35.0,primary_noise_chunk,AM.RCCE6.noise.20250906T194405,3500,3500,0,3500,shared_noise_sequence_across_target_snr_siblings
764,case-0764-noise-02,noise,2,AM,RCCE6,00,EH?,2025-09-02T17:22:53.102000Z,2025-09-02T17:25:56.642000Z,RASPISHAKE,https://data.raspberryshake.org/fdsnws/dataselect/1/query,35.0,continuation_noise_chunk,AM.RCCE6.noise.20250902T172254,3500,3500,3500,7000,shared_noise_sequence_across_target_snr_siblings
764,case-0764-noise-03,noise,3,AM,RCCE6,00,EH?,2025-09-02T17:55:55.872000Z,2025-09-02T17:58:59.712000Z,RASPISHAKE,https://data.raspberryshake.org/fdsnws/dataselect/1/query,35.0,continuation_noise_chunk_truncated,AM.RCCE6.noise.20250902T175557,3500,2000,7000,9000,shared_noise_sequence_across_target_snr_siblings
765,case-0765-event,event,0,AM,RCCE6,00,EH?,2026-05-31T22:10:10.699000Z,2026-05-31T22:10:45.699000Z,RASPISHAKE,https://data.raspberryshake.org/fdsnws/dataselect/1/query,35.0,evaluator_event_reference,AM.RCCE6.event.20260531T221010,3500,3500,0,3500,shared_event_window_across_target_snr_siblings
765,case-0765-noise-01,noise,1,AM,RCCE6,00,EH?,2025-09-06T19:44:04.963000Z,2025-09-06T19:47:08.213000Z,RASPISHAKE,https://data.raspberryshake.org/fdsnws/dataselect/1/query,35.0,primary_noise_chunk,AM.RCCE6.noise.20250906T194405,3500,3500,0,3500,shared_noise_sequence_across_target_snr_siblings
765,case-0765-noise-02,noise,2,AM,RCCE6,00,EH?,2025-09-02T17:22:53.102000Z,2025-09-02T17:25:56.642000Z,RASPISHAKE,https://data.raspberryshake.org/fdsnws/dataselect/1/query,35.0,continuation_noise_chunk,AM.RCCE6.noise.20250902T172254,3500,3500,3500,7000,shared_noise_sequence_across_target_snr_siblings
765,case-0765-noise-03,noise,3,AM,RCCE6,00,EH?,2025-09-02T17:55:55.872000Z,2025-09-02T17:58:59.712000Z,RASPISHAKE,https://data.raspberryshake.org/fdsnws/dataselect/1/query,35.0,continuation_noise_chunk_truncated,AM.RCCE6.noise.20250902T175557,3500,2000,7000,9000,shared_noise_sequence_across_target_snr_siblings
766,case-0766-event,event,0,AM,RCCE6,00,EH?,2026-05-31T22:19:01.159000Z,2026-05-31T22:19:36.159000Z,RASPISHAKE,https://data.raspberryshake.org/fdsnws/dataselect/1/query,35.0,evaluator_event_reference,AM.RCCE6.event.20260531T221901,3500,3500,0,3500,shared_event_window_across_target_snr_siblings
766,case-0766-noise-01,noise,1,AM,RCCE6,00,EH?,2025-09-04T22:37:58.633000Z,2025-09-04T22:41:02.073000Z,RASPISHAKE,https://data.raspberryshake.org/fdsnws/dataselect/1/query,35.0,primary_noise_chunk,AM.RCCE6.noise.20250904T223800,3500,3500,0,3500,shared_noise_sequence_across_target_snr_siblings
766,case-0766-noise-02,noise,2,AM,RCCE6,00,EH?,2025-09-02T17:22:53.102000Z,2025-09-02T17:25:56.642000Z,RASPISHAKE,https://data.raspberryshake.org/fdsnws/dataselect/1/query,35.0,continuation_noise_chunk,AM.RCCE6.noise.20250902T172254,3500,3500,3500,7000,shared_noise_sequence_across_target_snr_siblings
766,case-0766-noise-03,noise,3,AM,RCCE6,00,EH?,2025-09-02T17:55:55.872000Z,2025-09-02T17:58:59.712000Z,RASPISHAKE,https://data.raspberryshake.org/fdsnws/dataselect/1/query,35.0,continuation_noise_chunk_truncated,AM.RCCE6.noise.20250902T175557,3500,2000,7000,9000,shared_noise_sequence_across_target_snr_siblings
767,case-0767-event,event,0,AM,RCCE6,00,EH?,2026-05-31T22:19:01.159000Z,2026-05-31T22:19:36.159000Z,RASPISHAKE,https://data.raspberryshake.org/fdsnws/dataselect/1/query,35.0,evaluator_event_reference,AM.RCCE6.event.20260531T221901,3500,3500,0,3500,shared_event_window_across_target_snr_siblings
767,case-0767-noise-01,noise,1,AM,RCCE6,00,EH?,2025-09-04T22:37:58.633000Z,2025-09-04T22:41:02.073000Z,RASPISHAKE,https://data.raspberryshake.org/fdsnws/dataselect/1/query,35.0,primary_noise_chunk,AM.RCCE6.noise.20250904T223800,3500,3500,0,3500,shared_noise_sequence_across_target_snr_siblings
767,case-0767-noise-02,noise,2,AM,RCCE6,00,EH?,2025-09-02T17:22:53.102000Z,2025-09-02T17:25:56.642000Z,RASPISHAKE,https://data.raspberryshake.org/fdsnws/dataselect/1/query,35.0,continuation_noise_chunk,AM.RCCE6.noise.20250902T172254,3500,3500,3500,7000,shared_noise_sequence_across_target_snr_siblings
767,case-0767-noise-03,noise,3,AM,RCCE6,00,EH?,2025-09-02T17:55:55.872000Z,2025-09-02T17:58:59.712000Z,RASPISHAKE,https://data.raspberryshake.org/fdsnws/dataselect/1/query,35.0,continuation_noise_chunk_truncated,AM.RCCE6.noise.20250902T175557,3500,2000,7000,9000,shared_noise_sequence_across_target_snr_siblings
768,case-0768-event,event,0,AM,RCCE6,00,EH?,2026-05-31T22:19:01.159000Z,2026-05-31T22:19:36.159000Z,RASPISHAKE,https://data.raspberryshake.org/fdsnws/dataselect/1/query,35.0,evaluator_event_reference,AM.RCCE6.event.20260531T221901,3500,3500,0,3500,shared_event_window_across_target_snr_siblings
768,case-0768-noise-01,noise,1,AM,RCCE6,00,EH?,2025-09-04T22:37:58.633000Z,2025-09-04T22:41:02.073000Z,RASPISHAKE,https://data.raspberryshake.org/fdsnws/dataselect/1/query,35.0,primary_noise_chunk,AM.RCCE6.noise.20250904T223800,3500,3500,0,3500,shared_noise_sequence_across_target_snr_siblings
768,case-0768-noise-02,noise,2,AM,RCCE6,00,EH?,2025-09-02T17:22:53.102000Z,2025-09-02T17:25:56.642000Z,RASPISHAKE,https://data.raspberryshake.org/fdsnws/dataselect/1/query,35.0,continuation_noise_chunk,AM.RCCE6.noise.20250902T172254,3500,3500,3500,7000,shared_noise_sequence_across_target_snr_siblings
768,case-0768-noise-03,noise,3,AM,RCCE6,00,EH?,2025-09-02T17:55:55.872000Z,2025-09-02T17:58:59.712000Z,RASPISHAKE,https://data.raspberryshake.org/fdsnws/dataselect/1/query,35.0,continuation_noise_chunk_truncated,AM.RCCE6.noise.20250902T175557,3500,2000,7000,9000,shared_noise_sequence_across_target_snr_siblings
769,case-0769-event,event,0,AM,RD349,00,EH?,2025-12-24T03:52:08.117000Z,2025-12-24T03:52:43.117000Z,RASPISHAKE,https://data.raspberryshake.org/fdsnws/dataselect/1/query,35.0,evaluator_event_reference,AM.RD349.event.20251224T035208,3500,3500,0,3500,shared_event_window_across_target_snr_siblings
769,case-0769-noise-01,noise,1,AM,RD349,00,EH?,2025-06-03T22:23:39.088000Z,2025-06-03T22:26:44.658000Z,RASPISHAKE,https://data.raspberryshake.org/fdsnws/dataselect/1/query,35.0,primary_noise_chunk,AM.RD349.noise.20250603T222341,3500,3500,0,3500,shared_noise_sequence_across_target_snr_siblings
769,case-0769-noise-02,noise,2,AM,RD349,00,EH?,2025-06-05T20:40:21.928000Z,2025-06-05T20:43:24.708000Z,RASPISHAKE,https://data.raspberryshake.org/fdsnws/dataselect/1/query,35.0,continuation_noise_chunk,AM.RD349.noise.20250605T204023,3500,3500,3500,7000,shared_noise_sequence_across_target_snr_siblings
769,case-0769-noise-03,noise,3,AM,RD349,00,EH?,2025-06-06T02:58:32.668000Z,2025-06-06T03:01:38.618000Z,RASPISHAKE,https://data.raspberryshake.org/fdsnws/dataselect/1/query,35.0,continuation_noise_chunk_truncated,AM.RD349.noise.20250606T025835,3500,2000,7000,9000,shared_noise_sequence_across_target_snr_siblings
770,case-0770-event,event,0,AM,RD349,00,EH?,2025-12-24T03:52:08.117000Z,2025-12-24T03:52:43.117000Z,RASPISHAKE,https://data.raspberryshake.org/fdsnws/dataselect/1/query,35.0,evaluator_event_reference,AM.RD349.event.20251224T035208,3500,3500,0,3500,shared_event_window_across_target_snr_siblings
770,case-0770-noise-01,noise,1,AM,RD349,00,EH?,2025-06-03T22:23:39.088000Z,2025-06-03T22:26:44.658000Z,RASPISHAKE,https://data.raspberryshake.org/fdsnws/dataselect/1/query,35.0,primary_noise_chunk,AM.RD349.noise.20250603T222341,3500,3500,0,3500,shared_noise_sequence_across_target_snr_siblings
770,case-0770-noise-02,noise,2,AM,RD349,00,EH?,2025-06-05T20:40:21.928000Z,2025-06-05T20:43:24.708000Z,RASPISHAKE,https://data.raspberryshake.org/fdsnws/dataselect/1/query,35.0,continuation_noise_chunk,AM.RD349.noise.20250605T204023,3500,3500,3500,7000,shared_noise_sequence_across_target_snr_siblings
770,case-0770-noise-03,noise,3,AM,RD349,00,EH?,2025-06-06T02:58:32.668000Z,2025-06-06T03:01:38.618000Z,RASPISHAKE,https://data.raspberryshake.org/fdsnws/dataselect/1/query,35.0,continuation_noise_chunk_truncated,AM.RD349.noise.20250606T025835,3500,2000,7000,9000,shared_noise_sequence_across_target_snr_siblings
771,case-0771-event,event,0,AM,RD349,00,EH?,2025-12-24T03:52:08.117000Z,2025-12-24T03:52:43.117000Z,RASPISHAKE,https://data.raspberryshake.org/fdsnws/dataselect/1/query,35.0,evaluator_event_reference,AM.RD349.event.20251224T035208,3500,3500,0,3500,shared_event_window_across_target_snr_siblings
771,case-0771-noise-01,noise,1,AM,RD349,00,EH?,2025-06-03T22:23:39.088000Z,2025-06-03T22:26:44.658000Z,RASPISHAKE,https://data.raspberryshake.org/fdsnws/dataselect/1/query,35.0,primary_noise_chunk,AM.RD349.noise.20250603T222341,3500,3500,0,3500,shared_noise_sequence_across_target_snr_siblings
771,case-0771-noise-02,noise,2,AM,RD349,00,EH?,2025-06-05T20:40:21.928000Z,2025-06-05T20:43:24.708000Z,RASPISHAKE,https://data.raspberryshake.org/fdsnws/dataselect/1/query,35.0,continuation_noise_chunk,AM.RD349.noise.20250605T204023,3500,3500,3500,7000,shared_noise_sequence_across_target_snr_siblings
771,case-0771-noise-03,noise,3,AM,RD349,00,EH?,2025-06-06T02:58:32.668000Z,2025-06-06T03:01:38.618000Z,RASPISHAKE,https://data.raspberryshake.org/fdsnws/dataselect/1/query,35.0,continuation_noise_chunk_truncated,AM.RD349.noise.20250606T025835,3500,2000,7000,9000,shared_noise_sequence_across_target_snr_siblings
772,case-0772-event,event,0,AM,RD349,00,EH?,2026-01-09T18:39:36.787000Z,2026-01-09T18:40:11.787000Z,RASPISHAKE,https://data.raspberryshake.org/fdsnws/dataselect/1/query,35.0,evaluator_event_reference,AM.RD349.event.20260109T183936,3500,3500,0,3500,shared_event_window_across_target_snr_siblings
772,case-0772-noise-01,noise,1,AM,RD349,00,EH?,2025-06-10T11:38:05.318000Z,2025-06-10T11:41:11.468000Z,RASPISHAKE,https://data.raspberryshake.org/fdsnws/dataselect/1/query,35.0,primary_noise_chunk,AM.RD349.noise.20250610T113808,3500,3500,0,3500,shared_noise_sequence_across_target_snr_siblings
772,case-0772-noise-02,noise,2,AM,RD349,00,EH?,2025-06-07T14:44:15.718000Z,2025-06-07T14:47:21.258000Z,RASPISHAKE,https://data.raspberryshake.org/fdsnws/dataselect/1/query,35.0,continuation_noise_chunk,AM.RD349.noise.20250607T144418,3500,3500,3500,7000,shared_noise_sequence_across_target_snr_siblings
772,case-0772-noise-03,noise,3,AM,RD349,00,EH?,2025-06-08T15:34:41.078000Z,2025-06-08T15:37:45.428000Z,RASPISHAKE,https://data.raspberryshake.org/fdsnws/dataselect/1/query,35.0,continuation_noise_chunk_truncated,AM.RD349.noise.20250608T153442,3500,2000,7000,9000,shared_noise_sequence_across_target_snr_siblings
773,case-0773-event,event,0,AM,RD349,00,EH?,2026-01-09T18:39:36.787000Z,2026-01-09T18:40:11.787000Z,RASPISHAKE,https://data.raspberryshake.org/fdsnws/dataselect/1/query,35.0,evaluator_event_reference,AM.RD349.event.20260109T183936,3500,3500,0,3500,shared_event_window_across_target_snr_siblings
773,case-0773-noise-01,noise,1,AM,RD349,00,EH?,2025-06-10T11:38:05.318000Z,2025-06-10T11:41:11.468000Z,RASPISHAKE,https://data.raspberryshake.org/fdsnws/dataselect/1/query,35.0,primary_noise_chunk,AM.RD349.noise.20250610T113808,3500,3500,0,3500,shared_noise_sequence_across_target_snr_siblings
773,case-0773-noise-02,noise,2,AM,RD349,00,EH?,2025-06-07T14:44:15.718000Z,2025-06-07T14:47:21.258000Z,RASPISHAKE,https://data.raspberryshake.org/fdsnws/dataselect/1/query,35.0,continuation_noise_chunk,AM.RD349.noise.20250607T144418,3500,3500,3500,7000,shared_noise_sequence_across_target_snr_siblings
773,case-0773-noise-03,noise,3,AM,RD349,00,EH?,2025-06-08T15:34:41.078000Z,2025-06-08T15:37:45.428000Z,RASPISHAKE,https://data.raspberryshake.org/fdsnws/dataselect/1/query,35.0,continuation_noise_chunk_truncated,AM.RD349.noise.20250608T153442,3500,2000,7000,9000,shared_noise_sequence_across_target_snr_siblings
774,case-0774-event,event,0,AM,RD349,00,EH?,2026-01-09T18:39:36.787000Z,2026-01-09T18:40:11.787000Z,RASPISHAKE,https://data.raspberryshake.org/fdsnws/dataselect/1/query,35.0,evaluator_event_reference,AM.RD349.event.20260109T183936,3500,3500,0,3500,shared_event_window_across_target_snr_siblings
774,case-0774-noise-01,noise,1,AM,RD349,00,EH?,2025-06-10T11:38:05.318000Z,2025-06-10T11:41:11.468000Z,RASPISHAKE,https://data.raspberryshake.org/fdsnws/dataselect/1/query,35.0,primary_noise_chunk,AM.RD349.noise.20250610T113808,3500,3500,0,3500,shared_noise_sequence_across_target_snr_siblings
774,case-0774-noise-02,noise,2,AM,RD349,00,EH?,2025-06-07T14:44:15.718000Z,2025-06-07T14:47:21.258000Z,RASPISHAKE,https://data.raspberryshake.org/fdsnws/dataselect/1/query,35.0,continuation_noise_chunk,AM.RD349.noise.20250607T144418,3500,3500,3500,7000,shared_noise_sequence_across_target_snr_siblings
774,case-0774-noise-03,noise,3,AM,RD349,00,EH?,2025-06-08T15:34:41.078000Z,2025-06-08T15:37:45.428000Z,RASPISHAKE,https://data.raspberryshake.org/fdsnws/dataselect/1/query,35.0,continuation_noise_chunk_truncated,AM.RD349.noise.20250608T153442,3500,2000,7000,9000,shared_noise_sequence_across_target_snr_siblings
775,case-0775-event,event,0,AM,RD349,00,EH?,2026-02-05T19:54:18.477000Z,2026-02-05T19:54:53.477000Z,RASPISHAKE,https://data.raspberryshake.org/fdsnws/dataselect/1/query,35.0,evaluator_event_reference,AM.RD349.event.20260205T195418,3500,3500,0,3500,shared_event_window_across_target_snr_siblings
775,case-0775-noise-01,noise,1,AM,RD349,00,EH?,2025-06-03T22:23:39.088000Z,2025-06-03T22:26:44.658000Z,RASPISHAKE,https://data.raspberryshake.org/fdsnws/dataselect/1/query,35.0,primary_noise_chunk,AM.RD349.noise.20250603T222341,3500,3500,0,3500,shared_noise_sequence_across_target_snr_siblings
775,case-0775-noise-02,noise,2,AM,RD349,00,EH?,2025-06-04T04:12:22.598000Z,2025-06-04T04:15:28.008000Z,RASPISHAKE,https://data.raspberryshake.org/fdsnws/dataselect/1/query,35.0,continuation_noise_chunk,AM.RD349.noise.20250604T041225,3500,3500,3500,7000,shared_noise_sequence_across_target_snr_siblings
775,case-0775-noise-03,noise,3,AM,RD349,00,EH?,2025-06-02T14:31:41.518000Z,2025-06-02T14:34:46.278000Z,RASPISHAKE,https://data.raspberryshake.org/fdsnws/dataselect/1/query,35.0,continuation_noise_chunk_truncated,AM.RD349.noise.20250602T143144,3500,2000,7000,9000,shared_noise_sequence_across_target_snr_siblings
776,case-0776-event,event,0,AM,RD349,00,EH?,2026-02-05T19:54:18.477000Z,2026-02-05T19:54:53.477000Z,RASPISHAKE,https://data.raspberryshake.org/fdsnws/dataselect/1/query,35.0,evaluator_event_reference,AM.RD349.event.20260205T195418,3500,3500,0,3500,shared_event_window_across_target_snr_siblings
776,case-0776-noise-01,noise,1,AM,RD349,00,EH?,2025-06-03T22:23:39.088000Z,2025-06-03T22:26:44.658000Z,RASPISHAKE,https://data.raspberryshake.org/fdsnws/dataselect/1/query,35.0,primary_noise_chunk,AM.RD349.noise.20250603T222341,3500,3500,0,3500,shared_noise_sequence_across_target_snr_siblings
776,case-0776-noise-02,noise,2,AM,RD349,00,EH?,2025-06-04T04:12:22.598000Z,2025-06-04T04:15:28.008000Z,RASPISHAKE,https://data.raspberryshake.org/fdsnws/dataselect/1/query,35.0,continuation_noise_chunk,AM.RD349.noise.20250604T041225,3500,3500,3500,7000,shared_noise_sequence_across_target_snr_siblings
776,case-0776-noise-03,noise,3,AM,RD349,00,EH?,2025-06-02T14:31:41.518000Z,2025-06-02T14:34:46.278000Z,RASPISHAKE,https://data.raspberryshake.org/fdsnws/dataselect/1/query,35.0,continuation_noise_chunk_truncated,AM.RD349.noise.20250602T143144,3500,2000,7000,9000,shared_noise_sequence_across_target_snr_siblings
777,case-0777-event,event,0,AM,RD349,00,EH?,2026-02-05T19:54:18.477000Z,2026-02-05T19:54:53.477000Z,RASPISHAKE,https://data.raspberryshake.org/fdsnws/dataselect/1/query,35.0,evaluator_event_reference,AM.RD349.event.20260205T195418,3500,3500,0,3500,shared_event_window_across_target_snr_siblings
777,case-0777-noise-01,noise,1,AM,RD349,00,EH?,2025-06-03T22:23:39.088000Z,2025-06-03T22:26:44.658000Z,RASPISHAKE,https://data.raspberryshake.org/fdsnws/dataselect/1/query,35.0,primary_noise_chunk,AM.RD349.noise.20250603T222341,3500,3500,0,3500,shared_noise_sequence_across_target_snr_siblings
777,case-0777-noise-02,noise,2,AM,RD349,00,EH?,2025-06-04T04:12:22.598000Z,2025-06-04T04:15:28.008000Z,RASPISHAKE,https://data.raspberryshake.org/fdsnws/dataselect/1/query,35.0,continuation_noise_chunk,AM.RD349.noise.20250604T041225,3500,3500,3500,7000,shared_noise_sequence_across_target_snr_siblings
777,case-0777-noise-03,noise,3,AM,RD349,00,EH?,2025-06-02T14:31:41.518000Z,2025-06-02T14:34:46.278000Z,RASPISHAKE,https://data.raspberryshake.org/fdsnws/dataselect/1/query,35.0,continuation_noise_chunk_truncated,AM.RD349.noise.20250602T143144,3500,2000,7000,9000,shared_noise_sequence_across_target_snr_siblings
778,case-0778-event,event,0,AM,RD349,00,EH?,2026-02-16T20:04:56.666000Z,2026-02-16T20:05:31.666000Z,RASPISHAKE,https://data.raspberryshake.org/fdsnws/dataselect/1/query,35.0,evaluator_event_reference,AM.RD349.event.20260216T200456,3500,3500,0,3500,shared_event_window_across_target_snr_siblings
778,case-0778-noise-01,noise,1,AM,RD349,00,EH?,2025-06-03T22:23:39.088000Z,2025-06-03T22:26:44.658000Z,RASPISHAKE,https://data.raspberryshake.org/fdsnws/dataselect/1/query,35.0,primary_noise_chunk,AM.RD349.noise.20250603T222341,3500,3500,0,3500,shared_noise_sequence_across_target_snr_siblings
778,case-0778-noise-02,noise,2,AM,RD349,00,EH?,2025-06-09T03:14:05.408000Z,2025-06-09T03:17:11.178000Z,RASPISHAKE,https://data.raspberryshake.org/fdsnws/dataselect/1/query,35.0,continuation_noise_chunk,AM.RD349.noise.20250609T031408,3500,3500,3500,7000,shared_noise_sequence_across_target_snr_siblings
778,case-0778-noise-03,noise,3,AM,RD349,00,EH?,2025-06-01T00:23:42.198000Z,2025-06-01T00:26:47.688000Z,RASPISHAKE,https://data.raspberryshake.org/fdsnws/dataselect/1/query,35.0,continuation_noise_chunk_truncated,AM.RD349.noise.20250601T002345,3500,2000,7000,9000,shared_noise_sequence_across_target_snr_siblings
779,case-0779-event,event,0,AM,RD349,00,EH?,2026-02-16T20:04:56.666000Z,2026-02-16T20:05:31.666000Z,RASPISHAKE,https://data.raspberryshake.org/fdsnws/dataselect/1/query,35.0,evaluator_event_reference,AM.RD349.event.20260216T200456,3500,3500,0,3500,shared_event_window_across_target_snr_siblings
779,case-0779-noise-01,noise,1,AM,RD349,00,EH?,2025-06-03T22:23:39.088000Z,2025-06-03T22:26:44.658000Z,RASPISHAKE,https://data.raspberryshake.org/fdsnws/dataselect/1/query,35.0,primary_noise_chunk,AM.RD349.noise.20250603T222341,3500,3500,0,3500,shared_noise_sequence_across_target_snr_siblings
779,case-0779-noise-02,noise,2,AM,RD349,00,EH?,2025-06-09T03:14:05.408000Z,2025-06-09T03:17:11.178000Z,RASPISHAKE,https://data.raspberryshake.org/fdsnws/dataselect/1/query,35.0,continuation_noise_chunk,AM.RD349.noise.20250609T031408,3500,3500,3500,7000,shared_noise_sequence_across_target_snr_siblings
779,case-0779-noise-03,noise,3,AM,RD349,00,EH?,2025-06-01T00:23:42.198000Z,2025-06-01T00:26:47.688000Z,RASPISHAKE,https://data.raspberryshake.org/fdsnws/dataselect/1/query,35.0,continuation_noise_chunk_truncated,AM.RD349.noise.20250601T002345,3500,2000,7000,9000,shared_noise_sequence_across_target_snr_siblings
780,case-0780-event,event,0,AM,RD349,00,EH?,2026-02-16T20:04:56.666000Z,2026-02-16T20:05:31.666000Z,RASPISHAKE,https://data.raspberryshake.org/fdsnws/dataselect/1/query,35.0,evaluator_event_reference,AM.RD349.event.20260216T200456,3500,3500,0,3500,shared_event_window_across_target_snr_siblings
780,case-0780-noise-01,noise,1,AM,RD349,00,EH?,2025-06-03T22:23:39.088000Z,2025-06-03T22:26:44.658000Z,RASPISHAKE,https://data.raspberryshake.org/fdsnws/dataselect/1/query,35.0,primary_noise_chunk,AM.RD349.noise.20250603T222341,3500,3500,0,3500,shared_noise_sequence_across_target_snr_siblings
780,case-0780-noise-02,noise,2,AM,RD349,00,EH?,2025-06-09T03:14:05.408000Z,2025-06-09T03:17:11.178000Z,RASPISHAKE,https://data.raspberryshake.org/fdsnws/dataselect/1/query,35.0,continuation_noise_chunk,AM.RD349.noise.20250609T031408,3500,3500,3500,7000,shared_noise_sequence_across_target_snr_siblings
780,case-0780-noise-03,noise,3,AM,RD349,00,EH?,2025-06-01T00:23:42.198000Z,2025-06-01T00:26:47.688000Z,RASPISHAKE,https://data.raspberryshake.org/fdsnws/dataselect/1/query,35.0,continuation_noise_chunk_truncated,AM.RD349.noise.20250601T002345,3500,2000,7000,9000,shared_noise_sequence_across_target_snr_siblings
781,case-0781-event,event,0,AM,RD349,00,EH?,2026-03-01T19:00:36.776000Z,2026-03-01T19:01:11.776000Z,RASPISHAKE,https://data.raspberryshake.org/fdsnws/dataselect/1/query,35.0,evaluator_event_reference,AM.RD349.event.20260301T190036,3500,3500,0,3500,shared_event_window_across_target_snr_siblings
781,case-0781-noise-01,noise,1,AM,RD349,00,EH?,2025-06-06T02:58:32.668000Z,2025-06-06T03:01:38.618000Z,RASPISHAKE,https://data.raspberryshake.org/fdsnws/dataselect/1/query,35.0,primary_noise_chunk,AM.RD349.noise.20250606T025835,3500,3500,0,3500,shared_noise_sequence_across_target_snr_siblings
781,case-0781-noise-02,noise,2,AM,RD349,00,EH?,2025-06-07T14:44:15.718000Z,2025-06-07T14:47:21.258000Z,RASPISHAKE,https://data.raspberryshake.org/fdsnws/dataselect/1/query,35.0,continuation_noise_chunk,AM.RD349.noise.20250607T144418,3500,3500,3500,7000,shared_noise_sequence_across_target_snr_siblings
781,case-0781-noise-03,noise,3,AM,RD349,00,EH?,2025-06-10T21:18:08.858000Z,2025-06-10T21:21:14.318000Z,RASPISHAKE,https://data.raspberryshake.org/fdsnws/dataselect/1/query,35.0,continuation_noise_chunk_truncated,AM.RD349.noise.20250610T211811,3500,2000,7000,9000,shared_noise_sequence_across_target_snr_siblings
782,case-0782-event,event,0,AM,RD349,00,EH?,2026-03-01T19:00:36.776000Z,2026-03-01T19:01:11.776000Z,RASPISHAKE,https://data.raspberryshake.org/fdsnws/dataselect/1/query,35.0,evaluator_event_reference,AM.RD349.event.20260301T190036,3500,3500,0,3500,shared_event_window_across_target_snr_siblings
782,case-0782-noise-01,noise,1,AM,RD349,00,EH?,2025-06-06T02:58:32.668000Z,2025-06-06T03:01:38.618000Z,RASPISHAKE,https://data.raspberryshake.org/fdsnws/dataselect/1/query,35.0,primary_noise_chunk,AM.RD349.noise.20250606T025835,3500,3500,0,3500,shared_noise_sequence_across_target_snr_siblings
782,case-0782-noise-02,noise,2,AM,RD349,00,EH?,2025-06-07T14:44:15.718000Z,2025-06-07T14:47:21.258000Z,RASPISHAKE,https://data.raspberryshake.org/fdsnws/dataselect/1/query,35.0,continuation_noise_chunk,AM.RD349.noise.20250607T144418,3500,3500,3500,7000,shared_noise_sequence_across_target_snr_siblings
782,case-0782-noise-03,noise,3,AM,RD349,00,EH?,2025-06-10T21:18:08.858000Z,2025-06-10T21:21:14.318000Z,RASPISHAKE,https://data.raspberryshake.org/fdsnws/dataselect/1/query,35.0,continuation_noise_chunk_truncated,AM.RD349.noise.20250610T211811,3500,2000,7000,9000,shared_noise_sequence_across_target_snr_siblings
783,case-0783-event,event,0,AM,RD349,00,EH?,2026-03-01T19:00:36.776000Z,2026-03-01T19:01:11.776000Z,RASPISHAKE,https://data.raspberryshake.org/fdsnws/dataselect/1/query,35.0,evaluator_event_reference,AM.RD349.event.20260301T190036,3500,3500,0,3500,shared_event_window_across_target_snr_siblings
783,case-0783-noise-01,noise,1,AM,RD349,00,EH?,2025-06-06T02:58:32.668000Z,2025-06-06T03:01:38.618000Z,RASPISHAKE,https://data.raspberryshake.org/fdsnws/dataselect/1/query,35.0,primary_noise_chunk,AM.RD349.noise.20250606T025835,3500,3500,0,3500,shared_noise_sequence_across_target_snr_siblings
783,case-0783-noise-02,noise,2,AM,RD349,00,EH?,2025-06-07T14:44:15.718000Z,2025-06-07T14:47:21.258000Z,RASPISHAKE,https://data.raspberryshake.org/fdsnws/dataselect/1/query,35.0,continuation_noise_chunk,AM.RD349.noise.20250607T144418,3500,3500,3500,7000,shared_noise_sequence_across_target_snr_siblings
783,case-0783-noise-03,noise,3,AM,RD349,00,EH?,2025-06-10T21:18:08.858000Z,2025-06-10T21:21:14.318000Z,RASPISHAKE,https://data.raspberryshake.org/fdsnws/dataselect/1/query,35.0,continuation_noise_chunk_truncated,AM.RD349.noise.20250610T211811,3500,2000,7000,9000,shared_noise_sequence_across_target_snr_siblings
784,case-0784-event,event,0,AM,RD349,00,EH?,2026-03-03T17:25:07.266000Z,2026-03-03T17:25:42.266000Z,RASPISHAKE,https://data.raspberryshake.org/fdsnws/dataselect/1/query,35.0,evaluator_event_reference,AM.RD349.event.20260303T172507,3500,3500,0,3500,shared_event_window_across_target_snr_siblings
784,case-0784-noise-01,noise,1,AM,RD349,00,EH?,2025-06-09T17:16:44.288000Z,2025-06-09T17:19:49.338000Z,RASPISHAKE,https://data.raspberryshake.org/fdsnws/dataselect/1/query,35.0,primary_noise_chunk,AM.RD349.noise.20250609T171646,3500,3500,0,3500,shared_noise_sequence_across_target_snr_siblings
784,case-0784-noise-02,noise,2,AM,RD349,00,EH?,2025-06-02T21:51:35.048000Z,2025-06-02T21:54:40.408000Z,RASPISHAKE,https://data.raspberryshake.org/fdsnws/dataselect/1/query,35.0,continuation_noise_chunk,AM.RD349.noise.20250602T215137,3500,3500,3500,7000,shared_noise_sequence_across_target_snr_siblings
784,case-0784-noise-03,noise,3,AM,RD349,00,EH?,2025-06-10T21:18:08.858000Z,2025-06-10T21:21:14.318000Z,RASPISHAKE,https://data.raspberryshake.org/fdsnws/dataselect/1/query,35.0,continuation_noise_chunk_truncated,AM.RD349.noise.20250610T211811,3500,2000,7000,9000,shared_noise_sequence_across_target_snr_siblings
785,case-0785-event,event,0,AM,RD349,00,EH?,2026-03-03T17:25:07.266000Z,2026-03-03T17:25:42.266000Z,RASPISHAKE,https://data.raspberryshake.org/fdsnws/dataselect/1/query,35.0,evaluator_event_reference,AM.RD349.event.20260303T172507,3500,3500,0,3500,shared_event_window_across_target_snr_siblings
785,case-0785-noise-01,noise,1,AM,RD349,00,EH?,2025-06-09T17:16:44.288000Z,2025-06-09T17:19:49.338000Z,RASPISHAKE,https://data.raspberryshake.org/fdsnws/dataselect/1/query,35.0,primary_noise_chunk,AM.RD349.noise.20250609T171646,3500,3500,0,3500,shared_noise_sequence_across_target_snr_siblings
785,case-0785-noise-02,noise,2,AM,RD349,00,EH?,2025-06-02T21:51:35.048000Z,2025-06-02T21:54:40.408000Z,RASPISHAKE,https://data.raspberryshake.org/fdsnws/dataselect/1/query,35.0,continuation_noise_chunk,AM.RD349.noise.20250602T215137,3500,3500,3500,7000,shared_noise_sequence_across_target_snr_siblings
785,case-0785-noise-03,noise,3,AM,RD349,00,EH?,2025-06-10T21:18:08.858000Z,2025-06-10T21:21:14.318000Z,RASPISHAKE,https://data.raspberryshake.org/fdsnws/dataselect/1/query,35.0,continuation_noise_chunk_truncated,AM.RD349.noise.20250610T211811,3500,2000,7000,9000,shared_noise_sequence_across_target_snr_siblings
786,case-0786-event,event,0,AM,RD349,00,EH?,2026-03-03T17:25:07.266000Z,2026-03-03T17:25:42.266000Z,RASPISHAKE,https://data.raspberryshake.org/fdsnws/dataselect/1/query,35.0,evaluator_event_reference,AM.RD349.event.20260303T172507,3500,3500,0,3500,shared_event_window_across_target_snr_siblings
786,case-0786-noise-01,noise,1,AM,RD349,00,EH?,2025-06-09T17:16:44.288000Z,2025-06-09T17:19:49.338000Z,RASPISHAKE,https://data.raspberryshake.org/fdsnws/dataselect/1/query,35.0,primary_noise_chunk,AM.RD349.noise.20250609T171646,3500,3500,0,3500,shared_noise_sequence_across_target_snr_siblings
786,case-0786-noise-02,noise,2,AM,RD349,00,EH?,2025-06-02T21:51:35.048000Z,2025-06-02T21:54:40.408000Z,RASPISHAKE,https://data.raspberryshake.org/fdsnws/dataselect/1/query,35.0,continuation_noise_chunk,AM.RD349.noise.20250602T215137,3500,3500,3500,7000,shared_noise_sequence_across_target_snr_siblings
786,case-0786-noise-03,noise,3,AM,RD349,00,EH?,2025-06-10T21:18:08.858000Z,2025-06-10T21:21:14.318000Z,RASPISHAKE,https://data.raspberryshake.org/fdsnws/dataselect/1/query,35.0,continuation_noise_chunk_truncated,AM.RD349.noise.20250610T211811,3500,2000,7000,9000,shared_noise_sequence_across_target_snr_siblings
787,case-0787-event,event,0,AM,RD349,00,EH?,2026-03-04T15:35:28.816000Z,2026-03-04T15:36:03.816000Z,RASPISHAKE,https://data.raspberryshake.org/fdsnws/dataselect/1/query,35.0,evaluator_event_reference,AM.RD349.event.20260304T153528,3500,3500,0,3500,shared_event_window_across_target_snr_siblings
787,case-0787-noise-01,noise,1,AM,RD349,00,EH?,2025-06-08T15:34:41.078000Z,2025-06-08T15:37:45.428000Z,RASPISHAKE,https://data.raspberryshake.org/fdsnws/dataselect/1/query,35.0,primary_noise_chunk,AM.RD349.noise.20250608T153442,3500,3500,0,3500,shared_noise_sequence_across_target_snr_siblings
787,case-0787-noise-02,noise,2,AM,RD349,00,EH?,2025-06-06T15:29:58.058000Z,2025-06-06T15:33:03.358000Z,RASPISHAKE,https://data.raspberryshake.org/fdsnws/dataselect/1/query,35.0,continuation_noise_chunk,AM.RD349.noise.20250606T153000,3500,3500,3500,7000,shared_noise_sequence_across_target_snr_siblings
787,case-0787-noise-03,noise,3,AM,RD349,00,EH?,2025-06-07T14:44:15.718000Z,2025-06-07T14:47:21.258000Z,RASPISHAKE,https://data.raspberryshake.org/fdsnws/dataselect/1/query,35.0,continuation_noise_chunk_truncated,AM.RD349.noise.20250607T144418,3500,2000,7000,9000,shared_noise_sequence_across_target_snr_siblings
788,case-0788-event,event,0,AM,RD349,00,EH?,2026-03-04T15:35:28.816000Z,2026-03-04T15:36:03.816000Z,RASPISHAKE,https://data.raspberryshake.org/fdsnws/dataselect/1/query,35.0,evaluator_event_reference,AM.RD349.event.20260304T153528,3500,3500,0,3500,shared_event_window_across_target_snr_siblings
788,case-0788-noise-01,noise,1,AM,RD349,00,EH?,2025-06-08T15:34:41.078000Z,2025-06-08T15:37:45.428000Z,RASPISHAKE,https://data.raspberryshake.org/fdsnws/dataselect/1/query,35.0,primary_noise_chunk,AM.RD349.noise.20250608T153442,3500,3500,0,3500,shared_noise_sequence_across_target_snr_siblings
788,case-0788-noise-02,noise,2,AM,RD349,00,EH?,2025-06-06T15:29:58.058000Z,2025-06-06T15:33:03.358000Z,RASPISHAKE,https://data.raspberryshake.org/fdsnws/dataselect/1/query,35.0,continuation_noise_chunk,AM.RD349.noise.20250606T153000,3500,3500,3500,7000,shared_noise_sequence_across_target_snr_siblings
788,case-0788-noise-03,noise,3,AM,RD349,00,EH?,2025-06-07T14:44:15.718000Z,2025-06-07T14:47:21.258000Z,RASPISHAKE,https://data.raspberryshake.org/fdsnws/dataselect/1/query,35.0,continuation_noise_chunk_truncated,AM.RD349.noise.20250607T144418,3500,2000,7000,9000,shared_noise_sequence_across_target_snr_siblings
789,case-0789-event,event,0,AM,RD349,00,EH?,2026-03-04T15:35:28.816000Z,2026-03-04T15:36:03.816000Z,RASPISHAKE,https://data.raspberryshake.org/fdsnws/dataselect/1/query,35.0,evaluator_event_reference,AM.RD349.event.20260304T153528,3500,3500,0,3500,shared_event_window_across_target_snr_siblings
789,case-0789-noise-01,noise,1,AM,RD349,00,EH?,2025-06-08T15:34:41.078000Z,2025-06-08T15:37:45.428000Z,RASPISHAKE,https://data.raspberryshake.org/fdsnws/dataselect/1/query,35.0,primary_noise_chunk,AM.RD349.noise.20250608T153442,3500,3500,0,3500,shared_noise_sequence_across_target_snr_siblings
789,case-0789-noise-02,noise,2,AM,RD349,00,EH?,2025-06-06T15:29:58.058000Z,2025-06-06T15:33:03.358000Z,RASPISHAKE,https://data.raspberryshake.org/fdsnws/dataselect/1/query,35.0,continuation_noise_chunk,AM.RD349.noise.20250606T153000,3500,3500,3500,7000,shared_noise_sequence_across_target_snr_siblings
789,case-0789-noise-03,noise,3,AM,RD349,00,EH?,2025-06-07T14:44:15.718000Z,2025-06-07T14:47:21.258000Z,RASPISHAKE,https://data.raspberryshake.org/fdsnws/dataselect/1/query,35.0,continuation_noise_chunk_truncated,AM.RD349.noise.20250607T144418,3500,2000,7000,9000,shared_noise_sequence_across_target_snr_siblings
790,case-0790-event,event,0,AM,RD349,00,EH?,2026-03-26T08:11:16.466000Z,2026-03-26T08:11:51.466000Z,RASPISHAKE,https://data.raspberryshake.org/fdsnws/dataselect/1/query,35.0,evaluator_event_reference,AM.RD349.event.20260326T081116,3500,3500,0,3500,shared_event_window_across_target_snr_siblings
790,case-0790-noise-01,noise,1,AM,RD349,00,EH?,2025-06-10T21:18:08.858000Z,2025-06-10T21:21:14.318000Z,RASPISHAKE,https://data.raspberryshake.org/fdsnws/dataselect/1/query,35.0,primary_noise_chunk,AM.RD349.noise.20250610T211811,3500,3500,0,3500,shared_noise_sequence_across_target_snr_siblings
790,case-0790-noise-02,noise,2,AM,RD349,00,EH?,2025-06-10T22:22:11.578000Z,2025-06-10T22:25:15.478000Z,RASPISHAKE,https://data.raspberryshake.org/fdsnws/dataselect/1/query,35.0,continuation_noise_chunk,AM.RD349.noise.20250610T222213,3500,3500,3500,7000,shared_noise_sequence_across_target_snr_siblings
790,case-0790-noise-03,noise,3,AM,RD349,00,EH?,2025-06-02T19:28:37.908000Z,2025-06-02T19:31:42.688000Z,RASPISHAKE,https://data.raspberryshake.org/fdsnws/dataselect/1/query,35.0,continuation_noise_chunk_truncated,AM.RD349.noise.20250602T192840,3500,2000,7000,9000,shared_noise_sequence_across_target_snr_siblings
791,case-0791-event,event,0,AM,RD349,00,EH?,2026-03-26T08:11:16.466000Z,2026-03-26T08:11:51.466000Z,RASPISHAKE,https://data.raspberryshake.org/fdsnws/dataselect/1/query,35.0,evaluator_event_reference,AM.RD349.event.20260326T081116,3500,3500,0,3500,shared_event_window_across_target_snr_siblings
791,case-0791-noise-01,noise,1,AM,RD349,00,EH?,2025-06-10T21:18:08.858000Z,2025-06-10T21:21:14.318000Z,RASPISHAKE,https://data.raspberryshake.org/fdsnws/dataselect/1/query,35.0,primary_noise_chunk,AM.RD349.noise.20250610T211811,3500,3500,0,3500,shared_noise_sequence_across_target_snr_siblings
791,case-0791-noise-02,noise,2,AM,RD349,00,EH?,2025-06-10T22:22:11.578000Z,2025-06-10T22:25:15.478000Z,RASPISHAKE,https://data.raspberryshake.org/fdsnws/dataselect/1/query,35.0,continuation_noise_chunk,AM.RD349.noise.20250610T222213,3500,3500,3500,7000,shared_noise_sequence_across_target_snr_siblings
791,case-0791-noise-03,noise,3,AM,RD349,00,EH?,2025-06-02T19:28:37.908000Z,2025-06-02T19:31:42.688000Z,RASPISHAKE,https://data.raspberryshake.org/fdsnws/dataselect/1/query,35.0,continuation_noise_chunk_truncated,AM.RD349.noise.20250602T192840,3500,2000,7000,9000,shared_noise_sequence_across_target_snr_siblings
792,case-0792-event,event,0,AM,RD349,00,EH?,2026-03-26T08:11:16.466000Z,2026-03-26T08:11:51.466000Z,RASPISHAKE,https://data.raspberryshake.org/fdsnws/dataselect/1/query,35.0,evaluator_event_reference,AM.RD349.event.20260326T081116,3500,3500,0,3500,shared_event_window_across_target_snr_siblings
792,case-0792-noise-01,noise,1,AM,RD349,00,EH?,2025-06-10T21:18:08.858000Z,2025-06-10T21:21:14.318000Z,RASPISHAKE,https://data.raspberryshake.org/fdsnws/dataselect/1/query,35.0,primary_noise_chunk,AM.RD349.noise.20250610T211811,3500,3500,0,3500,shared_noise_sequence_across_target_snr_siblings
792,case-0792-noise-02,noise,2,AM,RD349,00,EH?,2025-06-10T22:22:11.578000Z,2025-06-10T22:25:15.478000Z,RASPISHAKE,https://data.raspberryshake.org/fdsnws/dataselect/1/query,35.0,continuation_noise_chunk,AM.RD349.noise.20250610T222213,3500,3500,3500,7000,shared_noise_sequence_across_target_snr_siblings
792,case-0792-noise-03,noise,3,AM,RD349,00,EH?,2025-06-02T19:28:37.908000Z,2025-06-02T19:31:42.688000Z,RASPISHAKE,https://data.raspberryshake.org/fdsnws/dataselect/1/query,35.0,continuation_noise_chunk_truncated,AM.RD349.noise.20250602T192840,3500,2000,7000,9000,shared_noise_sequence_across_target_snr_siblings
793,case-0793-event,event,0,AM,RE8DB,00,EH?,2025-10-28T08:44:26.869000Z,2025-10-28T08:45:01.869000Z,RASPISHAKE,https://data.raspberryshake.org/fdsnws/dataselect/1/query,35.0,evaluator_event_reference,AM.RE8DB.event.20251028T084426,3500,3500,0,3500,shared_event_window_across_target_snr_siblings
793,case-0793-noise-01,noise,1,AM,RE8DB,00,EH?,2025-06-01T00:58:50.661000Z,2025-06-01T01:01:54.651000Z,RASPISHAKE,https://data.raspberryshake.org/fdsnws/dataselect/1/query,35.0,primary_noise_chunk,AM.RE8DB.noise.20250601T005852,3500,3500,0,3500,shared_noise_sequence_across_target_snr_siblings
793,case-0793-noise-02,noise,2,AM,RE8DB,00,EH?,2025-07-25T18:20:35.997000Z,2025-07-25T18:23:39.077000Z,RASPISHAKE,https://data.raspberryshake.org/fdsnws/dataselect/1/query,35.0,continuation_noise_chunk,AM.RE8DB.noise.20250725T182037,3500,3500,3500,7000,shared_noise_sequence_across_target_snr_siblings
793,case-0793-noise-03,noise,3,AM,RE8DB,00,EH?,2025-07-12T07:23:48.053000Z,2025-07-12T07:26:50.913000Z,RASPISHAKE,https://data.raspberryshake.org/fdsnws/dataselect/1/query,35.0,continuation_noise_chunk_truncated,AM.RE8DB.noise.20250712T072349,3500,2000,7000,9000,shared_noise_sequence_across_target_snr_siblings
794,case-0794-event,event,0,AM,RE8DB,00,EH?,2025-10-28T08:44:26.869000Z,2025-10-28T08:45:01.869000Z,RASPISHAKE,https://data.raspberryshake.org/fdsnws/dataselect/1/query,35.0,evaluator_event_reference,AM.RE8DB.event.20251028T084426,3500,3500,0,3500,shared_event_window_across_target_snr_siblings
794,case-0794-noise-01,noise,1,AM,RE8DB,00,EH?,2025-06-01T00:58:50.661000Z,2025-06-01T01:01:54.651000Z,RASPISHAKE,https://data.raspberryshake.org/fdsnws/dataselect/1/query,35.0,primary_noise_chunk,AM.RE8DB.noise.20250601T005852,3500,3500,0,3500,shared_noise_sequence_across_target_snr_siblings
794,case-0794-noise-02,noise,2,AM,RE8DB,00,EH?,2025-07-25T18:20:35.997000Z,2025-07-25T18:23:39.077000Z,RASPISHAKE,https://data.raspberryshake.org/fdsnws/dataselect/1/query,35.0,continuation_noise_chunk,AM.RE8DB.noise.20250725T182037,3500,3500,3500,7000,shared_noise_sequence_across_target_snr_siblings
794,case-0794-noise-03,noise,3,AM,RE8DB,00,EH?,2025-07-12T07:23:48.053000Z,2025-07-12T07:26:50.913000Z,RASPISHAKE,https://data.raspberryshake.org/fdsnws/dataselect/1/query,35.0,continuation_noise_chunk_truncated,AM.RE8DB.noise.20250712T072349,3500,2000,7000,9000,shared_noise_sequence_across_target_snr_siblings
795,case-0795-event,event,0,AM,RE8DB,00,EH?,2025-10-28T08:44:26.869000Z,2025-10-28T08:45:01.869000Z,RASPISHAKE,https://data.raspberryshake.org/fdsnws/dataselect/1/query,35.0,evaluator_event_reference,AM.RE8DB.event.20251028T084426,3500,3500,0,3500,shared_event_window_across_target_snr_siblings
795,case-0795-noise-01,noise,1,AM,RE8DB,00,EH?,2025-06-01T00:58:50.661000Z,2025-06-01T01:01:54.651000Z,RASPISHAKE,https://data.raspberryshake.org/fdsnws/dataselect/1/query,35.0,primary_noise_chunk,AM.RE8DB.noise.20250601T005852,3500,3500,0,3500,shared_noise_sequence_across_target_snr_siblings
795,case-0795-noise-02,noise,2,AM,RE8DB,00,EH?,2025-07-25T18:20:35.997000Z,2025-07-25T18:23:39.077000Z,RASPISHAKE,https://data.raspberryshake.org/fdsnws/dataselect/1/query,35.0,continuation_noise_chunk,AM.RE8DB.noise.20250725T182037,3500,3500,3500,7000,shared_noise_sequence_across_target_snr_siblings
795,case-0795-noise-03,noise,3,AM,RE8DB,00,EH?,2025-07-12T07:23:48.053000Z,2025-07-12T07:26:50.913000Z,RASPISHAKE,https://data.raspberryshake.org/fdsnws/dataselect/1/query,35.0,continuation_noise_chunk_truncated,AM.RE8DB.noise.20250712T072349,3500,2000,7000,9000,shared_noise_sequence_across_target_snr_siblings
796,case-0796-event,event,0,AM,RE8DB,00,EH?,2025-11-21T03:35:51.652000Z,2025-11-21T03:36:26.652000Z,RASPISHAKE,https://data.raspberryshake.org/fdsnws/dataselect/1/query,35.0,evaluator_event_reference,AM.RE8DB.event.20251121T033551,3500,3500,0,3500,shared_event_window_across_target_snr_siblings
796,case-0796-noise-01,noise,1,AM,RE8DB,00,EH?,2025-07-28T16:08:07.407000Z,2025-07-28T16:11:11.247000Z,RASPISHAKE,https://data.raspberryshake.org/fdsnws/dataselect/1/query,35.0,primary_noise_chunk,AM.RE8DB.noise.20250728T160809,3500,3500,0,3500,shared_noise_sequence_across_target_snr_siblings
796,case-0796-noise-02,noise,2,AM,RE8DB,00,EH?,2025-07-28T07:36:57.167000Z,2025-07-28T07:40:02.107000Z,RASPISHAKE,https://data.raspberryshake.org/fdsnws/dataselect/1/query,35.0,continuation_noise_chunk,AM.RE8DB.noise.20250728T073659,3500,3500,3500,7000,shared_noise_sequence_across_target_snr_siblings
796,case-0796-noise-03,noise,3,AM,RE8DB,00,EH?,2025-07-18T04:39:22.892000Z,2025-07-18T04:41:41.632000Z,RASPISHAKE,https://data.raspberryshake.org/fdsnws/dataselect/1/query,35.0,continuation_noise_chunk_truncated,AM.RE8DB.noise.20250718T043857,3500,2000,7000,9000,shared_noise_sequence_across_target_snr_siblings
797,case-0797-event,event,0,AM,RE8DB,00,EH?,2025-11-21T03:35:51.652000Z,2025-11-21T03:36:26.652000Z,RASPISHAKE,https://data.raspberryshake.org/fdsnws/dataselect/1/query,35.0,evaluator_event_reference,AM.RE8DB.event.20251121T033551,3500,3500,0,3500,shared_event_window_across_target_snr_siblings
797,case-0797-noise-01,noise,1,AM,RE8DB,00,EH?,2025-07-28T16:08:07.407000Z,2025-07-28T16:11:11.247000Z,RASPISHAKE,https://data.raspberryshake.org/fdsnws/dataselect/1/query,35.0,primary_noise_chunk,AM.RE8DB.noise.20250728T160809,3500,3500,0,3500,shared_noise_sequence_across_target_snr_siblings
797,case-0797-noise-02,noise,2,AM,RE8DB,00,EH?,2025-07-28T07:36:57.167000Z,2025-07-28T07:40:02.107000Z,RASPISHAKE,https://data.raspberryshake.org/fdsnws/dataselect/1/query,35.0,continuation_noise_chunk,AM.RE8DB.noise.20250728T073659,3500,3500,3500,7000,shared_noise_sequence_across_target_snr_siblings
797,case-0797-noise-03,noise,3,AM,RE8DB,00,EH?,2025-07-18T04:39:22.892000Z,2025-07-18T04:41:41.632000Z,RASPISHAKE,https://data.raspberryshake.org/fdsnws/dataselect/1/query,35.0,continuation_noise_chunk_truncated,AM.RE8DB.noise.20250718T043857,3500,2000,7000,9000,shared_noise_sequence_across_target_snr_siblings
798,case-0798-event,event,0,AM,RE8DB,00,EH?,2025-11-21T03:35:51.652000Z,2025-11-21T03:36:26.652000Z,RASPISHAKE,https://data.raspberryshake.org/fdsnws/dataselect/1/query,35.0,evaluator_event_reference,AM.RE8DB.event.20251121T033551,3500,3500,0,3500,shared_event_window_across_target_snr_siblings
798,case-0798-noise-01,noise,1,AM,RE8DB,00,EH?,2025-07-28T16:08:07.407000Z,2025-07-28T16:11:11.247000Z,RASPISHAKE,https://data.raspberryshake.org/fdsnws/dataselect/1/query,35.0,primary_noise_chunk,AM.RE8DB.noise.20250728T160809,3500,3500,0,3500,shared_noise_sequence_across_target_snr_siblings
798,case-0798-noise-02,noise,2,AM,RE8DB,00,EH?,2025-07-28T07:36:57.167000Z,2025-07-28T07:40:02.107000Z,RASPISHAKE,https://data.raspberryshake.org/fdsnws/dataselect/1/query,35.0,continuation_noise_chunk,AM.RE8DB.noise.20250728T073659,3500,3500,3500,7000,shared_noise_sequence_across_target_snr_siblings
798,case-0798-noise-03,noise,3,AM,RE8DB,00,EH?,2025-07-18T04:39:22.892000Z,2025-07-18T04:41:41.632000Z,RASPISHAKE,https://data.raspberryshake.org/fdsnws/dataselect/1/query,35.0,continuation_noise_chunk_truncated,AM.RE8DB.noise.20250718T043857,3500,2000,7000,9000,shared_noise_sequence_across_target_snr_siblings
799,case-0799-event,event,0,AM,RE8DB,00,EH?,2025-12-21T07:04:25.032000Z,2025-12-21T07:05:00.032000Z,RASPISHAKE,https://data.raspberryshake.org/fdsnws/dataselect/1/query,35.0,evaluator_event_reference,AM.RE8DB.event.20251221T070425,3500,3500,0,3500,shared_event_window_across_target_snr_siblings
799,case-0799-noise-01,noise,1,AM,RE8DB,00,EH?,2025-07-25T20:55:14.597000Z,2025-07-25T20:58:16.987000Z,RASPISHAKE,https://data.raspberryshake.org/fdsnws/dataselect/1/query,35.0,primary_noise_chunk,AM.RE8DB.noise.20250725T205515,3500,3500,0,3500,shared_noise_sequence_across_target_snr_siblings
799,case-0799-noise-02,noise,2,AM,RE8DB,00,EH?,2025-07-28T11:01:30.417000Z,2025-07-28T11:04:32.637000Z,RASPISHAKE,https://data.raspberryshake.org/fdsnws/dataselect/1/query,35.0,continuation_noise_chunk,AM.RE8DB.noise.20250728T110131,3500,3500,3500,7000,shared_noise_sequence_across_target_snr_siblings
799,case-0799-noise-03,noise,3,AM,RE8DB,00,EH?,2025-07-26T01:45:40.977000Z,2025-07-26T01:48:44.397000Z,RASPISHAKE,https://data.raspberryshake.org/fdsnws/dataselect/1/query,35.0,continuation_noise_chunk_truncated,AM.RE8DB.noise.20250726T014542,3500,2000,7000,9000,shared_noise_sequence_across_target_snr_siblings
800,case-0800-event,event,0,AM,RE8DB,00,EH?,2025-12-21T07:04:25.032000Z,2025-12-21T07:05:00.032000Z,RASPISHAKE,https://data.raspberryshake.org/fdsnws/dataselect/1/query,35.0,evaluator_event_reference,AM.RE8DB.event.20251221T070425,3500,3500,0,3500,shared_event_window_across_target_snr_siblings
800,case-0800-noise-01,noise,1,AM,RE8DB,00,EH?,2025-07-25T20:55:14.597000Z,2025-07-25T20:58:16.987000Z,RASPISHAKE,https://data.raspberryshake.org/fdsnws/dataselect/1/query,35.0,primary_noise_chunk,AM.RE8DB.noise.20250725T205515,3500,3500,0,3500,shared_noise_sequence_across_target_snr_siblings
800,case-0800-noise-02,noise,2,AM,RE8DB,00,EH?,2025-07-28T11:01:30.417000Z,2025-07-28T11:04:32.637000Z,RASPISHAKE,https://data.raspberryshake.org/fdsnws/dataselect/1/query,35.0,continuation_noise_chunk,AM.RE8DB.noise.20250728T110131,3500,3500,3500,7000,shared_noise_sequence_across_target_snr_siblings
800,case-0800-noise-03,noise,3,AM,RE8DB,00,EH?,2025-07-26T01:45:40.977000Z,2025-07-26T01:48:44.397000Z,RASPISHAKE,https://data.raspberryshake.org/fdsnws/dataselect/1/query,35.0,continuation_noise_chunk_truncated,AM.RE8DB.noise.20250726T014542,3500,2000,7000,9000,shared_noise_sequence_across_target_snr_siblings
801,case-0801-event,event,0,AM,RE8DB,00,EH?,2025-12-21T07:04:25.032000Z,2025-12-21T07:05:00.032000Z,RASPISHAKE,https://data.raspberryshake.org/fdsnws/dataselect/1/query,35.0,evaluator_event_reference,AM.RE8DB.event.20251221T070425,3500,3500,0,3500,shared_event_window_across_target_snr_siblings
801,case-0801-noise-01,noise,1,AM,RE8DB,00,EH?,2025-07-25T20:55:14.597000Z,2025-07-25T20:58:16.987000Z,RASPISHAKE,https://data.raspberryshake.org/fdsnws/dataselect/1/query,35.0,primary_noise_chunk,AM.RE8DB.noise.20250725T205515,3500,3500,0,3500,shared_noise_sequence_across_target_snr_siblings
801,case-0801-noise-02,noise,2,AM,RE8DB,00,EH?,2025-07-28T11:01:30.417000Z,2025-07-28T11:04:32.637000Z,RASPISHAKE,https://data.raspberryshake.org/fdsnws/dataselect/1/query,35.0,continuation_noise_chunk,AM.RE8DB.noise.20250728T110131,3500,3500,3500,7000,shared_noise_sequence_across_target_snr_siblings
801,case-0801-noise-03,noise,3,AM,RE8DB,00,EH?,2025-07-26T01:45:40.977000Z,2025-07-26T01:48:44.397000Z,RASPISHAKE,https://data.raspberryshake.org/fdsnws/dataselect/1/query,35.0,continuation_noise_chunk_truncated,AM.RE8DB.noise.20250726T014542,3500,2000,7000,9000,shared_noise_sequence_across_target_snr_siblings
802,case-0802-event,event,0,AM,RE8DB,00,EH?,2025-12-27T10:42:52.232000Z,2025-12-27T10:43:27.232000Z,RASPISHAKE,https://data.raspberryshake.org/fdsnws/dataselect/1/query,35.0,evaluator_event_reference,AM.RE8DB.event.20251227T104252,3500,3500,0,3500,shared_event_window_across_target_snr_siblings
802,case-0802-noise-01,noise,1,AM,RE8DB,00,EH?,2025-08-07T17:49:38.675000Z,2025-08-07T17:52:41.975000Z,RASPISHAKE,https://data.raspberryshake.org/fdsnws/dataselect/1/query,35.0,primary_noise_chunk,AM.RE8DB.noise.20250807T174940,3500,3500,0,3500,shared_noise_sequence_across_target_snr_siblings
802,case-0802-noise-02,noise,2,AM,RE8DB,00,EH?,2025-07-27T20:48:31.307000Z,2025-07-27T20:51:33.727000Z,RASPISHAKE,https://data.raspberryshake.org/fdsnws/dataselect/1/query,35.0,continuation_noise_chunk,AM.RE8DB.noise.20250727T204832,3500,3500,3500,7000,shared_noise_sequence_across_target_snr_siblings
802,case-0802-noise-03,noise,3,AM,RE8DB,00,EH?,2025-06-04T00:48:13.759000Z,2025-06-04T00:51:17.639000Z,RASPISHAKE,https://data.raspberryshake.org/fdsnws/dataselect/1/query,35.0,continuation_noise_chunk_truncated,AM.RE8DB.noise.20250604T004815,3500,2000,7000,9000,shared_noise_sequence_across_target_snr_siblings
803,case-0803-event,event,0,AM,RE8DB,00,EH?,2025-12-27T10:42:52.232000Z,2025-12-27T10:43:27.232000Z,RASPISHAKE,https://data.raspberryshake.org/fdsnws/dataselect/1/query,35.0,evaluator_event_reference,AM.RE8DB.event.20251227T104252,3500,3500,0,3500,shared_event_window_across_target_snr_siblings
803,case-0803-noise-01,noise,1,AM,RE8DB,00,EH?,2025-08-07T17:49:38.675000Z,2025-08-07T17:52:41.975000Z,RASPISHAKE,https://data.raspberryshake.org/fdsnws/dataselect/1/query,35.0,primary_noise_chunk,AM.RE8DB.noise.20250807T174940,3500,3500,0,3500,shared_noise_sequence_across_target_snr_siblings
803,case-0803-noise-02,noise,2,AM,RE8DB,00,EH?,2025-07-27T20:48:31.307000Z,2025-07-27T20:51:33.727000Z,RASPISHAKE,https://data.raspberryshake.org/fdsnws/dataselect/1/query,35.0,continuation_noise_chunk,AM.RE8DB.noise.20250727T204832,3500,3500,3500,7000,shared_noise_sequence_across_target_snr_siblings
803,case-0803-noise-03,noise,3,AM,RE8DB,00,EH?,2025-06-04T00:48:13.759000Z,2025-06-04T00:51:17.639000Z,RASPISHAKE,https://data.raspberryshake.org/fdsnws/dataselect/1/query,35.0,continuation_noise_chunk_truncated,AM.RE8DB.noise.20250604T004815,3500,2000,7000,9000,shared_noise_sequence_across_target_snr_siblings
804,case-0804-event,event,0,AM,RE8DB,00,EH?,2025-12-27T10:42:52.232000Z,2025-12-27T10:43:27.232000Z,RASPISHAKE,https://data.raspberryshake.org/fdsnws/dataselect/1/query,35.0,evaluator_event_reference,AM.RE8DB.event.20251227T104252,3500,3500,0,3500,shared_event_window_across_target_snr_siblings
804,case-0804-noise-01,noise,1,AM,RE8DB,00,EH?,2025-08-07T17:49:38.675000Z,2025-08-07T17:52:41.975000Z,RASPISHAKE,https://data.raspberryshake.org/fdsnws/dataselect/1/query,35.0,primary_noise_chunk,AM.RE8DB.noise.20250807T174940,3500,3500,0,3500,shared_noise_sequence_across_target_snr_siblings
804,case-0804-noise-02,noise,2,AM,RE8DB,00,EH?,2025-07-27T20:48:31.307000Z,2025-07-27T20:51:33.727000Z,RASPISHAKE,https://data.raspberryshake.org/fdsnws/dataselect/1/query,35.0,continuation_noise_chunk,AM.RE8DB.noise.20250727T204832,3500,3500,3500,7000,shared_noise_sequence_across_target_snr_siblings
804,case-0804-noise-03,noise,3,AM,RE8DB,00,EH?,2025-06-04T00:48:13.759000Z,2025-06-04T00:51:17.639000Z,RASPISHAKE,https://data.raspberryshake.org/fdsnws/dataselect/1/query,35.0,continuation_noise_chunk_truncated,AM.RE8DB.noise.20250604T004815,3500,2000,7000,9000,shared_noise_sequence_across_target_snr_siblings
805,case-0805-event,event,0,AM,RE8DB,00,EH?,2026-01-20T23:09:45.512000Z,2026-01-20T23:10:20.512000Z,RASPISHAKE,https://data.raspberryshake.org/fdsnws/dataselect/1/query,35.0,evaluator_event_reference,AM.RE8DB.event.20260120T230945,3500,3500,0,3500,shared_event_window_across_target_snr_siblings
805,case-0805-noise-01,noise,1,AM,RE8DB,00,EH?,2025-07-12T20:40:17.272000Z,2025-07-12T20:43:19.612000Z,RASPISHAKE,https://data.raspberryshake.org/fdsnws/dataselect/1/query,35.0,primary_noise_chunk,AM.RE8DB.noise.20250712T204018,3500,3500,0,3500,shared_noise_sequence_across_target_snr_siblings
805,case-0805-noise-02,noise,2,AM,RE8DB,00,EH?,2025-07-12T06:27:42.642000Z,2025-07-12T06:30:47.502000Z,RASPISHAKE,https://data.raspberryshake.org/fdsnws/dataselect/1/query,35.0,continuation_noise_chunk,AM.RE8DB.noise.20250712T062745,3500,3500,3500,7000,shared_noise_sequence_across_target_snr_siblings
805,case-0805-noise-03,noise,3,AM,RE8DB,00,EH?,2025-07-12T18:34:39.757000Z,2025-07-12T18:37:41.057000Z,RASPISHAKE,https://data.raspberryshake.org/fdsnws/dataselect/1/query,35.0,continuation_noise_chunk_truncated,AM.RE8DB.noise.20250712T183440,3500,2000,7000,9000,shared_noise_sequence_across_target_snr_siblings
806,case-0806-event,event,0,AM,RE8DB,00,EH?,2026-01-20T23:09:45.512000Z,2026-01-20T23:10:20.512000Z,RASPISHAKE,https://data.raspberryshake.org/fdsnws/dataselect/1/query,35.0,evaluator_event_reference,AM.RE8DB.event.20260120T230945,3500,3500,0,3500,shared_event_window_across_target_snr_siblings
806,case-0806-noise-01,noise,1,AM,RE8DB,00,EH?,2025-07-12T20:40:17.272000Z,2025-07-12T20:43:19.612000Z,RASPISHAKE,https://data.raspberryshake.org/fdsnws/dataselect/1/query,35.0,primary_noise_chunk,AM.RE8DB.noise.20250712T204018,3500,3500,0,3500,shared_noise_sequence_across_target_snr_siblings
806,case-0806-noise-02,noise,2,AM,RE8DB,00,EH?,2025-07-12T06:27:42.642000Z,2025-07-12T06:30:47.502000Z,RASPISHAKE,https://data.raspberryshake.org/fdsnws/dataselect/1/query,35.0,continuation_noise_chunk,AM.RE8DB.noise.20250712T062745,3500,3500,3500,7000,shared_noise_sequence_across_target_snr_siblings
806,case-0806-noise-03,noise,3,AM,RE8DB,00,EH?,2025-07-12T18:34:39.757000Z,2025-07-12T18:37:41.057000Z,RASPISHAKE,https://data.raspberryshake.org/fdsnws/dataselect/1/query,35.0,continuation_noise_chunk_truncated,AM.RE8DB.noise.20250712T183440,3500,2000,7000,9000,shared_noise_sequence_across_target_snr_siblings
807,case-0807-event,event,0,AM,RE8DB,00,EH?,2026-01-20T23:09:45.512000Z,2026-01-20T23:10:20.512000Z,RASPISHAKE,https://data.raspberryshake.org/fdsnws/dataselect/1/query,35.0,evaluator_event_reference,AM.RE8DB.event.20260120T230945,3500,3500,0,3500,shared_event_window_across_target_snr_siblings
807,case-0807-noise-01,noise,1,AM,RE8DB,00,EH?,2025-07-12T20:40:17.272000Z,2025-07-12T20:43:19.612000Z,RASPISHAKE,https://data.raspberryshake.org/fdsnws/dataselect/1/query,35.0,primary_noise_chunk,AM.RE8DB.noise.20250712T204018,3500,3500,0,3500,shared_noise_sequence_across_target_snr_siblings
807,case-0807-noise-02,noise,2,AM,RE8DB,00,EH?,2025-07-12T06:27:42.642000Z,2025-07-12T06:30:47.502000Z,RASPISHAKE,https://data.raspberryshake.org/fdsnws/dataselect/1/query,35.0,continuation_noise_chunk,AM.RE8DB.noise.20250712T062745,3500,3500,3500,7000,shared_noise_sequence_across_target_snr_siblings
807,case-0807-noise-03,noise,3,AM,RE8DB,00,EH?,2025-07-12T18:34:39.757000Z,2025-07-12T18:37:41.057000Z,RASPISHAKE,https://data.raspberryshake.org/fdsnws/dataselect/1/query,35.0,continuation_noise_chunk_truncated,AM.RE8DB.noise.20250712T183440,3500,2000,7000,9000,shared_noise_sequence_across_target_snr_siblings
808,case-0808-event,event,0,AM,RE8DB,00,EH?,2026-02-19T11:16:39.207000Z,2026-02-19T11:17:14.207000Z,RASPISHAKE,https://data.raspberryshake.org/fdsnws/dataselect/1/query,35.0,evaluator_event_reference,AM.RE8DB.event.20260219T111639,3500,3500,0,3500,shared_event_window_across_target_snr_siblings
808,case-0808-noise-01,noise,1,AM,RE8DB,00,EH?,2025-06-01T06:27:39.341000Z,2025-06-01T06:30:41.551000Z,RASPISHAKE,https://data.raspberryshake.org/fdsnws/dataselect/1/query,35.0,primary_noise_chunk,AM.RE8DB.noise.20250601T062741,3500,3500,0,3500,shared_noise_sequence_across_target_snr_siblings
808,case-0808-noise-02,noise,2,AM,RE8DB,00,EH?,2025-07-12T20:40:17.272000Z,2025-07-12T20:43:19.612000Z,RASPISHAKE,https://data.raspberryshake.org/fdsnws/dataselect/1/query,35.0,continuation_noise_chunk,AM.RE8DB.noise.20250712T204018,3500,3500,3500,7000,shared_noise_sequence_across_target_snr_siblings
808,case-0808-noise-03,noise,3,AM,RE8DB,00,EH?,2025-07-25T20:55:14.597000Z,2025-07-25T20:58:16.987000Z,RASPISHAKE,https://data.raspberryshake.org/fdsnws/dataselect/1/query,35.0,continuation_noise_chunk_truncated,AM.RE8DB.noise.20250725T205515,3500,2000,7000,9000,shared_noise_sequence_across_target_snr_siblings
809,case-0809-event,event,0,AM,RE8DB,00,EH?,2026-02-19T11:16:39.207000Z,2026-02-19T11:17:14.207000Z,RASPISHAKE,https://data.raspberryshake.org/fdsnws/dataselect/1/query,35.0,evaluator_event_reference,AM.RE8DB.event.20260219T111639,3500,3500,0,3500,shared_event_window_across_target_snr_siblings
809,case-0809-noise-01,noise,1,AM,RE8DB,00,EH?,2025-06-01T06:27:39.341000Z,2025-06-01T06:30:41.551000Z,RASPISHAKE,https://data.raspberryshake.org/fdsnws/dataselect/1/query,35.0,primary_noise_chunk,AM.RE8DB.noise.20250601T062741,3500,3500,0,3500,shared_noise_sequence_across_target_snr_siblings
809,case-0809-noise-02,noise,2,AM,RE8DB,00,EH?,2025-07-12T20:40:17.272000Z,2025-07-12T20:43:19.612000Z,RASPISHAKE,https://data.raspberryshake.org/fdsnws/dataselect/1/query,35.0,continuation_noise_chunk,AM.RE8DB.noise.20250712T204018,3500,3500,3500,7000,shared_noise_sequence_across_target_snr_siblings
809,case-0809-noise-03,noise,3,AM,RE8DB,00,EH?,2025-07-25T20:55:14.597000Z,2025-07-25T20:58:16.987000Z,RASPISHAKE,https://data.raspberryshake.org/fdsnws/dataselect/1/query,35.0,continuation_noise_chunk_truncated,AM.RE8DB.noise.20250725T205515,3500,2000,7000,9000,shared_noise_sequence_across_target_snr_siblings
810,case-0810-event,event,0,AM,RE8DB,00,EH?,2026-02-19T11:16:39.207000Z,2026-02-19T11:17:14.207000Z,RASPISHAKE,https://data.raspberryshake.org/fdsnws/dataselect/1/query,35.0,evaluator_event_reference,AM.RE8DB.event.20260219T111639,3500,3500,0,3500,shared_event_window_across_target_snr_siblings
810,case-0810-noise-01,noise,1,AM,RE8DB,00,EH?,2025-06-01T06:27:39.341000Z,2025-06-01T06:30:41.551000Z,RASPISHAKE,https://data.raspberryshake.org/fdsnws/dataselect/1/query,35.0,primary_noise_chunk,AM.RE8DB.noise.20250601T062741,3500,3500,0,3500,shared_noise_sequence_across_target_snr_siblings
810,case-0810-noise-02,noise,2,AM,RE8DB,00,EH?,2025-07-12T20:40:17.272000Z,2025-07-12T20:43:19.612000Z,RASPISHAKE,https://data.raspberryshake.org/fdsnws/dataselect/1/query,35.0,continuation_noise_chunk,AM.RE8DB.noise.20250712T204018,3500,3500,3500,7000,shared_noise_sequence_across_target_snr_siblings
810,case-0810-noise-03,noise,3,AM,RE8DB,00,EH?,2025-07-25T20:55:14.597000Z,2025-07-25T20:58:16.987000Z,RASPISHAKE,https://data.raspberryshake.org/fdsnws/dataselect/1/query,35.0,continuation_noise_chunk_truncated,AM.RE8DB.noise.20250725T205515,3500,2000,7000,9000,shared_noise_sequence_across_target_snr_siblings
811,case-0811-event,event,0,AM,RE8DB,00,EH?,2026-04-23T20:34:20.310000Z,2026-04-23T20:34:55.310000Z,RASPISHAKE,https://data.raspberryshake.org/fdsnws/dataselect/1/query,35.0,evaluator_event_reference,AM.RE8DB.event.20260423T203420,3500,3500,0,3500,shared_event_window_across_target_snr_siblings
811,case-0811-noise-01,noise,1,AM,RE8DB,00,EH?,2025-07-12T07:23:48.053000Z,2025-07-12T07:26:50.913000Z,RASPISHAKE,https://data.raspberryshake.org/fdsnws/dataselect/1/query,35.0,primary_noise_chunk,AM.RE8DB.noise.20250712T072349,3500,3500,0,3500,shared_noise_sequence_across_target_snr_siblings
811,case-0811-noise-02,noise,2,AM,RE8DB,00,EH?,2025-07-27T03:54:58.667000Z,2025-07-27T03:58:02.307000Z,RASPISHAKE,https://data.raspberryshake.org/fdsnws/dataselect/1/query,35.0,continuation_noise_chunk,AM.RE8DB.noise.20250727T035500,3500,3500,3500,7000,shared_noise_sequence_across_target_snr_siblings
811,case-0811-noise-03,noise,3,AM,RE8DB,00,EH?,2025-07-12T18:34:39.757000Z,2025-07-12T18:37:41.057000Z,RASPISHAKE,https://data.raspberryshake.org/fdsnws/dataselect/1/query,35.0,continuation_noise_chunk_truncated,AM.RE8DB.noise.20250712T183440,3500,2000,7000,9000,shared_noise_sequence_across_target_snr_siblings
812,case-0812-event,event,0,AM,RE8DB,00,EH?,2026-04-23T20:34:20.310000Z,2026-04-23T20:34:55.310000Z,RASPISHAKE,https://data.raspberryshake.org/fdsnws/dataselect/1/query,35.0,evaluator_event_reference,AM.RE8DB.event.20260423T203420,3500,3500,0,3500,shared_event_window_across_target_snr_siblings
812,case-0812-noise-01,noise,1,AM,RE8DB,00,EH?,2025-07-12T07:23:48.053000Z,2025-07-12T07:26:50.913000Z,RASPISHAKE,https://data.raspberryshake.org/fdsnws/dataselect/1/query,35.0,primary_noise_chunk,AM.RE8DB.noise.20250712T072349,3500,3500,0,3500,shared_noise_sequence_across_target_snr_siblings
812,case-0812-noise-02,noise,2,AM,RE8DB,00,EH?,2025-07-27T03:54:58.667000Z,2025-07-27T03:58:02.307000Z,RASPISHAKE,https://data.raspberryshake.org/fdsnws/dataselect/1/query,35.0,continuation_noise_chunk,AM.RE8DB.noise.20250727T035500,3500,3500,3500,7000,shared_noise_sequence_across_target_snr_siblings
812,case-0812-noise-03,noise,3,AM,RE8DB,00,EH?,2025-07-12T18:34:39.757000Z,2025-07-12T18:37:41.057000Z,RASPISHAKE,https://data.raspberryshake.org/fdsnws/dataselect/1/query,35.0,continuation_noise_chunk_truncated,AM.RE8DB.noise.20250712T183440,3500,2000,7000,9000,shared_noise_sequence_across_target_snr_siblings
813,case-0813-event,event,0,AM,RE8DB,00,EH?,2026-04-23T20:34:20.310000Z,2026-04-23T20:34:55.310000Z,RASPISHAKE,https://data.raspberryshake.org/fdsnws/dataselect/1/query,35.0,evaluator_event_reference,AM.RE8DB.event.20260423T203420,3500,3500,0,3500,shared_event_window_across_target_snr_siblings
813,case-0813-noise-01,noise,1,AM,RE8DB,00,EH?,2025-07-12T07:23:48.053000Z,2025-07-12T07:26:50.913000Z,RASPISHAKE,https://data.raspberryshake.org/fdsnws/dataselect/1/query,35.0,primary_noise_chunk,AM.RE8DB.noise.20250712T072349,3500,3500,0,3500,shared_noise_sequence_across_target_snr_siblings
813,case-0813-noise-02,noise,2,AM,RE8DB,00,EH?,2025-07-27T03:54:58.667000Z,2025-07-27T03:58:02.307000Z,RASPISHAKE,https://data.raspberryshake.org/fdsnws/dataselect/1/query,35.0,continuation_noise_chunk,AM.RE8DB.noise.20250727T035500,3500,3500,3500,7000,shared_noise_sequence_across_target_snr_siblings
813,case-0813-noise-03,noise,3,AM,RE8DB,00,EH?,2025-07-12T18:34:39.757000Z,2025-07-12T18:37:41.057000Z,RASPISHAKE,https://data.raspberryshake.org/fdsnws/dataselect/1/query,35.0,continuation_noise_chunk_truncated,AM.RE8DB.noise.20250712T183440,3500,2000,7000,9000,shared_noise_sequence_across_target_snr_siblings
814,case-0814-event,event,0,AM,RE8DB,00,EH?,2026-05-31T05:52:09.600000Z,2026-05-31T05:52:44.600000Z,RASPISHAKE,https://data.raspberryshake.org/fdsnws/dataselect/1/query,35.0,evaluator_event_reference,AM.RE8DB.event.20260531T055209,3500,3500,0,3500,shared_event_window_across_target_snr_siblings
814,case-0814-noise-01,noise,1,AM,RE8DB,00,EH?,2025-07-28T11:01:30.417000Z,2025-07-28T11:04:32.637000Z,RASPISHAKE,https://data.raspberryshake.org/fdsnws/dataselect/1/query,35.0,primary_noise_chunk,AM.RE8DB.noise.20250728T110131,3500,3500,0,3500,shared_noise_sequence_across_target_snr_siblings
814,case-0814-noise-02,noise,2,AM,RE8DB,00,EH?,2025-06-02T14:31:42.561000Z,2025-06-02T14:34:44.811000Z,RASPISHAKE,https://data.raspberryshake.org/fdsnws/dataselect/1/query,35.0,continuation_noise_chunk,AM.RE8DB.noise.20250602T143144,3500,3500,3500,7000,shared_noise_sequence_across_target_snr_siblings
814,case-0814-noise-03,noise,3,AM,RE8DB,00,EH?,2025-07-27T03:54:58.667000Z,2025-07-27T03:58:02.307000Z,RASPISHAKE,https://data.raspberryshake.org/fdsnws/dataselect/1/query,35.0,continuation_noise_chunk_truncated,AM.RE8DB.noise.20250727T035500,3500,2000,7000,9000,shared_noise_sequence_across_target_snr_siblings
815,case-0815-event,event,0,AM,RE8DB,00,EH?,2026-05-31T05:52:09.600000Z,2026-05-31T05:52:44.600000Z,RASPISHAKE,https://data.raspberryshake.org/fdsnws/dataselect/1/query,35.0,evaluator_event_reference,AM.RE8DB.event.20260531T055209,3500,3500,0,3500,shared_event_window_across_target_snr_siblings
815,case-0815-noise-01,noise,1,AM,RE8DB,00,EH?,2025-07-28T11:01:30.417000Z,2025-07-28T11:04:32.637000Z,RASPISHAKE,https://data.raspberryshake.org/fdsnws/dataselect/1/query,35.0,primary_noise_chunk,AM.RE8DB.noise.20250728T110131,3500,3500,0,3500,shared_noise_sequence_across_target_snr_siblings
815,case-0815-noise-02,noise,2,AM,RE8DB,00,EH?,2025-06-02T14:31:42.561000Z,2025-06-02T14:34:44.811000Z,RASPISHAKE,https://data.raspberryshake.org/fdsnws/dataselect/1/query,35.0,continuation_noise_chunk,AM.RE8DB.noise.20250602T143144,3500,3500,3500,7000,shared_noise_sequence_across_target_snr_siblings
815,case-0815-noise-03,noise,3,AM,RE8DB,00,EH?,2025-07-27T03:54:58.667000Z,2025-07-27T03:58:02.307000Z,RASPISHAKE,https://data.raspberryshake.org/fdsnws/dataselect/1/query,35.0,continuation_noise_chunk_truncated,AM.RE8DB.noise.20250727T035500,3500,2000,7000,9000,shared_noise_sequence_across_target_snr_siblings
816,case-0816-event,event,0,AM,RE8DB,00,EH?,2026-05-31T05:52:09.600000Z,2026-05-31T05:52:44.600000Z,RASPISHAKE,https://data.raspberryshake.org/fdsnws/dataselect/1/query,35.0,evaluator_event_reference,AM.RE8DB.event.20260531T055209,3500,3500,0,3500,shared_event_window_across_target_snr_siblings
816,case-0816-noise-01,noise,1,AM,RE8DB,00,EH?,2025-07-28T11:01:30.417000Z,2025-07-28T11:04:32.637000Z,RASPISHAKE,https://data.raspberryshake.org/fdsnws/dataselect/1/query,35.0,primary_noise_chunk,AM.RE8DB.noise.20250728T110131,3500,3500,0,3500,shared_noise_sequence_across_target_snr_siblings
816,case-0816-noise-02,noise,2,AM,RE8DB,00,EH?,2025-06-02T14:31:42.561000Z,2025-06-02T14:34:44.811000Z,RASPISHAKE,https://data.raspberryshake.org/fdsnws/dataselect/1/query,35.0,continuation_noise_chunk,AM.RE8DB.noise.20250602T143144,3500,3500,3500,7000,shared_noise_sequence_across_target_snr_siblings
816,case-0816-noise-03,noise,3,AM,RE8DB,00,EH?,2025-07-27T03:54:58.667000Z,2025-07-27T03:58:02.307000Z,RASPISHAKE,https://data.raspberryshake.org/fdsnws/dataselect/1/query,35.0,continuation_noise_chunk_truncated,AM.RE8DB.noise.20250727T035500,3500,2000,7000,9000,shared_noise_sequence_across_target_snr_siblings
